time,strategy,identifier,symbol,side,type,status,multiplier,time_in_force,asset.strike,asset.multiplier,asset.asset_type,price,filled_quantity,trade_cost
2024-01-02 09:30:00-05:00,MyStrategy,623c4c9566344e809c2afa2cfe914cb2,SPY,buy,market,new,1,gtc,0.0,1,stock,,,
2024-01-02 09:30:00-05:00,MyStrategy,623c4c9566344e809c2afa2cfe914cb2,SPY,buy,market,fill,1,gtc,0.0,1,stock,472.1600036621094,1.0,0.0
2024-01-02 12:30:00-05:00,MyStrategy,5679a9e68675438d81b212255aef4916,SPY,buy,market,new,1,gtc,0.0,1,stock,,,
2024-01-02 12:30:00-05:00,MyStrategy,5679a9e68675438d81b212255aef4916,SPY,buy,market,fill,1,gtc,0.0,1,stock,472.1600036621094,1.0,0.0
2024-01-02 15:30:00-05:00,MyStrategy,582ea864a9774233bf03a4df6a0943fe,SPY,buy,market,new,1,gtc,0.0,1,stock,,,
2024-01-02 15:30:00-05:00,MyStrategy,582ea864a9774233bf03a4df6a0943fe,SPY,buy,market,fill,1,gtc,0.0,1,stock,472.1600036621094,1.0,0.0
2024-01-03 09:30:00-05:00,MyStrategy,5e403d32355f4fba88b81a3d383d08d3,SPY,buy,market,new,1,gtc,0.0,1,stock,,,
2024-01-03 09:30:00-05:00,MyStrategy,5e403d32355f4fba88b81a3d383d08d3,SPY,buy,market,fill,1,gtc,0.0,1,stock,470.42999267578125,1.0,0.0
2024-01-03 12:30:00-05:00,MyStrategy,2a3c0fd2db784ef198de7bacf8f14c45,SPY,buy,market,new,1,gtc,0.0,1,stock,,,
2024-01-03 12:30:00-05:00,MyStrategy,2a3c0fd2db784ef198de7bacf8f14c45,SPY,buy,market,fill,1,gtc,0.0,1,stock,470.42999267578125,1.0,0.0
2024-01-03 15:30:00-05:00,MyStrategy,8378696174ef497e8be91db9e0a4fad8,SPY,buy,market,new,1,gtc,0.0,1,stock,,,
2024-01-03 15:30:00-05:00,MyStrategy,8378696174ef497e8be91db9e0a4fad8,SPY,buy,market,fill,1,gtc,0.0,1,stock,470.42999267578125,1.0,0.0
2024-01-04 09:30:00-05:00,MyStrategy,3e8cd0f7bc7d4b5e9205980dfad39e48,SPY,buy,market,new,1,gtc,0.0,1,stock,,,
2024-01-04 09:30:00-05:00,MyStrategy,3e8cd0f7bc7d4b5e9205980dfad39e48,SPY,buy,market,fill,1,gtc,0.0,1,stock,468.29998779296875,1.0,0.0
2024-01-04 12:30:00-05:00,MyStrategy,0bde3ff1b47942cfb890255e2df010c4,SPY,buy,market,new,1,gtc,0.0,1,stock,,,
2024-01-04 12:30:00-05:00,MyStrategy,0bde3ff1b47942cfb890255e2df010c4,SPY,buy,market,fill,1,gtc,0.0,1,stock,468.29998779296875,1.0,0.0
2024-01-04 15:30:00-05:00,MyStrategy,968bcf57c57e4bb0a4159fe62a69ec12,SPY,buy,market,new,1,gtc,0.0,1,stock,,,
2024-01-04 15:30:00-05:00,MyStrategy,968bcf57c57e4bb0a4159fe62a69ec12,SPY,buy,market,fill,1,gtc,0.0,1,stock,468.29998779296875,1.0,0.0
2024-01-05 09:30:00-05:00,MyStrategy,1c21ea6ef7794cc9a9fed484a29fc094,SPY,buy,market,new,1,gtc,0.0,1,stock,,,
2024-01-05 09:30:00-05:00,MyStrategy,1c21ea6ef7794cc9a9fed484a29fc094,SPY,buy,market,fill,1,gtc,0.0,1,stock,467.489990234375,1.0,0.0
2024-01-05 12:30:00-05:00,MyStrategy,2811be6f5faf47afa1051736bd36b167,SPY,buy,market,new,1,gtc,0.0,1,stock,,,
2024-01-05 12:30:00-05:00,MyStrategy,2811be6f5faf47afa1051736bd36b167,SPY,buy,market,fill,1,gtc,0.0,1,stock,467.489990234375,1.0,0.0
2024-01-05 15:30:00-05:00,MyStrategy,41dd320b45eb44f68bd4f542ddd34e74,SPY,buy,market,new,1,gtc,0.0,1,stock,,,
2024-01-05 15:30:00-05:00,MyStrategy,41dd320b45eb44f68bd4f542ddd34e74,SPY,buy,market,fill,1,gtc,0.0,1,stock,467.489990234375,1.0,0.0
2024-01-08 09:30:00-05:00,MyStrategy,b59337d9e3bc44d0b4e9909eded3705b,SPY,buy,market,new,1,gtc,0.0,1,stock,,,
2024-01-08 09:30:00-05:00,MyStrategy,b59337d9e3bc44d0b4e9909eded3705b,SPY,buy,market,fill,1,gtc,0.0,1,stock,468.42999267578125,1.0,0.0
2024-01-08 12:30:00-05:00,MyStrategy,3d6972756ec94cd98875f9a70df9fd74,SPY,buy,market,new,1,gtc,0.0,1,stock,,,
2024-01-08 12:30:00-05:00,MyStrategy,3d6972756ec94cd98875f9a70df9fd74,SPY,buy,market,fill,1,gtc,0.0,1,stock,468.42999267578125,1.0,0.0
2024-01-08 15:30:00-05:00,MyStrategy,a502fb3dc8fa405aabbdc4ab41ed997d,SPY,buy,market,new,1,gtc,0.0,1,stock,,,
2024-01-08 15:30:00-05:00,MyStrategy,a502fb3dc8fa405aabbdc4ab41ed997d,SPY,buy,market,fill,1,gtc,0.0,1,stock,468.42999267578125,1.0,0.0
2024-01-09 09:30:00-05:00,MyStrategy,ede107735f324faf9f499e826e696550,SPY,buy,market,new,1,gtc,0.0,1,stock,,,
2024-01-09 09:30:00-05:00,MyStrategy,ede107735f324faf9f499e826e696550,SPY,buy,market,fill,1,gtc,0.0,1,stock,471.8699951171875,1.0,0.0
2024-01-09 12:30:00-05:00,MyStrategy,26bf210adc5e4ad29319971c42dc31fd,SPY,buy,market,new,1,gtc,0.0,1,stock,,,
2024-01-09 12:30:00-05:00,MyStrategy,26bf210adc5e4ad29319971c42dc31fd,SPY,buy,market,fill,1,gtc,0.0,1,stock,471.8699951171875,1.0,0.0
2024-01-09 15:30:00-05:00,MyStrategy,4267452919da4b1d8ae9e1828603053d,SPY,buy,market,new,1,gtc,0.0,1,stock,,,
2024-01-09 15:30:00-05:00,MyStrategy,4267452919da4b1d8ae9e1828603053d,SPY,buy,market,fill,1,gtc,0.0,1,stock,471.8699951171875,1.0,0.0
2024-01-10 09:30:00-05:00,MyStrategy,7648b46b7b7f43f696fb74c5d7dd52e7,SPY,buy,market,new,1,gtc,0.0,1,stock,,,
2024-01-10 09:30:00-05:00,MyStrategy,7648b46b7b7f43f696fb74c5d7dd52e7,SPY,buy,market,fill,1,gtc,0.0,1,stock,474.1600036621094,1.0,0.0
2024-01-10 12:30:00-05:00,MyStrategy,8fe5a52003924c549628a9bbadf5612a,SPY,buy,market,new,1,gtc,0.0,1,stock,,,
2024-01-10 12:30:00-05:00,MyStrategy,8fe5a52003924c549628a9bbadf5612a,SPY,buy,market,fill,1,gtc,0.0,1,stock,474.1600036621094,1.0,0.0
2024-01-10 15:30:00-05:00,MyStrategy,b22ba3554af046d1901211615915ff4c,SPY,buy,market,new,1,gtc,0.0,1,stock,,,
2024-01-10 15:30:00-05:00,MyStrategy,b22ba3554af046d1901211615915ff4c,SPY,buy,market,fill,1,gtc,0.0,1,stock,474.1600036621094,1.0,0.0
2024-01-11 09:30:00-05:00,MyStrategy,78f3b44cf8604569b3ad95238b9be105,SPY,buy,market,new,1,gtc,0.0,1,stock,,,
2024-01-11 09:30:00-05:00,MyStrategy,78f3b44cf8604569b3ad95238b9be105,SPY,buy,market,fill,1,gtc,0.0,1,stock,477.5899963378906,1.0,0.0
2024-01-11 12:30:00-05:00,MyStrategy,606378bcf3624dd1b7b3987ab98ddc31,SPY,buy,market,new,1,gtc,0.0,1,stock,,,
2024-01-11 12:30:00-05:00,MyStrategy,606378bcf3624dd1b7b3987ab98ddc31,SPY,buy,market,fill,1,gtc,0.0,1,stock,477.5899963378906,1.0,0.0
2024-01-11 15:30:00-05:00,MyStrategy,644df7d6163c43839aa2cf99aede85de,SPY,buy,market,new,1,gtc,0.0,1,stock,,,
2024-01-11 15:30:00-05:00,MyStrategy,644df7d6163c43839aa2cf99aede85de,SPY,buy,market,fill,1,gtc,0.0,1,stock,477.5899963378906,1.0,0.0
2024-01-12 09:30:00-05:00,MyStrategy,7eafd8ced90f4ebd91a4674110cd5114,SPY,buy,market,new,1,gtc,0.0,1,stock,,,
2024-01-12 09:30:00-05:00,MyStrategy,7eafd8ced90f4ebd91a4674110cd5114,SPY,buy,market,fill,1,gtc,0.0,1,stock,477.8399963378906,1.0,0.0
2024-01-12 12:30:00-05:00,MyStrategy,9c6e24aa66d94ab5903458137cd912c5,SPY,buy,market,new,1,gtc,0.0,1,stock,,,
2024-01-12 12:30:00-05:00,MyStrategy,9c6e24aa66d94ab5903458137cd912c5,SPY,buy,market,fill,1,gtc,0.0,1,stock,477.8399963378906,1.0,0.0
2024-01-12 15:30:00-05:00,MyStrategy,02ae98d731c14f6f83a0ee58d8d4fb5d,SPY,buy,market,new,1,gtc,0.0,1,stock,,,
2024-01-12 15:30:00-05:00,MyStrategy,02ae98d731c14f6f83a0ee58d8d4fb5d,SPY,buy,market,fill,1,gtc,0.0,1,stock,477.8399963378906,1.0,0.0
2024-01-16 09:30:00-05:00,MyStrategy,aea800d90b264a93b0c885bcde9ebf30,SPY,buy,market,new,1,gtc,0.0,1,stock,,,
2024-01-16 09:30:00-05:00,MyStrategy,aea800d90b264a93b0c885bcde9ebf30,SPY,buy,market,fill,1,gtc,0.0,1,stock,475.260009765625,1.0,0.0
2024-01-16 12:30:00-05:00,MyStrategy,a70772ce9346443d9e5d77c8e91e18d1,SPY,buy,market,new,1,gtc,0.0,1,stock,,,
2024-01-16 12:30:00-05:00,MyStrategy,a70772ce9346443d9e5d77c8e91e18d1,SPY,buy,market,fill,1,gtc,0.0,1,stock,475.260009765625,1.0,0.0
2024-01-16 15:30:00-05:00,MyStrategy,fd4bfa74963d4f8791b276a2cc407d1f,SPY,buy,market,new,1,gtc,0.0,1,stock,,,
2024-01-16 15:30:00-05:00,MyStrategy,fd4bfa74963d4f8791b276a2cc407d1f,SPY,buy,market,fill,1,gtc,0.0,1,stock,475.260009765625,1.0,0.0
2024-01-17 09:30:00-05:00,MyStrategy,9ba04dee2ffe46d399a8590a3ed3249b,SPY,buy,market,new,1,gtc,0.0,1,stock,,,
2024-01-17 09:30:00-05:00,MyStrategy,9ba04dee2ffe46d399a8590a3ed3249b,SPY,buy,market,fill,1,gtc,0.0,1,stock,471.82000732421875,1.0,0.0
2024-01-17 12:30:00-05:00,MyStrategy,edc8738167c743d49205383b2d8add58,SPY,buy,market,new,1,gtc,0.0,1,stock,,,
2024-01-17 12:30:00-05:00,MyStrategy,edc8738167c743d49205383b2d8add58,SPY,buy,market,fill,1,gtc,0.0,1,stock,471.82000732421875,1.0,0.0
2024-01-17 15:30:00-05:00,MyStrategy,8090a041ea3f45f3b6393363c145b9e6,SPY,buy,market,new,1,gtc,0.0,1,stock,,,
2024-01-17 15:30:00-05:00,MyStrategy,8090a041ea3f45f3b6393363c145b9e6,SPY,buy,market,fill,1,gtc,0.0,1,stock,471.82000732421875,1.0,0.0
2024-01-18 09:30:00-05:00,MyStrategy,6855c2ce62f24c33866ef75fde36c886,SPY,buy,market,new,1,gtc,0.0,1,stock,,,
2024-01-18 09:30:00-05:00,MyStrategy,6855c2ce62f24c33866ef75fde36c886,SPY,buy,market,fill,1,gtc,0.0,1,stock,474.010009765625,1.0,0.0
2024-01-18 12:30:00-05:00,MyStrategy,58447cf0cbd948d6aac04d03619580b7,SPY,buy,market,new,1,gtc,0.0,1,stock,,,
2024-01-18 12:30:00-05:00,MyStrategy,58447cf0cbd948d6aac04d03619580b7,SPY,buy,market,fill,1,gtc,0.0,1,stock,474.010009765625,1.0,0.0
2024-01-18 15:30:00-05:00,MyStrategy,628aa6aa5d1e41e692dd1de4e6e433de,SPY,buy,market,new,1,gtc,0.0,1,stock,,,
2024-01-18 15:30:00-05:00,MyStrategy,628aa6aa5d1e41e692dd1de4e6e433de,SPY,buy,market,fill,1,gtc,0.0,1,stock,474.010009765625,1.0,0.0
2024-01-19 09:30:00-05:00,MyStrategy,d810b442b3b84dd0befd83e7e3f92e66,SPY,buy,market,new,1,gtc,0.0,1,stock,,,
2024-01-19 09:30:00-05:00,MyStrategy,d810b442b3b84dd0befd83e7e3f92e66,SPY,buy,market,fill,1,gtc,0.0,1,stock,477.6499938964844,1.0,0.0
2024-01-19 12:30:00-05:00,MyStrategy,2137455d8d8e482bb186b93a2521eb57,SPY,buy,market,new,1,gtc,0.0,1,stock,,,
2024-01-19 12:30:00-05:00,MyStrategy,2137455d8d8e482bb186b93a2521eb57,SPY,buy,market,fill,1,gtc,0.0,1,stock,477.6499938964844,1.0,0.0
2024-01-19 15:30:00-05:00,MyStrategy,047210f8264249cfbf83e107dd991afb,SPY,buy,market,new,1,gtc,0.0,1,stock,,,
2024-01-19 15:30:00-05:00,MyStrategy,047210f8264249cfbf83e107dd991afb,SPY,buy,market,fill,1,gtc,0.0,1,stock,477.6499938964844,1.0,0.0
2024-01-22 09:30:00-05:00,MyStrategy,ea76822a8b354e6cabe30f1b14597ed4,SPY,buy,market,new,1,gtc,0.0,1,stock,,,
2024-01-22 09:30:00-05:00,MyStrategy,ea76822a8b354e6cabe30f1b14597ed4,SPY,buy,market,fill,1,gtc,0.0,1,stock,484.010009765625,1.0,0.0
2024-01-22 12:30:00-05:00,MyStrategy,36116715dfa24cc88e659196f812f1c6,SPY,buy,market,new,1,gtc,0.0,1,stock,,,
2024-01-22 12:30:00-05:00,MyStrategy,36116715dfa24cc88e659196f812f1c6,SPY,buy,market,fill,1,gtc,0.0,1,stock,484.010009765625,1.0,0.0
2024-01-22 15:30:00-05:00,MyStrategy,572ff616e413482c856677840ee5ee36,SPY,buy,market,new,1,gtc,0.0,1,stock,,,
2024-01-22 15:30:00-05:00,MyStrategy,572ff616e413482c856677840ee5ee36,SPY,buy,market,fill,1,gtc,0.0,1,stock,484.010009765625,1.0,0.0
2024-01-23 09:30:00-05:00,MyStrategy,9a29298a0fe840ad9371b6c332c9dee5,SPY,buy,market,new,1,gtc,0.0,1,stock,,,
2024-01-23 09:30:00-05:00,MyStrategy,9a29298a0fe840ad9371b6c332c9dee5,SPY,buy,market,fill,1,gtc,0.0,1,stock,484.010009765625,1.0,0.0
2024-01-23 12:30:00-05:00,MyStrategy,fdf4a6117b11474ea6a38454ae11f670,SPY,buy,market,new,1,gtc,0.0,1,stock,,,
2024-01-23 12:30:00-05:00,MyStrategy,fdf4a6117b11474ea6a38454ae11f670,SPY,buy,market,fill,1,gtc,0.0,1,stock,484.010009765625,1.0,0.0
2024-01-23 15:30:00-05:00,MyStrategy,40fdc6dc8d594890bbc1790dd6cfb734,SPY,buy,market,new,1,gtc,0.0,1,stock,,,
2024-01-23 15:30:00-05:00,MyStrategy,40fdc6dc8d594890bbc1790dd6cfb734,SPY,buy,market,fill,1,gtc,0.0,1,stock,484.010009765625,1.0,0.0
2024-01-24 09:30:00-05:00,MyStrategy,1d66c9702a3c401588be1f5ecfc92364,SPY,buy,market,new,1,gtc,0.0,1,stock,,,
2024-01-24 09:30:00-05:00,MyStrategy,1d66c9702a3c401588be1f5ecfc92364,SPY,buy,market,fill,1,gtc,0.0,1,stock,487.80999755859375,1.0,0.0
2024-01-24 12:30:00-05:00,MyStrategy,819901445e344b9687ff866bbafb4597,SPY,buy,market,new,1,gtc,0.0,1,stock,,,
2024-01-24 12:30:00-05:00,MyStrategy,819901445e344b9687ff866bbafb4597,SPY,buy,market,fill,1,gtc,0.0,1,stock,487.80999755859375,1.0,0.0
2024-01-24 15:30:00-05:00,MyStrategy,a099fb7ac9474e7bb0a0a2e3c2974c74,SPY,buy,market,new,1,gtc,0.0,1,stock,,,
2024-01-24 15:30:00-05:00,MyStrategy,a099fb7ac9474e7bb0a0a2e3c2974c74,SPY,buy,market,fill,1,gtc,0.0,1,stock,487.80999755859375,1.0,0.0
2024-01-25 09:30:00-05:00,MyStrategy,85945d4d715c469bae885cd019dcb468,SPY,buy,market,new,1,gtc,0.0,1,stock,,,
2024-01-25 09:30:00-05:00,MyStrategy,85945d4d715c469bae885cd019dcb468,SPY,buy,market,fill,1,gtc,0.0,1,stock,487.5799865722656,1.0,0.0
2024-01-25 12:30:00-05:00,MyStrategy,5aae32dff5a74883a7ff75c97474030f,SPY,buy,market,new,1,gtc,0.0,1,stock,,,
2024-01-25 12:30:00-05:00,MyStrategy,5aae32dff5a74883a7ff75c97474030f,SPY,buy,market,fill,1,gtc,0.0,1,stock,487.5799865722656,1.0,0.0
2024-01-25 15:30:00-05:00,MyStrategy,17ceb52546cc45e8b64735b8b0eaf63b,SPY,buy,market,new,1,gtc,0.0,1,stock,,,
2024-01-25 15:30:00-05:00,MyStrategy,17ceb52546cc45e8b64735b8b0eaf63b,SPY,buy,market,fill,1,gtc,0.0,1,stock,487.5799865722656,1.0,0.0
2024-01-26 09:30:00-05:00,MyStrategy,6295746f99414766af53b86c1117ed91,SPY,buy,market,new,1,gtc,0.0,1,stock,,,
2024-01-26 09:30:00-05:00,MyStrategy,6295746f99414766af53b86c1117ed91,SPY,buy,market,fill,1,gtc,0.0,1,stock,487.5899963378906,1.0,0.0
2024-01-26 12:30:00-05:00,MyStrategy,5d02e19a050d4b38a5e36ec99b53ce9d,SPY,buy,market,new,1,gtc,0.0,1,stock,,,
2024-01-26 12:30:00-05:00,MyStrategy,5d02e19a050d4b38a5e36ec99b53ce9d,SPY,buy,market,fill,1,gtc,0.0,1,stock,487.5899963378906,1.0,0.0
2024-01-26 15:30:00-05:00,MyStrategy,8c6d6e52bf5647ba80bd76356115dfa0,SPY,buy,market,new,1,gtc,0.0,1,stock,,,
2024-01-26 15:30:00-05:00,MyStrategy,8c6d6e52bf5647ba80bd76356115dfa0,SPY,buy,market,fill,1,gtc,0.0,1,stock,487.5899963378906,1.0,0.0
2024-01-29 09:30:00-05:00,MyStrategy,0110135b63634fb897d386c5bf6fcbfb,SPY,buy,market,new,1,gtc,0.0,1,stock,,,
2024-01-29 09:30:00-05:00,MyStrategy,0110135b63634fb897d386c5bf6fcbfb,SPY,buy,market,fill,1,gtc,0.0,1,stock,487.7300109863281,1.0,0.0
2024-01-29 12:30:00-05:00,MyStrategy,3b83473476da4fa4a75e7461f70e483f,SPY,buy,market,new,1,gtc,0.0,1,stock,,,
2024-01-29 12:30:00-05:00,MyStrategy,3b83473476da4fa4a75e7461f70e483f,SPY,buy,market,fill,1,gtc,0.0,1,stock,487.7300109863281,1.0,0.0
2024-01-29 15:30:00-05:00,MyStrategy,10cd46b9d036418e8c969bb59ba1228b,SPY,buy,market,new,1,gtc,0.0,1,stock,,,
2024-01-29 15:30:00-05:00,MyStrategy,10cd46b9d036418e8c969bb59ba1228b,SPY,buy,market,fill,1,gtc,0.0,1,stock,487.7300109863281,1.0,0.0
2024-01-30 09:30:00-05:00,MyStrategy,3adcc656d47246f09ed824d749f2206a,SPY,buy,market,new,1,gtc,0.0,1,stock,,,
2024-01-30 09:30:00-05:00,MyStrategy,3adcc656d47246f09ed824d749f2206a,SPY,buy,market,fill,1,gtc,0.0,1,stock,490.55999755859375,1.0,0.0
2024-01-30 12:30:00-05:00,MyStrategy,c3c5a79cb1814642879f2d22e276e72c,SPY,buy,market,new,1,gtc,0.0,1,stock,,,
2024-01-30 12:30:00-05:00,MyStrategy,c3c5a79cb1814642879f2d22e276e72c,SPY,buy,market,fill,1,gtc,0.0,1,stock,490.55999755859375,1.0,0.0
2024-01-30 15:30:00-05:00,MyStrategy,47a0e69a56e84600bafa4e37e0c8e4b9,SPY,buy,market,new,1,gtc,0.0,1,stock,,,
2024-01-30 15:30:00-05:00,MyStrategy,47a0e69a56e84600bafa4e37e0c8e4b9,SPY,buy,market,fill,1,gtc,0.0,1,stock,490.55999755859375,1.0,0.0
2024-01-31 09:30:00-05:00,MyStrategy,5b69deb2b80f446abdd434fcbaf633a5,SPY,buy,market,new,1,gtc,0.0,1,stock,,,
2024-01-31 09:30:00-05:00,MyStrategy,5b69deb2b80f446abdd434fcbaf633a5,SPY,buy,market,fill,1,gtc,0.0,1,stock,488.6199951171875,1.0,0.0
2024-01-31 12:30:00-05:00,MyStrategy,89a4d4daf7c84fe3a297dfdc6c648c6e,SPY,buy,market,new,1,gtc,0.0,1,stock,,,
2024-01-31 12:30:00-05:00,MyStrategy,89a4d4daf7c84fe3a297dfdc6c648c6e,SPY,buy,market,fill,1,gtc,0.0,1,stock,488.6199951171875,1.0,0.0
2024-01-31 15:30:00-05:00,MyStrategy,982cb5c50cb34d7e844912de705e1f39,SPY,buy,market,new,1,gtc,0.0,1,stock,,,
2024-01-31 15:30:00-05:00,MyStrategy,982cb5c50cb34d7e844912de705e1f39,SPY,buy,market,fill,1,gtc,0.0,1,stock,488.6199951171875,1.0,0.0
2024-02-01 09:30:00-05:00,MyStrategy,accd0a8c40d1433493f07135579c5b47,SPY,buy,market,new,1,gtc,0.0,1,stock,,,
2024-02-01 09:30:00-05:00,MyStrategy,accd0a8c40d1433493f07135579c5b47,SPY,buy,market,fill,1,gtc,0.0,1,stock,484.6300048828125,1.0,0.0
2024-02-01 12:30:00-05:00,MyStrategy,9e3ba589a3924524b9c2017f7b63327f,SPY,buy,market,new,1,gtc,0.0,1,stock,,,
2024-02-01 12:30:00-05:00,MyStrategy,9e3ba589a3924524b9c2017f7b63327f,SPY,buy,market,fill,1,gtc,0.0,1,stock,484.6300048828125,1.0,0.0
2024-02-01 15:30:00-05:00,MyStrategy,85fbc3cb1dc248b49fc1b907c639cbcd,SPY,buy,market,new,1,gtc,0.0,1,stock,,,
2024-02-01 15:30:00-05:00,MyStrategy,85fbc3cb1dc248b49fc1b907c639cbcd,SPY,buy,market,fill,1,gtc,0.0,1,stock,484.6300048828125,1.0,0.0
2024-02-02 09:30:00-05:00,MyStrategy,00762a9606a9430695f0b50f69caaecb,SPY,buy,market,new,1,gtc,0.0,1,stock,,,
2024-02-02 09:30:00-05:00,MyStrategy,00762a9606a9430695f0b50f69caaecb,SPY,buy,market,fill,1,gtc,0.0,1,stock,489.6499938964844,1.0,0.0
2024-02-02 12:30:00-05:00,MyStrategy,39afe509784d461e99291ae654a7018f,SPY,buy,market,new,1,gtc,0.0,1,stock,,,
2024-02-02 12:30:00-05:00,MyStrategy,39afe509784d461e99291ae654a7018f,SPY,buy,market,fill,1,gtc,0.0,1,stock,489.6499938964844,1.0,0.0
2024-02-02 15:30:00-05:00,MyStrategy,de5efdfcae9e4f26b3c09fd6d54a599e,SPY,buy,market,new,1,gtc,0.0,1,stock,,,
2024-02-02 15:30:00-05:00,MyStrategy,de5efdfcae9e4f26b3c09fd6d54a599e,SPY,buy,market,fill,1,gtc,0.0,1,stock,489.6499938964844,1.0,0.0
2024-02-05 09:30:00-05:00,MyStrategy,77d4b644da244b4f853f1319bf906be5,SPY,buy,market,new,1,gtc,0.0,1,stock,,,
2024-02-05 09:30:00-05:00,MyStrategy,77d4b644da244b4f853f1319bf906be5,SPY,buy,market,fill,1,gtc,0.0,1,stock,493.70001220703125,1.0,0.0
2024-02-05 12:30:00-05:00,MyStrategy,4967e8156fbb4600ab4dbadaf7b89bc5,SPY,buy,market,new,1,gtc,0.0,1,stock,,,
2024-02-05 12:30:00-05:00,MyStrategy,4967e8156fbb4600ab4dbadaf7b89bc5,SPY,buy,market,fill,1,gtc,0.0,1,stock,493.70001220703125,1.0,0.0
2024-02-05 15:30:00-05:00,MyStrategy,e19bc24f6872454a8103de3de1e11576,SPY,buy,market,new,1,gtc,0.0,1,stock,,,
2024-02-05 15:30:00-05:00,MyStrategy,e19bc24f6872454a8103de3de1e11576,SPY,buy,market,fill,1,gtc,0.0,1,stock,493.70001220703125,1.0,0.0
2024-02-06 09:30:00-05:00,MyStrategy,8d9243374b3c4a97aae5ae0eebd39d15,SPY,buy,market,new,1,gtc,0.0,1,stock,,,
2024-02-06 09:30:00-05:00,MyStrategy,8d9243374b3c4a97aae5ae0eebd39d15,SPY,buy,market,fill,1,gtc,0.0,1,stock,493.5199890136719,1.0,0.0
2024-02-06 12:30:00-05:00,MyStrategy,393048c969af4e1babbeab6c75081639,SPY,buy,market,new,1,gtc,0.0,1,stock,,,
2024-02-06 12:30:00-05:00,MyStrategy,393048c969af4e1babbeab6c75081639,SPY,buy,market,fill,1,gtc,0.0,1,stock,493.5199890136719,1.0,0.0
2024-02-06 15:30:00-05:00,MyStrategy,7573bf8dcb514175a00257c2476bef60,SPY,buy,market,new,1,gtc,0.0,1,stock,,,
2024-02-06 15:30:00-05:00,MyStrategy,7573bf8dcb514175a00257c2476bef60,SPY,buy,market,fill,1,gtc,0.0,1,stock,493.5199890136719,1.0,0.0
2024-02-07 09:30:00-05:00,MyStrategy,58cad4ba0c364697bd1a3e3fddefc850,SPY,buy,market,new,1,gtc,0.0,1,stock,,,
2024-02-07 09:30:00-05:00,MyStrategy,58cad4ba0c364697bd1a3e3fddefc850,SPY,buy,market,fill,1,gtc,0.0,1,stock,496.2900085449219,1.0,0.0
2024-02-07 12:30:00-05:00,MyStrategy,3f686f22abe74336b9957fcf769fea14,SPY,buy,market,new,1,gtc,0.0,1,stock,,,
2024-02-07 12:30:00-05:00,MyStrategy,3f686f22abe74336b9957fcf769fea14,SPY,buy,market,fill,1,gtc,0.0,1,stock,496.2900085449219,1.0,0.0
2024-02-07 15:30:00-05:00,MyStrategy,45abfb4464ab476590fc432b8b343785,SPY,buy,market,new,1,gtc,0.0,1,stock,,,
2024-02-07 15:30:00-05:00,MyStrategy,45abfb4464ab476590fc432b8b343785,SPY,buy,market,fill,1,gtc,0.0,1,stock,496.2900085449219,1.0,0.0
2024-02-08 09:30:00-05:00,MyStrategy,dee253cfdadb4048afa985bcc58d4f76,SPY,buy,market,new,1,gtc,0.0,1,stock,,,
2024-02-08 09:30:00-05:00,MyStrategy,dee253cfdadb4048afa985bcc58d4f76,SPY,buy,market,fill,1,gtc,0.0,1,stock,498.1000061035156,1.0,0.0
2024-02-08 12:30:00-05:00,MyStrategy,4f1b8c9dead8426caf893c97601c42e9,SPY,buy,market,new,1,gtc,0.0,1,stock,,,
2024-02-08 12:30:00-05:00,MyStrategy,4f1b8c9dead8426caf893c97601c42e9,SPY,buy,market,fill,1,gtc,0.0,1,stock,498.1000061035156,1.0,0.0
2024-02-08 15:30:00-05:00,MyStrategy,cacc21f74cd94190b8d7b0c41dca9d50,SPY,buy,market,new,1,gtc,0.0,1,stock,,,
2024-02-08 15:30:00-05:00,MyStrategy,cacc21f74cd94190b8d7b0c41dca9d50,SPY,buy,market,fill,1,gtc,0.0,1,stock,498.1000061035156,1.0,0.0
2024-02-09 09:30:00-05:00,MyStrategy,3ce44ffcedbe409c891562793593b746,SPY,buy,market,new,1,gtc,0.0,1,stock,,,
2024-02-09 09:30:00-05:00,MyStrategy,3ce44ffcedbe409c891562793593b746,SPY,buy,market,fill,1,gtc,0.0,1,stock,498.8399963378906,1.0,0.0
2024-02-09 12:30:00-05:00,MyStrategy,87499acf001545249711b35d8c7ea1a0,SPY,buy,market,new,1,gtc,0.0,1,stock,,,
2024-02-09 12:30:00-05:00,MyStrategy,87499acf001545249711b35d8c7ea1a0,SPY,buy,market,fill,1,gtc,0.0,1,stock,498.8399963378906,1.0,0.0
2024-02-09 15:30:00-05:00,MyStrategy,5f5aa359cd974dfcac11f19de03ae12c,SPY,buy,market,new,1,gtc,0.0,1,stock,,,
2024-02-09 15:30:00-05:00,MyStrategy,5f5aa359cd974dfcac11f19de03ae12c,SPY,buy,market,fill,1,gtc,0.0,1,stock,498.8399963378906,1.0,0.0
2024-02-12 09:30:00-05:00,MyStrategy,8aa112285b46401f8be35a53dec3c8b4,SPY,buy,market,new,1,gtc,0.0,1,stock,,,
2024-02-12 09:30:00-05:00,MyStrategy,8aa112285b46401f8be35a53dec3c8b4,SPY,buy,market,fill,1,gtc,0.0,1,stock,501.1700134277344,1.0,0.0
2024-02-12 12:30:00-05:00,MyStrategy,4377f1d4280749e19e113fd87831a5d7,SPY,buy,market,new,1,gtc,0.0,1,stock,,,
2024-02-12 12:30:00-05:00,MyStrategy,4377f1d4280749e19e113fd87831a5d7,SPY,buy,market,fill,1,gtc,0.0,1,stock,501.1700134277344,1.0,0.0
2024-02-12 15:30:00-05:00,MyStrategy,2d7b1eda6ad24a7fb217bc27de4683d7,SPY,buy,market,new,1,gtc,0.0,1,stock,,,
2024-02-12 15:30:00-05:00,MyStrategy,2d7b1eda6ad24a7fb217bc27de4683d7,SPY,buy,market,fill,1,gtc,0.0,1,stock,501.1700134277344,1.0,0.0
2024-02-13 09:30:00-05:00,MyStrategy,d4c4d2be59b340cdbbe435d1265e896e,SPY,buy,market,new,1,gtc,0.0,1,stock,,,
2024-02-13 09:30:00-05:00,MyStrategy,d4c4d2be59b340cdbbe435d1265e896e,SPY,buy,market,fill,1,gtc,0.0,1,stock,494.5299987792969,1.0,0.0
2024-02-13 12:30:00-05:00,MyStrategy,3d880450763f4c0f8f2e4757ae1ee222,SPY,buy,market,new,1,gtc,0.0,1,stock,,,
2024-02-13 12:30:00-05:00,MyStrategy,3d880450763f4c0f8f2e4757ae1ee222,SPY,buy,market,fill,1,gtc,0.0,1,stock,494.5299987792969,1.0,0.0
2024-02-13 15:30:00-05:00,MyStrategy,33c853e18486412b891648fd406aa4e7,SPY,buy,market,new,1,gtc,0.0,1,stock,,,
2024-02-13 15:30:00-05:00,MyStrategy,33c853e18486412b891648fd406aa4e7,SPY,buy,market,fill,1,gtc,0.0,1,stock,494.5299987792969,1.0,0.0
2024-02-14 09:30:00-05:00,MyStrategy,12b78355c06b45f4b388c226e1210df1,SPY,buy,market,new,1,gtc,0.0,1,stock,,,
2024-02-14 09:30:00-05:00,MyStrategy,12b78355c06b45f4b388c226e1210df1,SPY,buy,market,fill,1,gtc,0.0,1,stock,496.7900085449219,1.0,0.0
2024-02-14 12:30:00-05:00,MyStrategy,4c9586bcde3a4f7ab27cd5e58c8a3bcd,SPY,buy,market,new,1,gtc,0.0,1,stock,,,
2024-02-14 12:30:00-05:00,MyStrategy,4c9586bcde3a4f7ab27cd5e58c8a3bcd,SPY,buy,market,fill,1,gtc,0.0,1,stock,496.7900085449219,1.0,0.0
2024-02-14 15:30:00-05:00,MyStrategy,49a2ae0aad8a4f5196f4aaa571d2105c,SPY,buy,market,new,1,gtc,0.0,1,stock,,,
2024-02-14 15:30:00-05:00,MyStrategy,49a2ae0aad8a4f5196f4aaa571d2105c,SPY,buy,market,fill,1,gtc,0.0,1,stock,496.7900085449219,1.0,0.0
2024-02-15 09:30:00-05:00,MyStrategy,391aa063b3cd49bdb6e3c78574245a77,SPY,buy,market,new,1,gtc,0.0,1,stock,,,
2024-02-15 09:30:00-05:00,MyStrategy,391aa063b3cd49bdb6e3c78574245a77,SPY,buy,market,fill,1,gtc,0.0,1,stock,499.2900085449219,1.0,0.0
2024-02-15 12:30:00-05:00,MyStrategy,afb6cd24540c4a0099500c904b211bba,SPY,buy,market,new,1,gtc,0.0,1,stock,,,
2024-02-15 12:30:00-05:00,MyStrategy,afb6cd24540c4a0099500c904b211bba,SPY,buy,market,fill,1,gtc,0.0,1,stock,499.2900085449219,1.0,0.0
2024-02-15 15:30:00-05:00,MyStrategy,2a20190ebd874472a67d55c228d4f560,SPY,buy,market,new,1,gtc,0.0,1,stock,,,
2024-02-15 15:30:00-05:00,MyStrategy,2a20190ebd874472a67d55c228d4f560,SPY,buy,market,fill,1,gtc,0.0,1,stock,499.2900085449219,1.0,0.0
2024-02-16 09:30:00-05:00,MyStrategy,f49ff7954fe14f0ebd1f1975a0a6e457,SPY,buy,market,new,1,gtc,0.0,1,stock,,,
2024-02-16 09:30:00-05:00,MyStrategy,f49ff7954fe14f0ebd1f1975a0a6e457,SPY,buy,market,fill,1,gtc,0.0,1,stock,501.70001220703125,1.0,0.0
2024-02-16 12:30:00-05:00,MyStrategy,660ca7f2697a458e992457a98cf824df,SPY,buy,market,new,1,gtc,0.0,1,stock,,,
2024-02-16 12:30:00-05:00,MyStrategy,660ca7f2697a458e992457a98cf824df,SPY,buy,market,fill,1,gtc,0.0,1,stock,501.70001220703125,1.0,0.0
2024-02-16 15:30:00-05:00,MyStrategy,d10c5fd58aa7430da9287dc877cc7590,SPY,buy,market,new,1,gtc,0.0,1,stock,,,
2024-02-16 15:30:00-05:00,MyStrategy,d10c5fd58aa7430da9287dc877cc7590,SPY,buy,market,fill,1,gtc,0.0,1,stock,501.70001220703125,1.0,0.0
2024-02-20 09:30:00-05:00,MyStrategy,21e7540e16d84e29966f62e0d7507ab1,SPY,buy,market,new,1,gtc,0.0,1,stock,,,
2024-02-20 09:30:00-05:00,MyStrategy,21e7540e16d84e29966f62e0d7507ab1,SPY,buy,market,fill,1,gtc,0.0,1,stock,497.7200012207031,1.0,0.0
2024-02-20 12:30:00-05:00,MyStrategy,df3bbc66fa284e0597025f257e1ddc79,SPY,buy,market,new,1,gtc,0.0,1,stock,,,
2024-02-20 12:30:00-05:00,MyStrategy,df3bbc66fa284e0597025f257e1ddc79,SPY,buy,market,fill,1,gtc,0.0,1,stock,497.7200012207031,1.0,0.0
2024-02-20 15:30:00-05:00,MyStrategy,06651457a50847ed885daded14f0f7da,SPY,buy,market,new,1,gtc,0.0,1,stock,,,
2024-02-20 15:30:00-05:00,MyStrategy,06651457a50847ed885daded14f0f7da,SPY,buy,market,fill,1,gtc,0.0,1,stock,497.7200012207031,1.0,0.0
2024-02-21 09:30:00-05:00,MyStrategy,75a9b7a808f04b8794acc38eec3c89a6,SPY,buy,market,new,1,gtc,0.0,1,stock,,,
2024-02-21 09:30:00-05:00,MyStrategy,75a9b7a808f04b8794acc38eec3c89a6,SPY,buy,market,fill,1,gtc,0.0,1,stock,495.4200134277344,1.0,0.0
2024-02-21 12:30:00-05:00,MyStrategy,701a9d552f5042328184aff5481935e2,SPY,buy,market,new,1,gtc,0.0,1,stock,,,
2024-02-21 12:30:00-05:00,MyStrategy,701a9d552f5042328184aff5481935e2,SPY,buy,market,fill,1,gtc,0.0,1,stock,495.4200134277344,1.0,0.0
2024-02-21 15:30:00-05:00,MyStrategy,b8c29184ebfb450189df639ad0c10808,SPY,buy,market,new,1,gtc,0.0,1,stock,,,
2024-02-21 15:30:00-05:00,MyStrategy,b8c29184ebfb450189df639ad0c10808,SPY,buy,market,fill,1,gtc,0.0,1,stock,495.4200134277344,1.0,0.0
2024-02-22 09:30:00-05:00,MyStrategy,aff1e7ca01b44f65b3fa97a68940a308,SPY,buy,market,new,1,gtc,0.0,1,stock,,,
2024-02-22 09:30:00-05:00,MyStrategy,aff1e7ca01b44f65b3fa97a68940a308,SPY,buy,market,fill,1,gtc,0.0,1,stock,504.010009765625,1.0,0.0
2024-02-22 12:30:00-05:00,MyStrategy,58dd4a971cfb4b25aab65045c057bf16,SPY,buy,market,new,1,gtc,0.0,1,stock,,,
2024-02-22 12:30:00-05:00,MyStrategy,58dd4a971cfb4b25aab65045c057bf16,SPY,buy,market,fill,1,gtc,0.0,1,stock,504.010009765625,1.0,0.0
2024-02-22 15:30:00-05:00,MyStrategy,95c1f6d432a64869ab216c56434521ec,SPY,buy,market,new,1,gtc,0.0,1,stock,,,
2024-02-22 15:30:00-05:00,MyStrategy,95c1f6d432a64869ab216c56434521ec,SPY,buy,market,fill,1,gtc,0.0,1,stock,504.010009765625,1.0,0.0
2024-02-23 09:30:00-05:00,MyStrategy,40fa55930769406c8363a04c607d8952,SPY,buy,market,new,1,gtc,0.0,1,stock,,,
2024-02-23 09:30:00-05:00,MyStrategy,40fa55930769406c8363a04c607d8952,SPY,buy,market,fill,1,gtc,0.0,1,stock,509.2699890136719,1.0,0.0
2024-02-23 12:30:00-05:00,MyStrategy,4e7f82ee77d64f5aa8d654816d837f6f,SPY,buy,market,new,1,gtc,0.0,1,stock,,,
2024-02-23 12:30:00-05:00,MyStrategy,4e7f82ee77d64f5aa8d654816d837f6f,SPY,buy,market,fill,1,gtc,0.0,1,stock,509.2699890136719,1.0,0.0
2024-02-23 15:30:00-05:00,MyStrategy,59867b31afb14ab2b1fd54a22971e969,SPY,buy,market,new,1,gtc,0.0,1,stock,,,
2024-02-23 15:30:00-05:00,MyStrategy,59867b31afb14ab2b1fd54a22971e969,SPY,buy,market,fill,1,gtc,0.0,1,stock,509.2699890136719,1.0,0.0
2024-02-26 09:30:00-05:00,MyStrategy,7d31b76c7bd940f4af392ed34e85f3bb,SPY,buy,market,new,1,gtc,0.0,1,stock,,,
2024-02-26 09:30:00-05:00,MyStrategy,7d31b76c7bd940f4af392ed34e85f3bb,SPY,buy,market,fill,1,gtc,0.0,1,stock,508.29998779296875,1.0,0.0
2024-02-26 12:30:00-05:00,MyStrategy,f3b7b48065324274a7b171133c2ed577,SPY,buy,market,new,1,gtc,0.0,1,stock,,,
2024-02-26 12:30:00-05:00,MyStrategy,f3b7b48065324274a7b171133c2ed577,SPY,buy,market,fill,1,gtc,0.0,1,stock,508.29998779296875,1.0,0.0
2024-02-26 15:30:00-05:00,MyStrategy,be6923cfe3634c7daede59a04c48ad93,SPY,buy,market,new,1,gtc,0.0,1,stock,,,
2024-02-26 15:30:00-05:00,MyStrategy,be6923cfe3634c7daede59a04c48ad93,SPY,buy,market,fill,1,gtc,0.0,1,stock,508.29998779296875,1.0,0.0
2024-02-27 09:30:00-05:00,MyStrategy,a1bdf1d5043e45c6b57bb20351e5c608,SPY,buy,market,new,1,gtc,0.0,1,stock,,,
2024-02-27 09:30:00-05:00,MyStrategy,a1bdf1d5043e45c6b57bb20351e5c608,SPY,buy,market,fill,1,gtc,0.0,1,stock,506.70001220703125,1.0,0.0
2024-02-27 12:30:00-05:00,MyStrategy,980e5faa4ce04554a451c9e2c74d3f1e,SPY,buy,market,new,1,gtc,0.0,1,stock,,,
2024-02-27 12:30:00-05:00,MyStrategy,980e5faa4ce04554a451c9e2c74d3f1e,SPY,buy,market,fill,1,gtc,0.0,1,stock,506.70001220703125,1.0,0.0
2024-02-27 15:30:00-05:00,MyStrategy,8a48900ecbad4ecc91e45d36c124ad22,SPY,buy,market,new,1,gtc,0.0,1,stock,,,
2024-02-27 15:30:00-05:00,MyStrategy,8a48900ecbad4ecc91e45d36c124ad22,SPY,buy,market,fill,1,gtc,0.0,1,stock,506.70001220703125,1.0,0.0
2024-02-28 09:30:00-05:00,MyStrategy,b91235e3d0f44d29868d791c34310fa7,SPY,buy,market,new,1,gtc,0.0,1,stock,,,
2024-02-28 09:30:00-05:00,MyStrategy,b91235e3d0f44d29868d791c34310fa7,SPY,buy,market,fill,1,gtc,0.0,1,stock,505.3299865722656,1.0,0.0
2024-02-28 12:30:00-05:00,MyStrategy,4732499548ab474ea1baf33e0866b1b0,SPY,buy,market,new,1,gtc,0.0,1,stock,,,
2024-02-28 12:30:00-05:00,MyStrategy,4732499548ab474ea1baf33e0866b1b0,SPY,buy,market,fill,1,gtc,0.0,1,stock,505.3299865722656,1.0,0.0
2024-02-28 15:30:00-05:00,MyStrategy,95ecb013341a43d2a008f7738a6ace8b,SPY,buy,market,new,1,gtc,0.0,1,stock,,,
2024-02-28 15:30:00-05:00,MyStrategy,95ecb013341a43d2a008f7738a6ace8b,SPY,buy,market,fill,1,gtc,0.0,1,stock,505.3299865722656,1.0,0.0
2024-02-29 09:30:00-05:00,MyStrategy,063d984f544647698ff7375958e98b01,SPY,buy,market,new,1,gtc,0.0,1,stock,,,
2024-02-29 09:30:00-05:00,MyStrategy,063d984f544647698ff7375958e98b01,SPY,buy,market,fill,1,gtc,0.0,1,stock,508.07000732421875,1.0,0.0
2024-02-29 12:30:00-05:00,MyStrategy,c03484dbff2f4f2299485aab385e0f23,SPY,buy,market,new,1,gtc,0.0,1,stock,,,
2024-02-29 12:30:00-05:00,MyStrategy,c03484dbff2f4f2299485aab385e0f23,SPY,buy,market,fill,1,gtc,0.0,1,stock,508.07000732421875,1.0,0.0
2024-02-29 15:30:00-05:00,MyStrategy,8f53892501fa41b8a4cdf5d8e2c77355,SPY,buy,market,new,1,gtc,0.0,1,stock,,,
2024-02-29 15:30:00-05:00,MyStrategy,8f53892501fa41b8a4cdf5d8e2c77355,SPY,buy,market,fill,1,gtc,0.0,1,stock,508.07000732421875,1.0,0.0
2024-03-01 09:30:00-05:00,MyStrategy,d9bc37766a1d4875b9b6b06f187f8e36,SPY,buy,market,new,1,gtc,0.0,1,stock,,,
2024-03-01 09:30:00-05:00,MyStrategy,d9bc37766a1d4875b9b6b06f187f8e36,SPY,buy,market,fill,1,gtc,0.0,1,stock,508.9800109863281,1.0,0.0
2024-03-01 12:30:00-05:00,MyStrategy,22a6d868bd234aaca36f8c22adb4cba1,SPY,buy,market,new,1,gtc,0.0,1,stock,,,
2024-03-01 12:30:00-05:00,MyStrategy,22a6d868bd234aaca36f8c22adb4cba1,SPY,buy,market,fill,1,gtc,0.0,1,stock,508.9800109863281,1.0,0.0
2024-03-01 15:30:00-05:00,MyStrategy,4f1a96a1e1014daaae7c0d943d7c6926,SPY,buy,market,new,1,gtc,0.0,1,stock,,,
2024-03-01 15:30:00-05:00,MyStrategy,4f1a96a1e1014daaae7c0d943d7c6926,SPY,buy,market,fill,1,gtc,0.0,1,stock,508.9800109863281,1.0,0.0
2024-03-04 09:30:00-05:00,MyStrategy,2b5d454b18be4b6b8301d580869fe904,SPY,buy,market,new,1,gtc,0.0,1,stock,,,
2024-03-04 09:30:00-05:00,MyStrategy,2b5d454b18be4b6b8301d580869fe904,SPY,buy,market,fill,1,gtc,0.0,1,stock,512.030029296875,1.0,0.0
2024-03-04 12:30:00-05:00,MyStrategy,21f0addb342c422296191d877d901550,SPY,buy,market,new,1,gtc,0.0,1,stock,,,
2024-03-04 12:30:00-05:00,MyStrategy,21f0addb342c422296191d877d901550,SPY,buy,market,fill,1,gtc,0.0,1,stock,512.030029296875,1.0,0.0
2024-03-04 15:30:00-05:00,MyStrategy,6e824604a26242138824bdba198fbaf3,SPY,buy,market,new,1,gtc,0.0,1,stock,,,
2024-03-04 15:30:00-05:00,MyStrategy,6e824604a26242138824bdba198fbaf3,SPY,buy,market,fill,1,gtc,0.0,1,stock,512.030029296875,1.0,0.0
2024-03-05 09:30:00-05:00,MyStrategy,5d5fb5882d6045e38833ab5f0a1152cc,SPY,buy,market,new,1,gtc,0.0,1,stock,,,
2024-03-05 09:30:00-05:00,MyStrategy,5d5fb5882d6045e38833ab5f0a1152cc,SPY,buy,market,fill,1,gtc,0.0,1,stock,510.239990234375,1.0,0.0
2024-03-05 12:30:00-05:00,MyStrategy,2900ca75f669437e92f59d6b3a314f73,SPY,buy,market,new,1,gtc,0.0,1,stock,,,
2024-03-05 12:30:00-05:00,MyStrategy,2900ca75f669437e92f59d6b3a314f73,SPY,buy,market,fill,1,gtc,0.0,1,stock,510.239990234375,1.0,0.0
2024-03-05 15:30:00-05:00,MyStrategy,4f8b72b0849d4eed81a30ca1d67bb6ff,SPY,buy,market,new,1,gtc,0.0,1,stock,,,
2024-03-05 15:30:00-05:00,MyStrategy,4f8b72b0849d4eed81a30ca1d67bb6ff,SPY,buy,market,fill,1,gtc,0.0,1,stock,510.239990234375,1.0,0.0
2024-03-06 09:30:00-05:00,MyStrategy,e6a150252c0d4727ac78c718c6ca28d7,SPY,buy,market,new,1,gtc,0.0,1,stock,,,
2024-03-06 09:30:00-05:00,MyStrategy,e6a150252c0d4727ac78c718c6ca28d7,SPY,buy,market,fill,1,gtc,0.0,1,stock,510.54998779296875,1.0,0.0
2024-03-06 12:30:00-05:00,MyStrategy,760e93afcfa845528d54692d984171e3,SPY,buy,market,new,1,gtc,0.0,1,stock,,,
2024-03-06 12:30:00-05:00,MyStrategy,760e93afcfa845528d54692d984171e3,SPY,buy,market,fill,1,gtc,0.0,1,stock,510.54998779296875,1.0,0.0
2024-03-06 15:30:00-05:00,MyStrategy,c3b7c0c6475646998d067507ea9e7a76,SPY,buy,market,new,1,gtc,0.0,1,stock,,,
2024-03-06 15:30:00-05:00,MyStrategy,c3b7c0c6475646998d067507ea9e7a76,SPY,buy,market,fill,1,gtc,0.0,1,stock,510.54998779296875,1.0,0.0
2024-03-07 09:30:00-05:00,MyStrategy,02d290213b8d42f29d242737112eec66,SPY,buy,market,new,1,gtc,0.0,1,stock,,,
2024-03-07 09:30:00-05:00,MyStrategy,02d290213b8d42f29d242737112eec66,SPY,buy,market,fill,1,gtc,0.0,1,stock,513.1400146484375,1.0,0.0
2024-03-07 12:30:00-05:00,MyStrategy,0e056339b3ec4947ae7b707eac5a6a6d,SPY,buy,market,new,1,gtc,0.0,1,stock,,,
2024-03-07 12:30:00-05:00,MyStrategy,0e056339b3ec4947ae7b707eac5a6a6d,SPY,buy,market,fill,1,gtc,0.0,1,stock,513.1400146484375,1.0,0.0
2024-03-07 15:30:00-05:00,MyStrategy,43effa18d71c49c3bad038f3619bc65c,SPY,buy,market,new,1,gtc,0.0,1,stock,,,
2024-03-07 15:30:00-05:00,MyStrategy,43effa18d71c49c3bad038f3619bc65c,SPY,buy,market,fill,1,gtc,0.0,1,stock,513.1400146484375,1.0,0.0
2024-03-08 09:30:00-05:00,MyStrategy,74ab79028c48499eafe2500f5afdf14c,SPY,buy,market,new,1,gtc,0.0,1,stock,,,
2024-03-08 09:30:00-05:00,MyStrategy,74ab79028c48499eafe2500f5afdf14c,SPY,buy,market,fill,1,gtc,0.0,1,stock,515.4600219726562,1.0,0.0
2024-03-08 12:30:00-05:00,MyStrategy,32a9d35eb5994da0b8a4d1911530ea42,SPY,buy,market,new,1,gtc,0.0,1,stock,,,
2024-03-08 12:30:00-05:00,MyStrategy,32a9d35eb5994da0b8a4d1911530ea42,SPY,buy,market,fill,1,gtc,0.0,1,stock,515.4600219726562,1.0,0.0
2024-03-08 15:30:00-05:00,MyStrategy,e569cad9a45b46ea9e4f8c9640f555db,SPY,buy,market,new,1,gtc,0.0,1,stock,,,
2024-03-08 15:30:00-05:00,MyStrategy,e569cad9a45b46ea9e4f8c9640f555db,SPY,buy,market,fill,1,gtc,0.0,1,stock,515.4600219726562,1.0,0.0
2024-03-11 09:30:00-04:00,MyStrategy,2b3a56a6b76a4c3cb5d6392c92ff2b7b,SPY,buy,market,new,1,gtc,0.0,1,stock,,,
2024-03-11 09:30:00-04:00,MyStrategy,2b3a56a6b76a4c3cb5d6392c92ff2b7b,SPY,buy,market,fill,1,gtc,0.0,1,stock,510.4800109863281,1.0,0.0
2024-03-11 12:30:00-04:00,MyStrategy,b74a9c2431ee4385bafaa963c2234d6e,SPY,buy,market,new,1,gtc,0.0,1,stock,,,
2024-03-11 12:30:00-04:00,MyStrategy,b74a9c2431ee4385bafaa963c2234d6e,SPY,buy,market,fill,1,gtc,0.0,1,stock,510.4800109863281,1.0,0.0
2024-03-11 15:30:00-04:00,MyStrategy,99713e841ae64f5d83b5972357ba6981,SPY,buy,market,new,1,gtc,0.0,1,stock,,,
2024-03-11 15:30:00-04:00,MyStrategy,99713e841ae64f5d83b5972357ba6981,SPY,buy,market,fill,1,gtc,0.0,1,stock,510.4800109863281,1.0,0.0
2024-03-12 09:30:00-04:00,MyStrategy,aaa8a501e15f4adbb0d4942b6cf8664c,SPY,buy,market,new,1,gtc,0.0,1,stock,,,
2024-03-12 09:30:00-04:00,MyStrategy,aaa8a501e15f4adbb0d4942b6cf8664c,SPY,buy,market,fill,1,gtc,0.0,1,stock,513.4500122070312,1.0,0.0
2024-03-12 12:30:00-04:00,MyStrategy,d0c118190b984d12aebd95ab1ea381d4,SPY,buy,market,new,1,gtc,0.0,1,stock,,,
2024-03-12 12:30:00-04:00,MyStrategy,d0c118190b984d12aebd95ab1ea381d4,SPY,buy,market,fill,1,gtc,0.0,1,stock,513.4500122070312,1.0,0.0
2024-03-12 15:30:00-04:00,MyStrategy,9a48c8e0a79b461e89770bdb1a347a61,SPY,buy,market,new,1,gtc,0.0,1,stock,,,
2024-03-12 15:30:00-04:00,MyStrategy,9a48c8e0a79b461e89770bdb1a347a61,SPY,buy,market,fill,1,gtc,0.0,1,stock,513.4500122070312,1.0,0.0
2024-03-13 09:30:00-04:00,MyStrategy,55c30ee2c3024c15be017856b7e5483c,SPY,buy,market,new,1,gtc,0.0,1,stock,,,
2024-03-13 09:30:00-04:00,MyStrategy,55c30ee2c3024c15be017856b7e5483c,SPY,buy,market,fill,1,gtc,0.0,1,stock,517.1099853515625,1.0,0.0
2024-03-13 12:30:00-04:00,MyStrategy,446d74bf9e634843a7a228aa686b85fd,SPY,buy,market,new,1,gtc,0.0,1,stock,,,
2024-03-13 12:30:00-04:00,MyStrategy,446d74bf9e634843a7a228aa686b85fd,SPY,buy,market,fill,1,gtc,0.0,1,stock,517.1099853515625,1.0,0.0
2024-03-13 15:30:00-04:00,MyStrategy,1192d6c660b242b59ae48809e29d82e0,SPY,buy,market,new,1,gtc,0.0,1,stock,,,
2024-03-13 15:30:00-04:00,MyStrategy,1192d6c660b242b59ae48809e29d82e0,SPY,buy,market,fill,1,gtc,0.0,1,stock,517.1099853515625,1.0,0.0
2024-03-14 09:30:00-04:00,MyStrategy,8b8c9d12b13f444c8b6a8ecf00230c6a,SPY,buy,market,new,1,gtc,0.0,1,stock,,,
2024-03-14 09:30:00-04:00,MyStrategy,8b8c9d12b13f444c8b6a8ecf00230c6a,SPY,buy,market,fill,1,gtc,0.0,1,stock,516.969970703125,1.0,0.0
2024-03-14 12:30:00-04:00,MyStrategy,89a0110e44e54be18365cad70805fc2b,SPY,buy,market,new,1,gtc,0.0,1,stock,,,
2024-03-14 12:30:00-04:00,MyStrategy,89a0110e44e54be18365cad70805fc2b,SPY,buy,market,fill,1,gtc,0.0,1,stock,516.969970703125,1.0,0.0
2024-03-14 15:30:00-04:00,MyStrategy,f686fe09923447feb10859a950c74af5,SPY,buy,market,new,1,gtc,0.0,1,stock,,,
2024-03-14 15:30:00-04:00,MyStrategy,f686fe09923447feb10859a950c74af5,SPY,buy,market,fill,1,gtc,0.0,1,stock,516.969970703125,1.0,0.0
2024-03-15 09:30:00-04:00,MyStrategy,70353427fd35477f847ad7cfa1ae427b,SPY,buy,market,new,1,gtc,0.0,1,stock,,,
2024-03-15 09:30:00-04:00,MyStrategy,70353427fd35477f847ad7cfa1ae427b,SPY,buy,market,fill,1,gtc,0.0,1,stock,510.2099914550781,1.0,0.0
2024-03-15 12:30:00-04:00,MyStrategy,ca07b3f4f2234e4da24e9914b4f5fd3c,SPY,buy,market,new,1,gtc,0.0,1,stock,,,
2024-03-15 12:30:00-04:00,MyStrategy,ca07b3f4f2234e4da24e9914b4f5fd3c,SPY,buy,market,fill,1,gtc,0.0,1,stock,510.2099914550781,1.0,0.0
2024-03-15 15:30:00-04:00,MyStrategy,cb23215e23474e53993ce79c9839c9e3,SPY,buy,market,new,1,gtc,0.0,1,stock,,,
2024-03-15 15:30:00-04:00,MyStrategy,cb23215e23474e53993ce79c9839c9e3,SPY,buy,market,fill,1,gtc,0.0,1,stock,510.2099914550781,1.0,0.0
2024-03-18 09:30:00-04:00,MyStrategy,5ece848c3825481a9813ae96728ba0f9,SPY,buy,market,new,1,gtc,0.0,1,stock,,,
2024-03-18 09:30:00-04:00,MyStrategy,5ece848c3825481a9813ae96728ba0f9,SPY,buy,market,fill,1,gtc,0.0,1,stock,514.0,1.0,0.0
2024-03-18 12:30:00-04:00,MyStrategy,caa9f9ac78a5482291e2c1eb3a1092ba,SPY,buy,market,new,1,gtc,0.0,1,stock,,,
2024-03-18 12:30:00-04:00,MyStrategy,caa9f9ac78a5482291e2c1eb3a1092ba,SPY,buy,market,fill,1,gtc,0.0,1,stock,514.0,1.0,0.0
2024-03-18 15:30:00-04:00,MyStrategy,8ea0c6169599452bb3b866802c3e8136,SPY,buy,market,new,1,gtc,0.0,1,stock,,,
2024-03-18 15:30:00-04:00,MyStrategy,8ea0c6169599452bb3b866802c3e8136,SPY,buy,market,fill,1,gtc,0.0,1,stock,514.0,1.0,0.0
2024-03-19 09:30:00-04:00,MyStrategy,6732c654b0b04d03a74ce8220ea94564,SPY,buy,market,new,1,gtc,0.0,1,stock,,,
2024-03-19 09:30:00-04:00,MyStrategy,6732c654b0b04d03a74ce8220ea94564,SPY,buy,market,fill,1,gtc,0.0,1,stock,512.1500244140625,1.0,0.0
2024-03-19 12:30:00-04:00,MyStrategy,fd96b4d754a848c4af42c61ad8308d90,SPY,buy,market,new,1,gtc,0.0,1,stock,,,
2024-03-19 12:30:00-04:00,MyStrategy,fd96b4d754a848c4af42c61ad8308d90,SPY,buy,market,fill,1,gtc,0.0,1,stock,512.1500244140625,1.0,0.0
2024-03-19 15:30:00-04:00,MyStrategy,55119c75bfc34b27bd87c1f653c0a585,SPY,buy,market,new,1,gtc,0.0,1,stock,,,
2024-03-19 15:30:00-04:00,MyStrategy,55119c75bfc34b27bd87c1f653c0a585,SPY,buy,market,fill,1,gtc,0.0,1,stock,512.1500244140625,1.0,0.0
2024-03-20 09:30:00-04:00,MyStrategy,1179d30c5bcf4baca666183368810f63,SPY,buy,market,new,1,gtc,0.0,1,stock,,,
2024-03-20 09:30:00-04:00,MyStrategy,1179d30c5bcf4baca666183368810f63,SPY,buy,market,fill,1,gtc,0.0,1,stock,515.77001953125,1.0,0.0
2024-03-20 12:30:00-04:00,MyStrategy,e7958b00d766473ebbd305ca07a54464,SPY,buy,market,new,1,gtc,0.0,1,stock,,,
2024-03-20 12:30:00-04:00,MyStrategy,e7958b00d766473ebbd305ca07a54464,SPY,buy,market,fill,1,gtc,0.0,1,stock,515.77001953125,1.0,0.0
2024-03-20 15:30:00-04:00,MyStrategy,5aa3844c47584afebcc7dd3f277b978c,SPY,buy,market,new,1,gtc,0.0,1,stock,,,
2024-03-20 15:30:00-04:00,MyStrategy,5aa3844c47584afebcc7dd3f277b978c,SPY,buy,market,fill,1,gtc,0.0,1,stock,515.77001953125,1.0,0.0
2024-03-21 09:30:00-04:00,MyStrategy,2e9579532a7b41db9bd84390f91a55c9,SPY,buy,market,new,1,gtc,0.0,1,stock,,,
2024-03-21 09:30:00-04:00,MyStrategy,2e9579532a7b41db9bd84390f91a55c9,SPY,buy,market,fill,1,gtc,0.0,1,stock,523.3900146484375,1.0,0.0
2024-03-21 12:30:00-04:00,MyStrategy,87bf1c996201495c9a0d8e75099a402b,SPY,buy,market,new,1,gtc,0.0,1,stock,,,
2024-03-21 12:30:00-04:00,MyStrategy,87bf1c996201495c9a0d8e75099a402b,SPY,buy,market,fill,1,gtc,0.0,1,stock,523.3900146484375,1.0,0.0
2024-03-21 15:30:00-04:00,MyStrategy,f5e322290e664ee2bfb01cc3ef913e74,SPY,buy,market,new,1,gtc,0.0,1,stock,,,
2024-03-21 15:30:00-04:00,MyStrategy,f5e322290e664ee2bfb01cc3ef913e74,SPY,buy,market,fill,1,gtc,0.0,1,stock,523.3900146484375,1.0,0.0
2024-03-22 09:30:00-04:00,MyStrategy,100fdcd7aceb4c75b516100bccac7e57,SPY,buy,market,new,1,gtc,0.0,1,stock,,,
2024-03-22 09:30:00-04:00,MyStrategy,100fdcd7aceb4c75b516100bccac7e57,SPY,buy,market,fill,1,gtc,0.0,1,stock,522.1099853515625,1.0,0.0
2024-03-22 12:30:00-04:00,MyStrategy,fce68b0ee9f04130b87bf462a43af0ec,SPY,buy,market,new,1,gtc,0.0,1,stock,,,
2024-03-22 12:30:00-04:00,MyStrategy,fce68b0ee9f04130b87bf462a43af0ec,SPY,buy,market,fill,1,gtc,0.0,1,stock,522.1099853515625,1.0,0.0
2024-03-22 15:30:00-04:00,MyStrategy,88d1417b6e9d4ab5b263d3809af7c610,SPY,buy,market,new,1,gtc,0.0,1,stock,,,
2024-03-22 15:30:00-04:00,MyStrategy,88d1417b6e9d4ab5b263d3809af7c610,SPY,buy,market,fill,1,gtc,0.0,1,stock,522.1099853515625,1.0,0.0
2024-03-25 09:30:00-04:00,MyStrategy,8d2257e9f72e4768a4d971e08ad539c6,SPY,buy,market,new,1,gtc,0.0,1,stock,,,
2024-03-25 09:30:00-04:00,MyStrategy,8d2257e9f72e4768a4d971e08ad539c6,SPY,buy,market,fill,1,gtc,0.0,1,stock,519.7999877929688,1.0,0.0
2024-03-25 12:30:00-04:00,MyStrategy,ea5f3251338348239435c8af9dbb65ce,SPY,buy,market,new,1,gtc,0.0,1,stock,,,
2024-03-25 12:30:00-04:00,MyStrategy,ea5f3251338348239435c8af9dbb65ce,SPY,buy,market,fill,1,gtc,0.0,1,stock,519.7999877929688,1.0,0.0
2024-03-25 15:30:00-04:00,MyStrategy,71f03946a81a44febd8ff16284d853ce,SPY,buy,market,new,1,gtc,0.0,1,stock,,,
2024-03-25 15:30:00-04:00,MyStrategy,71f03946a81a44febd8ff16284d853ce,SPY,buy,market,fill,1,gtc,0.0,1,stock,519.7999877929688,1.0,0.0
2024-03-26 09:30:00-04:00,MyStrategy,3e26fb3b437641cbb8f6df95a2ede88e,SPY,buy,market,new,1,gtc,0.0,1,stock,,,
2024-03-26 09:30:00-04:00,MyStrategy,3e26fb3b437641cbb8f6df95a2ede88e,SPY,buy,market,fill,1,gtc,0.0,1,stock,521.22998046875,1.0,0.0
2024-03-26 12:30:00-04:00,MyStrategy,320426ac05b147c1bcbd1df89c1b6dda,SPY,buy,market,new,1,gtc,0.0,1,stock,,,
2024-03-26 12:30:00-04:00,MyStrategy,320426ac05b147c1bcbd1df89c1b6dda,SPY,buy,market,fill,1,gtc,0.0,1,stock,521.22998046875,1.0,0.0
2024-03-26 15:30:00-04:00,MyStrategy,da41199c0151485da39f34488bc666ae,SPY,buy,market,new,1,gtc,0.0,1,stock,,,
2024-03-26 15:30:00-04:00,MyStrategy,da41199c0151485da39f34488bc666ae,SPY,buy,market,fill,1,gtc,0.0,1,stock,521.22998046875,1.0,0.0
2024-03-27 09:30:00-04:00,MyStrategy,f65a4f2ce3704d82aa41baa921f2d85c,SPY,buy,market,new,1,gtc,0.0,1,stock,,,
2024-03-27 09:30:00-04:00,MyStrategy,f65a4f2ce3704d82aa41baa921f2d85c,SPY,buy,market,fill,1,gtc,0.0,1,stock,521.7100219726562,1.0,0.0
2024-03-27 12:30:00-04:00,MyStrategy,3c10e2af39e24257af70a7a134200ec9,SPY,buy,market,new,1,gtc,0.0,1,stock,,,
2024-03-27 12:30:00-04:00,MyStrategy,3c10e2af39e24257af70a7a134200ec9,SPY,buy,market,fill,1,gtc,0.0,1,stock,521.7100219726562,1.0,0.0
2024-03-27 15:30:00-04:00,MyStrategy,fc1c16e9877b4c6c847c7726a1b85065,SPY,buy,market,new,1,gtc,0.0,1,stock,,,
2024-03-27 15:30:00-04:00,MyStrategy,fc1c16e9877b4c6c847c7726a1b85065,SPY,buy,market,fill,1,gtc,0.0,1,stock,521.7100219726562,1.0,0.0
2024-03-28 09:30:00-04:00,MyStrategy,ed56e27150894c19a8f15f8b75ce017b,SPY,buy,market,new,1,gtc,0.0,1,stock,,,
2024-03-28 09:30:00-04:00,MyStrategy,ed56e27150894c19a8f15f8b75ce017b,SPY,buy,market,fill,1,gtc,0.0,1,stock,523.2100219726562,1.0,0.0
2024-03-28 12:30:00-04:00,MyStrategy,daf68c637dee4535aeeed69e5c914e11,SPY,buy,market,new,1,gtc,0.0,1,stock,,,
2024-03-28 12:30:00-04:00,MyStrategy,daf68c637dee4535aeeed69e5c914e11,SPY,buy,market,fill,1,gtc,0.0,1,stock,523.2100219726562,1.0,0.0
2024-03-28 15:30:00-04:00,MyStrategy,b2e185e0104e4ee1804f4b71d24bd40d,SPY,buy,market,new,1,gtc,0.0,1,stock,,,
2024-03-28 15:30:00-04:00,MyStrategy,b2e185e0104e4ee1804f4b71d24bd40d,SPY,buy,market,fill,1,gtc,0.0,1,stock,523.2100219726562,1.0,0.0
2024-04-01 09:30:00-04:00,MyStrategy,dfe4d36a14264b89803d8d68e801fb4d,SPY,buy,market,new,1,gtc,0.0,1,stock,,,
2024-04-01 09:30:00-04:00,MyStrategy,dfe4d36a14264b89803d8d68e801fb4d,SPY,buy,market,fill,1,gtc,0.0,1,stock,523.8300170898438,1.0,0.0
2024-04-01 12:30:00-04:00,MyStrategy,bc56ab4755694a02ac1fc37cbd6edd4f,SPY,buy,market,new,1,gtc,0.0,1,stock,,,
2024-04-01 12:30:00-04:00,MyStrategy,bc56ab4755694a02ac1fc37cbd6edd4f,SPY,buy,market,fill,1,gtc,0.0,1,stock,523.8300170898438,1.0,0.0
2024-04-01 15:30:00-04:00,MyStrategy,99eced07669d478faa013d102971ae40,SPY,buy,market,new,1,gtc,0.0,1,stock,,,
2024-04-01 15:30:00-04:00,MyStrategy,99eced07669d478faa013d102971ae40,SPY,buy,market,fill,1,gtc,0.0,1,stock,523.8300170898438,1.0,0.0
2024-04-02 09:30:00-04:00,MyStrategy,7c28c2a62329471eaa1120fb289a6f07,SPY,buy,market,new,1,gtc,0.0,1,stock,,,
2024-04-02 09:30:00-04:00,MyStrategy,7c28c2a62329471eaa1120fb289a6f07,SPY,buy,market,fill,1,gtc,0.0,1,stock,518.239990234375,1.0,0.0
2024-04-02 12:30:00-04:00,MyStrategy,041b5cb63c4e4eb4adc58ff58cf9861f,SPY,buy,market,new,1,gtc,0.0,1,stock,,,
2024-04-02 12:30:00-04:00,MyStrategy,041b5cb63c4e4eb4adc58ff58cf9861f,SPY,buy,market,fill,1,gtc,0.0,1,stock,518.239990234375,1.0,0.0
2024-04-02 15:30:00-04:00,MyStrategy,3ef9466e666c402081f46fc4aeffb1cd,SPY,buy,market,new,1,gtc,0.0,1,stock,,,
2024-04-02 15:30:00-04:00,MyStrategy,3ef9466e666c402081f46fc4aeffb1cd,SPY,buy,market,fill,1,gtc,0.0,1,stock,518.239990234375,1.0,0.0
2024-04-03 09:30:00-04:00,MyStrategy,fc02a19987da40b8882c08e95e9ae569,SPY,buy,market,new,1,gtc,0.0,1,stock,,,
2024-04-03 09:30:00-04:00,MyStrategy,fc02a19987da40b8882c08e95e9ae569,SPY,buy,market,fill,1,gtc,0.0,1,stock,517.719970703125,1.0,0.0
2024-04-03 12:30:00-04:00,MyStrategy,e73f1453351342bab745ac474a78deb6,SPY,buy,market,new,1,gtc,0.0,1,stock,,,
2024-04-03 12:30:00-04:00,MyStrategy,e73f1453351342bab745ac474a78deb6,SPY,buy,market,fill,1,gtc,0.0,1,stock,517.719970703125,1.0,0.0
2024-04-03 15:30:00-04:00,MyStrategy,0c1e8ec019b24d37b7b9bfb888e7c322,SPY,buy,market,new,1,gtc,0.0,1,stock,,,
2024-04-03 15:30:00-04:00,MyStrategy,0c1e8ec019b24d37b7b9bfb888e7c322,SPY,buy,market,fill,1,gtc,0.0,1,stock,517.719970703125,1.0,0.0
2024-04-04 09:30:00-04:00,MyStrategy,ff29b6a991964f508dc5b7310778513f,SPY,buy,market,new,1,gtc,0.0,1,stock,,,
2024-04-04 09:30:00-04:00,MyStrategy,ff29b6a991964f508dc5b7310778513f,SPY,buy,market,fill,1,gtc,0.0,1,stock,523.52001953125,1.0,0.0
2024-04-04 12:30:00-04:00,MyStrategy,52395e3499c24c38b8d29444e83ac754,SPY,buy,market,new,1,gtc,0.0,1,stock,,,
2024-04-04 12:30:00-04:00,MyStrategy,52395e3499c24c38b8d29444e83ac754,SPY,buy,market,fill,1,gtc,0.0,1,stock,523.52001953125,1.0,0.0
2024-04-04 15:30:00-04:00,MyStrategy,1a7c522c75cb431f94337795dffdecf2,SPY,buy,market,new,1,gtc,0.0,1,stock,,,
2024-04-04 15:30:00-04:00,MyStrategy,1a7c522c75cb431f94337795dffdecf2,SPY,buy,market,fill,1,gtc,0.0,1,stock,523.52001953125,1.0,0.0
2024-04-05 09:30:00-04:00,MyStrategy,35f6d40ce82c4059b979f2f0180b37b6,SPY,buy,market,new,1,gtc,0.0,1,stock,,,
2024-04-05 09:30:00-04:00,MyStrategy,35f6d40ce82c4059b979f2f0180b37b6,SPY,buy,market,fill,1,gtc,0.0,1,stock,514.4600219726562,1.0,0.0
2024-04-05 12:30:00-04:00,MyStrategy,78cee8544e604ce995fb0af2bb8f112b,SPY,buy,market,new,1,gtc,0.0,1,stock,,,
2024-04-05 12:30:00-04:00,MyStrategy,78cee8544e604ce995fb0af2bb8f112b,SPY,buy,market,fill,1,gtc,0.0,1,stock,514.4600219726562,1.0,0.0
2024-04-05 15:30:00-04:00,MyStrategy,84394e7799044e1cb1336631ccfd156c,SPY,buy,market,new,1,gtc,0.0,1,stock,,,
2024-04-05 15:30:00-04:00,MyStrategy,84394e7799044e1cb1336631ccfd156c,SPY,buy,market,fill,1,gtc,0.0,1,stock,514.4600219726562,1.0,0.0
2024-04-08 09:30:00-04:00,MyStrategy,ecd65db40474485c94a3a6f1afa54605,SPY,buy,market,new,1,gtc,0.0,1,stock,,,
2024-04-08 09:30:00-04:00,MyStrategy,ecd65db40474485c94a3a6f1afa54605,SPY,buy,market,fill,1,gtc,0.0,1,stock,519.1500244140625,1.0,0.0
2024-04-08 12:30:00-04:00,MyStrategy,79840f54509d4b5e99611dad0f913773,SPY,buy,market,new,1,gtc,0.0,1,stock,,,
2024-04-08 12:30:00-04:00,MyStrategy,79840f54509d4b5e99611dad0f913773,SPY,buy,market,fill,1,gtc,0.0,1,stock,519.1500244140625,1.0,0.0
2024-04-08 15:30:00-04:00,MyStrategy,981c174cc3a54356bd1e04f3bfdd5f25,SPY,buy,market,new,1,gtc,0.0,1,stock,,,
2024-04-08 15:30:00-04:00,MyStrategy,981c174cc3a54356bd1e04f3bfdd5f25,SPY,buy,market,fill,1,gtc,0.0,1,stock,519.1500244140625,1.0,0.0
2024-04-09 09:30:00-04:00,MyStrategy,d03f3d5bbdc743a5adbedb1c6bf68cb3,SPY,buy,market,new,1,gtc,0.0,1,stock,,,
2024-04-09 09:30:00-04:00,MyStrategy,d03f3d5bbdc743a5adbedb1c6bf68cb3,SPY,buy,market,fill,1,gtc,0.0,1,stock,520.5,1.0,0.0
2024-04-09 12:30:00-04:00,MyStrategy,b1b40f3d3f8742e9b83ce3dfadfd2de2,SPY,buy,market,new,1,gtc,0.0,1,stock,,,
2024-04-09 12:30:00-04:00,MyStrategy,b1b40f3d3f8742e9b83ce3dfadfd2de2,SPY,buy,market,fill,1,gtc,0.0,1,stock,520.5,1.0,0.0
2024-04-09 15:30:00-04:00,MyStrategy,0292071099ee4fe1a4d3ab4cceaa0bc6,SPY,buy,market,new,1,gtc,0.0,1,stock,,,
2024-04-09 15:30:00-04:00,MyStrategy,0292071099ee4fe1a4d3ab4cceaa0bc6,SPY,buy,market,fill,1,gtc,0.0,1,stock,520.5,1.0,0.0
2024-04-10 09:30:00-04:00,MyStrategy,0218b3ae4d614e7394207907209d7098,SPY,buy,market,new,1,gtc,0.0,1,stock,,,
2024-04-10 09:30:00-04:00,MyStrategy,0218b3ae4d614e7394207907209d7098,SPY,buy,market,fill,1,gtc,0.0,1,stock,513.47998046875,1.0,0.0
2024-04-10 12:30:00-04:00,MyStrategy,9abefb4c67b34ff28d98b995d9b86335,SPY,buy,market,new,1,gtc,0.0,1,stock,,,
2024-04-10 12:30:00-04:00,MyStrategy,9abefb4c67b34ff28d98b995d9b86335,SPY,buy,market,fill,1,gtc,0.0,1,stock,513.47998046875,1.0,0.0
2024-04-10 15:30:00-04:00,MyStrategy,9d41084e473a457a82b09e11fdbde63c,SPY,buy,market,new,1,gtc,0.0,1,stock,,,
2024-04-10 15:30:00-04:00,MyStrategy,9d41084e473a457a82b09e11fdbde63c,SPY,buy,market,fill,1,gtc,0.0,1,stock,513.47998046875,1.0,0.0
2024-04-11 09:30:00-04:00,MyStrategy,e52f2fab7bc7459b914bc473a3f57c00,SPY,buy,market,new,1,gtc,0.0,1,stock,,,
2024-04-11 09:30:00-04:00,MyStrategy,e52f2fab7bc7459b914bc473a3f57c00,SPY,buy,market,fill,1,gtc,0.0,1,stock,515.6799926757812,1.0,0.0
2024-04-11 12:30:00-04:00,MyStrategy,31f4118c2fde4696a118d711717b87e5,SPY,buy,market,new,1,gtc,0.0,1,stock,,,
2024-04-11 12:30:00-04:00,MyStrategy,31f4118c2fde4696a118d711717b87e5,SPY,buy,market,fill,1,gtc,0.0,1,stock,515.6799926757812,1.0,0.0
2024-04-11 15:30:00-04:00,MyStrategy,ef3d85057d4b4fc3addfd637a4ffddaa,SPY,buy,market,new,1,gtc,0.0,1,stock,,,
2024-04-11 15:30:00-04:00,MyStrategy,ef3d85057d4b4fc3addfd637a4ffddaa,SPY,buy,market,fill,1,gtc,0.0,1,stock,515.6799926757812,1.0,0.0
2024-04-12 09:30:00-04:00,MyStrategy,90bad69d931142d4863d0c993f79d2cd,SPY,buy,market,new,1,gtc,0.0,1,stock,,,
2024-04-12 09:30:00-04:00,MyStrategy,90bad69d931142d4863d0c993f79d2cd,SPY,buy,market,fill,1,gtc,0.0,1,stock,514.3699951171875,1.0,0.0
2024-04-12 12:30:00-04:00,MyStrategy,7f5a89dabf64483bb79eec6002097306,SPY,buy,market,new,1,gtc,0.0,1,stock,,,
2024-04-12 12:30:00-04:00,MyStrategy,7f5a89dabf64483bb79eec6002097306,SPY,buy,market,fill,1,gtc,0.0,1,stock,514.3699951171875,1.0,0.0
2024-04-12 15:30:00-04:00,MyStrategy,7019be2740154d6f99f86b9a14f9c375,SPY,buy,market,new,1,gtc,0.0,1,stock,,,
2024-04-12 15:30:00-04:00,MyStrategy,7019be2740154d6f99f86b9a14f9c375,SPY,buy,market,fill,1,gtc,0.0,1,stock,514.3699951171875,1.0,0.0
2024-04-15 09:30:00-04:00,MyStrategy,36c37bfdb6b44cab97c5854d5857b4a4,SPY,buy,market,new,1,gtc,0.0,1,stock,,,
2024-04-15 09:30:00-04:00,MyStrategy,36c37bfdb6b44cab97c5854d5857b4a4,SPY,buy,market,fill,1,gtc,0.0,1,stock,515.1300048828125,1.0,0.0
2024-04-15 12:30:00-04:00,MyStrategy,9f6ac6f091ff4bde9799881322e36faa,SPY,buy,market,new,1,gtc,0.0,1,stock,,,
2024-04-15 12:30:00-04:00,MyStrategy,9f6ac6f091ff4bde9799881322e36faa,SPY,buy,market,fill,1,gtc,0.0,1,stock,515.1300048828125,1.0,0.0
2024-04-15 15:30:00-04:00,MyStrategy,cf5fec1db94948ffb870a895cbeae97c,SPY,buy,market,new,1,gtc,0.0,1,stock,,,
2024-04-15 15:30:00-04:00,MyStrategy,cf5fec1db94948ffb870a895cbeae97c,SPY,buy,market,fill,1,gtc,0.0,1,stock,515.1300048828125,1.0,0.0
2024-04-16 09:30:00-04:00,MyStrategy,afc5a0ef3b11406e8bc7ae8afb6917dd,SPY,buy,market,new,1,gtc,0.0,1,stock,,,
2024-04-16 09:30:00-04:00,MyStrategy,afc5a0ef3b11406e8bc7ae8afb6917dd,SPY,buy,market,fill,1,gtc,0.0,1,stock,504.94000244140625,1.0,0.0
2024-04-16 12:30:00-04:00,MyStrategy,a7db9a8ee60549d1bb8cfa1c8adeb4f0,SPY,buy,market,new,1,gtc,0.0,1,stock,,,
2024-04-16 12:30:00-04:00,MyStrategy,a7db9a8ee60549d1bb8cfa1c8adeb4f0,SPY,buy,market,fill,1,gtc,0.0,1,stock,504.94000244140625,1.0,0.0
2024-04-16 15:30:00-04:00,MyStrategy,bed6061c694149988d5f66a8d06aba2c,SPY,buy,market,new,1,gtc,0.0,1,stock,,,
2024-04-16 15:30:00-04:00,MyStrategy,bed6061c694149988d5f66a8d06aba2c,SPY,buy,market,fill,1,gtc,0.0,1,stock,504.94000244140625,1.0,0.0
2024-04-17 09:30:00-04:00,MyStrategy,4c7ffa684933428b9b29297fcb7d70cc,SPY,buy,market,new,1,gtc,0.0,1,stock,,,
2024-04-17 09:30:00-04:00,MyStrategy,4c7ffa684933428b9b29297fcb7d70cc,SPY,buy,market,fill,1,gtc,0.0,1,stock,506.04998779296875,1.0,0.0
2024-04-17 12:30:00-04:00,MyStrategy,a850b28108ff4035b6cd65d460793908,SPY,buy,market,new,1,gtc,0.0,1,stock,,,
2024-04-17 12:30:00-04:00,MyStrategy,a850b28108ff4035b6cd65d460793908,SPY,buy,market,fill,1,gtc,0.0,1,stock,506.04998779296875,1.0,0.0
2024-04-17 15:30:00-04:00,MyStrategy,2cfc5771ff3c4c1cbe7dd280fa18e144,SPY,buy,market,new,1,gtc,0.0,1,stock,,,
2024-04-17 15:30:00-04:00,MyStrategy,2cfc5771ff3c4c1cbe7dd280fa18e144,SPY,buy,market,fill,1,gtc,0.0,1,stock,506.04998779296875,1.0,0.0
2024-04-18 09:30:00-04:00,MyStrategy,0072f69ae57341a399090b69bf66a967,SPY,buy,market,new,1,gtc,0.0,1,stock,,,
2024-04-18 09:30:00-04:00,MyStrategy,0072f69ae57341a399090b69bf66a967,SPY,buy,market,fill,1,gtc,0.0,1,stock,501.9800109863281,1.0,0.0
2024-04-18 12:30:00-04:00,MyStrategy,c1ffec65bd9541e188f365867c15c10f,SPY,buy,market,new,1,gtc,0.0,1,stock,,,
2024-04-18 12:30:00-04:00,MyStrategy,c1ffec65bd9541e188f365867c15c10f,SPY,buy,market,fill,1,gtc,0.0,1,stock,501.9800109863281,1.0,0.0
2024-04-18 15:30:00-04:00,MyStrategy,150f9c2d62f548a1893a70e0d51e3801,SPY,buy,market,new,1,gtc,0.0,1,stock,,,
2024-04-18 15:30:00-04:00,MyStrategy,150f9c2d62f548a1893a70e0d51e3801,SPY,buy,market,fill,1,gtc,0.0,1,stock,501.9800109863281,1.0,0.0
2024-04-19 09:30:00-04:00,MyStrategy,bc9fd551ea074a4b947e96e6d51bb5a6,SPY,buy,market,new,1,gtc,0.0,1,stock,,,
2024-04-19 09:30:00-04:00,MyStrategy,bc9fd551ea074a4b947e96e6d51bb5a6,SPY,buy,market,fill,1,gtc,0.0,1,stock,499.44000244140625,1.0,0.0
2024-04-19 12:30:00-04:00,MyStrategy,379f43740c4d489895f091d86eb30417,SPY,buy,market,new,1,gtc,0.0,1,stock,,,
2024-04-19 12:30:00-04:00,MyStrategy,379f43740c4d489895f091d86eb30417,SPY,buy,market,fill,1,gtc,0.0,1,stock,499.44000244140625,1.0,0.0
2024-04-19 15:30:00-04:00,MyStrategy,2088e0dfe2244e71b85c3f7067f66f64,SPY,buy,market,new,1,gtc,0.0,1,stock,,,
2024-04-19 15:30:00-04:00,MyStrategy,2088e0dfe2244e71b85c3f7067f66f64,SPY,buy,market,fill,1,gtc,0.0,1,stock,499.44000244140625,1.0,0.0
2024-04-22 09:30:00-04:00,MyStrategy,04671bbb979d482baad2d3d763bb96ac,SPY,buy,market,new,1,gtc,0.0,1,stock,,,
2024-04-22 09:30:00-04:00,MyStrategy,04671bbb979d482baad2d3d763bb96ac,SPY,buy,market,fill,1,gtc,0.0,1,stock,497.8299865722656,1.0,0.0
2024-04-22 12:30:00-04:00,MyStrategy,3e913bfca52e435b9f0d3fd01de715e9,SPY,buy,market,new,1,gtc,0.0,1,stock,,,
2024-04-22 12:30:00-04:00,MyStrategy,3e913bfca52e435b9f0d3fd01de715e9,SPY,buy,market,fill,1,gtc,0.0,1,stock,497.8299865722656,1.0,0.0
2024-04-22 15:30:00-04:00,MyStrategy,0e01038d8b684e34b87afa4f747fb122,SPY,buy,market,new,1,gtc,0.0,1,stock,,,
2024-04-22 15:30:00-04:00,MyStrategy,0e01038d8b684e34b87afa4f747fb122,SPY,buy,market,fill,1,gtc,0.0,1,stock,497.8299865722656,1.0,0.0
2024-04-23 09:30:00-04:00,MyStrategy,d4e72a305752414bb42ff52d1789b480,SPY,buy,market,new,1,gtc,0.0,1,stock,,,
2024-04-23 09:30:00-04:00,MyStrategy,d4e72a305752414bb42ff52d1789b480,SPY,buy,market,fill,1,gtc,0.0,1,stock,501.7799987792969,1.0,0.0
2024-04-23 12:30:00-04:00,MyStrategy,6b23fa95f6ff46178930d2406fa6f978,SPY,buy,market,new,1,gtc,0.0,1,stock,,,
2024-04-23 12:30:00-04:00,MyStrategy,6b23fa95f6ff46178930d2406fa6f978,SPY,buy,market,fill,1,gtc,0.0,1,stock,501.7799987792969,1.0,0.0
2024-04-23 15:30:00-04:00,MyStrategy,7d80e8e076354ee480dc567264c09504,SPY,buy,market,new,1,gtc,0.0,1,stock,,,
2024-04-23 15:30:00-04:00,MyStrategy,7d80e8e076354ee480dc567264c09504,SPY,buy,market,fill,1,gtc,0.0,1,stock,501.7799987792969,1.0,0.0
2024-04-24 09:30:00-04:00,MyStrategy,8cd48576bfd9474bbec7d69667b772c2,SPY,buy,market,new,1,gtc,0.0,1,stock,,,
2024-04-24 09:30:00-04:00,MyStrategy,8cd48576bfd9474bbec7d69667b772c2,SPY,buy,market,fill,1,gtc,0.0,1,stock,506.55999755859375,1.0,0.0
2024-04-24 12:30:00-04:00,MyStrategy,326aab4021004a6d96afb967dcf36f10,SPY,buy,market,new,1,gtc,0.0,1,stock,,,
2024-04-24 12:30:00-04:00,MyStrategy,326aab4021004a6d96afb967dcf36f10,SPY,buy,market,fill,1,gtc,0.0,1,stock,506.55999755859375,1.0,0.0
2024-04-24 15:30:00-04:00,MyStrategy,1168b202b62d4cecb7ad8dad1ab844a4,SPY,buy,market,new,1,gtc,0.0,1,stock,,,
2024-04-24 15:30:00-04:00,MyStrategy,1168b202b62d4cecb7ad8dad1ab844a4,SPY,buy,market,fill,1,gtc,0.0,1,stock,506.55999755859375,1.0,0.0
2024-04-25 09:30:00-04:00,MyStrategy,9aa50776499d4b4eadef3a9ac8729ad8,SPY,buy,market,new,1,gtc,0.0,1,stock,,,
2024-04-25 09:30:00-04:00,MyStrategy,9aa50776499d4b4eadef3a9ac8729ad8,SPY,buy,market,fill,1,gtc,0.0,1,stock,499.17999267578125,1.0,0.0
2024-04-25 12:30:00-04:00,MyStrategy,c9ed5a1968274a8a8081dddbc9ac4fd4,SPY,buy,market,new,1,gtc,0.0,1,stock,,,
2024-04-25 12:30:00-04:00,MyStrategy,c9ed5a1968274a8a8081dddbc9ac4fd4,SPY,buy,market,fill,1,gtc,0.0,1,stock,499.17999267578125,1.0,0.0
2024-04-25 15:30:00-04:00,MyStrategy,8281e5d2c98d4aba94a770cbcd85b8ce,SPY,buy,market,new,1,gtc,0.0,1,stock,,,
2024-04-25 15:30:00-04:00,MyStrategy,8281e5d2c98d4aba94a770cbcd85b8ce,SPY,buy,market,fill,1,gtc,0.0,1,stock,499.17999267578125,1.0,0.0
2024-04-26 09:30:00-04:00,MyStrategy,7b057a3b65fe4d3a9446a408c2e5007d,SPY,buy,market,new,1,gtc,0.0,1,stock,,,
2024-04-26 09:30:00-04:00,MyStrategy,7b057a3b65fe4d3a9446a408c2e5007d,SPY,buy,market,fill,1,gtc,0.0,1,stock,506.3500061035156,1.0,0.0
2024-04-26 12:30:00-04:00,MyStrategy,cb2e9eececb04e78af415139f04679d7,SPY,buy,market,new,1,gtc,0.0,1,stock,,,
2024-04-26 12:30:00-04:00,MyStrategy,cb2e9eececb04e78af415139f04679d7,SPY,buy,market,fill,1,gtc,0.0,1,stock,506.3500061035156,1.0,0.0
2024-04-26 15:30:00-04:00,MyStrategy,8e82f57f903e4289b9778ab903c60f46,SPY,buy,market,new,1,gtc,0.0,1,stock,,,
2024-04-26 15:30:00-04:00,MyStrategy,8e82f57f903e4289b9778ab903c60f46,SPY,buy,market,fill,1,gtc,0.0,1,stock,506.3500061035156,1.0,0.0
2024-04-29 09:30:00-04:00,MyStrategy,4432d7d009164da7b09bbf35f23086b7,SPY,buy,market,new,1,gtc,0.0,1,stock,,,
2024-04-29 09:30:00-04:00,MyStrategy,4432d7d009164da7b09bbf35f23086b7,SPY,buy,market,fill,1,gtc,0.0,1,stock,510.0899963378906,1.0,0.0
2024-04-29 12:30:00-04:00,MyStrategy,006c765f574b45e78481f6086809179e,SPY,buy,market,new,1,gtc,0.0,1,stock,,,
2024-04-29 12:30:00-04:00,MyStrategy,006c765f574b45e78481f6086809179e,SPY,buy,market,fill,1,gtc,0.0,1,stock,510.0899963378906,1.0,0.0
2024-04-29 15:30:00-04:00,MyStrategy,ca05b741501d48e4bb42f34362eb5fb0,SPY,buy,market,new,1,gtc,0.0,1,stock,,,
2024-04-29 15:30:00-04:00,MyStrategy,ca05b741501d48e4bb42f34362eb5fb0,SPY,buy,market,fill,1,gtc,0.0,1,stock,510.0899963378906,1.0,0.0
2024-04-30 09:30:00-04:00,MyStrategy,3978b0dbfbe5498190d7fc4492731ad5,SPY,buy,market,new,1,gtc,0.0,1,stock,,,
2024-04-30 09:30:00-04:00,MyStrategy,3978b0dbfbe5498190d7fc4492731ad5,SPY,buy,market,fill,1,gtc,0.0,1,stock,508.55999755859375,1.0,0.0
2024-04-30 12:30:00-04:00,MyStrategy,90133c2e1ab0436ab67e1b6639aa81ad,SPY,buy,market,new,1,gtc,0.0,1,stock,,,
2024-04-30 12:30:00-04:00,MyStrategy,90133c2e1ab0436ab67e1b6639aa81ad,SPY,buy,market,fill,1,gtc,0.0,1,stock,508.55999755859375,1.0,0.0
2024-04-30 15:30:00-04:00,MyStrategy,06fd1570f90942009193eb09eb8af79f,SPY,buy,market,new,1,gtc,0.0,1,stock,,,
2024-04-30 15:30:00-04:00,MyStrategy,06fd1570f90942009193eb09eb8af79f,SPY,buy,market,fill,1,gtc,0.0,1,stock,508.55999755859375,1.0,0.0
2024-05-01 09:30:00-04:00,MyStrategy,b3a82521d7c8423a92e6fe77515dca81,SPY,buy,market,new,1,gtc,0.0,1,stock,,,
2024-05-01 09:30:00-04:00,MyStrategy,b3a82521d7c8423a92e6fe77515dca81,SPY,buy,market,fill,1,gtc,0.0,1,stock,501.3800048828125,1.0,0.0
2024-05-01 12:30:00-04:00,MyStrategy,1ea1e571dc4e4283915b4d07a9136068,SPY,buy,market,new,1,gtc,0.0,1,stock,,,
2024-05-01 12:30:00-04:00,MyStrategy,1ea1e571dc4e4283915b4d07a9136068,SPY,buy,market,fill,1,gtc,0.0,1,stock,501.3800048828125,1.0,0.0
2024-05-01 15:30:00-04:00,MyStrategy,1d0ebe26b23240a9b77ce896ffded11c,SPY,buy,market,new,1,gtc,0.0,1,stock,,,
2024-05-01 15:30:00-04:00,MyStrategy,1d0ebe26b23240a9b77ce896ffded11c,SPY,buy,market,fill,1,gtc,0.0,1,stock,501.3800048828125,1.0,0.0
2024-05-02 09:30:00-04:00,MyStrategy,d540a9971ad342f9b53132c8b7b97066,SPY,buy,market,new,1,gtc,0.0,1,stock,,,
2024-05-02 09:30:00-04:00,MyStrategy,d540a9971ad342f9b53132c8b7b97066,SPY,buy,market,fill,1,gtc,0.0,1,stock,504.1499938964844,1.0,0.0
2024-05-02 12:30:00-04:00,MyStrategy,af7ffaf31e8a48bf805f188127860ced,SPY,buy,market,new,1,gtc,0.0,1,stock,,,
2024-05-02 12:30:00-04:00,MyStrategy,af7ffaf31e8a48bf805f188127860ced,SPY,buy,market,fill,1,gtc,0.0,1,stock,504.1499938964844,1.0,0.0
2024-05-02 15:30:00-04:00,MyStrategy,ebb84b2c14d949e38fd2be74f3513a84,SPY,buy,market,new,1,gtc,0.0,1,stock,,,
2024-05-02 15:30:00-04:00,MyStrategy,ebb84b2c14d949e38fd2be74f3513a84,SPY,buy,market,fill,1,gtc,0.0,1,stock,504.1499938964844,1.0,0.0
2024-05-03 09:30:00-04:00,MyStrategy,9bb4b62630a7473d8419fe4977638d72,SPY,buy,market,new,1,gtc,0.0,1,stock,,,
2024-05-03 09:30:00-04:00,MyStrategy,9bb4b62630a7473d8419fe4977638d72,SPY,buy,market,fill,1,gtc,0.0,1,stock,511.1600036621094,1.0,0.0
2024-05-03 12:30:00-04:00,MyStrategy,50fa3424fbf4411cb05a01e3c1e28889,SPY,buy,market,new,1,gtc,0.0,1,stock,,,
2024-05-03 12:30:00-04:00,MyStrategy,50fa3424fbf4411cb05a01e3c1e28889,SPY,buy,market,fill,1,gtc,0.0,1,stock,511.1600036621094,1.0,0.0
2024-05-03 15:30:00-04:00,MyStrategy,464c7b5a2ea5404e9a25a7d1d468003c,SPY,buy,market,new,1,gtc,0.0,1,stock,,,
2024-05-03 15:30:00-04:00,MyStrategy,464c7b5a2ea5404e9a25a7d1d468003c,SPY,buy,market,fill,1,gtc,0.0,1,stock,511.1600036621094,1.0,0.0
2024-05-06 09:30:00-04:00,MyStrategy,35cd4f7998d94ff5899001d0486e2356,SPY,buy,market,new,1,gtc,0.0,1,stock,,,
2024-05-06 09:30:00-04:00,MyStrategy,35cd4f7998d94ff5899001d0486e2356,SPY,buy,market,fill,1,gtc,0.0,1,stock,513.75,1.0,0.0
2024-05-06 12:30:00-04:00,MyStrategy,d8cc127b591543098d6c912bfe11069f,SPY,buy,market,new,1,gtc,0.0,1,stock,,,
2024-05-06 12:30:00-04:00,MyStrategy,d8cc127b591543098d6c912bfe11069f,SPY,buy,market,fill,1,gtc,0.0,1,stock,513.75,1.0,0.0
2024-05-06 15:30:00-04:00,MyStrategy,bba9e03f3d884c019743951e9b2985e5,SPY,buy,market,new,1,gtc,0.0,1,stock,,,
2024-05-06 15:30:00-04:00,MyStrategy,bba9e03f3d884c019743951e9b2985e5,SPY,buy,market,fill,1,gtc,0.0,1,stock,513.75,1.0,0.0
2024-05-07 09:30:00-04:00,MyStrategy,85be6ea9fe00417992ac295c906af0b7,SPY,buy,market,new,1,gtc,0.0,1,stock,,,
2024-05-07 09:30:00-04:00,MyStrategy,85be6ea9fe00417992ac295c906af0b7,SPY,buy,market,fill,1,gtc,0.0,1,stock,517.5599975585938,1.0,0.0
2024-05-07 12:30:00-04:00,MyStrategy,24676afd716e480981aa024920b40900,SPY,buy,market,new,1,gtc,0.0,1,stock,,,
2024-05-07 12:30:00-04:00,MyStrategy,24676afd716e480981aa024920b40900,SPY,buy,market,fill,1,gtc,0.0,1,stock,517.5599975585938,1.0,0.0
2024-05-07 15:30:00-04:00,MyStrategy,476a27f3b9134d47bb42836f7e254a49,SPY,buy,market,new,1,gtc,0.0,1,stock,,,
2024-05-07 15:30:00-04:00,MyStrategy,476a27f3b9134d47bb42836f7e254a49,SPY,buy,market,fill,1,gtc,0.0,1,stock,517.5599975585938,1.0,0.0
2024-05-08 09:30:00-04:00,MyStrategy,7636a8fc2659403c92020924c675fdec,SPY,buy,market,new,1,gtc,0.0,1,stock,,,
2024-05-08 09:30:00-04:00,MyStrategy,7636a8fc2659403c92020924c675fdec,SPY,buy,market,fill,1,gtc,0.0,1,stock,515.260009765625,1.0,0.0
2024-05-08 12:30:00-04:00,MyStrategy,f4150788f0544803a24c33bab4b5080d,SPY,buy,market,new,1,gtc,0.0,1,stock,,,
2024-05-08 12:30:00-04:00,MyStrategy,f4150788f0544803a24c33bab4b5080d,SPY,buy,market,fill,1,gtc,0.0,1,stock,515.260009765625,1.0,0.0
2024-05-08 15:30:00-04:00,MyStrategy,b0ed867933814ae7a92c44ef0d362c87,SPY,buy,market,new,1,gtc,0.0,1,stock,,,
2024-05-08 15:30:00-04:00,MyStrategy,b0ed867933814ae7a92c44ef0d362c87,SPY,buy,market,fill,1,gtc,0.0,1,stock,515.260009765625,1.0,0.0
2024-05-09 09:30:00-04:00,MyStrategy,cc8fa1f85b3d41f8b0a860b556244baa,SPY,buy,market,new,1,gtc,0.0,1,stock,,,
2024-05-09 09:30:00-04:00,MyStrategy,cc8fa1f85b3d41f8b0a860b556244baa,SPY,buy,market,fill,1,gtc,0.0,1,stock,517.3800048828125,1.0,0.0
2024-05-09 12:30:00-04:00,MyStrategy,49ad57bf81ab4694bc3ad9c5bb9cd179,SPY,buy,market,new,1,gtc,0.0,1,stock,,,
2024-05-09 12:30:00-04:00,MyStrategy,49ad57bf81ab4694bc3ad9c5bb9cd179,SPY,buy,market,fill,1,gtc,0.0,1,stock,517.3800048828125,1.0,0.0
2024-05-09 15:30:00-04:00,MyStrategy,fc7bb3d071194ce5a69e1d013545b11e,SPY,buy,market,new,1,gtc,0.0,1,stock,,,
2024-05-09 15:30:00-04:00,MyStrategy,fc7bb3d071194ce5a69e1d013545b11e,SPY,buy,market,fill,1,gtc,0.0,1,stock,517.3800048828125,1.0,0.0
2024-05-10 09:30:00-04:00,MyStrategy,5933167652f04cf2afee0f8260ebff19,SPY,buy,market,new,1,gtc,0.0,1,stock,,,
2024-05-10 09:30:00-04:00,MyStrategy,5933167652f04cf2afee0f8260ebff19,SPY,buy,market,fill,1,gtc,0.0,1,stock,521.8099975585938,1.0,0.0
2024-05-10 12:30:00-04:00,MyStrategy,d5e7eeba159648a5a7e395a17005453f,SPY,buy,market,new,1,gtc,0.0,1,stock,,,
2024-05-10 12:30:00-04:00,MyStrategy,d5e7eeba159648a5a7e395a17005453f,SPY,buy,market,fill,1,gtc,0.0,1,stock,521.8099975585938,1.0,0.0
2024-05-10 15:30:00-04:00,MyStrategy,7ec8a397ca244567a67afc11298c3c69,SPY,buy,market,new,1,gtc,0.0,1,stock,,,
2024-05-10 15:30:00-04:00,MyStrategy,7ec8a397ca244567a67afc11298c3c69,SPY,buy,market,fill,1,gtc,0.0,1,stock,521.8099975585938,1.0,0.0
2024-05-13 09:30:00-04:00,MyStrategy,2922cfee1eec41d6acd16a63cec14e42,SPY,buy,market,new,1,gtc,0.0,1,stock,,,
2024-05-13 09:30:00-04:00,MyStrategy,2922cfee1eec41d6acd16a63cec14e42,SPY,buy,market,fill,1,gtc,0.0,1,stock,522.5599975585938,1.0,0.0
2024-05-13 12:30:00-04:00,MyStrategy,ca3a11397c194d9e9c36e1508f9d0c5e,SPY,buy,market,new,1,gtc,0.0,1,stock,,,
2024-05-13 12:30:00-04:00,MyStrategy,ca3a11397c194d9e9c36e1508f9d0c5e,SPY,buy,market,fill,1,gtc,0.0,1,stock,522.5599975585938,1.0,0.0
2024-05-13 15:30:00-04:00,MyStrategy,cd71c9bb67614b63a840ac0d6a0a4199,SPY,buy,market,new,1,gtc,0.0,1,stock,,,
2024-05-13 15:30:00-04:00,MyStrategy,cd71c9bb67614b63a840ac0d6a0a4199,SPY,buy,market,fill,1,gtc,0.0,1,stock,522.5599975585938,1.0,0.0
2024-05-14 09:30:00-04:00,MyStrategy,e520cab023ce4650ae8a7c7c766b0e07,SPY,buy,market,new,1,gtc,0.0,1,stock,,,
2024-05-14 09:30:00-04:00,MyStrategy,e520cab023ce4650ae8a7c7c766b0e07,SPY,buy,market,fill,1,gtc,0.0,1,stock,521.1099853515625,1.0,0.0
2024-05-14 12:30:00-04:00,MyStrategy,4412825394974b9e8364fcc8ab2a818f,SPY,buy,market,new,1,gtc,0.0,1,stock,,,
2024-05-14 12:30:00-04:00,MyStrategy,4412825394974b9e8364fcc8ab2a818f,SPY,buy,market,fill,1,gtc,0.0,1,stock,521.1099853515625,1.0,0.0
2024-05-14 15:30:00-04:00,MyStrategy,50858a15bc08478d8850d1cf6dbc04e2,SPY,buy,market,new,1,gtc,0.0,1,stock,,,
2024-05-14 15:30:00-04:00,MyStrategy,50858a15bc08478d8850d1cf6dbc04e2,SPY,buy,market,fill,1,gtc,0.0,1,stock,521.1099853515625,1.0,0.0
2024-05-15 09:30:00-04:00,MyStrategy,27fd7aacccc046d58938b60c5d852217,SPY,buy,market,new,1,gtc,0.0,1,stock,,,
2024-05-15 09:30:00-04:00,MyStrategy,27fd7aacccc046d58938b60c5d852217,SPY,buy,market,fill,1,gtc,0.0,1,stock,525.8300170898438,1.0,0.0
2024-05-15 12:30:00-04:00,MyStrategy,1d618e5fa7f94826ba5eea94505ba547,SPY,buy,market,new,1,gtc,0.0,1,stock,,,
2024-05-15 12:30:00-04:00,MyStrategy,1d618e5fa7f94826ba5eea94505ba547,SPY,buy,market,fill,1,gtc,0.0,1,stock,525.8300170898438,1.0,0.0
2024-05-15 15:30:00-04:00,MyStrategy,9b1ffb9537b643f8832ebf261a92764f,SPY,buy,market,new,1,gtc,0.0,1,stock,,,
2024-05-15 15:30:00-04:00,MyStrategy,9b1ffb9537b643f8832ebf261a92764f,SPY,buy,market,fill,1,gtc,0.0,1,stock,525.8300170898438,1.0,0.0
2024-05-16 09:30:00-04:00,MyStrategy,da3d68026b584f5293097ca7ca08e156,SPY,buy,market,new,1,gtc,0.0,1,stock,,,
2024-05-16 09:30:00-04:00,MyStrategy,da3d68026b584f5293097ca7ca08e156,SPY,buy,market,fill,1,gtc,0.0,1,stock,529.8800048828125,1.0,0.0
2024-05-16 12:30:00-04:00,MyStrategy,7c8c5b59d6c6416a8a117507e930a65c,SPY,buy,market,new,1,gtc,0.0,1,stock,,,
2024-05-16 12:30:00-04:00,MyStrategy,7c8c5b59d6c6416a8a117507e930a65c,SPY,buy,market,fill,1,gtc,0.0,1,stock,529.8800048828125,1.0,0.0
2024-05-16 15:30:00-04:00,MyStrategy,fb7e2de9edbb4452b525f6dfb9ac9c89,SPY,buy,market,new,1,gtc,0.0,1,stock,,,
2024-05-16 15:30:00-04:00,MyStrategy,fb7e2de9edbb4452b525f6dfb9ac9c89,SPY,buy,market,fill,1,gtc,0.0,1,stock,529.8800048828125,1.0,0.0
2024-05-17 09:30:00-04:00,MyStrategy,b7911e1ab437488dbc8c2487d6d4cab1,SPY,buy,market,new,1,gtc,0.0,1,stock,,,
2024-05-17 09:30:00-04:00,MyStrategy,b7911e1ab437488dbc8c2487d6d4cab1,SPY,buy,market,fill,1,gtc,0.0,1,stock,528.8099975585938,1.0,0.0
2024-05-17 12:30:00-04:00,MyStrategy,fc96da89eac0400a825619b2d4483293,SPY,buy,market,new,1,gtc,0.0,1,stock,,,
2024-05-17 12:30:00-04:00,MyStrategy,fc96da89eac0400a825619b2d4483293,SPY,buy,market,fill,1,gtc,0.0,1,stock,528.8099975585938,1.0,0.0
2024-05-17 15:30:00-04:00,MyStrategy,311ced66cf254426ac5eb3b0e5fb67a8,SPY,buy,market,new,1,gtc,0.0,1,stock,,,
2024-05-17 15:30:00-04:00,MyStrategy,311ced66cf254426ac5eb3b0e5fb67a8,SPY,buy,market,fill,1,gtc,0.0,1,stock,528.8099975585938,1.0,0.0
2024-05-20 09:30:00-04:00,MyStrategy,de851697655e4b51bffc32b6557c251d,SPY,buy,market,new,1,gtc,0.0,1,stock,,,
2024-05-20 09:30:00-04:00,MyStrategy,de851697655e4b51bffc32b6557c251d,SPY,buy,market,fill,1,gtc,0.0,1,stock,529.5700073242188,1.0,0.0
2024-05-20 12:30:00-04:00,MyStrategy,0342433a59924ef3afa3f00dd3e318a2,SPY,buy,market,new,1,gtc,0.0,1,stock,,,
2024-05-20 12:30:00-04:00,MyStrategy,0342433a59924ef3afa3f00dd3e318a2,SPY,buy,market,fill,1,gtc,0.0,1,stock,529.5700073242188,1.0,0.0
2024-05-20 15:30:00-04:00,MyStrategy,04bb6dc99db6485eb090f5accd4a2fe3,SPY,buy,market,new,1,gtc,0.0,1,stock,,,
2024-05-20 15:30:00-04:00,MyStrategy,04bb6dc99db6485eb090f5accd4a2fe3,SPY,buy,market,fill,1,gtc,0.0,1,stock,529.5700073242188,1.0,0.0
2024-05-21 09:30:00-04:00,MyStrategy,f5809d20548847d59a522eab87b4e345,SPY,buy,market,new,1,gtc,0.0,1,stock,,,
2024-05-21 09:30:00-04:00,MyStrategy,f5809d20548847d59a522eab87b4e345,SPY,buy,market,fill,1,gtc,0.0,1,stock,529.280029296875,1.0,0.0
2024-05-21 12:30:00-04:00,MyStrategy,cb6d8d4a45e842d0a4d00b0e8fae369a,SPY,buy,market,new,1,gtc,0.0,1,stock,,,
2024-05-21 12:30:00-04:00,MyStrategy,cb6d8d4a45e842d0a4d00b0e8fae369a,SPY,buy,market,fill,1,gtc,0.0,1,stock,529.280029296875,1.0,0.0
2024-05-21 15:30:00-04:00,MyStrategy,b1ca19c3a4384b2bb452879453157776,SPY,buy,market,new,1,gtc,0.0,1,stock,,,
2024-05-21 15:30:00-04:00,MyStrategy,b1ca19c3a4384b2bb452879453157776,SPY,buy,market,fill,1,gtc,0.0,1,stock,529.280029296875,1.0,0.0
2024-05-22 09:30:00-04:00,MyStrategy,f23c0616ec964676a1c8be07379039ef,SPY,buy,market,new,1,gtc,0.0,1,stock,,,
2024-05-22 09:30:00-04:00,MyStrategy,f23c0616ec964676a1c8be07379039ef,SPY,buy,market,fill,1,gtc,0.0,1,stock,530.6500244140625,1.0,0.0
2024-05-22 12:30:00-04:00,MyStrategy,7719fdeee74e4b53a8633fc2a4784a7e,SPY,buy,market,new,1,gtc,0.0,1,stock,,,
2024-05-22 12:30:00-04:00,MyStrategy,7719fdeee74e4b53a8633fc2a4784a7e,SPY,buy,market,fill,1,gtc,0.0,1,stock,530.6500244140625,1.0,0.0
2024-05-22 15:30:00-04:00,MyStrategy,403fe0274a6e42cba5ab02d55f205ed8,SPY,buy,market,new,1,gtc,0.0,1,stock,,,
2024-05-22 15:30:00-04:00,MyStrategy,403fe0274a6e42cba5ab02d55f205ed8,SPY,buy,market,fill,1,gtc,0.0,1,stock,530.6500244140625,1.0,0.0
2024-05-23 09:30:00-04:00,MyStrategy,c0acf9061b224ef5bdf617e825b79ad2,SPY,buy,market,new,1,gtc,0.0,1,stock,,,
2024-05-23 09:30:00-04:00,MyStrategy,c0acf9061b224ef5bdf617e825b79ad2,SPY,buy,market,fill,1,gtc,0.0,1,stock,532.9600219726562,1.0,0.0
2024-05-23 12:30:00-04:00,MyStrategy,e84936a41a4d4baa8f5ad20d5a634eaf,SPY,buy,market,new,1,gtc,0.0,1,stock,,,
2024-05-23 12:30:00-04:00,MyStrategy,e84936a41a4d4baa8f5ad20d5a634eaf,SPY,buy,market,fill,1,gtc,0.0,1,stock,532.9600219726562,1.0,0.0
2024-05-23 15:30:00-04:00,MyStrategy,81db8cad250c4b33bf0b4a9d224166c5,SPY,buy,market,new,1,gtc,0.0,1,stock,,,
2024-05-23 15:30:00-04:00,MyStrategy,81db8cad250c4b33bf0b4a9d224166c5,SPY,buy,market,fill,1,gtc,0.0,1,stock,532.9600219726562,1.0,0.0
2024-05-24 09:30:00-04:00,MyStrategy,7ccfc69dbce645b686701a0e887276f8,SPY,buy,market,new,1,gtc,0.0,1,stock,,,
2024-05-24 09:30:00-04:00,MyStrategy,7ccfc69dbce645b686701a0e887276f8,SPY,buy,market,fill,1,gtc,0.0,1,stock,527.8499755859375,1.0,0.0
2024-05-24 12:30:00-04:00,MyStrategy,81ac9669dd3c486480bfdb9db9aff7cb,SPY,buy,market,new,1,gtc,0.0,1,stock,,,
2024-05-24 12:30:00-04:00,MyStrategy,81ac9669dd3c486480bfdb9db9aff7cb,SPY,buy,market,fill,1,gtc,0.0,1,stock,527.8499755859375,1.0,0.0
2024-05-24 15:30:00-04:00,MyStrategy,036bad5fd8264b1dab3668762ae1317e,SPY,buy,market,new,1,gtc,0.0,1,stock,,,
2024-05-24 15:30:00-04:00,MyStrategy,036bad5fd8264b1dab3668762ae1317e,SPY,buy,market,fill,1,gtc,0.0,1,stock,527.8499755859375,1.0,0.0
2024-05-28 09:30:00-04:00,MyStrategy,d19acdf6a2d341608bb1aef4cadfc8c5,SPY,buy,market,new,1,gtc,0.0,1,stock,,,
2024-05-28 09:30:00-04:00,MyStrategy,d19acdf6a2d341608bb1aef4cadfc8c5,SPY,buy,market,fill,1,gtc,0.0,1,stock,530.27001953125,1.0,0.0
2024-05-28 12:30:00-04:00,MyStrategy,83e1788e20994b9aab77b482588be164,SPY,buy,market,new,1,gtc,0.0,1,stock,,,
2024-05-28 12:30:00-04:00,MyStrategy,83e1788e20994b9aab77b482588be164,SPY,buy,market,fill,1,gtc,0.0,1,stock,530.27001953125,1.0,0.0
2024-05-28 15:30:00-04:00,MyStrategy,af052f8cafdd45f4bb7f7338431d6103,SPY,buy,market,new,1,gtc,0.0,1,stock,,,
2024-05-28 15:30:00-04:00,MyStrategy,af052f8cafdd45f4bb7f7338431d6103,SPY,buy,market,fill,1,gtc,0.0,1,stock,530.27001953125,1.0,0.0
2024-05-29 09:30:00-04:00,MyStrategy,edd2df23a19549138266f8cfbd4257cd,SPY,buy,market,new,1,gtc,0.0,1,stock,,,
2024-05-29 09:30:00-04:00,MyStrategy,edd2df23a19549138266f8cfbd4257cd,SPY,buy,market,fill,1,gtc,0.0,1,stock,525.6799926757812,1.0,0.0
2024-05-29 12:30:00-04:00,MyStrategy,45d422f28bb8400cba3d9b1a9073d2da,SPY,buy,market,new,1,gtc,0.0,1,stock,,,
2024-05-29 12:30:00-04:00,MyStrategy,45d422f28bb8400cba3d9b1a9073d2da,SPY,buy,market,fill,1,gtc,0.0,1,stock,525.6799926757812,1.0,0.0
2024-05-29 15:30:00-04:00,MyStrategy,705770b42fa74a60b6cc9da9de87ee6a,SPY,buy,market,new,1,gtc,0.0,1,stock,,,
2024-05-29 15:30:00-04:00,MyStrategy,705770b42fa74a60b6cc9da9de87ee6a,SPY,buy,market,fill,1,gtc,0.0,1,stock,525.6799926757812,1.0,0.0
2024-05-30 09:30:00-04:00,MyStrategy,628fc7897e404af6ad4b98e5c657827a,SPY,buy,market,new,1,gtc,0.0,1,stock,,,
2024-05-30 09:30:00-04:00,MyStrategy,628fc7897e404af6ad4b98e5c657827a,SPY,buy,market,fill,1,gtc,0.0,1,stock,524.52001953125,1.0,0.0
2024-05-30 12:30:00-04:00,MyStrategy,d578f449c6b5421bbbc0bc93811a8c28,SPY,buy,market,new,1,gtc,0.0,1,stock,,,
2024-05-30 12:30:00-04:00,MyStrategy,d578f449c6b5421bbbc0bc93811a8c28,SPY,buy,market,fill,1,gtc,0.0,1,stock,524.52001953125,1.0,0.0
2024-05-30 15:30:00-04:00,MyStrategy,07f3ee375bea4f4c85bd03bae91a348d,SPY,buy,market,new,1,gtc,0.0,1,stock,,,
2024-05-30 15:30:00-04:00,MyStrategy,07f3ee375bea4f4c85bd03bae91a348d,SPY,buy,market,fill,1,gtc,0.0,1,stock,524.52001953125,1.0,0.0
2024-05-31 09:30:00-04:00,MyStrategy,a080bd5c4b9d436e9af3b0891a1c60a7,SPY,buy,market,new,1,gtc,0.0,1,stock,,,
2024-05-31 09:30:00-04:00,MyStrategy,a080bd5c4b9d436e9af3b0891a1c60a7,SPY,buy,market,fill,1,gtc,0.0,1,stock,523.5900268554688,1.0,0.0
2024-05-31 12:30:00-04:00,MyStrategy,e1a0716660e84a279c21572047e8fa9a,SPY,buy,market,new,1,gtc,0.0,1,stock,,,
2024-05-31 12:30:00-04:00,MyStrategy,e1a0716660e84a279c21572047e8fa9a,SPY,buy,market,fill,1,gtc,0.0,1,stock,523.5900268554688,1.0,0.0
2024-05-31 15:30:00-04:00,MyStrategy,7f3651ceddf342a58b2ffc08b7e7046a,SPY,buy,market,new,1,gtc,0.0,1,stock,,,
2024-05-31 15:30:00-04:00,MyStrategy,7f3651ceddf342a58b2ffc08b7e7046a,SPY,buy,market,fill,1,gtc,0.0,1,stock,523.5900268554688,1.0,0.0
2024-06-03 09:30:00-04:00,MyStrategy,57965b2506584568a274f9a0c7b4cae7,SPY,buy,market,new,1,gtc,0.0,1,stock,,,
2024-06-03 09:30:00-04:00,MyStrategy,57965b2506584568a274f9a0c7b4cae7,SPY,buy,market,fill,1,gtc,0.0,1,stock,529.02001953125,1.0,0.0
2024-06-03 12:30:00-04:00,MyStrategy,653642f8aa2641a2a9fc003041ca606b,SPY,buy,market,new,1,gtc,0.0,1,stock,,,
2024-06-03 12:30:00-04:00,MyStrategy,653642f8aa2641a2a9fc003041ca606b,SPY,buy,market,fill,1,gtc,0.0,1,stock,529.02001953125,1.0,0.0
2024-06-03 15:30:00-04:00,MyStrategy,1ec839a7f9ef49068c76945c6ea56a06,SPY,buy,market,new,1,gtc,0.0,1,stock,,,
2024-06-03 15:30:00-04:00,MyStrategy,1ec839a7f9ef49068c76945c6ea56a06,SPY,buy,market,fill,1,gtc,0.0,1,stock,529.02001953125,1.0,0.0
2024-06-04 09:30:00-04:00,MyStrategy,914a99ae81904f0a8d26a3a0ec9ef0e8,SPY,buy,market,new,1,gtc,0.0,1,stock,,,
2024-06-04 09:30:00-04:00,MyStrategy,914a99ae81904f0a8d26a3a0ec9ef0e8,SPY,buy,market,fill,1,gtc,0.0,1,stock,526.4600219726562,1.0,0.0
2024-06-04 12:30:00-04:00,MyStrategy,6bc3739e0a5d42acad066e021abf1129,SPY,buy,market,new,1,gtc,0.0,1,stock,,,
2024-06-04 12:30:00-04:00,MyStrategy,6bc3739e0a5d42acad066e021abf1129,SPY,buy,market,fill,1,gtc,0.0,1,stock,526.4600219726562,1.0,0.0
2024-06-04 15:30:00-04:00,MyStrategy,99636b3e896d4f07bce173cfd9182e0d,SPY,buy,market,new,1,gtc,0.0,1,stock,,,
2024-06-04 15:30:00-04:00,MyStrategy,99636b3e896d4f07bce173cfd9182e0d,SPY,buy,market,fill,1,gtc,0.0,1,stock,526.4600219726562,1.0,0.0
2024-06-05 09:30:00-04:00,MyStrategy,65c6b903cb904a66813846cd3feb34dd,SPY,buy,market,new,1,gtc,0.0,1,stock,,,
2024-06-05 09:30:00-04:00,MyStrategy,65c6b903cb904a66813846cd3feb34dd,SPY,buy,market,fill,1,gtc,0.0,1,stock,530.77001953125,1.0,0.0
2024-06-05 12:30:00-04:00,MyStrategy,eb401764cf05456daad2c3edad2ca3d3,SPY,buy,market,new,1,gtc,0.0,1,stock,,,
2024-06-05 12:30:00-04:00,MyStrategy,eb401764cf05456daad2c3edad2ca3d3,SPY,buy,market,fill,1,gtc,0.0,1,stock,530.77001953125,1.0,0.0
2024-06-05 15:30:00-04:00,MyStrategy,cc61198414254b8bb6bdaace49d5104e,SPY,buy,market,new,1,gtc,0.0,1,stock,,,
2024-06-05 15:30:00-04:00,MyStrategy,cc61198414254b8bb6bdaace49d5104e,SPY,buy,market,fill,1,gtc,0.0,1,stock,530.77001953125,1.0,0.0
2024-06-06 09:30:00-04:00,MyStrategy,b219faacb85e4a51b643e556846fdba8,SPY,buy,market,new,1,gtc,0.0,1,stock,,,
2024-06-06 09:30:00-04:00,MyStrategy,b219faacb85e4a51b643e556846fdba8,SPY,buy,market,fill,1,gtc,0.0,1,stock,534.97998046875,1.0,0.0
2024-06-06 12:30:00-04:00,MyStrategy,57631d2c9f05414985d6fd6b1f8803c4,SPY,buy,market,new,1,gtc,0.0,1,stock,,,
2024-06-06 12:30:00-04:00,MyStrategy,57631d2c9f05414985d6fd6b1f8803c4,SPY,buy,market,fill,1,gtc,0.0,1,stock,534.97998046875,1.0,0.0
2024-06-06 15:30:00-04:00,MyStrategy,252be8c6ba064119af298f72da8b6db6,SPY,buy,market,new,1,gtc,0.0,1,stock,,,
2024-06-06 15:30:00-04:00,MyStrategy,252be8c6ba064119af298f72da8b6db6,SPY,buy,market,fill,1,gtc,0.0,1,stock,534.97998046875,1.0,0.0
2024-06-07 09:30:00-04:00,MyStrategy,c9fb8ea1d2d34f3b9897859a7e02b5a9,SPY,buy,market,new,1,gtc,0.0,1,stock,,,
2024-06-07 09:30:00-04:00,MyStrategy,c9fb8ea1d2d34f3b9897859a7e02b5a9,SPY,buy,market,fill,1,gtc,0.0,1,stock,533.6599731445312,1.0,0.0
2024-06-07 12:30:00-04:00,MyStrategy,3c1ea13a130e40d6b1b9381b31b68273,SPY,buy,market,new,1,gtc,0.0,1,stock,,,
2024-06-07 12:30:00-04:00,MyStrategy,3c1ea13a130e40d6b1b9381b31b68273,SPY,buy,market,fill,1,gtc,0.0,1,stock,533.6599731445312,1.0,0.0
2024-06-07 15:30:00-04:00,MyStrategy,7baa7080314345d6831d088dace20b96,SPY,buy,market,new,1,gtc,0.0,1,stock,,,
2024-06-07 15:30:00-04:00,MyStrategy,7baa7080314345d6831d088dace20b96,SPY,buy,market,fill,1,gtc,0.0,1,stock,533.6599731445312,1.0,0.0
2024-06-10 09:30:00-04:00,MyStrategy,1253d65b8fd84a1589f98c9944acddfa,SPY,buy,market,new,1,gtc,0.0,1,stock,,,
2024-06-10 09:30:00-04:00,MyStrategy,1253d65b8fd84a1589f98c9944acddfa,SPY,buy,market,fill,1,gtc,0.0,1,stock,533.1799926757812,1.0,0.0
2024-06-10 12:30:00-04:00,MyStrategy,6ac74b9edd8b40d591fa0448cb0f3998,SPY,buy,market,new,1,gtc,0.0,1,stock,,,
2024-06-10 12:30:00-04:00,MyStrategy,6ac74b9edd8b40d591fa0448cb0f3998,SPY,buy,market,fill,1,gtc,0.0,1,stock,533.1799926757812,1.0,0.0
2024-06-10 15:30:00-04:00,MyStrategy,849d39bebbc74d5196af9f6ea34e841d,SPY,buy,market,new,1,gtc,0.0,1,stock,,,
2024-06-10 15:30:00-04:00,MyStrategy,849d39bebbc74d5196af9f6ea34e841d,SPY,buy,market,fill,1,gtc,0.0,1,stock,533.1799926757812,1.0,0.0
2024-06-11 09:30:00-04:00,MyStrategy,8a55758f388e4590800a889428577e60,SPY,buy,market,new,1,gtc,0.0,1,stock,,,
2024-06-11 09:30:00-04:00,MyStrategy,8a55758f388e4590800a889428577e60,SPY,buy,market,fill,1,gtc,0.0,1,stock,534.0700073242188,1.0,0.0
2024-06-11 12:30:00-04:00,MyStrategy,ab009f9e88ed485eb532a37048ef87e9,SPY,buy,market,new,1,gtc,0.0,1,stock,,,
2024-06-11 12:30:00-04:00,MyStrategy,ab009f9e88ed485eb532a37048ef87e9,SPY,buy,market,fill,1,gtc,0.0,1,stock,534.0700073242188,1.0,0.0
2024-06-11 15:30:00-04:00,MyStrategy,f0267a80e5bf497a849b4d7dc6ff0f69,SPY,buy,market,new,1,gtc,0.0,1,stock,,,
2024-06-11 15:30:00-04:00,MyStrategy,f0267a80e5bf497a849b4d7dc6ff0f69,SPY,buy,market,fill,1,gtc,0.0,1,stock,534.0700073242188,1.0,0.0
2024-06-12 09:30:00-04:00,MyStrategy,7580b1e0bd2f47ce8ce4046a88590e87,SPY,buy,market,new,1,gtc,0.0,1,stock,,,
2024-06-12 09:30:00-04:00,MyStrategy,7580b1e0bd2f47ce8ce4046a88590e87,SPY,buy,market,fill,1,gtc,0.0,1,stock,541.6300048828125,1.0,0.0
2024-06-12 12:30:00-04:00,MyStrategy,a4c79d0674a34a2683b8b59339d6ad57,SPY,buy,market,new,1,gtc,0.0,1,stock,,,
2024-06-12 12:30:00-04:00,MyStrategy,a4c79d0674a34a2683b8b59339d6ad57,SPY,buy,market,fill,1,gtc,0.0,1,stock,541.6300048828125,1.0,0.0
2024-06-12 15:30:00-04:00,MyStrategy,902a7a28e2cf41c889e80e4d1ad23aef,SPY,buy,market,new,1,gtc,0.0,1,stock,,,
2024-06-12 15:30:00-04:00,MyStrategy,902a7a28e2cf41c889e80e4d1ad23aef,SPY,buy,market,fill,1,gtc,0.0,1,stock,541.6300048828125,1.0,0.0
2024-06-13 09:30:00-04:00,MyStrategy,9d037fa8f7d74048bba032dc7aae9bd6,SPY,buy,market,new,1,gtc,0.0,1,stock,,,
2024-06-13 09:30:00-04:00,MyStrategy,9d037fa8f7d74048bba032dc7aae9bd6,SPY,buy,market,fill,1,gtc,0.0,1,stock,543.1500244140625,1.0,0.0
2024-06-13 12:30:00-04:00,MyStrategy,0064fdea3d0e47caab6ac8ca4150c2ac,SPY,buy,market,new,1,gtc,0.0,1,stock,,,
2024-06-13 12:30:00-04:00,MyStrategy,0064fdea3d0e47caab6ac8ca4150c2ac,SPY,buy,market,fill,1,gtc,0.0,1,stock,543.1500244140625,1.0,0.0
2024-06-13 15:30:00-04:00,MyStrategy,2e585658a14f48e8a131278314d04d7b,SPY,buy,market,new,1,gtc,0.0,1,stock,,,
2024-06-13 15:30:00-04:00,MyStrategy,2e585658a14f48e8a131278314d04d7b,SPY,buy,market,fill,1,gtc,0.0,1,stock,543.1500244140625,1.0,0.0
2024-06-14 09:30:00-04:00,MyStrategy,6e7b20038fd54c5a99190e4507442e81,SPY,buy,market,new,1,gtc,0.0,1,stock,,,
2024-06-14 09:30:00-04:00,MyStrategy,6e7b20038fd54c5a99190e4507442e81,SPY,buy,market,fill,1,gtc,0.0,1,stock,540.8800048828125,1.0,0.0
2024-06-14 12:30:00-04:00,MyStrategy,d6f52cc7c57242f9a8e8f27dad5246ec,SPY,buy,market,new,1,gtc,0.0,1,stock,,,
2024-06-14 12:30:00-04:00,MyStrategy,d6f52cc7c57242f9a8e8f27dad5246ec,SPY,buy,market,fill,1,gtc,0.0,1,stock,540.8800048828125,1.0,0.0
2024-06-14 15:30:00-04:00,MyStrategy,35d1491050dc4b78aabc73251b328c75,SPY,buy,market,new,1,gtc,0.0,1,stock,,,
2024-06-14 15:30:00-04:00,MyStrategy,35d1491050dc4b78aabc73251b328c75,SPY,buy,market,fill,1,gtc,0.0,1,stock,540.8800048828125,1.0,0.0
2024-06-17 09:30:00-04:00,MyStrategy,dbafc2e95c82479a8873d817195fe748,SPY,buy,market,new,1,gtc,0.0,1,stock,,,
2024-06-17 09:30:00-04:00,MyStrategy,dbafc2e95c82479a8873d817195fe748,SPY,buy,market,fill,1,gtc,0.0,1,stock,542.0800170898438,1.0,0.0
2024-06-17 12:30:00-04:00,MyStrategy,e9bf8f015e10487d8eb40ae629c95cbc,SPY,buy,market,new,1,gtc,0.0,1,stock,,,
2024-06-17 12:30:00-04:00,MyStrategy,e9bf8f015e10487d8eb40ae629c95cbc,SPY,buy,market,fill,1,gtc,0.0,1,stock,542.0800170898438,1.0,0.0
2024-06-17 15:30:00-04:00,MyStrategy,d05b04bb45674c78b9b7852942f7b78a,SPY,buy,market,new,1,gtc,0.0,1,stock,,,
2024-06-17 15:30:00-04:00,MyStrategy,d05b04bb45674c78b9b7852942f7b78a,SPY,buy,market,fill,1,gtc,0.0,1,stock,542.0800170898438,1.0,0.0
2024-06-18 09:30:00-04:00,MyStrategy,7394329743fd4c75b33312e3f274a19d,SPY,buy,market,new,1,gtc,0.0,1,stock,,,
2024-06-18 09:30:00-04:00,MyStrategy,7394329743fd4c75b33312e3f274a19d,SPY,buy,market,fill,1,gtc,0.0,1,stock,547.1599731445312,1.0,0.0
2024-06-18 12:30:00-04:00,MyStrategy,29437928d5ae491da859a991e1e415d7,SPY,buy,market,new,1,gtc,0.0,1,stock,,,
2024-06-18 12:30:00-04:00,MyStrategy,29437928d5ae491da859a991e1e415d7,SPY,buy,market,fill,1,gtc,0.0,1,stock,547.1599731445312,1.0,0.0
2024-06-18 15:30:00-04:00,MyStrategy,435102423cb44d1d9dea4e58571c0f3a,SPY,buy,market,new,1,gtc,0.0,1,stock,,,
2024-06-18 15:30:00-04:00,MyStrategy,435102423cb44d1d9dea4e58571c0f3a,SPY,buy,market,fill,1,gtc,0.0,1,stock,547.1599731445312,1.0,0.0
2024-06-20 09:30:00-04:00,MyStrategy,a2fcc2e92fc24546b6c0bf517cc5cd03,SPY,buy,market,new,1,gtc,0.0,1,stock,,,
2024-06-20 09:30:00-04:00,MyStrategy,a2fcc2e92fc24546b6c0bf517cc5cd03,SPY,buy,market,fill,1,gtc,0.0,1,stock,549.4400024414062,1.0,0.0
2024-06-20 12:30:00-04:00,MyStrategy,f10ff517722149768518a55e11a9ee49,SPY,buy,market,new,1,gtc,0.0,1,stock,,,
2024-06-20 12:30:00-04:00,MyStrategy,f10ff517722149768518a55e11a9ee49,SPY,buy,market,fill,1,gtc,0.0,1,stock,549.4400024414062,1.0,0.0
2024-06-20 15:30:00-04:00,MyStrategy,90cf3746b5dd47f0a58f2525db677d8b,SPY,buy,market,new,1,gtc,0.0,1,stock,,,
2024-06-20 15:30:00-04:00,MyStrategy,90cf3746b5dd47f0a58f2525db677d8b,SPY,buy,market,fill,1,gtc,0.0,1,stock,549.4400024414062,1.0,0.0
2024-06-21 09:30:00-04:00,MyStrategy,d34508ad726f42739a8aa4378d23486d,SPY,buy,market,new,1,gtc,0.0,1,stock,,,
2024-06-21 09:30:00-04:00,MyStrategy,d34508ad726f42739a8aa4378d23486d,SPY,buy,market,fill,1,gtc,0.0,1,stock,544.4000244140625,1.0,0.0
2024-06-21 12:30:00-04:00,MyStrategy,589bf2a24cf34e08aaff5f4a6f629933,SPY,buy,market,new,1,gtc,0.0,1,stock,,,
2024-06-21 12:30:00-04:00,MyStrategy,589bf2a24cf34e08aaff5f4a6f629933,SPY,buy,market,fill,1,gtc,0.0,1,stock,544.4000244140625,1.0,0.0
2024-06-21 15:30:00-04:00,MyStrategy,a3cee9f6c4e947b0a609324c12ff2a3f,SPY,buy,market,new,1,gtc,0.0,1,stock,,,
2024-06-21 15:30:00-04:00,MyStrategy,a3cee9f6c4e947b0a609324c12ff2a3f,SPY,buy,market,fill,1,gtc,0.0,1,stock,544.4000244140625,1.0,0.0
2024-06-24 09:30:00-04:00,MyStrategy,fe0a348f9f6645fb9ec1d961dabd6d8f,SPY,buy,market,new,1,gtc,0.0,1,stock,,,
2024-06-24 09:30:00-04:00,MyStrategy,fe0a348f9f6645fb9ec1d961dabd6d8f,SPY,buy,market,fill,1,gtc,0.0,1,stock,544.3300170898438,1.0,0.0
2024-06-24 12:30:00-04:00,MyStrategy,d5d19a19867548a69d8575bd694ec15e,SPY,buy,market,new,1,gtc,0.0,1,stock,,,
2024-06-24 12:30:00-04:00,MyStrategy,d5d19a19867548a69d8575bd694ec15e,SPY,buy,market,fill,1,gtc,0.0,1,stock,544.3300170898438,1.0,0.0
2024-06-24 15:30:00-04:00,MyStrategy,8ceeb67b6e1840658ad01a09dc015600,SPY,buy,market,new,1,gtc,0.0,1,stock,,,
2024-06-24 15:30:00-04:00,MyStrategy,8ceeb67b6e1840658ad01a09dc015600,SPY,buy,market,fill,1,gtc,0.0,1,stock,544.3300170898438,1.0,0.0
2024-06-25 09:30:00-04:00,MyStrategy,409aa02f1b9c44388a42eb6d8e082de5,SPY,buy,market,new,1,gtc,0.0,1,stock,,,
2024-06-25 09:30:00-04:00,MyStrategy,409aa02f1b9c44388a42eb6d8e082de5,SPY,buy,market,fill,1,gtc,0.0,1,stock,543.989990234375,1.0,0.0
2024-06-25 12:30:00-04:00,MyStrategy,8d530c96bc494df7a35af493d79cea5b,SPY,buy,market,new,1,gtc,0.0,1,stock,,,
2024-06-25 12:30:00-04:00,MyStrategy,8d530c96bc494df7a35af493d79cea5b,SPY,buy,market,fill,1,gtc,0.0,1,stock,543.989990234375,1.0,0.0
2024-06-25 15:30:00-04:00,MyStrategy,ba61b63ef27c4e92b03f7964a312e1af,SPY,buy,market,new,1,gtc,0.0,1,stock,,,
2024-06-25 15:30:00-04:00,MyStrategy,ba61b63ef27c4e92b03f7964a312e1af,SPY,buy,market,fill,1,gtc,0.0,1,stock,543.989990234375,1.0,0.0
2024-06-26 09:30:00-04:00,MyStrategy,518024d1fcf24e13810dc9eea367186e,SPY,buy,market,new,1,gtc,0.0,1,stock,,,
2024-06-26 09:30:00-04:00,MyStrategy,518024d1fcf24e13810dc9eea367186e,SPY,buy,market,fill,1,gtc,0.0,1,stock,543.6900024414062,1.0,0.0
2024-06-26 12:30:00-04:00,MyStrategy,451fee4b15a94fdd93e1355a262ff2ea,SPY,buy,market,new,1,gtc,0.0,1,stock,,,
2024-06-26 12:30:00-04:00,MyStrategy,451fee4b15a94fdd93e1355a262ff2ea,SPY,buy,market,fill,1,gtc,0.0,1,stock,543.6900024414062,1.0,0.0
2024-06-26 15:30:00-04:00,MyStrategy,569c6e364022452da5d01db875e3b9b8,SPY,buy,market,new,1,gtc,0.0,1,stock,,,
2024-06-26 15:30:00-04:00,MyStrategy,569c6e364022452da5d01db875e3b9b8,SPY,buy,market,fill,1,gtc,0.0,1,stock,543.6900024414062,1.0,0.0
2024-06-27 09:30:00-04:00,MyStrategy,8a2c27bc4d2f469b8ea9d695e4d219ef,SPY,buy,market,new,1,gtc,0.0,1,stock,,,
2024-06-27 09:30:00-04:00,MyStrategy,8a2c27bc4d2f469b8ea9d695e4d219ef,SPY,buy,market,fill,1,gtc,0.0,1,stock,545.3699951171875,1.0,0.0
2024-06-27 12:30:00-04:00,MyStrategy,a2ae4e41262c4723a985a4931255ea9c,SPY,buy,market,new,1,gtc,0.0,1,stock,,,
2024-06-27 12:30:00-04:00,MyStrategy,a2ae4e41262c4723a985a4931255ea9c,SPY,buy,market,fill,1,gtc,0.0,1,stock,545.3699951171875,1.0,0.0
2024-06-27 15:30:00-04:00,MyStrategy,1611fdec8e4443f884a426e36e524faf,SPY,buy,market,new,1,gtc,0.0,1,stock,,,
2024-06-27 15:30:00-04:00,MyStrategy,1611fdec8e4443f884a426e36e524faf,SPY,buy,market,fill,1,gtc,0.0,1,stock,545.3699951171875,1.0,0.0
2024-06-28 09:30:00-04:00,MyStrategy,bb3b3a9ac1a84ce88cf4d2b5e9fb9a06,SPY,buy,market,new,1,gtc,0.0,1,stock,,,
2024-06-28 09:30:00-04:00,MyStrategy,bb3b3a9ac1a84ce88cf4d2b5e9fb9a06,SPY,buy,market,fill,1,gtc,0.0,1,stock,547.1599731445312,1.0,0.0
2024-06-28 12:30:00-04:00,MyStrategy,bc4d1ba4fd9847c6b2a585476fc3b925,SPY,buy,market,new,1,gtc,0.0,1,stock,,,
2024-06-28 12:30:00-04:00,MyStrategy,bc4d1ba4fd9847c6b2a585476fc3b925,SPY,buy,market,fill,1,gtc,0.0,1,stock,547.1599731445312,1.0,0.0
2024-06-28 15:30:00-04:00,MyStrategy,a9ce8383f97d4ebc9fefc72959c64553,SPY,buy,market,new,1,gtc,0.0,1,stock,,,
2024-06-28 15:30:00-04:00,MyStrategy,a9ce8383f97d4ebc9fefc72959c64553,SPY,buy,market,fill,1,gtc,0.0,1,stock,547.1599731445312,1.0,0.0
2024-07-01 09:30:00-04:00,MyStrategy,ed34d954747749669a3ffd0c5b97c475,SPY,buy,market,new,1,gtc,0.0,1,stock,,,
2024-07-01 09:30:00-04:00,MyStrategy,ed34d954747749669a3ffd0c5b97c475,SPY,buy,market,fill,1,gtc,0.0,1,stock,545.6300048828125,1.0,0.0
2024-07-01 12:30:00-04:00,MyStrategy,3ed9301689c340188b40701a1f4fd9bc,SPY,buy,market,new,1,gtc,0.0,1,stock,,,
2024-07-01 12:30:00-04:00,MyStrategy,3ed9301689c340188b40701a1f4fd9bc,SPY,buy,market,fill,1,gtc,0.0,1,stock,545.6300048828125,1.0,0.0
2024-07-01 15:30:00-04:00,MyStrategy,5404e7bb5e98437b88944144741b2d6f,SPY,buy,market,new,1,gtc,0.0,1,stock,,,
2024-07-01 15:30:00-04:00,MyStrategy,5404e7bb5e98437b88944144741b2d6f,SPY,buy,market,fill,1,gtc,0.0,1,stock,545.6300048828125,1.0,0.0
2024-07-02 09:30:00-04:00,MyStrategy,df7e7dec2c464aa1a7897eaf21ca729a,SPY,buy,market,new,1,gtc,0.0,1,stock,,,
2024-07-02 09:30:00-04:00,MyStrategy,df7e7dec2c464aa1a7897eaf21ca729a,SPY,buy,market,fill,1,gtc,0.0,1,stock,543.7000122070312,1.0,0.0
2024-07-02 12:30:00-04:00,MyStrategy,5012bfb18bcb40f0928a0e71408e98e4,SPY,buy,market,new,1,gtc,0.0,1,stock,,,
2024-07-02 12:30:00-04:00,MyStrategy,5012bfb18bcb40f0928a0e71408e98e4,SPY,buy,market,fill,1,gtc,0.0,1,stock,543.7000122070312,1.0,0.0
2024-07-02 15:30:00-04:00,MyStrategy,88f053e5328d423cb1a3ceb432b8d124,SPY,buy,market,new,1,gtc,0.0,1,stock,,,
2024-07-02 15:30:00-04:00,MyStrategy,88f053e5328d423cb1a3ceb432b8d124,SPY,buy,market,fill,1,gtc,0.0,1,stock,543.7000122070312,1.0,0.0
2024-07-03 09:30:00-04:00,MyStrategy,31558961430e4f5eae3883832cdfed32,SPY,buy,market,new,1,gtc,0.0,1,stock,,,
2024-07-03 09:30:00-04:00,MyStrategy,31558961430e4f5eae3883832cdfed32,SPY,buy,market,fill,1,gtc,0.0,1,stock,548.6900024414062,1.0,0.0
2024-07-03 12:30:00-04:00,MyStrategy,19db1b907c4f4fb087289288b4d2721f,SPY,buy,market,new,1,gtc,0.0,1,stock,,,
2024-07-03 12:30:00-04:00,MyStrategy,19db1b907c4f4fb087289288b4d2721f,SPY,buy,market,fill,1,gtc,0.0,1,stock,548.6900024414062,1.0,0.0
2024-07-05 09:30:00-04:00,MyStrategy,8e1f922fcddb4b2082bc848e8b1e4c31,SPY,buy,market,new,1,gtc,0.0,1,stock,,,
2024-07-05 09:30:00-04:00,MyStrategy,8e1f922fcddb4b2082bc848e8b1e4c31,SPY,buy,market,fill,1,gtc,0.0,1,stock,551.77001953125,1.0,0.0
2024-07-05 12:30:00-04:00,MyStrategy,f092d0f387204555b7b603442760c0bc,SPY,buy,market,new,1,gtc,0.0,1,stock,,,
2024-07-05 12:30:00-04:00,MyStrategy,f092d0f387204555b7b603442760c0bc,SPY,buy,market,fill,1,gtc,0.0,1,stock,551.77001953125,1.0,0.0
2024-07-05 15:30:00-04:00,MyStrategy,299c267265e74e6d9648c35c89012037,SPY,buy,market,new,1,gtc,0.0,1,stock,,,
2024-07-05 15:30:00-04:00,MyStrategy,299c267265e74e6d9648c35c89012037,SPY,buy,market,fill,1,gtc,0.0,1,stock,551.77001953125,1.0,0.0
2024-07-08 09:30:00-04:00,MyStrategy,781c4a91ab6845c2b3b58c6026c2400e,SPY,buy,market,new,1,gtc,0.0,1,stock,,,
2024-07-08 09:30:00-04:00,MyStrategy,781c4a91ab6845c2b3b58c6026c2400e,SPY,buy,market,fill,1,gtc,0.0,1,stock,555.4400024414062,1.0,0.0
2024-07-08 12:30:00-04:00,MyStrategy,6b4b600b1ece4945a45aa1c3a94b4548,SPY,buy,market,new,1,gtc,0.0,1,stock,,,
2024-07-08 12:30:00-04:00,MyStrategy,6b4b600b1ece4945a45aa1c3a94b4548,SPY,buy,market,fill,1,gtc,0.0,1,stock,555.4400024414062,1.0,0.0
2024-07-08 15:30:00-04:00,MyStrategy,a7182047716c40f8aaf9dabace27de28,SPY,buy,market,new,1,gtc,0.0,1,stock,,,
2024-07-08 15:30:00-04:00,MyStrategy,a7182047716c40f8aaf9dabace27de28,SPY,buy,market,fill,1,gtc,0.0,1,stock,555.4400024414062,1.0,0.0
2024-07-09 09:30:00-04:00,MyStrategy,c03d982d7c2b4681aa3cea58a6e04afe,SPY,buy,market,new,1,gtc,0.0,1,stock,,,
2024-07-09 09:30:00-04:00,MyStrategy,c03d982d7c2b4681aa3cea58a6e04afe,SPY,buy,market,fill,1,gtc,0.0,1,stock,556.260009765625,1.0,0.0
2024-07-09 12:30:00-04:00,MyStrategy,eca9d569bfe04726868f22cd7488cc58,SPY,buy,market,new,1,gtc,0.0,1,stock,,,
2024-07-09 12:30:00-04:00,MyStrategy,eca9d569bfe04726868f22cd7488cc58,SPY,buy,market,fill,1,gtc,0.0,1,stock,556.260009765625,1.0,0.0
2024-07-09 15:30:00-04:00,MyStrategy,2bf66fa798ac49bd9467fbfc3977b02f,SPY,buy,market,new,1,gtc,0.0,1,stock,,,
2024-07-09 15:30:00-04:00,MyStrategy,2bf66fa798ac49bd9467fbfc3977b02f,SPY,buy,market,fill,1,gtc,0.0,1,stock,556.260009765625,1.0,0.0
2024-07-10 09:30:00-04:00,MyStrategy,85c74ed6e7ac48c585a6dc8f8efc9195,SPY,buy,market,new,1,gtc,0.0,1,stock,,,
2024-07-10 09:30:00-04:00,MyStrategy,85c74ed6e7ac48c585a6dc8f8efc9195,SPY,buy,market,fill,1,gtc,0.0,1,stock,557.0700073242188,1.0,0.0
2024-07-10 12:30:00-04:00,MyStrategy,72ee62c47a7d4ea18033bb0da2dbfc48,SPY,buy,market,new,1,gtc,0.0,1,stock,,,
2024-07-10 12:30:00-04:00,MyStrategy,72ee62c47a7d4ea18033bb0da2dbfc48,SPY,buy,market,fill,1,gtc,0.0,1,stock,557.0700073242188,1.0,0.0
2024-07-10 15:30:00-04:00,MyStrategy,2cdd032a3f5145f98363cce9f8dd0de8,SPY,buy,market,new,1,gtc,0.0,1,stock,,,
2024-07-10 15:30:00-04:00,MyStrategy,2cdd032a3f5145f98363cce9f8dd0de8,SPY,buy,market,fill,1,gtc,0.0,1,stock,557.0700073242188,1.0,0.0
2024-07-11 09:30:00-04:00,MyStrategy,241a355ed3cd4f458cf696f93493d307,SPY,buy,market,new,1,gtc,0.0,1,stock,,,
2024-07-11 09:30:00-04:00,MyStrategy,241a355ed3cd4f458cf696f93493d307,SPY,buy,market,fill,1,gtc,0.0,1,stock,561.4400024414062,1.0,0.0
2024-07-11 12:30:00-04:00,MyStrategy,48057d6e518148948594e01db36d7df9,SPY,buy,market,new,1,gtc,0.0,1,stock,,,
2024-07-11 12:30:00-04:00,MyStrategy,48057d6e518148948594e01db36d7df9,SPY,buy,market,fill,1,gtc,0.0,1,stock,561.4400024414062,1.0,0.0
2024-07-11 15:30:00-04:00,MyStrategy,2c635671d31b4bed8e6cffab6461649a,SPY,buy,market,new,1,gtc,0.0,1,stock,,,
2024-07-11 15:30:00-04:00,MyStrategy,2c635671d31b4bed8e6cffab6461649a,SPY,buy,market,fill,1,gtc,0.0,1,stock,561.4400024414062,1.0,0.0
2024-07-12 09:30:00-04:00,MyStrategy,b75c4190c5a24ab484cce6b993a5cb6f,SPY,buy,market,new,1,gtc,0.0,1,stock,,,
2024-07-12 09:30:00-04:00,MyStrategy,b75c4190c5a24ab484cce6b993a5cb6f,SPY,buy,market,fill,1,gtc,0.0,1,stock,557.6300048828125,1.0,0.0
2024-07-12 12:30:00-04:00,MyStrategy,90d3ee35647f4dc798d2ebddc87ba1be,SPY,buy,market,new,1,gtc,0.0,1,stock,,,
2024-07-12 12:30:00-04:00,MyStrategy,90d3ee35647f4dc798d2ebddc87ba1be,SPY,buy,market,fill,1,gtc,0.0,1,stock,557.6300048828125,1.0,0.0
2024-07-12 15:30:00-04:00,MyStrategy,f2d43df2e24d4406a303941752160ef1,SPY,buy,market,new,1,gtc,0.0,1,stock,,,
2024-07-12 15:30:00-04:00,MyStrategy,f2d43df2e24d4406a303941752160ef1,SPY,buy,market,fill,1,gtc,0.0,1,stock,557.6300048828125,1.0,0.0
2024-07-15 09:30:00-04:00,MyStrategy,b8f0c0fb1eed4ef3be843ea61104e95b,SPY,buy,market,new,1,gtc,0.0,1,stock,,,
2024-07-15 09:30:00-04:00,MyStrategy,b8f0c0fb1eed4ef3be843ea61104e95b,SPY,buy,market,fill,1,gtc,0.0,1,stock,562.030029296875,1.0,0.0
2024-07-15 12:30:00-04:00,MyStrategy,630d5d108908480d8d62201ee0b9c440,SPY,buy,market,new,1,gtc,0.0,1,stock,,,
2024-07-15 12:30:00-04:00,MyStrategy,630d5d108908480d8d62201ee0b9c440,SPY,buy,market,fill,1,gtc,0.0,1,stock,562.030029296875,1.0,0.0
2024-07-15 15:30:00-04:00,MyStrategy,4586f4200abd4036b0b0c3fe578998d6,SPY,buy,market,new,1,gtc,0.0,1,stock,,,
2024-07-15 15:30:00-04:00,MyStrategy,4586f4200abd4036b0b0c3fe578998d6,SPY,buy,market,fill,1,gtc,0.0,1,stock,562.030029296875,1.0,0.0
2024-07-16 09:30:00-04:00,MyStrategy,6ec9100028334a52bae835e9283a97b3,SPY,buy,market,new,1,gtc,0.0,1,stock,,,
2024-07-16 09:30:00-04:00,MyStrategy,6ec9100028334a52bae835e9283a97b3,SPY,buy,market,fill,1,gtc,0.0,1,stock,562.8699951171875,1.0,0.0
2024-07-16 12:30:00-04:00,MyStrategy,713cf98e9c2d452cb51c8ba5c55c1d7d,SPY,buy,market,new,1,gtc,0.0,1,stock,,,
2024-07-16 12:30:00-04:00,MyStrategy,713cf98e9c2d452cb51c8ba5c55c1d7d,SPY,buy,market,fill,1,gtc,0.0,1,stock,562.8699951171875,1.0,0.0
2024-07-16 15:30:00-04:00,MyStrategy,adb0b180b6714a2dad07a4dc463a5b3a,SPY,buy,market,new,1,gtc,0.0,1,stock,,,
2024-07-16 15:30:00-04:00,MyStrategy,adb0b180b6714a2dad07a4dc463a5b3a,SPY,buy,market,fill,1,gtc,0.0,1,stock,562.8699951171875,1.0,0.0
2024-07-17 09:30:00-04:00,MyStrategy,35b551312d3a4a53865a07fff0c5e77a,SPY,buy,market,new,1,gtc,0.0,1,stock,,,
2024-07-17 09:30:00-04:00,MyStrategy,35b551312d3a4a53865a07fff0c5e77a,SPY,buy,market,fill,1,gtc,0.0,1,stock,558.7999877929688,1.0,0.0
2024-07-17 12:30:00-04:00,MyStrategy,1ee1a36102df4ef18af072be1b8a6329,SPY,buy,market,new,1,gtc,0.0,1,stock,,,
2024-07-17 12:30:00-04:00,MyStrategy,1ee1a36102df4ef18af072be1b8a6329,SPY,buy,market,fill,1,gtc,0.0,1,stock,558.7999877929688,1.0,0.0
2024-07-17 15:30:00-04:00,MyStrategy,41d9477b0d524db4a9735b2685af9345,SPY,buy,market,new,1,gtc,0.0,1,stock,,,
2024-07-17 15:30:00-04:00,MyStrategy,41d9477b0d524db4a9735b2685af9345,SPY,buy,market,fill,1,gtc,0.0,1,stock,558.7999877929688,1.0,0.0
2024-07-18 09:30:00-04:00,MyStrategy,a80f059cbb39486dbecbc3a27ae1a90e,SPY,buy,market,new,1,gtc,0.0,1,stock,,,
2024-07-18 09:30:00-04:00,MyStrategy,a80f059cbb39486dbecbc3a27ae1a90e,SPY,buy,market,fill,1,gtc,0.0,1,stock,558.510009765625,1.0,0.0
2024-07-18 12:30:00-04:00,MyStrategy,325517741b754479a38f6b6925a71c5f,SPY,buy,market,new,1,gtc,0.0,1,stock,,,
2024-07-18 12:30:00-04:00,MyStrategy,325517741b754479a38f6b6925a71c5f,SPY,buy,market,fill,1,gtc,0.0,1,stock,558.510009765625,1.0,0.0
2024-07-18 15:30:00-04:00,MyStrategy,e2f5144485ce4aeeba4c6282cb156a1b,SPY,buy,market,new,1,gtc,0.0,1,stock,,,
2024-07-18 15:30:00-04:00,MyStrategy,e2f5144485ce4aeeba4c6282cb156a1b,SPY,buy,market,fill,1,gtc,0.0,1,stock,558.510009765625,1.0,0.0
2024-07-19 09:30:00-04:00,MyStrategy,5be03935d7bb48719272f10642d3e343,SPY,buy,market,new,1,gtc,0.0,1,stock,,,
2024-07-19 09:30:00-04:00,MyStrategy,5be03935d7bb48719272f10642d3e343,SPY,buy,market,fill,1,gtc,0.0,1,stock,552.4199829101562,1.0,0.0
2024-07-19 12:30:00-04:00,MyStrategy,3961a4a33dd54736a2972ba012850826,SPY,buy,market,new,1,gtc,0.0,1,stock,,,
2024-07-19 12:30:00-04:00,MyStrategy,3961a4a33dd54736a2972ba012850826,SPY,buy,market,fill,1,gtc,0.0,1,stock,552.4199829101562,1.0,0.0
2024-07-19 15:30:00-04:00,MyStrategy,f32662b547fd4952a6b57ec77632c8e1,SPY,buy,market,new,1,gtc,0.0,1,stock,,,
2024-07-19 15:30:00-04:00,MyStrategy,f32662b547fd4952a6b57ec77632c8e1,SPY,buy,market,fill,1,gtc,0.0,1,stock,552.4199829101562,1.0,0.0
2024-07-22 09:30:00-04:00,MyStrategy,21d84900592e4008ae30d3a7fde3d19a,SPY,buy,market,new,1,gtc,0.0,1,stock,,,
2024-07-22 09:30:00-04:00,MyStrategy,21d84900592e4008ae30d3a7fde3d19a,SPY,buy,market,fill,1,gtc,0.0,1,stock,553.0,1.0,0.0
2024-07-22 12:30:00-04:00,MyStrategy,e6bd77767b6d4f7ea48ab1d750405e06,SPY,buy,market,new,1,gtc,0.0,1,stock,,,
2024-07-22 12:30:00-04:00,MyStrategy,e6bd77767b6d4f7ea48ab1d750405e06,SPY,buy,market,fill,1,gtc,0.0,1,stock,553.0,1.0,0.0
2024-07-22 15:30:00-04:00,MyStrategy,8cef6b16ecb44163a4e2975fb4d8a4e7,SPY,buy,market,new,1,gtc,0.0,1,stock,,,
2024-07-22 15:30:00-04:00,MyStrategy,8cef6b16ecb44163a4e2975fb4d8a4e7,SPY,buy,market,fill,1,gtc,0.0,1,stock,553.0,1.0,0.0
2024-07-23 09:30:00-04:00,MyStrategy,6746c9611ffb42a89e6ba040fd2169d2,SPY,buy,market,new,1,gtc,0.0,1,stock,,,
2024-07-23 09:30:00-04:00,MyStrategy,6746c9611ffb42a89e6ba040fd2169d2,SPY,buy,market,fill,1,gtc,0.0,1,stock,554.5399780273438,1.0,0.0
2024-07-23 12:30:00-04:00,MyStrategy,04935c4e27394caba872a527dffbf8b4,SPY,buy,market,new,1,gtc,0.0,1,stock,,,
2024-07-23 12:30:00-04:00,MyStrategy,04935c4e27394caba872a527dffbf8b4,SPY,buy,market,fill,1,gtc,0.0,1,stock,554.5399780273438,1.0,0.0
2024-07-23 15:30:00-04:00,MyStrategy,7ff7b5e0402d4e55b1b5a7618bd598fc,SPY,buy,market,new,1,gtc,0.0,1,stock,,,
2024-07-23 15:30:00-04:00,MyStrategy,7ff7b5e0402d4e55b1b5a7618bd598fc,SPY,buy,market,fill,1,gtc,0.0,1,stock,554.5399780273438,1.0,0.0
2024-07-24 09:30:00-04:00,MyStrategy,56cc4f48d0cd4177adaa2f6f3da71029,SPY,buy,market,new,1,gtc,0.0,1,stock,,,
2024-07-24 09:30:00-04:00,MyStrategy,56cc4f48d0cd4177adaa2f6f3da71029,SPY,buy,market,fill,1,gtc,0.0,1,stock,548.8599853515625,1.0,0.0
2024-07-24 12:30:00-04:00,MyStrategy,8050df2d7ede40b3b01599a60595aa1e,SPY,buy,market,new,1,gtc,0.0,1,stock,,,
2024-07-24 12:30:00-04:00,MyStrategy,8050df2d7ede40b3b01599a60595aa1e,SPY,buy,market,fill,1,gtc,0.0,1,stock,548.8599853515625,1.0,0.0
2024-07-24 15:30:00-04:00,MyStrategy,a9e90c2e2f4542a9bbaa7bf536b50cba,SPY,buy,market,new,1,gtc,0.0,1,stock,,,
2024-07-24 15:30:00-04:00,MyStrategy,a9e90c2e2f4542a9bbaa7bf536b50cba,SPY,buy,market,fill,1,gtc,0.0,1,stock,548.8599853515625,1.0,0.0
2024-07-25 09:30:00-04:00,MyStrategy,b92ac6e1c2654738ac9a5aa7b24ca6c3,SPY,buy,market,new,1,gtc,0.0,1,stock,,,
2024-07-25 09:30:00-04:00,MyStrategy,b92ac6e1c2654738ac9a5aa7b24ca6c3,SPY,buy,market,fill,1,gtc,0.0,1,stock,541.3499755859375,1.0,0.0
2024-07-25 12:30:00-04:00,MyStrategy,6830591763614466b32d2d9af467bff0,SPY,buy,market,new,1,gtc,0.0,1,stock,,,
2024-07-25 12:30:00-04:00,MyStrategy,6830591763614466b32d2d9af467bff0,SPY,buy,market,fill,1,gtc,0.0,1,stock,541.3499755859375,1.0,0.0
2024-07-25 15:30:00-04:00,MyStrategy,c12990605d1048c4afa6425561a43831,SPY,buy,market,new,1,gtc,0.0,1,stock,,,
2024-07-25 15:30:00-04:00,MyStrategy,c12990605d1048c4afa6425561a43831,SPY,buy,market,fill,1,gtc,0.0,1,stock,541.3499755859375,1.0,0.0
2024-07-26 09:30:00-04:00,MyStrategy,681113470c8541d49e34e6270578d9e1,SPY,buy,market,new,1,gtc,0.0,1,stock,,,
2024-07-26 09:30:00-04:00,MyStrategy,681113470c8541d49e34e6270578d9e1,SPY,buy,market,fill,1,gtc,0.0,1,stock,542.280029296875,1.0,0.0
2024-07-26 12:30:00-04:00,MyStrategy,9907ceae2fa946a5a922f2f8971a7de5,SPY,buy,market,new,1,gtc,0.0,1,stock,,,
2024-07-26 12:30:00-04:00,MyStrategy,9907ceae2fa946a5a922f2f8971a7de5,SPY,buy,market,fill,1,gtc,0.0,1,stock,542.280029296875,1.0,0.0
2024-07-26 15:30:00-04:00,MyStrategy,9b0cf109113f4398a5f19d76a742e3cf,SPY,buy,market,new,1,gtc,0.0,1,stock,,,
2024-07-26 15:30:00-04:00,MyStrategy,9b0cf109113f4398a5f19d76a742e3cf,SPY,buy,market,fill,1,gtc,0.0,1,stock,542.280029296875,1.0,0.0
2024-07-29 09:30:00-04:00,MyStrategy,9ce5c6d93eb14604b93106140a8725c9,SPY,buy,market,new,1,gtc,0.0,1,stock,,,
2024-07-29 09:30:00-04:00,MyStrategy,9ce5c6d93eb14604b93106140a8725c9,SPY,buy,market,fill,1,gtc,0.0,1,stock,546.02001953125,1.0,0.0
2024-07-29 12:30:00-04:00,MyStrategy,72d8b24481aa42639ad17a730721855b,SPY,buy,market,new,1,gtc,0.0,1,stock,,,
2024-07-29 12:30:00-04:00,MyStrategy,72d8b24481aa42639ad17a730721855b,SPY,buy,market,fill,1,gtc,0.0,1,stock,546.02001953125,1.0,0.0
2024-07-29 15:30:00-04:00,MyStrategy,3fd13dfdca194550897d3ccdad0a32a4,SPY,buy,market,new,1,gtc,0.0,1,stock,,,
2024-07-29 15:30:00-04:00,MyStrategy,3fd13dfdca194550897d3ccdad0a32a4,SPY,buy,market,fill,1,gtc,0.0,1,stock,546.02001953125,1.0,0.0
2024-07-30 09:30:00-04:00,MyStrategy,6962841116da4fb5b73b000164f42970,SPY,buy,market,new,1,gtc,0.0,1,stock,,,
2024-07-30 09:30:00-04:00,MyStrategy,6962841116da4fb5b73b000164f42970,SPY,buy,market,fill,1,gtc,0.0,1,stock,546.260009765625,1.0,0.0
2024-07-30 12:30:00-04:00,MyStrategy,41c9429e9d5a4064b59a9024efb3e108,SPY,buy,market,new,1,gtc,0.0,1,stock,,,
2024-07-30 12:30:00-04:00,MyStrategy,41c9429e9d5a4064b59a9024efb3e108,SPY,buy,market,fill,1,gtc,0.0,1,stock,546.260009765625,1.0,0.0
2024-07-30 15:30:00-04:00,MyStrategy,6595529ec105479d9d18b223d808fe29,SPY,buy,market,new,1,gtc,0.0,1,stock,,,
2024-07-30 15:30:00-04:00,MyStrategy,6595529ec105479d9d18b223d808fe29,SPY,buy,market,fill,1,gtc,0.0,1,stock,546.260009765625,1.0,0.0
2024-07-31 09:30:00-04:00,MyStrategy,4af1b5c6d4534587b251ef92dbb07aec,SPY,buy,market,new,1,gtc,0.0,1,stock,,,
2024-07-31 09:30:00-04:00,MyStrategy,4af1b5c6d4534587b251ef92dbb07aec,SPY,buy,market,fill,1,gtc,0.0,1,stock,548.97998046875,1.0,0.0
2024-07-31 12:30:00-04:00,MyStrategy,20a7ae328eb8475e9897c14576efecb3,SPY,buy,market,new,1,gtc,0.0,1,stock,,,
2024-07-31 12:30:00-04:00,MyStrategy,20a7ae328eb8475e9897c14576efecb3,SPY,buy,market,fill,1,gtc,0.0,1,stock,548.97998046875,1.0,0.0
2024-07-31 15:30:00-04:00,MyStrategy,0cbeba467e034c7e9759ebacabe1693c,SPY,buy,market,new,1,gtc,0.0,1,stock,,,
2024-07-31 15:30:00-04:00,MyStrategy,0cbeba467e034c7e9759ebacabe1693c,SPY,buy,market,fill,1,gtc,0.0,1,stock,548.97998046875,1.0,0.0
2024-08-01 09:30:00-04:00,MyStrategy,16b30782541b471f9ab2a58e3ee16161,SPY,buy,market,new,1,gtc,0.0,1,stock,,,
2024-08-01 09:30:00-04:00,MyStrategy,16b30782541b471f9ab2a58e3ee16161,SPY,buy,market,fill,1,gtc,0.0,1,stock,552.5700073242188,1.0,0.0
2024-08-01 12:30:00-04:00,MyStrategy,eb75c5d7f7114e9b80a36f4753fb0fe2,SPY,buy,market,new,1,gtc,0.0,1,stock,,,
2024-08-01 12:30:00-04:00,MyStrategy,eb75c5d7f7114e9b80a36f4753fb0fe2,SPY,buy,market,fill,1,gtc,0.0,1,stock,552.5700073242188,1.0,0.0
2024-08-01 15:30:00-04:00,MyStrategy,6e46c5a9049343ccb0623fb3600aa705,SPY,buy,market,new,1,gtc,0.0,1,stock,,,
2024-08-01 15:30:00-04:00,MyStrategy,6e46c5a9049343ccb0623fb3600aa705,SPY,buy,market,fill,1,gtc,0.0,1,stock,552.5700073242188,1.0,0.0
2024-08-02 09:30:00-04:00,MyStrategy,0297675465d54b379a39fe1a78e2f285,SPY,buy,market,new,1,gtc,0.0,1,stock,,,
2024-08-02 09:30:00-04:00,MyStrategy,0297675465d54b379a39fe1a78e2f285,SPY,buy,market,fill,1,gtc,0.0,1,stock,535.75,1.0,0.0
2024-08-02 12:30:00-04:00,MyStrategy,be97208b00414daf83d500ff96049f37,SPY,buy,market,new,1,gtc,0.0,1,stock,,,
2024-08-02 12:30:00-04:00,MyStrategy,be97208b00414daf83d500ff96049f37,SPY,buy,market,fill,1,gtc,0.0,1,stock,535.75,1.0,0.0
2024-08-02 15:30:00-04:00,MyStrategy,70ea6015ca8b4967a5e67b60abf13b86,SPY,buy,market,new,1,gtc,0.0,1,stock,,,
2024-08-02 15:30:00-04:00,MyStrategy,70ea6015ca8b4967a5e67b60abf13b86,SPY,buy,market,fill,1,gtc,0.0,1,stock,535.75,1.0,0.0
2024-08-05 09:30:00-04:00,MyStrategy,6abcb217caa94ddfa19e6c24aa6533b7,SPY,buy,market,new,1,gtc,0.0,1,stock,,,
2024-08-05 09:30:00-04:00,MyStrategy,6abcb217caa94ddfa19e6c24aa6533b7,SPY,buy,market,fill,1,gtc,0.0,1,stock,511.6400146484375,1.0,0.0
2024-08-05 12:30:00-04:00,MyStrategy,8c480dab1bd7404e82ef20133944e659,SPY,buy,market,new,1,gtc,0.0,1,stock,,,
2024-08-05 12:30:00-04:00,MyStrategy,8c480dab1bd7404e82ef20133944e659,SPY,buy,market,fill,1,gtc,0.0,1,stock,511.6400146484375,1.0,0.0
2024-08-05 15:30:00-04:00,MyStrategy,328490d7fbd24855b8e112005a918192,SPY,buy,market,new,1,gtc,0.0,1,stock,,,
2024-08-05 15:30:00-04:00,MyStrategy,328490d7fbd24855b8e112005a918192,SPY,buy,market,fill,1,gtc,0.0,1,stock,511.6400146484375,1.0,0.0
2024-08-06 09:30:00-04:00,MyStrategy,7947859564544bb9a121c7ef94fe50c3,SPY,buy,market,new,1,gtc,0.0,1,stock,,,
2024-08-06 09:30:00-04:00,MyStrategy,7947859564544bb9a121c7ef94fe50c3,SPY,buy,market,fill,1,gtc,0.0,1,stock,519.219970703125,1.0,0.0
2024-08-06 12:30:00-04:00,MyStrategy,c56b714e3a11457084b40c816758e2f6,SPY,buy,market,new,1,gtc,0.0,1,stock,,,
2024-08-06 12:30:00-04:00,MyStrategy,c56b714e3a11457084b40c816758e2f6,SPY,buy,market,fill,1,gtc,0.0,1,stock,519.219970703125,1.0,0.0
2024-08-06 15:30:00-04:00,MyStrategy,b108083cbad64364bddab4a781dfd17c,SPY,buy,market,new,1,gtc,0.0,1,stock,,,
2024-08-06 15:30:00-04:00,MyStrategy,b108083cbad64364bddab4a781dfd17c,SPY,buy,market,fill,1,gtc,0.0,1,stock,519.219970703125,1.0,0.0
2024-08-07 09:30:00-04:00,MyStrategy,3c60b1206c1a4ea2b8450ec6b90fec85,SPY,buy,market,new,1,gtc,0.0,1,stock,,,
2024-08-07 09:30:00-04:00,MyStrategy,3c60b1206c1a4ea2b8450ec6b90fec85,SPY,buy,market,fill,1,gtc,0.0,1,stock,528.469970703125,1.0,0.0
2024-08-07 12:30:00-04:00,MyStrategy,b4bf95cdae2e4e51bd9f39f853a3af93,SPY,buy,market,new,1,gtc,0.0,1,stock,,,
2024-08-07 12:30:00-04:00,MyStrategy,b4bf95cdae2e4e51bd9f39f853a3af93,SPY,buy,market,fill,1,gtc,0.0,1,stock,528.469970703125,1.0,0.0
2024-08-07 15:30:00-04:00,MyStrategy,4b48470d5e9149efb24427a578258698,SPY,buy,market,new,1,gtc,0.0,1,stock,,,
2024-08-07 15:30:00-04:00,MyStrategy,4b48470d5e9149efb24427a578258698,SPY,buy,market,fill,1,gtc,0.0,1,stock,528.469970703125,1.0,0.0
2024-08-08 09:30:00-04:00,MyStrategy,6f6442a7bdfd4c579b53a66e4dfed13e,SPY,buy,market,new,1,gtc,0.0,1,stock,,,
2024-08-08 09:30:00-04:00,MyStrategy,6f6442a7bdfd4c579b53a66e4dfed13e,SPY,buy,market,fill,1,gtc,0.0,1,stock,523.9099731445312,1.0,0.0
2024-08-08 12:30:00-04:00,MyStrategy,4c000ac322a34c6ca89d973ac0da3822,SPY,buy,market,new,1,gtc,0.0,1,stock,,,
2024-08-08 12:30:00-04:00,MyStrategy,4c000ac322a34c6ca89d973ac0da3822,SPY,buy,market,fill,1,gtc,0.0,1,stock,523.9099731445312,1.0,0.0
2024-08-08 15:30:00-04:00,MyStrategy,6c684c53d57b4736a7c8c2b8a8c61b83,SPY,buy,market,new,1,gtc,0.0,1,stock,,,
2024-08-08 15:30:00-04:00,MyStrategy,6c684c53d57b4736a7c8c2b8a8c61b83,SPY,buy,market,fill,1,gtc,0.0,1,stock,523.9099731445312,1.0,0.0
2024-08-09 09:30:00-04:00,MyStrategy,b2109465ef1244a0ae2d80a71e6e1709,SPY,buy,market,new,1,gtc,0.0,1,stock,,,
2024-08-09 09:30:00-04:00,MyStrategy,b2109465ef1244a0ae2d80a71e6e1709,SPY,buy,market,fill,1,gtc,0.0,1,stock,529.8099975585938,1.0,0.0
2024-08-09 12:30:00-04:00,MyStrategy,94273ac801e54dfea1a29585d266d37a,SPY,buy,market,new,1,gtc,0.0,1,stock,,,
2024-08-09 12:30:00-04:00,MyStrategy,94273ac801e54dfea1a29585d266d37a,SPY,buy,market,fill,1,gtc,0.0,1,stock,529.8099975585938,1.0,0.0
2024-08-09 15:30:00-04:00,MyStrategy,42fa7786da6546b783e89584f916c8ef,SPY,buy,market,new,1,gtc,0.0,1,stock,,,
2024-08-09 15:30:00-04:00,MyStrategy,42fa7786da6546b783e89584f916c8ef,SPY,buy,market,fill,1,gtc,0.0,1,stock,529.8099975585938,1.0,0.0
2024-08-12 09:30:00-04:00,MyStrategy,76d24b3904084fb997be018e57e808b0,SPY,buy,market,new,1,gtc,0.0,1,stock,,,
2024-08-12 09:30:00-04:00,MyStrategy,76d24b3904084fb997be018e57e808b0,SPY,buy,market,fill,1,gtc,0.0,1,stock,534.2100219726562,1.0,0.0
2024-08-12 12:30:00-04:00,MyStrategy,08a4b1edacc145a581848d8b595cae7e,SPY,buy,market,new,1,gtc,0.0,1,stock,,,
2024-08-12 12:30:00-04:00,MyStrategy,08a4b1edacc145a581848d8b595cae7e,SPY,buy,market,fill,1,gtc,0.0,1,stock,534.2100219726562,1.0,0.0
2024-08-12 15:30:00-04:00,MyStrategy,553342e55de44f1cb5a7b444cb090793,SPY,buy,market,new,1,gtc,0.0,1,stock,,,
2024-08-12 15:30:00-04:00,MyStrategy,553342e55de44f1cb5a7b444cb090793,SPY,buy,market,fill,1,gtc,0.0,1,stock,534.2100219726562,1.0,0.0
2024-08-13 09:30:00-04:00,MyStrategy,ec0025cc5c72456cb33dbcea45050884,SPY,buy,market,new,1,gtc,0.0,1,stock,,,
2024-08-13 09:30:00-04:00,MyStrategy,ec0025cc5c72456cb33dbcea45050884,SPY,buy,market,fill,1,gtc,0.0,1,stock,536.530029296875,1.0,0.0
2024-08-13 12:30:00-04:00,MyStrategy,56b429360da84653bccca4dd49fd9507,SPY,buy,market,new,1,gtc,0.0,1,stock,,,
2024-08-13 12:30:00-04:00,MyStrategy,56b429360da84653bccca4dd49fd9507,SPY,buy,market,fill,1,gtc,0.0,1,stock,536.530029296875,1.0,0.0
2024-08-13 15:30:00-04:00,MyStrategy,5db4ee61234d453183b49459bc1676e3,SPY,buy,market,new,1,gtc,0.0,1,stock,,,
2024-08-13 15:30:00-04:00,MyStrategy,5db4ee61234d453183b49459bc1676e3,SPY,buy,market,fill,1,gtc,0.0,1,stock,536.530029296875,1.0,0.0
2024-08-14 09:30:00-04:00,MyStrategy,97895d4a05e648cd8abd156aaea7a6eb,SPY,buy,market,new,1,gtc,0.0,1,stock,,,
2024-08-14 09:30:00-04:00,MyStrategy,97895d4a05e648cd8abd156aaea7a6eb,SPY,buy,market,fill,1,gtc,0.0,1,stock,542.8499755859375,1.0,0.0
2024-08-14 12:30:00-04:00,MyStrategy,cc5a8ebbf98e4ef5aab727016388ab72,SPY,buy,market,new,1,gtc,0.0,1,stock,,,
2024-08-14 12:30:00-04:00,MyStrategy,cc5a8ebbf98e4ef5aab727016388ab72,SPY,buy,market,fill,1,gtc,0.0,1,stock,542.8499755859375,1.0,0.0
2024-08-14 15:30:00-04:00,MyStrategy,180fb0703708453a9e108166617377fa,SPY,buy,market,new,1,gtc,0.0,1,stock,,,
2024-08-14 15:30:00-04:00,MyStrategy,180fb0703708453a9e108166617377fa,SPY,buy,market,fill,1,gtc,0.0,1,stock,542.8499755859375,1.0,0.0
2024-08-15 09:30:00-04:00,MyStrategy,d85e2510e8394649b8950b0faa927a02,SPY,buy,market,new,1,gtc,0.0,1,stock,,,
2024-08-15 09:30:00-04:00,MyStrategy,d85e2510e8394649b8950b0faa927a02,SPY,buy,market,fill,1,gtc,0.0,1,stock,549.5,1.0,0.0
2024-08-15 12:30:00-04:00,MyStrategy,274224378f7b4bdbaa5adfce3012bb7c,SPY,buy,market,new,1,gtc,0.0,1,stock,,,
2024-08-15 12:30:00-04:00,MyStrategy,274224378f7b4bdbaa5adfce3012bb7c,SPY,buy,market,fill,1,gtc,0.0,1,stock,549.5,1.0,0.0
2024-08-15 15:30:00-04:00,MyStrategy,b5f5038b548b414ca6e78fe4dd7361ee,SPY,buy,market,new,1,gtc,0.0,1,stock,,,
2024-08-15 15:30:00-04:00,MyStrategy,b5f5038b548b414ca6e78fe4dd7361ee,SPY,buy,market,fill,1,gtc,0.0,1,stock,549.5,1.0,0.0
2024-08-16 09:30:00-04:00,MyStrategy,889dd4a50a8e4a71b084dd35117db67d,SPY,buy,market,new,1,gtc,0.0,1,stock,,,
2024-08-16 09:30:00-04:00,MyStrategy,889dd4a50a8e4a71b084dd35117db67d,SPY,buy,market,fill,1,gtc,0.0,1,stock,551.4199829101562,1.0,0.0
2024-08-16 12:30:00-04:00,MyStrategy,659c30c4d3344f269bac91b16a0fa25e,SPY,buy,market,new,1,gtc,0.0,1,stock,,,
2024-08-16 12:30:00-04:00,MyStrategy,659c30c4d3344f269bac91b16a0fa25e,SPY,buy,market,fill,1,gtc,0.0,1,stock,551.4199829101562,1.0,0.0
2024-08-16 15:30:00-04:00,MyStrategy,009d031e9c384635ba0627112f5fb672,SPY,buy,market,new,1,gtc,0.0,1,stock,,,
2024-08-16 15:30:00-04:00,MyStrategy,009d031e9c384635ba0627112f5fb672,SPY,buy,market,fill,1,gtc,0.0,1,stock,551.4199829101562,1.0,0.0
2024-08-19 09:30:00-04:00,MyStrategy,a763912285cb4cc9b33401d38afde14e,SPY,buy,market,new,1,gtc,0.0,1,stock,,,
2024-08-19 09:30:00-04:00,MyStrategy,a763912285cb4cc9b33401d38afde14e,SPY,buy,market,fill,1,gtc,0.0,1,stock,554.72998046875,1.0,0.0
2024-08-19 12:30:00-04:00,MyStrategy,28dba6e35d3a4bc4846cf515a775d9bc,SPY,buy,market,new,1,gtc,0.0,1,stock,,,
2024-08-19 12:30:00-04:00,MyStrategy,28dba6e35d3a4bc4846cf515a775d9bc,SPY,buy,market,fill,1,gtc,0.0,1,stock,554.72998046875,1.0,0.0
2024-08-19 15:30:00-04:00,MyStrategy,fd30d679bf5940c9899b83b7590eccef,SPY,buy,market,new,1,gtc,0.0,1,stock,,,
2024-08-19 15:30:00-04:00,MyStrategy,fd30d679bf5940c9899b83b7590eccef,SPY,buy,market,fill,1,gtc,0.0,1,stock,554.72998046875,1.0,0.0
2024-08-20 09:30:00-04:00,MyStrategy,bc2908b51ea345f69714daf8cd6fbadd,SPY,buy,market,new,1,gtc,0.0,1,stock,,,
2024-08-20 09:30:00-04:00,MyStrategy,bc2908b51ea345f69714daf8cd6fbadd,SPY,buy,market,fill,1,gtc,0.0,1,stock,559.1500244140625,1.0,0.0
2024-08-20 12:30:00-04:00,MyStrategy,d2a94b16676349bcbb0e2052f2444da8,SPY,buy,market,new,1,gtc,0.0,1,stock,,,
2024-08-20 12:30:00-04:00,MyStrategy,d2a94b16676349bcbb0e2052f2444da8,SPY,buy,market,fill,1,gtc,0.0,1,stock,559.1500244140625,1.0,0.0
2024-08-20 15:30:00-04:00,MyStrategy,8716a99068874c5abe61c4d7e6b3e204,SPY,buy,market,new,1,gtc,0.0,1,stock,,,
2024-08-20 15:30:00-04:00,MyStrategy,8716a99068874c5abe61c4d7e6b3e204,SPY,buy,market,fill,1,gtc,0.0,1,stock,559.1500244140625,1.0,0.0
2024-08-21 09:30:00-04:00,MyStrategy,cf48dfe977b24c54a155b8160facbb11,SPY,buy,market,new,1,gtc,0.0,1,stock,,,
2024-08-21 09:30:00-04:00,MyStrategy,cf48dfe977b24c54a155b8160facbb11,SPY,buy,market,fill,1,gtc,0.0,1,stock,559.77001953125,1.0,0.0
2024-08-21 12:30:00-04:00,MyStrategy,80e608ad95dd402eaaabbb20565ab41d,SPY,buy,market,new,1,gtc,0.0,1,stock,,,
2024-08-21 12:30:00-04:00,MyStrategy,80e608ad95dd402eaaabbb20565ab41d,SPY,buy,market,fill,1,gtc,0.0,1,stock,559.77001953125,1.0,0.0
2024-08-21 15:30:00-04:00,MyStrategy,f207f75358a94fa789af2c0bf82bf45d,SPY,buy,market,new,1,gtc,0.0,1,stock,,,
2024-08-21 15:30:00-04:00,MyStrategy,f207f75358a94fa789af2c0bf82bf45d,SPY,buy,market,fill,1,gtc,0.0,1,stock,559.77001953125,1.0,0.0
2024-08-22 09:30:00-04:00,MyStrategy,854c4a1b045249a9aa785fde87ce25c9,SPY,buy,market,new,1,gtc,0.0,1,stock,,,
2024-08-22 09:30:00-04:00,MyStrategy,854c4a1b045249a9aa785fde87ce25c9,SPY,buy,market,fill,1,gtc,0.0,1,stock,562.5599975585938,1.0,0.0
2024-08-22 12:30:00-04:00,MyStrategy,3a0d1c0339774f5cb7cbe8066e452c76,SPY,buy,market,new,1,gtc,0.0,1,stock,,,
2024-08-22 12:30:00-04:00,MyStrategy,3a0d1c0339774f5cb7cbe8066e452c76,SPY,buy,market,fill,1,gtc,0.0,1,stock,562.5599975585938,1.0,0.0
2024-08-22 15:30:00-04:00,MyStrategy,214ea11c1e28468db1eeeda27436e281,SPY,buy,market,new,1,gtc,0.0,1,stock,,,
2024-08-22 15:30:00-04:00,MyStrategy,214ea11c1e28468db1eeeda27436e281,SPY,buy,market,fill,1,gtc,0.0,1,stock,562.5599975585938,1.0,0.0
2024-08-23 09:30:00-04:00,MyStrategy,3a02a401ab524d2a93c7ef2d2f25fb84,SPY,buy,market,new,1,gtc,0.0,1,stock,,,
2024-08-23 09:30:00-04:00,MyStrategy,3a02a401ab524d2a93c7ef2d2f25fb84,SPY,buy,market,fill,1,gtc,0.0,1,stock,559.530029296875,1.0,0.0
2024-08-23 12:30:00-04:00,MyStrategy,e2118002b0464f5ca2bee086e2ff0414,SPY,buy,market,new,1,gtc,0.0,1,stock,,,
2024-08-23 12:30:00-04:00,MyStrategy,e2118002b0464f5ca2bee086e2ff0414,SPY,buy,market,fill,1,gtc,0.0,1,stock,559.530029296875,1.0,0.0
2024-08-23 15:30:00-04:00,MyStrategy,ea106f8372ef439db626ed108effdcb5,SPY,buy,market,new,1,gtc,0.0,1,stock,,,
2024-08-23 15:30:00-04:00,MyStrategy,ea106f8372ef439db626ed108effdcb5,SPY,buy,market,fill,1,gtc,0.0,1,stock,559.530029296875,1.0,0.0
2024-08-26 09:30:00-04:00,MyStrategy,cee6cea1fc3d4d79a3ac4211f74cefbf,SPY,buy,market,new,1,gtc,0.0,1,stock,,,
2024-08-26 09:30:00-04:00,MyStrategy,cee6cea1fc3d4d79a3ac4211f74cefbf,SPY,buy,market,fill,1,gtc,0.0,1,stock,563.1799926757812,1.0,0.0
2024-08-26 12:30:00-04:00,MyStrategy,57c8fb903f88447ea72e8eef8d99cfdd,SPY,buy,market,new,1,gtc,0.0,1,stock,,,
2024-08-26 12:30:00-04:00,MyStrategy,57c8fb903f88447ea72e8eef8d99cfdd,SPY,buy,market,fill,1,gtc,0.0,1,stock,563.1799926757812,1.0,0.0
2024-08-26 15:30:00-04:00,MyStrategy,873ed31800de4dafbc9fbc14a333f5ed,SPY,buy,market,new,1,gtc,0.0,1,stock,,,
2024-08-26 15:30:00-04:00,MyStrategy,873ed31800de4dafbc9fbc14a333f5ed,SPY,buy,market,fill,1,gtc,0.0,1,stock,563.1799926757812,1.0,0.0
2024-08-27 09:30:00-04:00,MyStrategy,14f91eb76da744e9af9b53e87dd5a075,SPY,buy,market,new,1,gtc,0.0,1,stock,,,
2024-08-27 09:30:00-04:00,MyStrategy,14f91eb76da744e9af9b53e87dd5a075,SPY,buy,market,fill,1,gtc,0.0,1,stock,559.489990234375,1.0,0.0
2024-08-27 12:30:00-04:00,MyStrategy,0bd9d75e0c0c42339928e3a96be97d34,SPY,buy,market,new,1,gtc,0.0,1,stock,,,
2024-08-27 12:30:00-04:00,MyStrategy,0bd9d75e0c0c42339928e3a96be97d34,SPY,buy,market,fill,1,gtc,0.0,1,stock,559.489990234375,1.0,0.0
2024-08-27 15:30:00-04:00,MyStrategy,f83bff20f89443ef8d28dad721d53ee8,SPY,buy,market,new,1,gtc,0.0,1,stock,,,
2024-08-27 15:30:00-04:00,MyStrategy,f83bff20f89443ef8d28dad721d53ee8,SPY,buy,market,fill,1,gtc,0.0,1,stock,559.489990234375,1.0,0.0
2024-08-28 09:30:00-04:00,MyStrategy,bd20189f35f74b22a3aa4a1471d2b7ba,SPY,buy,market,new,1,gtc,0.0,1,stock,,,
2024-08-28 09:30:00-04:00,MyStrategy,bd20189f35f74b22a3aa4a1471d2b7ba,SPY,buy,market,fill,1,gtc,0.0,1,stock,561.2100219726562,1.0,0.0
2024-08-28 12:30:00-04:00,MyStrategy,0fcbd08105ac4f76bcf213319fa70e5c,SPY,buy,market,new,1,gtc,0.0,1,stock,,,
2024-08-28 12:30:00-04:00,MyStrategy,0fcbd08105ac4f76bcf213319fa70e5c,SPY,buy,market,fill,1,gtc,0.0,1,stock,561.2100219726562,1.0,0.0
2024-08-28 15:30:00-04:00,MyStrategy,722164a315dc45d99db65ff48621d9eb,SPY,buy,market,new,1,gtc,0.0,1,stock,,,
2024-08-28 15:30:00-04:00,MyStrategy,722164a315dc45d99db65ff48621d9eb,SPY,buy,market,fill,1,gtc,0.0,1,stock,561.2100219726562,1.0,0.0
2024-08-29 09:30:00-04:00,MyStrategy,a076745f26e5482c94817fc87d4be24a,SPY,buy,market,new,1,gtc,0.0,1,stock,,,
2024-08-29 09:30:00-04:00,MyStrategy,a076745f26e5482c94817fc87d4be24a,SPY,buy,market,fill,1,gtc,0.0,1,stock,560.3099975585938,1.0,0.0
2024-08-29 12:30:00-04:00,MyStrategy,674c371c52214ae2910acec138cf5b7c,SPY,buy,market,new,1,gtc,0.0,1,stock,,,
2024-08-29 12:30:00-04:00,MyStrategy,674c371c52214ae2910acec138cf5b7c,SPY,buy,market,fill,1,gtc,0.0,1,stock,560.3099975585938,1.0,0.0
2024-08-29 15:30:00-04:00,MyStrategy,40ab83d84b9744f9a12b990339916248,SPY,buy,market,new,1,gtc,0.0,1,stock,,,
2024-08-29 15:30:00-04:00,MyStrategy,40ab83d84b9744f9a12b990339916248,SPY,buy,market,fill,1,gtc,0.0,1,stock,560.3099975585938,1.0,0.0
2024-08-30 09:30:00-04:00,MyStrategy,2f7fece26dc64f278f72a0359a2f8beb,SPY,buy,market,new,1,gtc,0.0,1,stock,,,
2024-08-30 09:30:00-04:00,MyStrategy,2f7fece26dc64f278f72a0359a2f8beb,SPY,buy,market,fill,1,gtc,0.0,1,stock,560.77001953125,1.0,0.0
2024-08-30 12:30:00-04:00,MyStrategy,a746f0ba4d1c4c4aac7f7f27ef8aa28c,SPY,buy,market,new,1,gtc,0.0,1,stock,,,
2024-08-30 12:30:00-04:00,MyStrategy,a746f0ba4d1c4c4aac7f7f27ef8aa28c,SPY,buy,market,fill,1,gtc,0.0,1,stock,560.77001953125,1.0,0.0
2024-08-30 15:30:00-04:00,MyStrategy,498a2d2e11a74e72b66b6af4a58973ca,SPY,buy,market,new,1,gtc,0.0,1,stock,,,
2024-08-30 15:30:00-04:00,MyStrategy,498a2d2e11a74e72b66b6af4a58973ca,SPY,buy,market,fill,1,gtc,0.0,1,stock,560.77001953125,1.0,0.0
2024-09-03 09:30:00-04:00,MyStrategy,920f677542974f86838314b06dfe0029,SPY,buy,market,new,1,gtc,0.0,1,stock,,,
2024-09-03 09:30:00-04:00,MyStrategy,920f677542974f86838314b06dfe0029,SPY,buy,market,fill,1,gtc,0.0,1,stock,560.469970703125,1.0,0.0
2024-09-03 12:30:00-04:00,MyStrategy,dc698c9e99c74f6587cafa6879095379,SPY,buy,market,new,1,gtc,0.0,1,stock,,,
2024-09-03 12:30:00-04:00,MyStrategy,dc698c9e99c74f6587cafa6879095379,SPY,buy,market,fill,1,gtc,0.0,1,stock,560.469970703125,1.0,0.0
2024-09-03 15:30:00-04:00,MyStrategy,c4065dbc6dab46aa88b502d3220a0865,SPY,buy,market,new,1,gtc,0.0,1,stock,,,
2024-09-03 15:30:00-04:00,MyStrategy,c4065dbc6dab46aa88b502d3220a0865,SPY,buy,market,fill,1,gtc,0.0,1,stock,560.469970703125,1.0,0.0
2024-09-04 09:30:00-04:00,MyStrategy,025a74f980d348eabb996b37b5df5ea4,SPY,buy,market,new,1,gtc,0.0,1,stock,,,
2024-09-04 09:30:00-04:00,MyStrategy,025a74f980d348eabb996b37b5df5ea4,SPY,buy,market,fill,1,gtc,0.0,1,stock,550.2000122070312,1.0,0.0
2024-09-04 12:30:00-04:00,MyStrategy,1c531601997c415ba6422ba3be9e1399,SPY,buy,market,new,1,gtc,0.0,1,stock,,,
2024-09-04 12:30:00-04:00,MyStrategy,1c531601997c415ba6422ba3be9e1399,SPY,buy,market,fill,1,gtc,0.0,1,stock,550.2000122070312,1.0,0.0
2024-09-04 15:30:00-04:00,MyStrategy,214c820b3de14a8fa8890973ebf7388e,SPY,buy,market,new,1,gtc,0.0,1,stock,,,
2024-09-04 15:30:00-04:00,MyStrategy,214c820b3de14a8fa8890973ebf7388e,SPY,buy,market,fill,1,gtc,0.0,1,stock,550.2000122070312,1.0,0.0
2024-09-05 09:30:00-04:00,MyStrategy,9009f84920ed43c7856d10af2e54715a,SPY,buy,market,new,1,gtc,0.0,1,stock,,,
2024-09-05 09:30:00-04:00,MyStrategy,9009f84920ed43c7856d10af2e54715a,SPY,buy,market,fill,1,gtc,0.0,1,stock,550.8900146484375,1.0,0.0
2024-09-05 12:30:00-04:00,MyStrategy,1ec5bb46769047738686246396d70ce3,SPY,buy,market,new,1,gtc,0.0,1,stock,,,
2024-09-05 12:30:00-04:00,MyStrategy,1ec5bb46769047738686246396d70ce3,SPY,buy,market,fill,1,gtc,0.0,1,stock,550.8900146484375,1.0,0.0
2024-09-05 15:30:00-04:00,MyStrategy,3980af08c0074bf5bd33def679c5643f,SPY,buy,market,new,1,gtc,0.0,1,stock,,,
2024-09-05 15:30:00-04:00,MyStrategy,3980af08c0074bf5bd33def679c5643f,SPY,buy,market,fill,1,gtc,0.0,1,stock,550.8900146484375,1.0,0.0
2024-09-06 09:30:00-04:00,MyStrategy,45ab73966e6d4a3c9558753f3e5afc2b,SPY,buy,market,new,1,gtc,0.0,1,stock,,,
2024-09-06 09:30:00-04:00,MyStrategy,45ab73966e6d4a3c9558753f3e5afc2b,SPY,buy,market,fill,1,gtc,0.0,1,stock,549.9400024414062,1.0,0.0
2024-09-06 12:30:00-04:00,MyStrategy,58a1d452fefe4ef9bf426aaee0afedde,SPY,buy,market,new,1,gtc,0.0,1,stock,,,
2024-09-06 12:30:00-04:00,MyStrategy,58a1d452fefe4ef9bf426aaee0afedde,SPY,buy,market,fill,1,gtc,0.0,1,stock,549.9400024414062,1.0,0.0
2024-09-06 15:30:00-04:00,MyStrategy,0399874ee9ad419c82a7285266069322,SPY,buy,market,new,1,gtc,0.0,1,stock,,,
2024-09-06 15:30:00-04:00,MyStrategy,0399874ee9ad419c82a7285266069322,SPY,buy,market,fill,1,gtc,0.0,1,stock,549.9400024414062,1.0,0.0
2024-09-09 09:30:00-04:00,MyStrategy,d43309269b164c73b25ed588f9c207f7,SPY,buy,market,new,1,gtc,0.0,1,stock,,,
2024-09-09 09:30:00-04:00,MyStrategy,d43309269b164c73b25ed588f9c207f7,SPY,buy,market,fill,1,gtc,0.0,1,stock,544.6500244140625,1.0,0.0
2024-09-09 12:30:00-04:00,MyStrategy,207091968a7147b697d8034bf6186c86,SPY,buy,market,new,1,gtc,0.0,1,stock,,,
2024-09-09 12:30:00-04:00,MyStrategy,207091968a7147b697d8034bf6186c86,SPY,buy,market,fill,1,gtc,0.0,1,stock,544.6500244140625,1.0,0.0
2024-09-09 15:30:00-04:00,MyStrategy,9d16a1ea6bcd41819db4ed82cd5ac75f,SPY,buy,market,new,1,gtc,0.0,1,stock,,,
2024-09-09 15:30:00-04:00,MyStrategy,9d16a1ea6bcd41819db4ed82cd5ac75f,SPY,buy,market,fill,1,gtc,0.0,1,stock,544.6500244140625,1.0,0.0
2024-09-10 09:30:00-04:00,MyStrategy,972257ab91944037ba23e7dccd23c716,SPY,buy,market,new,1,gtc,0.0,1,stock,,,
2024-09-10 09:30:00-04:00,MyStrategy,972257ab91944037ba23e7dccd23c716,SPY,buy,market,fill,1,gtc,0.0,1,stock,548.3599853515625,1.0,0.0
2024-09-10 12:30:00-04:00,MyStrategy,3cfa4ea5ad734a96bdd8c0fa5a744144,SPY,buy,market,new,1,gtc,0.0,1,stock,,,
2024-09-10 12:30:00-04:00,MyStrategy,3cfa4ea5ad734a96bdd8c0fa5a744144,SPY,buy,market,fill,1,gtc,0.0,1,stock,548.3599853515625,1.0,0.0
2024-09-10 15:30:00-04:00,MyStrategy,b1575c00a4904e998ad50a4e5aa295cf,SPY,buy,market,new,1,gtc,0.0,1,stock,,,
2024-09-10 15:30:00-04:00,MyStrategy,b1575c00a4904e998ad50a4e5aa295cf,SPY,buy,market,fill,1,gtc,0.0,1,stock,548.3599853515625,1.0,0.0
2024-09-11 09:30:00-04:00,MyStrategy,093e27ff5b8a4b759eb9e8a66779ba74,SPY,buy,market,new,1,gtc,0.0,1,stock,,,
2024-09-11 09:30:00-04:00,MyStrategy,093e27ff5b8a4b759eb9e8a66779ba74,SPY,buy,market,fill,1,gtc,0.0,1,stock,548.7000122070312,1.0,0.0
2024-09-11 12:30:00-04:00,MyStrategy,8d3019bbe4e64c338063e8c3970ec338,SPY,buy,market,new,1,gtc,0.0,1,stock,,,
2024-09-11 12:30:00-04:00,MyStrategy,8d3019bbe4e64c338063e8c3970ec338,SPY,buy,market,fill,1,gtc,0.0,1,stock,548.7000122070312,1.0,0.0
2024-09-11 15:30:00-04:00,MyStrategy,033d77b6628847c98dd9a283ef1f8239,SPY,buy,market,new,1,gtc,0.0,1,stock,,,
2024-09-11 15:30:00-04:00,MyStrategy,033d77b6628847c98dd9a283ef1f8239,SPY,buy,market,fill,1,gtc,0.0,1,stock,548.7000122070312,1.0,0.0
2024-09-12 09:30:00-04:00,MyStrategy,dcb0688feb2a40e6944917cbdb3d383f,SPY,buy,market,new,1,gtc,0.0,1,stock,,,
2024-09-12 09:30:00-04:00,MyStrategy,dcb0688feb2a40e6944917cbdb3d383f,SPY,buy,market,fill,1,gtc,0.0,1,stock,555.010009765625,1.0,0.0
2024-09-12 12:30:00-04:00,MyStrategy,f90f1d13a64e4e63811a63817df238c2,SPY,buy,market,new,1,gtc,0.0,1,stock,,,
2024-09-12 12:30:00-04:00,MyStrategy,f90f1d13a64e4e63811a63817df238c2,SPY,buy,market,fill,1,gtc,0.0,1,stock,555.010009765625,1.0,0.0
2024-09-12 15:30:00-04:00,MyStrategy,04f31df22b894fed8cc0064e25cd84b8,SPY,buy,market,new,1,gtc,0.0,1,stock,,,
2024-09-12 15:30:00-04:00,MyStrategy,04f31df22b894fed8cc0064e25cd84b8,SPY,buy,market,fill,1,gtc,0.0,1,stock,555.010009765625,1.0,0.0
2024-09-13 09:30:00-04:00,MyStrategy,bfa6375cbf364bc9b4e20140a4fea68a,SPY,buy,market,new,1,gtc,0.0,1,stock,,,
2024-09-13 09:30:00-04:00,MyStrategy,bfa6375cbf364bc9b4e20140a4fea68a,SPY,buy,market,fill,1,gtc,0.0,1,stock,559.7100219726562,1.0,0.0
2024-09-13 12:30:00-04:00,MyStrategy,61ccc726456744a1b8ff2ce4f138d9b9,SPY,buy,market,new,1,gtc,0.0,1,stock,,,
2024-09-13 12:30:00-04:00,MyStrategy,61ccc726456744a1b8ff2ce4f138d9b9,SPY,buy,market,fill,1,gtc,0.0,1,stock,559.7100219726562,1.0,0.0
2024-09-13 15:30:00-04:00,MyStrategy,dbbceb8d4f554696bbe24686fd30937c,SPY,buy,market,new,1,gtc,0.0,1,stock,,,
2024-09-13 15:30:00-04:00,MyStrategy,dbbceb8d4f554696bbe24686fd30937c,SPY,buy,market,fill,1,gtc,0.0,1,stock,559.7100219726562,1.0,0.0
2024-09-16 09:30:00-04:00,MyStrategy,fcd62c4cf1f34dcaa9729c7ba7101016,SPY,buy,market,new,1,gtc,0.0,1,stock,,,
2024-09-16 09:30:00-04:00,MyStrategy,fcd62c4cf1f34dcaa9729c7ba7101016,SPY,buy,market,fill,1,gtc,0.0,1,stock,561.739990234375,1.0,0.0
2024-09-16 12:30:00-04:00,MyStrategy,c0953558cf564783a0ee7259f4f761df,SPY,buy,market,new,1,gtc,0.0,1,stock,,,
2024-09-16 12:30:00-04:00,MyStrategy,c0953558cf564783a0ee7259f4f761df,SPY,buy,market,fill,1,gtc,0.0,1,stock,561.739990234375,1.0,0.0
2024-09-16 15:30:00-04:00,MyStrategy,6882055e774e4b61881ca2266da409c7,SPY,buy,market,new,1,gtc,0.0,1,stock,,,
2024-09-16 15:30:00-04:00,MyStrategy,6882055e774e4b61881ca2266da409c7,SPY,buy,market,fill,1,gtc,0.0,1,stock,561.739990234375,1.0,0.0
2024-09-17 09:30:00-04:00,MyStrategy,afc4420ba24f4a11aafaa05eacc344e9,SPY,buy,market,new,1,gtc,0.0,1,stock,,,
2024-09-17 09:30:00-04:00,MyStrategy,afc4420ba24f4a11aafaa05eacc344e9,SPY,buy,market,fill,1,gtc,0.0,1,stock,565.0999755859375,1.0,0.0
2024-09-17 12:30:00-04:00,MyStrategy,2ed600f39dd344dfbb1c8f8f3cbca26f,SPY,buy,market,new,1,gtc,0.0,1,stock,,,
2024-09-17 12:30:00-04:00,MyStrategy,2ed600f39dd344dfbb1c8f8f3cbca26f,SPY,buy,market,fill,1,gtc,0.0,1,stock,565.0999755859375,1.0,0.0
2024-09-17 15:30:00-04:00,MyStrategy,a771edfcbb154dbab46e3f99f0541fbb,SPY,buy,market,new,1,gtc,0.0,1,stock,,,
2024-09-17 15:30:00-04:00,MyStrategy,a771edfcbb154dbab46e3f99f0541fbb,SPY,buy,market,fill,1,gtc,0.0,1,stock,565.0999755859375,1.0,0.0
2024-09-18 09:30:00-04:00,MyStrategy,a52a8596f40c444aaad9f72fe1e81d48,SPY,buy,market,new,1,gtc,0.0,1,stock,,,
2024-09-18 09:30:00-04:00,MyStrategy,a52a8596f40c444aaad9f72fe1e81d48,SPY,buy,market,fill,1,gtc,0.0,1,stock,563.739990234375,1.0,0.0
2024-09-18 12:30:00-04:00,MyStrategy,c4effb0967214fd7bd2ba2359516b20b,SPY,buy,market,new,1,gtc,0.0,1,stock,,,
2024-09-18 12:30:00-04:00,MyStrategy,c4effb0967214fd7bd2ba2359516b20b,SPY,buy,market,fill,1,gtc,0.0,1,stock,563.739990234375,1.0,0.0
2024-09-18 15:30:00-04:00,MyStrategy,9c66f75bc0984ac782d64ec6f8a4c4b8,SPY,buy,market,new,1,gtc,0.0,1,stock,,,
2024-09-18 15:30:00-04:00,MyStrategy,9c66f75bc0984ac782d64ec6f8a4c4b8,SPY,buy,market,fill,1,gtc,0.0,1,stock,563.739990234375,1.0,0.0
2024-09-19 09:30:00-04:00,MyStrategy,072590a4595c4eb0a1c5968e6c827a98,SPY,buy,market,new,1,gtc,0.0,1,stock,,,
2024-09-19 09:30:00-04:00,MyStrategy,072590a4595c4eb0a1c5968e6c827a98,SPY,buy,market,fill,1,gtc,0.0,1,stock,571.010009765625,1.0,0.0
2024-09-19 12:30:00-04:00,MyStrategy,0bdcb5fc0f8242d8a23829bb7692b2b2,SPY,buy,market,new,1,gtc,0.0,1,stock,,,
2024-09-19 12:30:00-04:00,MyStrategy,0bdcb5fc0f8242d8a23829bb7692b2b2,SPY,buy,market,fill,1,gtc,0.0,1,stock,571.010009765625,1.0,0.0
2024-09-19 15:30:00-04:00,MyStrategy,fa6544568b764cb598e47a7a3b19483b,SPY,buy,market,new,1,gtc,0.0,1,stock,,,
2024-09-19 15:30:00-04:00,MyStrategy,fa6544568b764cb598e47a7a3b19483b,SPY,buy,market,fill,1,gtc,0.0,1,stock,571.010009765625,1.0,0.0
2024-09-20 09:30:00-04:00,MyStrategy,89de07cc21a74c24b90247c0a46c7e81,SPY,buy,market,new,1,gtc,0.0,1,stock,,,
2024-09-20 09:30:00-04:00,MyStrategy,89de07cc21a74c24b90247c0a46c7e81,SPY,buy,market,fill,1,gtc,0.0,1,stock,567.8400268554688,1.0,0.0
2024-09-20 12:30:00-04:00,MyStrategy,729d99e271454743bc43d01193105b06,SPY,buy,market,new,1,gtc,0.0,1,stock,,,
2024-09-20 12:30:00-04:00,MyStrategy,729d99e271454743bc43d01193105b06,SPY,buy,market,fill,1,gtc,0.0,1,stock,567.8400268554688,1.0,0.0
2024-09-20 15:30:00-04:00,MyStrategy,a6f4bf886d374b7689bb0cfe1324ebc2,SPY,buy,market,new,1,gtc,0.0,1,stock,,,
2024-09-20 15:30:00-04:00,MyStrategy,a6f4bf886d374b7689bb0cfe1324ebc2,SPY,buy,market,fill,1,gtc,0.0,1,stock,567.8400268554688,1.0,0.0
2024-09-23 09:30:00-04:00,MyStrategy,84b1293b1ad44658991e330604d3e749,SPY,buy,market,new,1,gtc,0.0,1,stock,,,
2024-09-23 09:30:00-04:00,MyStrategy,84b1293b1ad44658991e330604d3e749,SPY,buy,market,fill,1,gtc,0.0,1,stock,569.3400268554688,1.0,0.0
2024-09-23 12:30:00-04:00,MyStrategy,c0091c2bf92c4d368c2071b6e586b67d,SPY,buy,market,new,1,gtc,0.0,1,stock,,,
2024-09-23 12:30:00-04:00,MyStrategy,c0091c2bf92c4d368c2071b6e586b67d,SPY,buy,market,fill,1,gtc,0.0,1,stock,569.3400268554688,1.0,0.0
2024-09-23 15:30:00-04:00,MyStrategy,46a80b293ee54e109e8b521cd09ebb44,SPY,buy,market,new,1,gtc,0.0,1,stock,,,
2024-09-23 15:30:00-04:00,MyStrategy,46a80b293ee54e109e8b521cd09ebb44,SPY,buy,market,fill,1,gtc,0.0,1,stock,569.3400268554688,1.0,0.0
2024-09-24 09:30:00-04:00,MyStrategy,790bebeaced14c1fbf58c4dfbbf8b664,SPY,buy,market,new,1,gtc,0.0,1,stock,,,
2024-09-24 09:30:00-04:00,MyStrategy,790bebeaced14c1fbf58c4dfbbf8b664,SPY,buy,market,fill,1,gtc,0.0,1,stock,570.47998046875,1.0,0.0
2024-09-24 12:30:00-04:00,MyStrategy,1177c6e5550941dba82291cee7f80d74,SPY,buy,market,new,1,gtc,0.0,1,stock,,,
2024-09-24 12:30:00-04:00,MyStrategy,1177c6e5550941dba82291cee7f80d74,SPY,buy,market,fill,1,gtc,0.0,1,stock,570.47998046875,1.0,0.0
2024-09-24 15:30:00-04:00,MyStrategy,48ec604d39994bb4ac732198743fd748,SPY,buy,market,new,1,gtc,0.0,1,stock,,,
2024-09-24 15:30:00-04:00,MyStrategy,48ec604d39994bb4ac732198743fd748,SPY,buy,market,fill,1,gtc,0.0,1,stock,570.47998046875,1.0,0.0
2024-09-25 09:30:00-04:00,MyStrategy,589c1928168b4a388f5b817cad77c568,SPY,buy,market,new,1,gtc,0.0,1,stock,,,
2024-09-25 09:30:00-04:00,MyStrategy,589c1928168b4a388f5b817cad77c568,SPY,buy,market,fill,1,gtc,0.0,1,stock,571.1400146484375,1.0,0.0
2024-09-25 12:30:00-04:00,MyStrategy,680c7bba60d94aada0f528721d0c939e,SPY,buy,market,new,1,gtc,0.0,1,stock,,,
2024-09-25 12:30:00-04:00,MyStrategy,680c7bba60d94aada0f528721d0c939e,SPY,buy,market,fill,1,gtc,0.0,1,stock,571.1400146484375,1.0,0.0
2024-09-25 15:30:00-04:00,MyStrategy,289e3cc41d9b4386a5dec1c2454744ab,SPY,buy,market,new,1,gtc,0.0,1,stock,,,
2024-09-25 15:30:00-04:00,MyStrategy,289e3cc41d9b4386a5dec1c2454744ab,SPY,buy,market,fill,1,gtc,0.0,1,stock,571.1400146484375,1.0,0.0
2024-09-26 09:30:00-04:00,MyStrategy,45b741fa6be44067a1f27a31b29a7f8d,SPY,buy,market,new,1,gtc,0.0,1,stock,,,
2024-09-26 09:30:00-04:00,MyStrategy,45b741fa6be44067a1f27a31b29a7f8d,SPY,buy,market,fill,1,gtc,0.0,1,stock,574.3800048828125,1.0,0.0
2024-09-26 12:30:00-04:00,MyStrategy,8c4f5a1b9a37403f8975645d20713d2b,SPY,buy,market,new,1,gtc,0.0,1,stock,,,
2024-09-26 12:30:00-04:00,MyStrategy,8c4f5a1b9a37403f8975645d20713d2b,SPY,buy,market,fill,1,gtc,0.0,1,stock,574.3800048828125,1.0,0.0
2024-09-26 15:30:00-04:00,MyStrategy,a254c1ee700d4d9ca73bfb43babde6f1,SPY,buy,market,new,1,gtc,0.0,1,stock,,,
2024-09-26 15:30:00-04:00,MyStrategy,a254c1ee700d4d9ca73bfb43babde6f1,SPY,buy,market,fill,1,gtc,0.0,1,stock,574.3800048828125,1.0,0.0
2024-09-27 09:30:00-04:00,MyStrategy,d6ec12f90cf34115b9c15a641112b733,SPY,buy,market,new,1,gtc,0.0,1,stock,,,
2024-09-27 09:30:00-04:00,MyStrategy,d6ec12f90cf34115b9c15a641112b733,SPY,buy,market,fill,1,gtc,0.0,1,stock,573.3900146484375,1.0,0.0
2024-09-27 12:30:00-04:00,MyStrategy,6125e9d47e13445b85f4c35713c388b7,SPY,buy,market,new,1,gtc,0.0,1,stock,,,
2024-09-27 12:30:00-04:00,MyStrategy,6125e9d47e13445b85f4c35713c388b7,SPY,buy,market,fill,1,gtc,0.0,1,stock,573.3900146484375,1.0,0.0
2024-09-27 15:30:00-04:00,MyStrategy,abe36edd72cb49a3a9e40a1e620928cf,SPY,buy,market,new,1,gtc,0.0,1,stock,,,
2024-09-27 15:30:00-04:00,MyStrategy,abe36edd72cb49a3a9e40a1e620928cf,SPY,buy,market,fill,1,gtc,0.0,1,stock,573.3900146484375,1.0,0.0
2024-09-30 09:30:00-04:00,MyStrategy,27ddd64cb4104faf8c2b28503f7d0a93,SPY,buy,market,new,1,gtc,0.0,1,stock,,,
2024-09-30 09:30:00-04:00,MyStrategy,27ddd64cb4104faf8c2b28503f7d0a93,SPY,buy,market,fill,1,gtc,0.0,1,stock,570.4199829101562,1.0,0.0
2024-09-30 12:30:00-04:00,MyStrategy,488b8faa10034b21a0228c613b2fb70c,SPY,buy,market,new,1,gtc,0.0,1,stock,,,
2024-09-30 12:30:00-04:00,MyStrategy,488b8faa10034b21a0228c613b2fb70c,SPY,buy,market,fill,1,gtc,0.0,1,stock,570.4199829101562,1.0,0.0
2024-09-30 15:30:00-04:00,MyStrategy,dab78fa392924503a2932d92c6096fff,SPY,buy,market,new,1,gtc,0.0,1,stock,,,
2024-09-30 15:30:00-04:00,MyStrategy,dab78fa392924503a2932d92c6096fff,SPY,buy,market,fill,1,gtc,0.0,1,stock,570.4199829101562,1.0,0.0
2024-10-01 09:30:00-04:00,MyStrategy,f597fe80e20746889e1acb7038bf271e,SPY,buy,market,new,1,gtc,0.0,1,stock,,,
2024-10-01 09:30:00-04:00,MyStrategy,f597fe80e20746889e1acb7038bf271e,SPY,buy,market,fill,1,gtc,0.0,1,stock,573.4000244140625,1.0,0.0
2024-10-01 12:30:00-04:00,MyStrategy,41027c1fbac24b65848acb60f296172c,SPY,buy,market,new,1,gtc,0.0,1,stock,,,
2024-10-01 12:30:00-04:00,MyStrategy,41027c1fbac24b65848acb60f296172c,SPY,buy,market,fill,1,gtc,0.0,1,stock,573.4000244140625,1.0,0.0
2024-10-01 15:30:00-04:00,MyStrategy,a262361ca9ad4d219fefce580489396b,SPY,buy,market,new,1,gtc,0.0,1,stock,,,
2024-10-01 15:30:00-04:00,MyStrategy,a262361ca9ad4d219fefce580489396b,SPY,buy,market,fill,1,gtc,0.0,1,stock,573.4000244140625,1.0,0.0
2024-10-02 09:30:00-04:00,MyStrategy,a11eabdbb9934021bb26da4f1df16af2,SPY,buy,market,new,1,gtc,0.0,1,stock,,,
2024-10-02 09:30:00-04:00,MyStrategy,a11eabdbb9934021bb26da4f1df16af2,SPY,buy,market,fill,1,gtc,0.0,1,stock,567.7100219726562,1.0,0.0
2024-10-02 12:30:00-04:00,MyStrategy,60186c0a0a5945bb9fe5ce6dd76f8df0,SPY,buy,market,new,1,gtc,0.0,1,stock,,,
2024-10-02 12:30:00-04:00,MyStrategy,60186c0a0a5945bb9fe5ce6dd76f8df0,SPY,buy,market,fill,1,gtc,0.0,1,stock,567.7100219726562,1.0,0.0
2024-10-02 15:30:00-04:00,MyStrategy,7e4a2b4b5b08410aa540db90c158e7d9,SPY,buy,market,new,1,gtc,0.0,1,stock,,,
2024-10-02 15:30:00-04:00,MyStrategy,7e4a2b4b5b08410aa540db90c158e7d9,SPY,buy,market,fill,1,gtc,0.0,1,stock,567.7100219726562,1.0,0.0
2024-10-03 09:30:00-04:00,MyStrategy,b35aa46da0de405986bbf3e36da28e68,SPY,buy,market,new,1,gtc,0.0,1,stock,,,
2024-10-03 09:30:00-04:00,MyStrategy,b35aa46da0de405986bbf3e36da28e68,SPY,buy,market,fill,1,gtc,0.0,1,stock,567.3599853515625,1.0,0.0
2024-10-03 12:30:00-04:00,MyStrategy,4fe0e500cf494edc8114e38361832963,SPY,buy,market,new,1,gtc,0.0,1,stock,,,
2024-10-03 12:30:00-04:00,MyStrategy,4fe0e500cf494edc8114e38361832963,SPY,buy,market,fill,1,gtc,0.0,1,stock,567.3599853515625,1.0,0.0
2024-10-03 15:30:00-04:00,MyStrategy,96db48f3f4cb4c519e853ccce1f83d46,SPY,buy,market,new,1,gtc,0.0,1,stock,,,
2024-10-03 15:30:00-04:00,MyStrategy,96db48f3f4cb4c519e853ccce1f83d46,SPY,buy,market,fill,1,gtc,0.0,1,stock,567.3599853515625,1.0,0.0
2024-10-04 09:30:00-04:00,MyStrategy,2fb33377d4d340f7a890a27851b3ae18,SPY,buy,market,new,1,gtc,0.0,1,stock,,,
2024-10-04 09:30:00-04:00,MyStrategy,2fb33377d4d340f7a890a27851b3ae18,SPY,buy,market,fill,1,gtc,0.0,1,stock,572.3499755859375,1.0,0.0
2024-10-04 12:30:00-04:00,MyStrategy,3db2a5f32cbc449cbfca02911a7f6ac9,SPY,buy,market,new,1,gtc,0.0,1,stock,,,
2024-10-04 12:30:00-04:00,MyStrategy,3db2a5f32cbc449cbfca02911a7f6ac9,SPY,buy,market,fill,1,gtc,0.0,1,stock,572.3499755859375,1.0,0.0
2024-10-04 15:30:00-04:00,MyStrategy,8e079aba72ac4fd8a2aab6a092be74cc,SPY,buy,market,new,1,gtc,0.0,1,stock,,,
2024-10-04 15:30:00-04:00,MyStrategy,8e079aba72ac4fd8a2aab6a092be74cc,SPY,buy,market,fill,1,gtc,0.0,1,stock,572.3499755859375,1.0,0.0
2024-10-07 09:30:00-04:00,MyStrategy,ab33468266e24a2b8ca15cc3af255d3e,SPY,buy,market,new,1,gtc,0.0,1,stock,,,
2024-10-07 09:30:00-04:00,MyStrategy,ab33468266e24a2b8ca15cc3af255d3e,SPY,buy,market,fill,1,gtc,0.0,1,stock,571.2999877929688,1.0,0.0
2024-10-07 12:30:00-04:00,MyStrategy,8003bc2538394a1b8cfa0f37fed3f9f0,SPY,buy,market,new,1,gtc,0.0,1,stock,,,
2024-10-07 12:30:00-04:00,MyStrategy,8003bc2538394a1b8cfa0f37fed3f9f0,SPY,buy,market,fill,1,gtc,0.0,1,stock,571.2999877929688,1.0,0.0
2024-10-07 15:30:00-04:00,MyStrategy,260e58eb8c234fd4ac0806928f0f5b60,SPY,buy,market,new,1,gtc,0.0,1,stock,,,
2024-10-07 15:30:00-04:00,MyStrategy,260e58eb8c234fd4ac0806928f0f5b60,SPY,buy,market,fill,1,gtc,0.0,1,stock,571.2999877929688,1.0,0.0
2024-10-08 09:30:00-04:00,MyStrategy,a9657ba9a1f740af8ba64bfbd48cc498,SPY,buy,market,new,1,gtc,0.0,1,stock,,,
2024-10-08 09:30:00-04:00,MyStrategy,a9657ba9a1f740af8ba64bfbd48cc498,SPY,buy,market,fill,1,gtc,0.0,1,stock,570.4199829101562,1.0,0.0
2024-10-08 12:30:00-04:00,MyStrategy,204bd5d933f541fc884316b36138ebd1,SPY,buy,market,new,1,gtc,0.0,1,stock,,,
2024-10-08 12:30:00-04:00,MyStrategy,204bd5d933f541fc884316b36138ebd1,SPY,buy,market,fill,1,gtc,0.0,1,stock,570.4199829101562,1.0,0.0
2024-10-08 15:30:00-04:00,MyStrategy,f7ce35dbea7044378d6984e47d1f327e,SPY,buy,market,new,1,gtc,0.0,1,stock,,,
2024-10-08 15:30:00-04:00,MyStrategy,f7ce35dbea7044378d6984e47d1f327e,SPY,buy,market,fill,1,gtc,0.0,1,stock,570.4199829101562,1.0,0.0
2024-10-09 09:30:00-04:00,MyStrategy,7f24c599a6004d42b646603bff1682a5,SPY,buy,market,new,1,gtc,0.0,1,stock,,,
2024-10-09 09:30:00-04:00,MyStrategy,7f24c599a6004d42b646603bff1682a5,SPY,buy,market,fill,1,gtc,0.0,1,stock,573.1599731445312,1.0,0.0
2024-10-09 12:30:00-04:00,MyStrategy,5c7f0f27c2e9449e837eee941a140fdd,SPY,buy,market,new,1,gtc,0.0,1,stock,,,
2024-10-09 12:30:00-04:00,MyStrategy,5c7f0f27c2e9449e837eee941a140fdd,SPY,buy,market,fill,1,gtc,0.0,1,stock,573.1599731445312,1.0,0.0
2024-10-09 15:30:00-04:00,MyStrategy,42bc51b5c18b49eb8df3f070e838deaa,SPY,buy,market,new,1,gtc,0.0,1,stock,,,
2024-10-09 15:30:00-04:00,MyStrategy,42bc51b5c18b49eb8df3f070e838deaa,SPY,buy,market,fill,1,gtc,0.0,1,stock,573.1599731445312,1.0,0.0
2024-10-10 09:30:00-04:00,MyStrategy,2940d2fa1a9b427d96857cb6b5392801,SPY,buy,market,new,1,gtc,0.0,1,stock,,,
2024-10-10 09:30:00-04:00,MyStrategy,2940d2fa1a9b427d96857cb6b5392801,SPY,buy,market,fill,1,gtc,0.0,1,stock,575.77001953125,1.0,0.0
2024-10-10 12:30:00-04:00,MyStrategy,d272a3638c654b62886f0534ac856f13,SPY,buy,market,new,1,gtc,0.0,1,stock,,,
2024-10-10 12:30:00-04:00,MyStrategy,d272a3638c654b62886f0534ac856f13,SPY,buy,market,fill,1,gtc,0.0,1,stock,575.77001953125,1.0,0.0
2024-10-10 15:30:00-04:00,MyStrategy,f7cf1e3b6f974ae3acd024b4b5a197db,SPY,buy,market,new,1,gtc,0.0,1,stock,,,
2024-10-10 15:30:00-04:00,MyStrategy,f7cf1e3b6f974ae3acd024b4b5a197db,SPY,buy,market,fill,1,gtc,0.0,1,stock,575.77001953125,1.0,0.0
2024-10-11 09:30:00-04:00,MyStrategy,892f05e012dd405aa0bee8f711059fff,SPY,buy,market,new,1,gtc,0.0,1,stock,,,
2024-10-11 09:30:00-04:00,MyStrategy,892f05e012dd405aa0bee8f711059fff,SPY,buy,market,fill,1,gtc,0.0,1,stock,576.0499877929688,1.0,0.0
2024-10-11 12:30:00-04:00,MyStrategy,31c13ca54fde49298c9a543438eadd4e,SPY,buy,market,new,1,gtc,0.0,1,stock,,,
2024-10-11 12:30:00-04:00,MyStrategy,31c13ca54fde49298c9a543438eadd4e,SPY,buy,market,fill,1,gtc,0.0,1,stock,576.0499877929688,1.0,0.0
2024-10-11 15:30:00-04:00,MyStrategy,7a90287e58e4404c91131ada216d3901,SPY,buy,market,new,1,gtc,0.0,1,stock,,,
2024-10-11 15:30:00-04:00,MyStrategy,7a90287e58e4404c91131ada216d3901,SPY,buy,market,fill,1,gtc,0.0,1,stock,576.0499877929688,1.0,0.0
2024-10-14 09:30:00-04:00,MyStrategy,14a279e686644121a68251ea6d13f525,SPY,buy,market,new,1,gtc,0.0,1,stock,,,
2024-10-14 09:30:00-04:00,MyStrategy,14a279e686644121a68251ea6d13f525,SPY,buy,market,fill,1,gtc,0.0,1,stock,581.219970703125,1.0,0.0
2024-10-14 12:30:00-04:00,MyStrategy,f3a8b2a7dcb44412ad21c62a89eb71a6,SPY,buy,market,new,1,gtc,0.0,1,stock,,,
2024-10-14 12:30:00-04:00,MyStrategy,f3a8b2a7dcb44412ad21c62a89eb71a6,SPY,buy,market,fill,1,gtc,0.0,1,stock,581.219970703125,1.0,0.0
2024-10-14 15:30:00-04:00,MyStrategy,e5e1b190f6894c428714695bc0d210b7,SPY,buy,market,new,1,gtc,0.0,1,stock,,,
2024-10-14 15:30:00-04:00,MyStrategy,e5e1b190f6894c428714695bc0d210b7,SPY,buy,market,fill,1,gtc,0.0,1,stock,581.219970703125,1.0,0.0
2024-10-15 09:30:00-04:00,MyStrategy,853b3bc543674eb0aa34bd3388af1994,SPY,buy,market,new,1,gtc,0.0,1,stock,,,
2024-10-15 09:30:00-04:00,MyStrategy,853b3bc543674eb0aa34bd3388af1994,SPY,buy,market,fill,1,gtc,0.0,1,stock,584.5900268554688,1.0,0.0
2024-10-15 12:30:00-04:00,MyStrategy,80085fef310b4821973d24efeacd610a,SPY,buy,market,new,1,gtc,0.0,1,stock,,,
2024-10-15 12:30:00-04:00,MyStrategy,80085fef310b4821973d24efeacd610a,SPY,buy,market,fill,1,gtc,0.0,1,stock,584.5900268554688,1.0,0.0
2024-10-15 15:30:00-04:00,MyStrategy,076a287ca7724f3cb2fb96e7c0b8e2b4,SPY,buy,market,new,1,gtc,0.0,1,stock,,,
2024-10-15 15:30:00-04:00,MyStrategy,076a287ca7724f3cb2fb96e7c0b8e2b4,SPY,buy,market,fill,1,gtc,0.0,1,stock,584.5900268554688,1.0,0.0
2024-10-16 09:30:00-04:00,MyStrategy,fd7c25d2f972431f8f310325e808760f,SPY,buy,market,new,1,gtc,0.0,1,stock,,,
2024-10-16 09:30:00-04:00,MyStrategy,fd7c25d2f972431f8f310325e808760f,SPY,buy,market,fill,1,gtc,0.0,1,stock,579.780029296875,1.0,0.0
2024-10-16 12:30:00-04:00,MyStrategy,2458cd1ccdfa41288af27c856d47c0be,SPY,buy,market,new,1,gtc,0.0,1,stock,,,
2024-10-16 12:30:00-04:00,MyStrategy,2458cd1ccdfa41288af27c856d47c0be,SPY,buy,market,fill,1,gtc,0.0,1,stock,579.780029296875,1.0,0.0
2024-10-16 15:30:00-04:00,MyStrategy,6dea40cd2ffb4343a3727abbfc7101a6,SPY,buy,market,new,1,gtc,0.0,1,stock,,,
2024-10-16 15:30:00-04:00,MyStrategy,6dea40cd2ffb4343a3727abbfc7101a6,SPY,buy,market,fill,1,gtc,0.0,1,stock,579.780029296875,1.0,0.0
2024-10-17 09:30:00-04:00,MyStrategy,0f710cc0b2364425b0e40514311ad8dc,SPY,buy,market,new,1,gtc,0.0,1,stock,,,
2024-10-17 09:30:00-04:00,MyStrategy,0f710cc0b2364425b0e40514311ad8dc,SPY,buy,market,fill,1,gtc,0.0,1,stock,585.9099731445312,1.0,0.0
2024-10-17 12:30:00-04:00,MyStrategy,fba011dc19af42daa3d9817a7fc2c2d8,SPY,buy,market,new,1,gtc,0.0,1,stock,,,
2024-10-17 12:30:00-04:00,MyStrategy,fba011dc19af42daa3d9817a7fc2c2d8,SPY,buy,market,fill,1,gtc,0.0,1,stock,585.9099731445312,1.0,0.0
2024-10-17 15:30:00-04:00,MyStrategy,88d2139e4fd04d459e27b0dec3f685f5,SPY,buy,market,new,1,gtc,0.0,1,stock,,,
2024-10-17 15:30:00-04:00,MyStrategy,88d2139e4fd04d459e27b0dec3f685f5,SPY,buy,market,fill,1,gtc,0.0,1,stock,585.9099731445312,1.0,0.0
2024-10-18 09:30:00-04:00,MyStrategy,786b10364e1c40569d21bc38140f36dd,SPY,buy,market,new,1,gtc,0.0,1,stock,,,
2024-10-18 09:30:00-04:00,MyStrategy,786b10364e1c40569d21bc38140f36dd,SPY,buy,market,fill,1,gtc,0.0,1,stock,584.0700073242188,1.0,0.0
2024-10-18 12:30:00-04:00,MyStrategy,27d45e84e8b144e09bde1a2813709667,SPY,buy,market,new,1,gtc,0.0,1,stock,,,
2024-10-18 12:30:00-04:00,MyStrategy,27d45e84e8b144e09bde1a2813709667,SPY,buy,market,fill,1,gtc,0.0,1,stock,584.0700073242188,1.0,0.0
2024-10-18 15:30:00-04:00,MyStrategy,1f250cf2b70948f9a6a97899760b1907,SPY,buy,market,new,1,gtc,0.0,1,stock,,,
2024-10-18 15:30:00-04:00,MyStrategy,1f250cf2b70948f9a6a97899760b1907,SPY,buy,market,fill,1,gtc,0.0,1,stock,584.0700073242188,1.0,0.0
2024-10-21 09:30:00-04:00,MyStrategy,cca624a422c04a959cccb8ba170b21a4,SPY,buy,market,new,1,gtc,0.0,1,stock,,,
2024-10-21 09:30:00-04:00,MyStrategy,cca624a422c04a959cccb8ba170b21a4,SPY,buy,market,fill,1,gtc,0.0,1,stock,583.8499755859375,1.0,0.0
2024-10-21 12:30:00-04:00,MyStrategy,f5c13df61e774d7a9d399e9436ae9ba2,SPY,buy,market,new,1,gtc,0.0,1,stock,,,
2024-10-21 12:30:00-04:00,MyStrategy,f5c13df61e774d7a9d399e9436ae9ba2,SPY,buy,market,fill,1,gtc,0.0,1,stock,583.8499755859375,1.0,0.0
2024-10-21 15:30:00-04:00,MyStrategy,1bf31569efc945bba58d0edf58a51e74,SPY,buy,market,new,1,gtc,0.0,1,stock,,,
2024-10-21 15:30:00-04:00,MyStrategy,1bf31569efc945bba58d0edf58a51e74,SPY,buy,market,fill,1,gtc,0.0,1,stock,583.8499755859375,1.0,0.0
2024-10-22 09:30:00-04:00,MyStrategy,51da894936a74743975b205a3af38f33,SPY,buy,market,new,1,gtc,0.0,1,stock,,,
2024-10-22 09:30:00-04:00,MyStrategy,51da894936a74743975b205a3af38f33,SPY,buy,market,fill,1,gtc,0.0,1,stock,581.0499877929688,1.0,0.0
2024-10-22 12:30:00-04:00,MyStrategy,03454d0075114cb2a42ba1050b625d50,SPY,buy,market,new,1,gtc,0.0,1,stock,,,
2024-10-22 12:30:00-04:00,MyStrategy,03454d0075114cb2a42ba1050b625d50,SPY,buy,market,fill,1,gtc,0.0,1,stock,581.0499877929688,1.0,0.0
2024-10-22 15:30:00-04:00,MyStrategy,cf421ce1ae44425d86c1b2ab0c70aa8d,SPY,buy,market,new,1,gtc,0.0,1,stock,,,
2024-10-22 15:30:00-04:00,MyStrategy,cf421ce1ae44425d86c1b2ab0c70aa8d,SPY,buy,market,fill,1,gtc,0.0,1,stock,581.0499877929688,1.0,0.0
2024-10-23 09:30:00-04:00,MyStrategy,5327c49f85b64484ac5bd103007a4379,SPY,buy,market,new,1,gtc,0.0,1,stock,,,
2024-10-23 09:30:00-04:00,MyStrategy,5327c49f85b64484ac5bd103007a4379,SPY,buy,market,fill,1,gtc,0.0,1,stock,581.260009765625,1.0,0.0
2024-10-23 12:30:00-04:00,MyStrategy,cc6762f197504541a7b335d393158d6c,SPY,buy,market,new,1,gtc,0.0,1,stock,,,
2024-10-23 12:30:00-04:00,MyStrategy,cc6762f197504541a7b335d393158d6c,SPY,buy,market,fill,1,gtc,0.0,1,stock,581.260009765625,1.0,0.0
2024-10-23 15:30:00-04:00,MyStrategy,c194b03ce9a2406da37781107c3773b5,SPY,buy,market,new,1,gtc,0.0,1,stock,,,
2024-10-23 15:30:00-04:00,MyStrategy,c194b03ce9a2406da37781107c3773b5,SPY,buy,market,fill,1,gtc,0.0,1,stock,581.260009765625,1.0,0.0
2024-10-24 09:30:00-04:00,MyStrategy,05609ccdbd924a2baee8c943a321cee1,SPY,buy,market,new,1,gtc,0.0,1,stock,,,
2024-10-24 09:30:00-04:00,MyStrategy,05609ccdbd924a2baee8c943a321cee1,SPY,buy,market,fill,1,gtc,0.0,1,stock,579.97998046875,1.0,0.0
2024-10-24 12:30:00-04:00,MyStrategy,5731b67bc7d7489e96a267dba44a9a2f,SPY,buy,market,new,1,gtc,0.0,1,stock,,,
2024-10-24 12:30:00-04:00,MyStrategy,5731b67bc7d7489e96a267dba44a9a2f,SPY,buy,market,fill,1,gtc,0.0,1,stock,579.97998046875,1.0,0.0
2024-10-24 15:30:00-04:00,MyStrategy,7a35cb4e593c44fdbc7e495362317313,SPY,buy,market,new,1,gtc,0.0,1,stock,,,
2024-10-24 15:30:00-04:00,MyStrategy,7a35cb4e593c44fdbc7e495362317313,SPY,buy,market,fill,1,gtc,0.0,1,stock,579.97998046875,1.0,0.0
2024-10-25 09:30:00-04:00,MyStrategy,278d8cc17816423aababe067aa5f91a7,SPY,buy,market,new,1,gtc,0.0,1,stock,,,
2024-10-25 09:30:00-04:00,MyStrategy,278d8cc17816423aababe067aa5f91a7,SPY,buy,market,fill,1,gtc,0.0,1,stock,581.510009765625,1.0,0.0
2024-10-25 12:30:00-04:00,MyStrategy,77b2f848c0834bcfb2722c56740b07e0,SPY,buy,market,new,1,gtc,0.0,1,stock,,,
2024-10-25 12:30:00-04:00,MyStrategy,77b2f848c0834bcfb2722c56740b07e0,SPY,buy,market,fill,1,gtc,0.0,1,stock,581.510009765625,1.0,0.0
2024-10-25 15:30:00-04:00,MyStrategy,2b7dc39bb2a2491c883ea82d7c52af2f,SPY,buy,market,new,1,gtc,0.0,1,stock,,,
2024-10-25 15:30:00-04:00,MyStrategy,2b7dc39bb2a2491c883ea82d7c52af2f,SPY,buy,market,fill,1,gtc,0.0,1,stock,581.510009765625,1.0,0.0
2024-10-28 09:30:00-04:00,MyStrategy,a20bee8e55784d5fae1b027f24982431,SPY,buy,market,new,1,gtc,0.0,1,stock,,,
2024-10-28 09:30:00-04:00,MyStrategy,a20bee8e55784d5fae1b027f24982431,SPY,buy,market,fill,1,gtc,0.0,1,stock,582.5800170898438,1.0,0.0
2024-10-28 12:30:00-04:00,MyStrategy,89bb22b743224af5bcc0f9b03569b7bc,SPY,buy,market,new,1,gtc,0.0,1,stock,,,
2024-10-28 12:30:00-04:00,MyStrategy,89bb22b743224af5bcc0f9b03569b7bc,SPY,buy,market,fill,1,gtc,0.0,1,stock,582.5800170898438,1.0,0.0
2024-10-28 15:30:00-04:00,MyStrategy,ece6e7411bcc438cb0a6d5dea3ab6a09,SPY,buy,market,new,1,gtc,0.0,1,stock,,,
2024-10-28 15:30:00-04:00,MyStrategy,ece6e7411bcc438cb0a6d5dea3ab6a09,SPY,buy,market,fill,1,gtc,0.0,1,stock,582.5800170898438,1.0,0.0
2024-10-29 09:30:00-04:00,MyStrategy,b200ae5843d2410c8976f1b05e26bce5,SPY,buy,market,new,1,gtc,0.0,1,stock,,,
2024-10-29 09:30:00-04:00,MyStrategy,b200ae5843d2410c8976f1b05e26bce5,SPY,buy,market,fill,1,gtc,0.0,1,stock,579.8499755859375,1.0,0.0
2024-10-29 12:30:00-04:00,MyStrategy,44692cff3aeb46eb88cf239aa5e120a1,SPY,buy,market,new,1,gtc,0.0,1,stock,,,
2024-10-29 12:30:00-04:00,MyStrategy,44692cff3aeb46eb88cf239aa5e120a1,SPY,buy,market,fill,1,gtc,0.0,1,stock,579.8499755859375,1.0,0.0
2024-10-29 15:30:00-04:00,MyStrategy,7cdffb1c44724e7092f216dd85a3957e,SPY,buy,market,new,1,gtc,0.0,1,stock,,,
2024-10-29 15:30:00-04:00,MyStrategy,7cdffb1c44724e7092f216dd85a3957e,SPY,buy,market,fill,1,gtc,0.0,1,stock,579.8499755859375,1.0,0.0
2024-10-30 09:30:00-04:00,MyStrategy,896cddb72f424876b41e8acb06fb59e9,SPY,buy,market,new,1,gtc,0.0,1,stock,,,
2024-10-30 09:30:00-04:00,MyStrategy,896cddb72f424876b41e8acb06fb59e9,SPY,buy,market,fill,1,gtc,0.0,1,stock,581.2899780273438,1.0,0.0
2024-10-30 12:30:00-04:00,MyStrategy,7e8184a5df2047898f2f6a32bf414ba7,SPY,buy,market,new,1,gtc,0.0,1,stock,,,
2024-10-30 12:30:00-04:00,MyStrategy,7e8184a5df2047898f2f6a32bf414ba7,SPY,buy,market,fill,1,gtc,0.0,1,stock,581.2899780273438,1.0,0.0
2024-10-30 15:30:00-04:00,MyStrategy,4bdcddebe2304c64957aa4876324183c,SPY,buy,market,new,1,gtc,0.0,1,stock,,,
2024-10-30 15:30:00-04:00,MyStrategy,4bdcddebe2304c64957aa4876324183c,SPY,buy,market,fill,1,gtc,0.0,1,stock,581.2899780273438,1.0,0.0
2024-10-31 09:30:00-04:00,MyStrategy,29fed59b673040f6a3e10bb4962aae07,SPY,buy,market,new,1,gtc,0.0,1,stock,,,
2024-10-31 09:30:00-04:00,MyStrategy,29fed59b673040f6a3e10bb4962aae07,SPY,buy,market,fill,1,gtc,0.0,1,stock,575.5599975585938,1.0,0.0
2024-10-31 12:30:00-04:00,MyStrategy,4bf3938b847641a3b767c542e39755d6,SPY,buy,market,new,1,gtc,0.0,1,stock,,,
2024-10-31 12:30:00-04:00,MyStrategy,4bf3938b847641a3b767c542e39755d6,SPY,buy,market,fill,1,gtc,0.0,1,stock,575.5599975585938,1.0,0.0
2024-10-31 15:30:00-04:00,MyStrategy,f9dbcf7bf76b4ec99535ded6afd76944,SPY,buy,market,new,1,gtc,0.0,1,stock,,,
2024-10-31 15:30:00-04:00,MyStrategy,f9dbcf7bf76b4ec99535ded6afd76944,SPY,buy,market,fill,1,gtc,0.0,1,stock,575.5599975585938,1.0,0.0
2024-11-01 09:30:00-04:00,MyStrategy,fdbd112b402049ae8238c821b45ea4d8,SPY,buy,market,new,1,gtc,0.0,1,stock,,,
2024-11-01 09:30:00-04:00,MyStrategy,fdbd112b402049ae8238c821b45ea4d8,SPY,buy,market,fill,1,gtc,0.0,1,stock,571.3200073242188,1.0,0.0
2024-11-01 12:30:00-04:00,MyStrategy,fe5dd52a9d29488cbb77192298598217,SPY,buy,market,new,1,gtc,0.0,1,stock,,,
2024-11-01 12:30:00-04:00,MyStrategy,fe5dd52a9d29488cbb77192298598217,SPY,buy,market,fill,1,gtc,0.0,1,stock,571.3200073242188,1.0,0.0
2024-11-01 15:30:00-04:00,MyStrategy,a2f85a3ba05940d289504782af844964,SPY,buy,market,new,1,gtc,0.0,1,stock,,,
2024-11-01 15:30:00-04:00,MyStrategy,a2f85a3ba05940d289504782af844964,SPY,buy,market,fill,1,gtc,0.0,1,stock,571.3200073242188,1.0,0.0
2024-11-04 09:30:00-05:00,MyStrategy,75baca7ddb7d4fc2a255e16abca35474,SPY,buy,market,new,1,gtc,0.0,1,stock,,,
2024-11-04 09:30:00-05:00,MyStrategy,75baca7ddb7d4fc2a255e16abca35474,SPY,buy,market,fill,1,gtc,0.0,1,stock,571.1799926757812,1.0,0.0
2024-11-04 12:30:00-05:00,MyStrategy,954394073ac14c9ea71b7880e6f5ec76,SPY,buy,market,new,1,gtc,0.0,1,stock,,,
2024-11-04 12:30:00-05:00,MyStrategy,954394073ac14c9ea71b7880e6f5ec76,SPY,buy,market,fill,1,gtc,0.0,1,stock,571.1799926757812,1.0,0.0
2024-11-04 15:30:00-05:00,MyStrategy,192bc42a17514ee6b7ec90c85068bf2d,SPY,buy,market,new,1,gtc,0.0,1,stock,,,
2024-11-04 15:30:00-05:00,MyStrategy,192bc42a17514ee6b7ec90c85068bf2d,SPY,buy,market,fill,1,gtc,0.0,1,stock,571.1799926757812,1.0,0.0
2024-11-05 09:30:00-05:00,MyStrategy,76c84fac762e4825971578000336400d,SPY,buy,market,new,1,gtc,0.0,1,stock,,,
2024-11-05 09:30:00-05:00,MyStrategy,76c84fac762e4825971578000336400d,SPY,buy,market,fill,1,gtc,0.0,1,stock,570.739990234375,1.0,0.0
2024-11-05 12:30:00-05:00,MyStrategy,907bce7414604ce9a0e0f2f4c990ea8b,SPY,buy,market,new,1,gtc,0.0,1,stock,,,
2024-11-05 12:30:00-05:00,MyStrategy,907bce7414604ce9a0e0f2f4c990ea8b,SPY,buy,market,fill,1,gtc,0.0,1,stock,570.739990234375,1.0,0.0
2024-11-05 15:30:00-05:00,MyStrategy,48baf142e75e4f4d85778a849dbbd97f,SPY,buy,market,new,1,gtc,0.0,1,stock,,,
2024-11-05 15:30:00-05:00,MyStrategy,48baf142e75e4f4d85778a849dbbd97f,SPY,buy,market,fill,1,gtc,0.0,1,stock,570.739990234375,1.0,0.0
2024-11-06 09:30:00-05:00,MyStrategy,9ca9291718f54d8a8430b204404a2f26,SPY,buy,market,new,1,gtc,0.0,1,stock,,,
2024-11-06 09:30:00-05:00,MyStrategy,9ca9291718f54d8a8430b204404a2f26,SPY,buy,market,fill,1,gtc,0.0,1,stock,589.2000122070312,1.0,0.0
2024-11-06 12:30:00-05:00,MyStrategy,57de19a59c5f4451a8157b989890863d,SPY,buy,market,new,1,gtc,0.0,1,stock,,,
2024-11-06 12:30:00-05:00,MyStrategy,57de19a59c5f4451a8157b989890863d,SPY,buy,market,fill,1,gtc,0.0,1,stock,589.2000122070312,1.0,0.0
2024-11-06 15:30:00-05:00,MyStrategy,ad2cf7d772fe48df92dbc34ef8a852eb,SPY,buy,market,new,1,gtc,0.0,1,stock,,,
2024-11-06 15:30:00-05:00,MyStrategy,ad2cf7d772fe48df92dbc34ef8a852eb,SPY,buy,market,fill,1,gtc,0.0,1,stock,589.2000122070312,1.0,0.0
2024-11-07 09:30:00-05:00,MyStrategy,c09c31b55b6346a79dc5c33ad9d83493,SPY,buy,market,new,1,gtc,0.0,1,stock,,,
2024-11-07 09:30:00-05:00,MyStrategy,c09c31b55b6346a79dc5c33ad9d83493,SPY,buy,market,fill,1,gtc,0.0,1,stock,593.0800170898438,1.0,0.0
2024-11-07 12:30:00-05:00,MyStrategy,bdc32552fb1540ffa814d607d5ba5dc4,SPY,buy,market,new,1,gtc,0.0,1,stock,,,
2024-11-07 12:30:00-05:00,MyStrategy,bdc32552fb1540ffa814d607d5ba5dc4,SPY,buy,market,fill,1,gtc,0.0,1,stock,593.0800170898438,1.0,0.0
2024-11-07 15:30:00-05:00,MyStrategy,11fe4fe1c48442f386c4a66a60d9babb,SPY,buy,market,new,1,gtc,0.0,1,stock,,,
2024-11-07 15:30:00-05:00,MyStrategy,11fe4fe1c48442f386c4a66a60d9babb,SPY,buy,market,fill,1,gtc,0.0,1,stock,593.0800170898438,1.0,0.0
2024-11-08 09:30:00-05:00,MyStrategy,5562ab40723a43da8032992968a06e57,SPY,buy,market,new,1,gtc,0.0,1,stock,,,
2024-11-08 09:30:00-05:00,MyStrategy,5562ab40723a43da8032992968a06e57,SPY,buy,market,fill,1,gtc,0.0,1,stock,596.1699829101562,1.0,0.0
2024-11-08 12:30:00-05:00,MyStrategy,75c023c18d94417d995b7a1fb9d07a5e,SPY,buy,market,new,1,gtc,0.0,1,stock,,,
2024-11-08 12:30:00-05:00,MyStrategy,75c023c18d94417d995b7a1fb9d07a5e,SPY,buy,market,fill,1,gtc,0.0,1,stock,596.1699829101562,1.0,0.0
2024-11-08 15:30:00-05:00,MyStrategy,0bdc16b211dc4c3bb7f7ed62fd25f793,SPY,buy,market,new,1,gtc,0.0,1,stock,,,
2024-11-08 15:30:00-05:00,MyStrategy,0bdc16b211dc4c3bb7f7ed62fd25f793,SPY,buy,market,fill,1,gtc,0.0,1,stock,596.1699829101562,1.0,0.0
2024-11-11 09:30:00-05:00,MyStrategy,75d1033a5a7e4136ac23a5771a6b2e46,SPY,buy,market,new,1,gtc,0.0,1,stock,,,
2024-11-11 09:30:00-05:00,MyStrategy,75d1033a5a7e4136ac23a5771a6b2e46,SPY,buy,market,fill,1,gtc,0.0,1,stock,599.8099975585938,1.0,0.0
2024-11-11 12:30:00-05:00,MyStrategy,1e68e94409124ce89c3d5bea7e0f8d6c,SPY,buy,market,new,1,gtc,0.0,1,stock,,,
2024-11-11 12:30:00-05:00,MyStrategy,1e68e94409124ce89c3d5bea7e0f8d6c,SPY,buy,market,fill,1,gtc,0.0,1,stock,599.8099975585938,1.0,0.0
2024-11-11 15:30:00-05:00,MyStrategy,81606b484d2343be8b9b8d392acfc0d9,SPY,buy,market,new,1,gtc,0.0,1,stock,,,
2024-11-11 15:30:00-05:00,MyStrategy,81606b484d2343be8b9b8d392acfc0d9,SPY,buy,market,fill,1,gtc,0.0,1,stock,599.8099975585938,1.0,0.0
2024-11-12 09:30:00-05:00,MyStrategy,efc46123f2e24fb09ad132ced432d4fb,SPY,buy,market,new,1,gtc,0.0,1,stock,,,
2024-11-12 09:30:00-05:00,MyStrategy,efc46123f2e24fb09ad132ced432d4fb,SPY,buy,market,fill,1,gtc,0.0,1,stock,598.6799926757812,1.0,0.0
2024-11-12 12:30:00-05:00,MyStrategy,929a8b870f494ecaa7265238ef6d4984,SPY,buy,market,new,1,gtc,0.0,1,stock,,,
2024-11-12 12:30:00-05:00,MyStrategy,929a8b870f494ecaa7265238ef6d4984,SPY,buy,market,fill,1,gtc,0.0,1,stock,598.6799926757812,1.0,0.0
2024-11-12 15:30:00-05:00,MyStrategy,e8d2735ab0044e32a8642b5a36c6573f,SPY,buy,market,new,1,gtc,0.0,1,stock,,,
2024-11-12 15:30:00-05:00,MyStrategy,e8d2735ab0044e32a8642b5a36c6573f,SPY,buy,market,fill,1,gtc,0.0,1,stock,598.6799926757812,1.0,0.0
2024-11-13 09:30:00-05:00,MyStrategy,86ce09bd85754019b41d81e992b56562,SPY,buy,market,new,1,gtc,0.0,1,stock,,,
2024-11-13 09:30:00-05:00,MyStrategy,86ce09bd85754019b41d81e992b56562,SPY,buy,market,fill,1,gtc,0.0,1,stock,597.3699951171875,1.0,0.0
2024-11-13 12:30:00-05:00,MyStrategy,774be682e5334d0c8d94619e8d5a3166,SPY,buy,market,new,1,gtc,0.0,1,stock,,,
2024-11-13 12:30:00-05:00,MyStrategy,774be682e5334d0c8d94619e8d5a3166,SPY,buy,market,fill,1,gtc,0.0,1,stock,597.3699951171875,1.0,0.0
2024-11-13 15:30:00-05:00,MyStrategy,eb74334368bd489f8f9fb5700fe40379,SPY,buy,market,new,1,gtc,0.0,1,stock,,,
2024-11-13 15:30:00-05:00,MyStrategy,eb74334368bd489f8f9fb5700fe40379,SPY,buy,market,fill,1,gtc,0.0,1,stock,597.3699951171875,1.0,0.0
2024-11-14 09:30:00-05:00,MyStrategy,a32056de5d6c495792a76b819a57c7ec,SPY,buy,market,new,1,gtc,0.0,1,stock,,,
2024-11-14 09:30:00-05:00,MyStrategy,a32056de5d6c495792a76b819a57c7ec,SPY,buy,market,fill,1,gtc,0.0,1,stock,597.3200073242188,1.0,0.0
2024-11-14 12:30:00-05:00,MyStrategy,eb9f21a4391f475982488734f5a1e182,SPY,buy,market,new,1,gtc,0.0,1,stock,,,
2024-11-14 12:30:00-05:00,MyStrategy,eb9f21a4391f475982488734f5a1e182,SPY,buy,market,fill,1,gtc,0.0,1,stock,597.3200073242188,1.0,0.0
2024-11-14 15:30:00-05:00,MyStrategy,3568103fb0dc47ea91581606b25f4a09,SPY,buy,market,new,1,gtc,0.0,1,stock,,,
2024-11-14 15:30:00-05:00,MyStrategy,3568103fb0dc47ea91581606b25f4a09,SPY,buy,market,fill,1,gtc,0.0,1,stock,597.3200073242188,1.0,0.0
2024-11-15 09:30:00-05:00,MyStrategy,dddef0cc0c834fb9beb11bc387919612,SPY,buy,market,new,1,gtc,0.0,1,stock,,,
2024-11-15 09:30:00-05:00,MyStrategy,dddef0cc0c834fb9beb11bc387919612,SPY,buy,market,fill,1,gtc,0.0,1,stock,589.719970703125,1.0,0.0
2024-11-15 12:30:00-05:00,MyStrategy,5f2972ee55234b98aaba3cdb5be81c85,SPY,buy,market,new,1,gtc,0.0,1,stock,,,
2024-11-15 12:30:00-05:00,MyStrategy,5f2972ee55234b98aaba3cdb5be81c85,SPY,buy,market,fill,1,gtc,0.0,1,stock,589.719970703125,1.0,0.0
2024-11-15 15:30:00-05:00,MyStrategy,5e056137fb9c483c9c8493a7fae22c87,SPY,buy,market,new,1,gtc,0.0,1,stock,,,
2024-11-15 15:30:00-05:00,MyStrategy,5e056137fb9c483c9c8493a7fae22c87,SPY,buy,market,fill,1,gtc,0.0,1,stock,589.719970703125,1.0,0.0
2024-11-18 09:30:00-05:00,MyStrategy,133266f934c9462cb16511fd1097580f,SPY,buy,market,new,1,gtc,0.0,1,stock,,,
2024-11-18 09:30:00-05:00,MyStrategy,133266f934c9462cb16511fd1097580f,SPY,buy,market,fill,1,gtc,0.0,1,stock,586.219970703125,1.0,0.0
2024-11-18 12:30:00-05:00,MyStrategy,a87443732f524a8391942caae0faa57a,SPY,buy,market,new,1,gtc,0.0,1,stock,,,
2024-11-18 12:30:00-05:00,MyStrategy,a87443732f524a8391942caae0faa57a,SPY,buy,market,fill,1,gtc,0.0,1,stock,586.219970703125,1.0,0.0
2024-11-18 15:30:00-05:00,MyStrategy,725c2c23adbb427c9f216ba3d6ba0f16,SPY,buy,market,new,1,gtc,0.0,1,stock,,,
2024-11-18 15:30:00-05:00,MyStrategy,725c2c23adbb427c9f216ba3d6ba0f16,SPY,buy,market,fill,1,gtc,0.0,1,stock,586.219970703125,1.0,0.0
2024-11-19 09:30:00-05:00,MyStrategy,5adb27ed39d94306bf86859b75e27964,SPY,buy,market,new,1,gtc,0.0,1,stock,,,
2024-11-19 09:30:00-05:00,MyStrategy,5adb27ed39d94306bf86859b75e27964,SPY,buy,market,fill,1,gtc,0.0,1,stock,584.7100219726562,1.0,0.0
2024-11-19 12:30:00-05:00,MyStrategy,57f982e03d074819930b89048219f3c1,SPY,buy,market,new,1,gtc,0.0,1,stock,,,
2024-11-19 12:30:00-05:00,MyStrategy,57f982e03d074819930b89048219f3c1,SPY,buy,market,fill,1,gtc,0.0,1,stock,584.7100219726562,1.0,0.0
2024-11-19 15:30:00-05:00,MyStrategy,6c0fb48292a449cc9c59dbbe16f1b27c,SPY,buy,market,new,1,gtc,0.0,1,stock,,,
2024-11-19 15:30:00-05:00,MyStrategy,6c0fb48292a449cc9c59dbbe16f1b27c,SPY,buy,market,fill,1,gtc,0.0,1,stock,584.7100219726562,1.0,0.0
2024-11-20 09:30:00-05:00,MyStrategy,97c72a0dbf02417aaab3b702f7177750,SPY,buy,market,new,1,gtc,0.0,1,stock,,,
2024-11-20 09:30:00-05:00,MyStrategy,97c72a0dbf02417aaab3b702f7177750,SPY,buy,market,fill,1,gtc,0.0,1,stock,590.3800048828125,1.0,0.0
2024-11-20 12:30:00-05:00,MyStrategy,d98c4d11be6342818cbedd68552deb05,SPY,buy,market,new,1,gtc,0.0,1,stock,,,
2024-11-20 12:30:00-05:00,MyStrategy,d98c4d11be6342818cbedd68552deb05,SPY,buy,market,fill,1,gtc,0.0,1,stock,590.3800048828125,1.0,0.0
2024-11-20 15:30:00-05:00,MyStrategy,d0d0b1fcac194b178687123efaf7e5b7,SPY,buy,market,new,1,gtc,0.0,1,stock,,,
2024-11-20 15:30:00-05:00,MyStrategy,d0d0b1fcac194b178687123efaf7e5b7,SPY,buy,market,fill,1,gtc,0.0,1,stock,590.3800048828125,1.0,0.0
2024-11-21 09:30:00-05:00,MyStrategy,8fd3d554f3bc49ad85609612caa5f6b4,SPY,buy,market,new,1,gtc,0.0,1,stock,,,
2024-11-21 09:30:00-05:00,MyStrategy,8fd3d554f3bc49ad85609612caa5f6b4,SPY,buy,market,fill,1,gtc,0.0,1,stock,593.4000244140625,1.0,0.0
2024-11-21 12:30:00-05:00,MyStrategy,e076fa4d86914b81ba299997ad319c9d,SPY,buy,market,new,1,gtc,0.0,1,stock,,,
2024-11-21 12:30:00-05:00,MyStrategy,e076fa4d86914b81ba299997ad319c9d,SPY,buy,market,fill,1,gtc,0.0,1,stock,593.4000244140625,1.0,0.0
2024-11-21 15:30:00-05:00,MyStrategy,47291aba801e4b53ba928080b93fc171,SPY,buy,market,new,1,gtc,0.0,1,stock,,,
2024-11-21 15:30:00-05:00,MyStrategy,47291aba801e4b53ba928080b93fc171,SPY,buy,market,fill,1,gtc,0.0,1,stock,593.4000244140625,1.0,0.0
2024-11-22 09:30:00-05:00,MyStrategy,f1dc6910f651420db1ae63a6e8d1d32f,SPY,buy,market,new,1,gtc,0.0,1,stock,,,
2024-11-22 09:30:00-05:00,MyStrategy,f1dc6910f651420db1ae63a6e8d1d32f,SPY,buy,market,fill,1,gtc,0.0,1,stock,593.6599731445312,1.0,0.0
2024-11-22 12:30:00-05:00,MyStrategy,108c90e3382540db91d96cc5a0b04b30,SPY,buy,market,new,1,gtc,0.0,1,stock,,,
2024-11-22 12:30:00-05:00,MyStrategy,108c90e3382540db91d96cc5a0b04b30,SPY,buy,market,fill,1,gtc,0.0,1,stock,593.6599731445312,1.0,0.0
2024-11-22 15:30:00-05:00,MyStrategy,31f2f1b73a1547b886107563e3d92f00,SPY,buy,market,new,1,gtc,0.0,1,stock,,,
2024-11-22 15:30:00-05:00,MyStrategy,31f2f1b73a1547b886107563e3d92f00,SPY,buy,market,fill,1,gtc,0.0,1,stock,593.6599731445312,1.0,0.0
2024-11-25 09:30:00-05:00,MyStrategy,0dca9112b5be490290ac0586d1c3cfe6,SPY,buy,market,new,1,gtc,0.0,1,stock,,,
2024-11-25 09:30:00-05:00,MyStrategy,0dca9112b5be490290ac0586d1c3cfe6,SPY,buy,market,fill,1,gtc,0.0,1,stock,599.52001953125,1.0,0.0
2024-11-25 12:30:00-05:00,MyStrategy,76c0a6659d1a43e9bbb4f127fadda20d,SPY,buy,market,new,1,gtc,0.0,1,stock,,,
2024-11-25 12:30:00-05:00,MyStrategy,76c0a6659d1a43e9bbb4f127fadda20d,SPY,buy,market,fill,1,gtc,0.0,1,stock,599.52001953125,1.0,0.0
2024-11-25 15:30:00-05:00,MyStrategy,18e03c97fbd644ffa2334cd4d2e2ec07,SPY,buy,market,new,1,gtc,0.0,1,stock,,,
2024-11-25 15:30:00-05:00,MyStrategy,18e03c97fbd644ffa2334cd4d2e2ec07,SPY,buy,market,fill,1,gtc,0.0,1,stock,599.52001953125,1.0,0.0
2024-11-26 09:30:00-05:00,MyStrategy,076c4fea9d844df3bcd6991ccfe12a25,SPY,buy,market,new,1,gtc,0.0,1,stock,,,
2024-11-26 09:30:00-05:00,MyStrategy,076c4fea9d844df3bcd6991ccfe12a25,SPY,buy,market,fill,1,gtc,0.0,1,stock,598.7999877929688,1.0,0.0
2024-11-26 12:30:00-05:00,MyStrategy,117bda62ff814a6a9548db0807bdff7d,SPY,buy,market,new,1,gtc,0.0,1,stock,,,
2024-11-26 12:30:00-05:00,MyStrategy,117bda62ff814a6a9548db0807bdff7d,SPY,buy,market,fill,1,gtc,0.0,1,stock,598.7999877929688,1.0,0.0
2024-11-26 15:30:00-05:00,MyStrategy,ff8de388eb92486994b1c94f62a6b41e,SPY,buy,market,new,1,gtc,0.0,1,stock,,,
2024-11-26 15:30:00-05:00,MyStrategy,ff8de388eb92486994b1c94f62a6b41e,SPY,buy,market,fill,1,gtc,0.0,1,stock,598.7999877929688,1.0,0.0
2024-11-27 09:30:00-05:00,MyStrategy,8719454742964f41ba9542eeac0e335e,SPY,buy,market,new,1,gtc,0.0,1,stock,,,
2024-11-27 09:30:00-05:00,MyStrategy,8719454742964f41ba9542eeac0e335e,SPY,buy,market,fill,1,gtc,0.0,1,stock,600.4600219726562,1.0,0.0
2024-11-27 12:30:00-05:00,MyStrategy,c6fd6524b7d24cd398484a5382a27abc,SPY,buy,market,new,1,gtc,0.0,1,stock,,,
2024-11-27 12:30:00-05:00,MyStrategy,c6fd6524b7d24cd398484a5382a27abc,SPY,buy,market,fill,1,gtc,0.0,1,stock,600.4600219726562,1.0,0.0
2024-11-27 15:30:00-05:00,MyStrategy,bce3fe77ead842afbbf809aff1e50300,SPY,buy,market,new,1,gtc,0.0,1,stock,,,
2024-11-27 15:30:00-05:00,MyStrategy,bce3fe77ead842afbbf809aff1e50300,SPY,buy,market,fill,1,gtc,0.0,1,stock,600.4600219726562,1.0,0.0
2024-11-29 09:30:00-05:00,MyStrategy,0fac0601843644aab1821055eea5eaa4,SPY,buy,market,new,1,gtc,0.0,1,stock,,,
2024-11-29 09:30:00-05:00,MyStrategy,0fac0601843644aab1821055eea5eaa4,SPY,buy,market,fill,1,gtc,0.0,1,stock,599.6599731445312,1.0,0.0
2024-11-29 12:30:00-05:00,MyStrategy,b56ad5c27adb4744be927e4bfe771977,SPY,buy,market,new,1,gtc,0.0,1,stock,,,
2024-11-29 12:30:00-05:00,MyStrategy,b56ad5c27adb4744be927e4bfe771977,SPY,buy,market,fill,1,gtc,0.0,1,stock,599.6599731445312,1.0,0.0
2024-12-02 09:30:00-05:00,MyStrategy,e215aa0aa120409989f56ae88bca05af,SPY,buy,market,new,1,gtc,0.0,1,stock,,,
2024-12-02 09:30:00-05:00,MyStrategy,e215aa0aa120409989f56ae88bca05af,SPY,buy,market,fill,1,gtc,0.0,1,stock,602.969970703125,1.0,0.0
2024-12-02 12:30:00-05:00,MyStrategy,abeccb0eb6214bb291f616fca8530e6b,SPY,buy,market,new,1,gtc,0.0,1,stock,,,
2024-12-02 12:30:00-05:00,MyStrategy,abeccb0eb6214bb291f616fca8530e6b,SPY,buy,market,fill,1,gtc,0.0,1,stock,602.969970703125,1.0,0.0
2024-12-02 15:30:00-05:00,MyStrategy,17299f1c55894b7f8052e36d1431b64b,SPY,buy,market,new,1,gtc,0.0,1,stock,,,
2024-12-02 15:30:00-05:00,MyStrategy,17299f1c55894b7f8052e36d1431b64b,SPY,buy,market,fill,1,gtc,0.0,1,stock,602.969970703125,1.0,0.0
2024-12-03 09:30:00-05:00,MyStrategy,31d7d0b14f054d2baeab297a759c8e41,SPY,buy,market,new,1,gtc,0.0,1,stock,,,
2024-12-03 09:30:00-05:00,MyStrategy,31d7d0b14f054d2baeab297a759c8e41,SPY,buy,market,fill,1,gtc,0.0,1,stock,603.3900146484375,1.0,0.0
2024-12-03 12:30:00-05:00,MyStrategy,b3a1fc831f5e4939923f7b4ce39d1bd6,SPY,buy,market,new,1,gtc,0.0,1,stock,,,
2024-12-03 12:30:00-05:00,MyStrategy,b3a1fc831f5e4939923f7b4ce39d1bd6,SPY,buy,market,fill,1,gtc,0.0,1,stock,603.3900146484375,1.0,0.0
2024-12-03 15:30:00-05:00,MyStrategy,da46c41012f349158b6e685978c81715,SPY,buy,market,new,1,gtc,0.0,1,stock,,,
2024-12-03 15:30:00-05:00,MyStrategy,da46c41012f349158b6e685978c81715,SPY,buy,market,fill,1,gtc,0.0,1,stock,603.3900146484375,1.0,0.0
2024-12-04 09:30:00-05:00,MyStrategy,88fd378bda6b49a6b53760d07907067c,SPY,buy,market,new,1,gtc,0.0,1,stock,,,
2024-12-04 09:30:00-05:00,MyStrategy,88fd378bda6b49a6b53760d07907067c,SPY,buy,market,fill,1,gtc,0.0,1,stock,605.6300048828125,1.0,0.0
2024-12-04 12:30:00-05:00,MyStrategy,72cf788b11cb4305bcdf1fca2dfaeb0c,SPY,buy,market,new,1,gtc,0.0,1,stock,,,
2024-12-04 12:30:00-05:00,MyStrategy,72cf788b11cb4305bcdf1fca2dfaeb0c,SPY,buy,market,fill,1,gtc,0.0,1,stock,605.6300048828125,1.0,0.0
2024-12-04 15:30:00-05:00,MyStrategy,9ca1d2272ebc43cb823a1c7b3dd2b02a,SPY,buy,market,new,1,gtc,0.0,1,stock,,,
2024-12-04 15:30:00-05:00,MyStrategy,9ca1d2272ebc43cb823a1c7b3dd2b02a,SPY,buy,market,fill,1,gtc,0.0,1,stock,605.6300048828125,1.0,0.0
2024-12-05 09:30:00-05:00,MyStrategy,d2f2a4b22d244c81b4483d21b33bbafe,SPY,buy,market,new,1,gtc,0.0,1,stock,,,
2024-12-05 09:30:00-05:00,MyStrategy,d2f2a4b22d244c81b4483d21b33bbafe,SPY,buy,market,fill,1,gtc,0.0,1,stock,607.6599731445312,1.0,0.0
2024-12-05 12:30:00-05:00,MyStrategy,919f23184ff44c039e10a56bed56ea61,SPY,buy,market,new,1,gtc,0.0,1,stock,,,
2024-12-05 12:30:00-05:00,MyStrategy,919f23184ff44c039e10a56bed56ea61,SPY,buy,market,fill,1,gtc,0.0,1,stock,607.6599731445312,1.0,0.0
2024-12-05 15:30:00-05:00,MyStrategy,fb84b8c202684d6e8267bf838ed3139a,SPY,buy,market,new,1,gtc,0.0,1,stock,,,
2024-12-05 15:30:00-05:00,MyStrategy,fb84b8c202684d6e8267bf838ed3139a,SPY,buy,market,fill,1,gtc,0.0,1,stock,607.6599731445312,1.0,0.0
2024-12-06 09:30:00-05:00,MyStrategy,9f70bde1bf3d4f0cab76cd31bc55a59f,SPY,buy,market,new,1,gtc,0.0,1,stock,,,
2024-12-06 09:30:00-05:00,MyStrategy,9f70bde1bf3d4f0cab76cd31bc55a59f,SPY,buy,market,fill,1,gtc,0.0,1,stock,607.4400024414062,1.0,0.0
2024-12-06 12:30:00-05:00,MyStrategy,327a131afab44ecf85ae5cbb8d516be5,SPY,buy,market,new,1,gtc,0.0,1,stock,,,
2024-12-06 12:30:00-05:00,MyStrategy,327a131afab44ecf85ae5cbb8d516be5,SPY,buy,market,fill,1,gtc,0.0,1,stock,607.4400024414062,1.0,0.0
2024-12-06 15:30:00-05:00,MyStrategy,fc27867a8e8544db80d66e07f5ea5383,SPY,buy,market,new,1,gtc,0.0,1,stock,,,
2024-12-06 15:30:00-05:00,MyStrategy,fc27867a8e8544db80d66e07f5ea5383,SPY,buy,market,fill,1,gtc,0.0,1,stock,607.4400024414062,1.0,0.0
2024-12-09 09:30:00-05:00,MyStrategy,2621d8b4cc3b4875804997ec33a1235e,SPY,buy,market,new,1,gtc,0.0,1,stock,,,
2024-12-09 09:30:00-05:00,MyStrategy,2621d8b4cc3b4875804997ec33a1235e,SPY,buy,market,fill,1,gtc,0.0,1,stock,607.6900024414062,1.0,0.0
2024-12-09 12:30:00-05:00,MyStrategy,fc65ffd36dee4525863a26fa493a3fc4,SPY,buy,market,new,1,gtc,0.0,1,stock,,,
2024-12-09 12:30:00-05:00,MyStrategy,fc65ffd36dee4525863a26fa493a3fc4,SPY,buy,market,fill,1,gtc,0.0,1,stock,607.6900024414062,1.0,0.0
2024-12-09 15:30:00-05:00,MyStrategy,a0f530fcc40b4c6bb45fbe3e5c288b3b,SPY,buy,market,new,1,gtc,0.0,1,stock,,,
2024-12-09 15:30:00-05:00,MyStrategy,a0f530fcc40b4c6bb45fbe3e5c288b3b,SPY,buy,market,fill,1,gtc,0.0,1,stock,607.6900024414062,1.0,0.0
2024-12-10 09:30:00-05:00,MyStrategy,c4fc94fecf014884a01c621998fa1874,SPY,buy,market,new,1,gtc,0.0,1,stock,,,
2024-12-10 09:30:00-05:00,MyStrategy,c4fc94fecf014884a01c621998fa1874,SPY,buy,market,fill,1,gtc,0.0,1,stock,605.3699951171875,1.0,0.0
2024-12-10 12:30:00-05:00,MyStrategy,5eafd4ad5c444cfab3ea598ca5550b21,SPY,buy,market,new,1,gtc,0.0,1,stock,,,
2024-12-10 12:30:00-05:00,MyStrategy,5eafd4ad5c444cfab3ea598ca5550b21,SPY,buy,market,fill,1,gtc,0.0,1,stock,605.3699951171875,1.0,0.0
2024-12-10 15:30:00-05:00,MyStrategy,83718337b8994ff2b2997d56f8f20e28,SPY,buy,market,new,1,gtc,0.0,1,stock,,,
2024-12-10 15:30:00-05:00,MyStrategy,83718337b8994ff2b2997d56f8f20e28,SPY,buy,market,fill,1,gtc,0.0,1,stock,605.3699951171875,1.0,0.0
2024-12-11 09:30:00-05:00,MyStrategy,f18432e3adad45f1aa39fe32c16a7147,SPY,buy,market,new,1,gtc,0.0,1,stock,,,
2024-12-11 09:30:00-05:00,MyStrategy,f18432e3adad45f1aa39fe32c16a7147,SPY,buy,market,fill,1,gtc,0.0,1,stock,605.780029296875,1.0,0.0
2024-12-11 12:30:00-05:00,MyStrategy,fc7529eaaf784fffb9c602523b567289,SPY,buy,market,new,1,gtc,0.0,1,stock,,,
2024-12-11 12:30:00-05:00,MyStrategy,fc7529eaaf784fffb9c602523b567289,SPY,buy,market,fill,1,gtc,0.0,1,stock,605.780029296875,1.0,0.0
2024-12-11 15:30:00-05:00,MyStrategy,1a58b29b8f154078a145973b15c78e93,SPY,buy,market,new,1,gtc,0.0,1,stock,,,
2024-12-11 15:30:00-05:00,MyStrategy,1a58b29b8f154078a145973b15c78e93,SPY,buy,market,fill,1,gtc,0.0,1,stock,605.780029296875,1.0,0.0
2024-12-12 09:30:00-05:00,MyStrategy,c38a01db28d84b4ebb3b7decf143d73d,SPY,buy,market,new,1,gtc,0.0,1,stock,,,
2024-12-12 09:30:00-05:00,MyStrategy,c38a01db28d84b4ebb3b7decf143d73d,SPY,buy,market,fill,1,gtc,0.0,1,stock,606.5800170898438,1.0,0.0
2024-12-12 12:30:00-05:00,MyStrategy,cd6ea84479a64a29aaba475d77da8700,SPY,buy,market,new,1,gtc,0.0,1,stock,,,
2024-12-12 12:30:00-05:00,MyStrategy,cd6ea84479a64a29aaba475d77da8700,SPY,buy,market,fill,1,gtc,0.0,1,stock,606.5800170898438,1.0,0.0
2024-12-12 15:30:00-05:00,MyStrategy,8e91c230fe344995b751576f8e3f000e,SPY,buy,market,new,1,gtc,0.0,1,stock,,,
2024-12-12 15:30:00-05:00,MyStrategy,8e91c230fe344995b751576f8e3f000e,SPY,buy,market,fill,1,gtc,0.0,1,stock,606.5800170898438,1.0,0.0
2024-12-13 09:30:00-05:00,MyStrategy,e31d0aca0827464b88080262f3584aa7,SPY,buy,market,new,1,gtc,0.0,1,stock,,,
2024-12-13 09:30:00-05:00,MyStrategy,e31d0aca0827464b88080262f3584aa7,SPY,buy,market,fill,1,gtc,0.0,1,stock,606.4000244140625,1.0,0.0
2024-12-13 12:30:00-05:00,MyStrategy,3563da8b5294414d89f765a664f44498,SPY,buy,market,new,1,gtc,0.0,1,stock,,,
2024-12-13 12:30:00-05:00,MyStrategy,3563da8b5294414d89f765a664f44498,SPY,buy,market,fill,1,gtc,0.0,1,stock,606.4000244140625,1.0,0.0
2024-12-13 15:30:00-05:00,MyStrategy,5abc8847b69d4671a1d5fae3a0f5c001,SPY,buy,market,new,1,gtc,0.0,1,stock,,,
2024-12-13 15:30:00-05:00,MyStrategy,5abc8847b69d4671a1d5fae3a0f5c001,SPY,buy,market,fill,1,gtc,0.0,1,stock,606.4000244140625,1.0,0.0
2024-12-16 09:30:00-05:00,MyStrategy,c276f61df0cf4bfd928e5b0c5b0c46c0,SPY,buy,market,new,1,gtc,0.0,1,stock,,,
2024-12-16 09:30:00-05:00,MyStrategy,c276f61df0cf4bfd928e5b0c5b0c46c0,SPY,buy,market,fill,1,gtc,0.0,1,stock,606.0,1.0,0.0
2024-12-16 12:30:00-05:00,MyStrategy,1b452b20ddfb46f6b56fc05a3fecd995,SPY,buy,market,new,1,gtc,0.0,1,stock,,,
2024-12-16 12:30:00-05:00,MyStrategy,1b452b20ddfb46f6b56fc05a3fecd995,SPY,buy,market,fill,1,gtc,0.0,1,stock,606.0,1.0,0.0
2024-12-16 15:30:00-05:00,MyStrategy,4ade8b56d81b44e2b95d32690255afc8,SPY,buy,market,new,1,gtc,0.0,1,stock,,,
2024-12-16 15:30:00-05:00,MyStrategy,4ade8b56d81b44e2b95d32690255afc8,SPY,buy,market,fill,1,gtc,0.0,1,stock,606.0,1.0,0.0
2024-12-17 09:30:00-05:00,MyStrategy,c959fc8d9e1e4f82840a2660cf327e5f,SPY,buy,market,new,1,gtc,0.0,1,stock,,,
2024-12-17 09:30:00-05:00,MyStrategy,c959fc8d9e1e4f82840a2660cf327e5f,SPY,buy,market,fill,1,gtc,0.0,1,stock,604.1900024414062,1.0,0.0
2024-12-17 12:30:00-05:00,MyStrategy,5aa2c50cfe5b4ce78de2ae38e0535cf1,SPY,buy,market,new,1,gtc,0.0,1,stock,,,
2024-12-17 12:30:00-05:00,MyStrategy,5aa2c50cfe5b4ce78de2ae38e0535cf1,SPY,buy,market,fill,1,gtc,0.0,1,stock,604.1900024414062,1.0,0.0
2024-12-17 15:30:00-05:00,MyStrategy,9c29200952a64e52963bc11d02f9ed0e,SPY,buy,market,new,1,gtc,0.0,1,stock,,,
2024-12-17 15:30:00-05:00,MyStrategy,9c29200952a64e52963bc11d02f9ed0e,SPY,buy,market,fill,1,gtc,0.0,1,stock,604.1900024414062,1.0,0.0
2024-12-18 09:30:00-05:00,MyStrategy,3d73791bc66343fcbe98d026a3d6b1cb,SPY,buy,market,new,1,gtc,0.0,1,stock,,,
2024-12-18 09:30:00-05:00,MyStrategy,3d73791bc66343fcbe98d026a3d6b1cb,SPY,buy,market,fill,1,gtc,0.0,1,stock,603.97998046875,1.0,0.0
2024-12-18 12:30:00-05:00,MyStrategy,c0825bf4bd3945d0a81cdafd32a22cf0,SPY,buy,market,new,1,gtc,0.0,1,stock,,,
2024-12-18 12:30:00-05:00,MyStrategy,c0825bf4bd3945d0a81cdafd32a22cf0,SPY,buy,market,fill,1,gtc,0.0,1,stock,603.97998046875,1.0,0.0
2024-12-18 15:30:00-05:00,MyStrategy,c7e1ce82c4d746b6b746675d02d5a446,SPY,buy,market,new,1,gtc,0.0,1,stock,,,
2024-12-18 15:30:00-05:00,MyStrategy,c7e1ce82c4d746b6b746675d02d5a446,SPY,buy,market,fill,1,gtc,0.0,1,stock,603.97998046875,1.0,0.0
2024-12-19 09:30:00-05:00,MyStrategy,6ac8af5e3971430cbffa87314cfcb57e,SPY,buy,market,new,1,gtc,0.0,1,stock,,,
2024-12-19 09:30:00-05:00,MyStrategy,6ac8af5e3971430cbffa87314cfcb57e,SPY,buy,market,fill,1,gtc,0.0,1,stock,591.3599853515625,1.0,0.0
2024-12-19 12:30:00-05:00,MyStrategy,ab8b203145eb4b7c8a2c364ac7d127e3,SPY,buy,market,new,1,gtc,0.0,1,stock,,,
2024-12-19 12:30:00-05:00,MyStrategy,ab8b203145eb4b7c8a2c364ac7d127e3,SPY,buy,market,fill,1,gtc,0.0,1,stock,591.3599853515625,1.0,0.0
2024-12-19 15:30:00-05:00,MyStrategy,196234e9ac864c398abcc52b2abc461a,SPY,buy,market,new,1,gtc,0.0,1,stock,,,
2024-12-19 15:30:00-05:00,MyStrategy,196234e9ac864c398abcc52b2abc461a,SPY,buy,market,fill,1,gtc,0.0,1,stock,591.3599853515625,1.0,0.0
2024-12-20 09:30:00-05:00,MyStrategy,466b66a909fb4f45a4c5f50d59275850,SPY,buy,market,new,1,gtc,0.0,1,stock,,,
2024-12-20 09:30:00-05:00,MyStrategy,466b66a909fb4f45a4c5f50d59275850,SPY,buy,market,fill,1,gtc,0.0,1,stock,581.77001953125,1.0,0.0
2024-12-20 12:30:00-05:00,MyStrategy,682954397b4a481993148ad3d4984d29,SPY,buy,market,new,1,gtc,0.0,1,stock,,,
2024-12-20 12:30:00-05:00,MyStrategy,682954397b4a481993148ad3d4984d29,SPY,buy,market,fill,1,gtc,0.0,1,stock,581.77001953125,1.0,0.0
2024-12-20 15:30:00-05:00,MyStrategy,41ef9e19d6ae41289cd30d14456baaeb,SPY,buy,market,new,1,gtc,0.0,1,stock,,,
2024-12-20 15:30:00-05:00,MyStrategy,41ef9e19d6ae41289cd30d14456baaeb,SPY,buy,market,fill,1,gtc,0.0,1,stock,581.77001953125,1.0,0.0
2024-12-23 09:30:00-05:00,MyStrategy,9b76d351b9b142d3820f3521af4954a0,SPY,buy,market,new,1,gtc,0.0,1,stock,,,
2024-12-23 09:30:00-05:00,MyStrategy,9b76d351b9b142d3820f3521af4954a0,SPY,buy,market,fill,1,gtc,0.0,1,stock,590.8900146484375,1.0,0.0
2024-12-23 12:30:00-05:00,MyStrategy,096609c7513045b899a11abc61c0d777,SPY,buy,market,new,1,gtc,0.0,1,stock,,,
2024-12-23 12:30:00-05:00,MyStrategy,096609c7513045b899a11abc61c0d777,SPY,buy,market,fill,1,gtc,0.0,1,stock,590.8900146484375,1.0,0.0
2024-12-23 15:30:00-05:00,MyStrategy,6224a908f718483cb370b6531c88da1c,SPY,buy,market,new,1,gtc,0.0,1,stock,,,
2024-12-23 15:30:00-05:00,MyStrategy,6224a908f718483cb370b6531c88da1c,SPY,buy,market,fill,1,gtc,0.0,1,stock,590.8900146484375,1.0,0.0
2024-12-24 09:30:00-05:00,MyStrategy,4fa1b8953a8c44618772ee3938e08b41,SPY,buy,market,new,1,gtc,0.0,1,stock,,,
2024-12-24 09:30:00-05:00,MyStrategy,4fa1b8953a8c44618772ee3938e08b41,SPY,buy,market,fill,1,gtc,0.0,1,stock,596.0599975585938,1.0,0.0
2024-12-24 12:30:00-05:00,MyStrategy,adab13e7d4b640ce8fff9d1956e3ad66,SPY,buy,market,new,1,gtc,0.0,1,stock,,,
2024-12-24 12:30:00-05:00,MyStrategy,adab13e7d4b640ce8fff9d1956e3ad66,SPY,buy,market,fill,1,gtc,0.0,1,stock,596.0599975585938,1.0,0.0
2024-12-26 09:30:00-05:00,MyStrategy,39793bc71f1548fbb80c3f56530fbfb5,SPY,buy,market,new,1,gtc,0.0,1,stock,,,
2024-12-26 09:30:00-05:00,MyStrategy,39793bc71f1548fbb80c3f56530fbfb5,SPY,buy,market,fill,1,gtc,0.0,1,stock,599.5,1.0,0.0
2024-12-26 12:30:00-05:00,MyStrategy,a419f4c714564fd6ae9c9b36f457068a,SPY,buy,market,new,1,gtc,0.0,1,stock,,,
2024-12-26 12:30:00-05:00,MyStrategy,a419f4c714564fd6ae9c9b36f457068a,SPY,buy,market,fill,1,gtc,0.0,1,stock,599.5,1.0,0.0
2024-12-26 15:30:00-05:00,MyStrategy,fdf8f92b019549c9b61910f2850d5031,SPY,buy,market,new,1,gtc,0.0,1,stock,,,
2024-12-26 15:30:00-05:00,MyStrategy,fdf8f92b019549c9b61910f2850d5031,SPY,buy,market,fill,1,gtc,0.0,1,stock,599.5,1.0,0.0
2024-12-27 09:30:00-05:00,MyStrategy,d30d29800bfb4d9ca80e6a2dbf1fa49a,SPY,buy,market,new,1,gtc,0.0,1,stock,,,
2024-12-27 09:30:00-05:00,MyStrategy,d30d29800bfb4d9ca80e6a2dbf1fa49a,SPY,buy,market,fill,1,gtc,0.0,1,stock,597.5399780273438,1.0,0.0
2024-12-27 12:30:00-05:00,MyStrategy,e723f25bec2b49e6b01ed329bc308ad6,SPY,buy,market,new,1,gtc,0.0,1,stock,,,
2024-12-27 12:30:00-05:00,MyStrategy,e723f25bec2b49e6b01ed329bc308ad6,SPY,buy,market,fill,1,gtc,0.0,1,stock,597.5399780273438,1.0,0.0
2024-12-27 15:30:00-05:00,MyStrategy,80540d80a95b41539efcd44c4c411dda,SPY,buy,market,new,1,gtc,0.0,1,stock,,,
2024-12-27 15:30:00-05:00,MyStrategy,80540d80a95b41539efcd44c4c411dda,SPY,buy,market,fill,1,gtc,0.0,1,stock,597.5399780273438,1.0,0.0
2024-12-30 09:30:00-05:00,MyStrategy,77d770e8ac1d4e56b56c75f1cd16439b,SPY,buy,market,new,1,gtc,0.0,1,stock,,,
2024-12-30 09:30:00-05:00,MyStrategy,77d770e8ac1d4e56b56c75f1cd16439b,SPY,buy,market,fill,1,gtc,0.0,1,stock,587.8900146484375,1.0,0.0
2024-12-30 12:30:00-05:00,MyStrategy,b040f0c01ff34545b4645592a678ab47,SPY,buy,market,new,1,gtc,0.0,1,stock,,,
2024-12-30 12:30:00-05:00,MyStrategy,b040f0c01ff34545b4645592a678ab47,SPY,buy,market,fill,1,gtc,0.0,1,stock,587.8900146484375,1.0,0.0
2024-12-30 15:30:00-05:00,MyStrategy,508e2dfc0dff4c91a72451ec3a6fdb88,SPY,buy,market,new,1,gtc,0.0,1,stock,,,
2024-12-30 15:30:00-05:00,MyStrategy,508e2dfc0dff4c91a72451ec3a6fdb88,SPY,buy,market,fill,1,gtc,0.0,1,stock,587.8900146484375,1.0,0.0
