time,strategy,identifier,symbol,side,type,status,multiplier,time_in_force,asset.strike,asset.multiplier,asset.asset_type,price,filled_quantity,trade_cost
2024-01-02 09:30:00-05:00,MyStrategy,9d64898d690b44ba84ca0524c8488830,SPY,buy,market,new,1,gtc,0.0,1,stock,,,
2024-01-02 09:30:00-05:00,MyStrategy,9d64898d690b44ba84ca0524c8488830,SPY,buy,market,fill,1,gtc,0.0,1,stock,472.1600036621094,100.0,0.0
2024-01-02 12:30:00-05:00,MyStrategy,05ff78f7c87b477886406f3ae23f25e2,SPY,buy,market,new,1,gtc,0.0,1,stock,,,
2024-01-02 12:30:00-05:00,MyStrategy,05ff78f7c87b477886406f3ae23f25e2,SPY,buy,market,fill,1,gtc,0.0,1,stock,472.1600036621094,100.0,0.0
2024-01-02 15:30:00-05:00,MyStrategy,1384fcf262164382867c285c958a5864,SPY,buy,market,new,1,gtc,0.0,1,stock,,,
2024-01-02 15:30:00-05:00,MyStrategy,1384fcf262164382867c285c958a5864,SPY,buy,market,fill,1,gtc,0.0,1,stock,472.1600036621094,100.0,0.0
2024-01-03 09:30:00-05:00,MyStrategy,00d01508a03b49ba963d340a3f1d41f8,SPY,buy,market,new,1,gtc,0.0,1,stock,,,
2024-01-03 09:30:00-05:00,MyStrategy,00d01508a03b49ba963d340a3f1d41f8,SPY,buy,market,fill,1,gtc,0.0,1,stock,470.42999267578125,100.0,0.0
2024-01-03 12:30:00-05:00,MyStrategy,1cd97829ca394fdcba812923189f9c15,SPY,buy,market,new,1,gtc,0.0,1,stock,,,
2024-01-03 12:30:00-05:00,MyStrategy,1cd97829ca394fdcba812923189f9c15,SPY,buy,market,fill,1,gtc,0.0,1,stock,470.42999267578125,100.0,0.0
2024-01-03 15:30:00-05:00,MyStrategy,d56bcc02e4a345859f7b26436bfcb811,SPY,buy,market,new,1,gtc,0.0,1,stock,,,
2024-01-03 15:30:00-05:00,MyStrategy,d56bcc02e4a345859f7b26436bfcb811,SPY,buy,market,fill,1,gtc,0.0,1,stock,470.42999267578125,100.0,0.0
2024-01-04 09:30:00-05:00,MyStrategy,fba53f76b73349c1880e7c25c74d4554,SPY,buy,market,new,1,gtc,0.0,1,stock,,,
2024-01-04 09:30:00-05:00,MyStrategy,fba53f76b73349c1880e7c25c74d4554,SPY,buy,market,fill,1,gtc,0.0,1,stock,468.29998779296875,100.0,0.0
2024-01-04 12:30:00-05:00,MyStrategy,64743a25907542199a178a0f745932fe,SPY,buy,market,new,1,gtc,0.0,1,stock,,,
2024-01-04 12:30:00-05:00,MyStrategy,64743a25907542199a178a0f745932fe,SPY,buy,market,fill,1,gtc,0.0,1,stock,468.29998779296875,100.0,0.0
2024-01-04 15:30:00-05:00,MyStrategy,55cfca3ef61a4f52a7220f723ab9931b,SPY,buy,market,new,1,gtc,0.0,1,stock,,,
2024-01-04 15:30:00-05:00,MyStrategy,55cfca3ef61a4f52a7220f723ab9931b,SPY,buy,market,fill,1,gtc,0.0,1,stock,468.29998779296875,100.0,0.0
2024-01-05 09:30:00-05:00,MyStrategy,94677751482548b8b52e6a171cff790c,SPY,buy,market,new,1,gtc,0.0,1,stock,,,
2024-01-05 09:30:00-05:00,MyStrategy,94677751482548b8b52e6a171cff790c,SPY,buy,market,fill,1,gtc,0.0,1,stock,467.489990234375,100.0,0.0
2024-01-05 12:30:00-05:00,MyStrategy,845cf8c01e8e4694a0c10ac852feac5a,SPY,buy,market,new,1,gtc,0.0,1,stock,,,
2024-01-05 12:30:00-05:00,MyStrategy,845cf8c01e8e4694a0c10ac852feac5a,SPY,buy,market,fill,1,gtc,0.0,1,stock,467.489990234375,100.0,0.0
2024-01-05 15:30:00-05:00,MyStrategy,6797c09d28bc4507a0fbe126d792f20d,SPY,buy,market,new,1,gtc,0.0,1,stock,,,
2024-01-05 15:30:00-05:00,MyStrategy,6797c09d28bc4507a0fbe126d792f20d,SPY,buy,market,fill,1,gtc,0.0,1,stock,467.489990234375,100.0,0.0
2024-01-08 09:30:00-05:00,MyStrategy,60bac1718eda45e1a540eb49cf0823f7,SPY,buy,market,new,1,gtc,0.0,1,stock,,,
2024-01-08 09:30:00-05:00,MyStrategy,60bac1718eda45e1a540eb49cf0823f7,SPY,buy,market,fill,1,gtc,0.0,1,stock,468.42999267578125,100.0,0.0
2024-01-08 12:30:00-05:00,MyStrategy,811fdfa1881147e29eaf23cb2742a7e9,SPY,buy,market,new,1,gtc,0.0,1,stock,,,
2024-01-08 12:30:00-05:00,MyStrategy,811fdfa1881147e29eaf23cb2742a7e9,SPY,buy,market,fill,1,gtc,0.0,1,stock,468.42999267578125,100.0,0.0
2024-01-08 15:30:00-05:00,MyStrategy,40c80ce30ac04bb5a98d74585473186b,SPY,buy,market,new,1,gtc,0.0,1,stock,,,
2024-01-08 15:30:00-05:00,MyStrategy,40c80ce30ac04bb5a98d74585473186b,SPY,buy,market,fill,1,gtc,0.0,1,stock,468.42999267578125,100.0,0.0
2024-01-09 09:30:00-05:00,MyStrategy,a4edc135b8134b12b21180eaffe56ee8,SPY,buy,market,new,1,gtc,0.0,1,stock,,,
2024-01-09 09:30:00-05:00,MyStrategy,a4edc135b8134b12b21180eaffe56ee8,SPY,buy,market,fill,1,gtc,0.0,1,stock,471.8699951171875,100.0,0.0
2024-01-09 12:30:00-05:00,MyStrategy,a3ce2fc66dbd4fdda44226f01490f021,SPY,buy,market,new,1,gtc,0.0,1,stock,,,
2024-01-09 12:30:00-05:00,MyStrategy,a3ce2fc66dbd4fdda44226f01490f021,SPY,buy,market,fill,1,gtc,0.0,1,stock,471.8699951171875,100.0,0.0
2024-01-09 15:30:00-05:00,MyStrategy,a1ea0bf05b49473dafeeb3c0550fc925,SPY,buy,market,new,1,gtc,0.0,1,stock,,,
2024-01-09 15:30:00-05:00,MyStrategy,a1ea0bf05b49473dafeeb3c0550fc925,SPY,buy,market,fill,1,gtc,0.0,1,stock,471.8699951171875,100.0,0.0
2024-01-10 09:30:00-05:00,MyStrategy,29dc9efecfba415c8151c47f090f6df2,SPY,buy,market,new,1,gtc,0.0,1,stock,,,
2024-01-10 09:30:00-05:00,MyStrategy,29dc9efecfba415c8151c47f090f6df2,SPY,buy,market,fill,1,gtc,0.0,1,stock,474.1600036621094,100.0,0.0
2024-01-10 12:30:00-05:00,MyStrategy,3edd1363e8d64e89918820bd3f35da4b,SPY,buy,market,new,1,gtc,0.0,1,stock,,,
2024-01-10 12:30:00-05:00,MyStrategy,3edd1363e8d64e89918820bd3f35da4b,SPY,buy,market,fill,1,gtc,0.0,1,stock,474.1600036621094,100.0,0.0
2024-01-10 15:30:00-05:00,MyStrategy,8477c74965b5412fb06314b490a55849,SPY,buy,market,new,1,gtc,0.0,1,stock,,,
2024-01-10 15:30:00-05:00,MyStrategy,8477c74965b5412fb06314b490a55849,SPY,buy,market,fill,1,gtc,0.0,1,stock,474.1600036621094,100.0,0.0
2024-01-11 09:30:00-05:00,MyStrategy,a5145d32a8754e79b23602db327c4447,SPY,buy,market,new,1,gtc,0.0,1,stock,,,
2024-01-11 09:30:00-05:00,MyStrategy,a5145d32a8754e79b23602db327c4447,SPY,buy,market,fill,1,gtc,0.0,1,stock,477.5899963378906,100.0,0.0
2024-01-11 12:30:00-05:00,MyStrategy,0bad0a531b9347b9aae1bb1a1673e1aa,SPY,buy,market,new,1,gtc,0.0,1,stock,,,
2024-01-11 12:30:00-05:00,MyStrategy,0bad0a531b9347b9aae1bb1a1673e1aa,SPY,buy,market,fill,1,gtc,0.0,1,stock,477.5899963378906,100.0,0.0
2024-01-11 15:30:00-05:00,MyStrategy,ab3405326c4845af8177a059f978eeeb,SPY,buy,market,new,1,gtc,0.0,1,stock,,,
2024-01-11 15:30:00-05:00,MyStrategy,ab3405326c4845af8177a059f978eeeb,SPY,buy,market,fill,1,gtc,0.0,1,stock,477.5899963378906,100.0,0.0
2024-01-12 09:30:00-05:00,MyStrategy,6eb60937297940e7a46ddf562339d5a4,SPY,buy,market,new,1,gtc,0.0,1,stock,,,
2024-01-12 09:30:00-05:00,MyStrategy,6eb60937297940e7a46ddf562339d5a4,SPY,buy,market,fill,1,gtc,0.0,1,stock,477.8399963378906,100.0,0.0
2024-01-12 12:30:00-05:00,MyStrategy,44172696ef9d4251bc90e2ac3be24c61,SPY,buy,market,new,1,gtc,0.0,1,stock,,,
2024-01-12 12:30:00-05:00,MyStrategy,44172696ef9d4251bc90e2ac3be24c61,SPY,buy,market,fill,1,gtc,0.0,1,stock,477.8399963378906,100.0,0.0
2024-01-12 15:30:00-05:00,MyStrategy,72cea5513fc141729debc89ef2a76907,SPY,buy,market,new,1,gtc,0.0,1,stock,,,
2024-01-12 15:30:00-05:00,MyStrategy,72cea5513fc141729debc89ef2a76907,SPY,buy,market,fill,1,gtc,0.0,1,stock,477.8399963378906,100.0,0.0
2024-01-16 09:30:00-05:00,MyStrategy,70e1182fd8c34b16b59eca70b69936e2,SPY,buy,market,new,1,gtc,0.0,1,stock,,,
2024-01-16 09:30:00-05:00,MyStrategy,70e1182fd8c34b16b59eca70b69936e2,SPY,buy,market,fill,1,gtc,0.0,1,stock,475.260009765625,100.0,0.0
2024-01-16 12:30:00-05:00,MyStrategy,8dd3ea928eb644158b6d568875108e66,SPY,buy,market,new,1,gtc,0.0,1,stock,,,
2024-01-16 12:30:00-05:00,MyStrategy,8dd3ea928eb644158b6d568875108e66,SPY,buy,market,fill,1,gtc,0.0,1,stock,475.260009765625,100.0,0.0
2024-01-16 15:30:00-05:00,MyStrategy,9a0a3d006fb04bf191cbd0d58b2cafd9,SPY,buy,market,new,1,gtc,0.0,1,stock,,,
2024-01-16 15:30:00-05:00,MyStrategy,9a0a3d006fb04bf191cbd0d58b2cafd9,SPY,buy,market,fill,1,gtc,0.0,1,stock,475.260009765625,100.0,0.0
2024-01-17 09:30:00-05:00,MyStrategy,4cd3e3b7cb074af89bf721b6e17a93a0,SPY,buy,market,new,1,gtc,0.0,1,stock,,,
2024-01-17 09:30:00-05:00,MyStrategy,4cd3e3b7cb074af89bf721b6e17a93a0,SPY,buy,market,fill,1,gtc,0.0,1,stock,471.82000732421875,100.0,0.0
2024-01-17 12:30:00-05:00,MyStrategy,6d0435fa5fe745cc823fe7e65cc04728,SPY,buy,market,new,1,gtc,0.0,1,stock,,,
2024-01-17 12:30:00-05:00,MyStrategy,6d0435fa5fe745cc823fe7e65cc04728,SPY,buy,market,fill,1,gtc,0.0,1,stock,471.82000732421875,100.0,0.0
2024-01-17 15:30:00-05:00,MyStrategy,0136fba167b94d2892bcc2c1a277a5e4,SPY,buy,market,new,1,gtc,0.0,1,stock,,,
2024-01-17 15:30:00-05:00,MyStrategy,0136fba167b94d2892bcc2c1a277a5e4,SPY,buy,market,fill,1,gtc,0.0,1,stock,471.82000732421875,100.0,0.0
2024-01-18 09:30:00-05:00,MyStrategy,8bc604e2355b41449d004cbc78d0e785,SPY,buy,market,new,1,gtc,0.0,1,stock,,,
2024-01-18 09:30:00-05:00,MyStrategy,8bc604e2355b41449d004cbc78d0e785,SPY,buy,market,fill,1,gtc,0.0,1,stock,474.010009765625,100.0,0.0
2024-01-18 12:30:00-05:00,MyStrategy,1526759089b445c180cf059380477c4c,SPY,buy,market,new,1,gtc,0.0,1,stock,,,
2024-01-18 12:30:00-05:00,MyStrategy,1526759089b445c180cf059380477c4c,SPY,buy,market,fill,1,gtc,0.0,1,stock,474.010009765625,100.0,0.0
2024-01-18 15:30:00-05:00,MyStrategy,ccfb714991b0415a8c6d344f768a61ae,SPY,buy,market,new,1,gtc,0.0,1,stock,,,
2024-01-18 15:30:00-05:00,MyStrategy,ccfb714991b0415a8c6d344f768a61ae,SPY,buy,market,fill,1,gtc,0.0,1,stock,474.010009765625,100.0,0.0
2024-01-19 09:30:00-05:00,MyStrategy,5026200b13bc48d680f7c66330b69d12,SPY,buy,market,new,1,gtc,0.0,1,stock,,,
2024-01-19 09:30:00-05:00,MyStrategy,5026200b13bc48d680f7c66330b69d12,SPY,buy,market,fill,1,gtc,0.0,1,stock,477.6499938964844,100.0,0.0
2024-01-19 12:30:00-05:00,MyStrategy,32dfe0c8f8404567898c414d14570f84,SPY,buy,market,new,1,gtc,0.0,1,stock,,,
2024-01-19 12:30:00-05:00,MyStrategy,32dfe0c8f8404567898c414d14570f84,SPY,buy,market,fill,1,gtc,0.0,1,stock,477.6499938964844,100.0,0.0
2024-01-19 15:30:00-05:00,MyStrategy,cd5bf7bbcd34402c9ac5934c47f44673,SPY,buy,market,new,1,gtc,0.0,1,stock,,,
2024-01-19 15:30:00-05:00,MyStrategy,cd5bf7bbcd34402c9ac5934c47f44673,SPY,buy,market,fill,1,gtc,0.0,1,stock,477.6499938964844,100.0,0.0
2024-01-22 09:30:00-05:00,MyStrategy,7d9bde90228c4c608f72c614f3f02bab,SPY,buy,market,new,1,gtc,0.0,1,stock,,,
2024-01-22 09:30:00-05:00,MyStrategy,7d9bde90228c4c608f72c614f3f02bab,SPY,buy,market,fill,1,gtc,0.0,1,stock,484.010009765625,100.0,0.0
2024-01-22 12:30:00-05:00,MyStrategy,4ea00197804d4dcd92458c03e92ce15b,SPY,buy,market,new,1,gtc,0.0,1,stock,,,
2024-01-22 12:30:00-05:00,MyStrategy,4ea00197804d4dcd92458c03e92ce15b,SPY,buy,market,fill,1,gtc,0.0,1,stock,484.010009765625,100.0,0.0
2024-01-22 15:30:00-05:00,MyStrategy,6973636a7766451083134e4abc36daaa,SPY,buy,market,new,1,gtc,0.0,1,stock,,,
2024-01-22 15:30:00-05:00,MyStrategy,6973636a7766451083134e4abc36daaa,SPY,buy,market,fill,1,gtc,0.0,1,stock,484.010009765625,100.0,0.0
2024-01-23 09:30:00-05:00,MyStrategy,a52efd73ac724f93aad382406e8fede2,SPY,buy,market,new,1,gtc,0.0,1,stock,,,
2024-01-23 09:30:00-05:00,MyStrategy,a52efd73ac724f93aad382406e8fede2,SPY,buy,market,fill,1,gtc,0.0,1,stock,484.010009765625,100.0,0.0
2024-01-23 12:30:00-05:00,MyStrategy,bb87dfcbc1ca440aa8d3e83a2f9157e1,SPY,buy,market,new,1,gtc,0.0,1,stock,,,
2024-01-23 12:30:00-05:00,MyStrategy,bb87dfcbc1ca440aa8d3e83a2f9157e1,SPY,buy,market,fill,1,gtc,0.0,1,stock,484.010009765625,100.0,0.0
2024-01-23 15:30:00-05:00,MyStrategy,34b08751b2184c51b3f5e06c137e01a9,SPY,buy,market,new,1,gtc,0.0,1,stock,,,
2024-01-23 15:30:00-05:00,MyStrategy,34b08751b2184c51b3f5e06c137e01a9,SPY,buy,market,fill,1,gtc,0.0,1,stock,484.010009765625,100.0,0.0
2024-01-24 09:30:00-05:00,MyStrategy,5cf258763cca4d1bb4a2a06a3415091e,SPY,buy,market,new,1,gtc,0.0,1,stock,,,
2024-01-24 09:30:00-05:00,MyStrategy,5cf258763cca4d1bb4a2a06a3415091e,SPY,buy,market,fill,1,gtc,0.0,1,stock,487.80999755859375,100.0,0.0
2024-01-24 12:30:00-05:00,MyStrategy,71c40474fbd145a6af8a5a8b11ed6f8d,SPY,buy,market,new,1,gtc,0.0,1,stock,,,
2024-01-24 12:30:00-05:00,MyStrategy,71c40474fbd145a6af8a5a8b11ed6f8d,SPY,buy,market,fill,1,gtc,0.0,1,stock,487.80999755859375,100.0,0.0
2024-01-24 15:30:00-05:00,MyStrategy,c73ecb1e934148fd834dfbcddf2c4c28,SPY,buy,market,new,1,gtc,0.0,1,stock,,,
2024-01-24 15:30:00-05:00,MyStrategy,c73ecb1e934148fd834dfbcddf2c4c28,SPY,buy,market,fill,1,gtc,0.0,1,stock,487.80999755859375,100.0,0.0
2024-01-25 09:30:00-05:00,MyStrategy,04eab472bbf0401f91e26f4c1cdfd759,SPY,buy,market,new,1,gtc,0.0,1,stock,,,
2024-01-25 09:30:00-05:00,MyStrategy,04eab472bbf0401f91e26f4c1cdfd759,SPY,buy,market,fill,1,gtc,0.0,1,stock,487.5799865722656,100.0,0.0
2024-01-25 12:30:00-05:00,MyStrategy,67bd811d4aff4b41ad5c6035f6a5dfae,SPY,buy,market,new,1,gtc,0.0,1,stock,,,
2024-01-25 12:30:00-05:00,MyStrategy,67bd811d4aff4b41ad5c6035f6a5dfae,SPY,buy,market,fill,1,gtc,0.0,1,stock,487.5799865722656,100.0,0.0
2024-01-25 15:30:00-05:00,MyStrategy,99ba2bd4e7c24a3fa7facb474b62523e,SPY,buy,market,new,1,gtc,0.0,1,stock,,,
2024-01-25 15:30:00-05:00,MyStrategy,99ba2bd4e7c24a3fa7facb474b62523e,SPY,buy,market,fill,1,gtc,0.0,1,stock,487.5799865722656,100.0,0.0
2024-01-26 09:30:00-05:00,MyStrategy,df00e5def88f4efba0d74d4a2d154018,SPY,buy,market,new,1,gtc,0.0,1,stock,,,
2024-01-26 09:30:00-05:00,MyStrategy,df00e5def88f4efba0d74d4a2d154018,SPY,buy,market,fill,1,gtc,0.0,1,stock,487.5899963378906,100.0,0.0
2024-01-26 12:30:00-05:00,MyStrategy,11c4c6dd8a2840e0aeff1f6efe60be9e,SPY,buy,market,new,1,gtc,0.0,1,stock,,,
2024-01-26 12:30:00-05:00,MyStrategy,11c4c6dd8a2840e0aeff1f6efe60be9e,SPY,buy,market,fill,1,gtc,0.0,1,stock,487.5899963378906,100.0,0.0
2024-01-26 15:30:00-05:00,MyStrategy,da6b8477b8e249e0b7564fd71812d896,SPY,buy,market,new,1,gtc,0.0,1,stock,,,
2024-01-26 15:30:00-05:00,MyStrategy,da6b8477b8e249e0b7564fd71812d896,SPY,buy,market,fill,1,gtc,0.0,1,stock,487.5899963378906,100.0,0.0
2024-01-29 09:30:00-05:00,MyStrategy,4e75eae7a8be46ed86dabd031bccd79f,SPY,buy,market,new,1,gtc,0.0,1,stock,,,
2024-01-29 09:30:00-05:00,MyStrategy,4e75eae7a8be46ed86dabd031bccd79f,SPY,buy,market,fill,1,gtc,0.0,1,stock,487.7300109863281,100.0,0.0
2024-01-29 12:30:00-05:00,MyStrategy,2b88179958254202ad238ac7d6c4e509,SPY,buy,market,new,1,gtc,0.0,1,stock,,,
2024-01-29 12:30:00-05:00,MyStrategy,2b88179958254202ad238ac7d6c4e509,SPY,buy,market,fill,1,gtc,0.0,1,stock,487.7300109863281,100.0,0.0
2024-01-29 15:30:00-05:00,MyStrategy,ed0577dacf0144a7a4f0a30e06918770,SPY,buy,market,new,1,gtc,0.0,1,stock,,,
2024-01-29 15:30:00-05:00,MyStrategy,ed0577dacf0144a7a4f0a30e06918770,SPY,buy,market,fill,1,gtc,0.0,1,stock,487.7300109863281,100.0,0.0
2024-01-30 09:30:00-05:00,MyStrategy,75897d09a71940a494799a0b319eb585,SPY,buy,market,new,1,gtc,0.0,1,stock,,,
2024-01-30 09:30:00-05:00,MyStrategy,75897d09a71940a494799a0b319eb585,SPY,buy,market,fill,1,gtc,0.0,1,stock,490.55999755859375,100.0,0.0
2024-01-30 12:30:00-05:00,MyStrategy,cd57b8e75b0b4479bd013f3844ae4fb3,SPY,buy,market,new,1,gtc,0.0,1,stock,,,
2024-01-30 12:30:00-05:00,MyStrategy,cd57b8e75b0b4479bd013f3844ae4fb3,SPY,buy,market,fill,1,gtc,0.0,1,stock,490.55999755859375,100.0,0.0
2024-01-30 15:30:00-05:00,MyStrategy,798fc96ad79845ea9e5fafb536465c52,SPY,buy,market,new,1,gtc,0.0,1,stock,,,
2024-01-30 15:30:00-05:00,MyStrategy,798fc96ad79845ea9e5fafb536465c52,SPY,buy,market,fill,1,gtc,0.0,1,stock,490.55999755859375,100.0,0.0
2024-01-31 09:30:00-05:00,MyStrategy,fec6e49d2b6d4268a4dc852a35bbf8db,SPY,buy,market,new,1,gtc,0.0,1,stock,,,
2024-01-31 09:30:00-05:00,MyStrategy,fec6e49d2b6d4268a4dc852a35bbf8db,SPY,buy,market,fill,1,gtc,0.0,1,stock,488.6199951171875,100.0,0.0
2024-01-31 12:30:00-05:00,MyStrategy,ae59ede286c64992adfd26d22addc8d9,SPY,buy,market,new,1,gtc,0.0,1,stock,,,
2024-01-31 12:30:00-05:00,MyStrategy,ae59ede286c64992adfd26d22addc8d9,SPY,buy,market,fill,1,gtc,0.0,1,stock,488.6199951171875,100.0,0.0
2024-01-31 15:30:00-05:00,MyStrategy,a8e11e85f27f48d793725869ee51ea85,SPY,buy,market,new,1,gtc,0.0,1,stock,,,
2024-01-31 15:30:00-05:00,MyStrategy,a8e11e85f27f48d793725869ee51ea85,SPY,buy,market,fill,1,gtc,0.0,1,stock,488.6199951171875,100.0,0.0
2024-02-01 09:30:00-05:00,MyStrategy,edcb937a1bad4037a85f937b40f0d28f,SPY,buy,market,new,1,gtc,0.0,1,stock,,,
2024-02-01 09:30:00-05:00,MyStrategy,edcb937a1bad4037a85f937b40f0d28f,SPY,buy,market,fill,1,gtc,0.0,1,stock,484.6300048828125,100.0,0.0
2024-02-01 12:30:00-05:00,MyStrategy,d85fe492009648dba1efa096484da6cb,SPY,buy,market,new,1,gtc,0.0,1,stock,,,
2024-02-01 12:30:00-05:00,MyStrategy,d85fe492009648dba1efa096484da6cb,SPY,buy,market,fill,1,gtc,0.0,1,stock,484.6300048828125,100.0,0.0
2024-02-01 15:30:00-05:00,MyStrategy,aa3947c525c6447bb80c3838d2f3cc66,SPY,buy,market,new,1,gtc,0.0,1,stock,,,
2024-02-01 15:30:00-05:00,MyStrategy,aa3947c525c6447bb80c3838d2f3cc66,SPY,buy,market,fill,1,gtc,0.0,1,stock,484.6300048828125,100.0,0.0
2024-02-02 09:30:00-05:00,MyStrategy,95477ed441ed478782fa99e849ec2f24,SPY,buy,market,new,1,gtc,0.0,1,stock,,,
2024-02-02 09:30:00-05:00,MyStrategy,95477ed441ed478782fa99e849ec2f24,SPY,buy,market,fill,1,gtc,0.0,1,stock,489.6499938964844,100.0,0.0
2024-02-02 12:30:00-05:00,MyStrategy,2e59648bc36844aa9c73ebca6998efc6,SPY,buy,market,new,1,gtc,0.0,1,stock,,,
2024-02-02 12:30:00-05:00,MyStrategy,2e59648bc36844aa9c73ebca6998efc6,SPY,buy,market,fill,1,gtc,0.0,1,stock,489.6499938964844,100.0,0.0
2024-02-02 15:30:00-05:00,MyStrategy,1a8b93c6828e4583aeb922795adda475,SPY,buy,market,new,1,gtc,0.0,1,stock,,,
2024-02-02 15:30:00-05:00,MyStrategy,1a8b93c6828e4583aeb922795adda475,SPY,buy,market,fill,1,gtc,0.0,1,stock,489.6499938964844,100.0,0.0
2024-02-05 09:30:00-05:00,MyStrategy,46965e55aa734a4abed4a4ac7a412776,SPY,buy,market,new,1,gtc,0.0,1,stock,,,
2024-02-05 09:30:00-05:00,MyStrategy,46965e55aa734a4abed4a4ac7a412776,SPY,buy,market,fill,1,gtc,0.0,1,stock,493.70001220703125,100.0,0.0
2024-02-05 12:30:00-05:00,MyStrategy,845b9142c0e94b8496d881065fb8303e,SPY,buy,market,new,1,gtc,0.0,1,stock,,,
2024-02-05 12:30:00-05:00,MyStrategy,845b9142c0e94b8496d881065fb8303e,SPY,buy,market,fill,1,gtc,0.0,1,stock,493.70001220703125,100.0,0.0
2024-02-05 15:30:00-05:00,MyStrategy,ab3ca4ac1e3849969251d5acbf51e034,SPY,buy,market,new,1,gtc,0.0,1,stock,,,
2024-02-05 15:30:00-05:00,MyStrategy,ab3ca4ac1e3849969251d5acbf51e034,SPY,buy,market,fill,1,gtc,0.0,1,stock,493.70001220703125,100.0,0.0
2024-02-06 09:30:00-05:00,MyStrategy,ed252f7fb0e847f19f67d2f356477f38,SPY,buy,market,new,1,gtc,0.0,1,stock,,,
2024-02-06 09:30:00-05:00,MyStrategy,ed252f7fb0e847f19f67d2f356477f38,SPY,buy,market,fill,1,gtc,0.0,1,stock,493.5199890136719,100.0,0.0
2024-02-06 12:30:00-05:00,MyStrategy,d26cd62ae3484f528bf28594f18e336c,SPY,buy,market,new,1,gtc,0.0,1,stock,,,
2024-02-06 12:30:00-05:00,MyStrategy,d26cd62ae3484f528bf28594f18e336c,SPY,buy,market,fill,1,gtc,0.0,1,stock,493.5199890136719,100.0,0.0
2024-02-06 15:30:00-05:00,MyStrategy,4b89375e5fbf499284532e3bab7fe8a7,SPY,buy,market,new,1,gtc,0.0,1,stock,,,
2024-02-06 15:30:00-05:00,MyStrategy,4b89375e5fbf499284532e3bab7fe8a7,SPY,buy,market,fill,1,gtc,0.0,1,stock,493.5199890136719,100.0,0.0
2024-02-07 09:30:00-05:00,MyStrategy,a0b4b55de4a94bb9987fdcc4af37e982,SPY,buy,market,new,1,gtc,0.0,1,stock,,,
2024-02-07 09:30:00-05:00,MyStrategy,a0b4b55de4a94bb9987fdcc4af37e982,SPY,buy,market,fill,1,gtc,0.0,1,stock,496.2900085449219,100.0,0.0
2024-02-07 12:30:00-05:00,MyStrategy,a67d6a543eb043f9a12402e208e6722a,SPY,buy,market,new,1,gtc,0.0,1,stock,,,
2024-02-07 12:30:00-05:00,MyStrategy,a67d6a543eb043f9a12402e208e6722a,SPY,buy,market,fill,1,gtc,0.0,1,stock,496.2900085449219,100.0,0.0
2024-02-07 15:30:00-05:00,MyStrategy,74dae1a1cd7342769d1298dd3851f54f,SPY,buy,market,new,1,gtc,0.0,1,stock,,,
2024-02-07 15:30:00-05:00,MyStrategy,74dae1a1cd7342769d1298dd3851f54f,SPY,buy,market,fill,1,gtc,0.0,1,stock,496.2900085449219,100.0,0.0
2024-02-08 09:30:00-05:00,MyStrategy,2788652bcceb4f36a17291cb6517ba9f,SPY,buy,market,new,1,gtc,0.0,1,stock,,,
2024-02-08 09:30:00-05:00,MyStrategy,2788652bcceb4f36a17291cb6517ba9f,SPY,buy,market,fill,1,gtc,0.0,1,stock,498.1000061035156,100.0,0.0
2024-02-08 12:30:00-05:00,MyStrategy,c093f25a8ab34a88bfd7e0d345cff175,SPY,buy,market,new,1,gtc,0.0,1,stock,,,
2024-02-08 12:30:00-05:00,MyStrategy,c093f25a8ab34a88bfd7e0d345cff175,SPY,buy,market,fill,1,gtc,0.0,1,stock,498.1000061035156,100.0,0.0
2024-02-08 15:30:00-05:00,MyStrategy,21de208ccae3457098447c43aecd5666,SPY,buy,market,new,1,gtc,0.0,1,stock,,,
2024-02-08 15:30:00-05:00,MyStrategy,21de208ccae3457098447c43aecd5666,SPY,buy,market,fill,1,gtc,0.0,1,stock,498.1000061035156,100.0,0.0
2024-02-09 09:30:00-05:00,MyStrategy,25d71ce9f8fa4b29979cccd29ce74d57,SPY,buy,market,new,1,gtc,0.0,1,stock,,,
2024-02-09 09:30:00-05:00,MyStrategy,25d71ce9f8fa4b29979cccd29ce74d57,SPY,buy,market,fill,1,gtc,0.0,1,stock,498.8399963378906,100.0,0.0
2024-02-09 12:30:00-05:00,MyStrategy,17da23ef63104818b5140d814d514675,SPY,buy,market,new,1,gtc,0.0,1,stock,,,
2024-02-09 12:30:00-05:00,MyStrategy,17da23ef63104818b5140d814d514675,SPY,buy,market,fill,1,gtc,0.0,1,stock,498.8399963378906,100.0,0.0
2024-02-09 15:30:00-05:00,MyStrategy,24902ac176bd49118bfedc9db7662a23,SPY,buy,market,new,1,gtc,0.0,1,stock,,,
2024-02-09 15:30:00-05:00,MyStrategy,24902ac176bd49118bfedc9db7662a23,SPY,buy,market,fill,1,gtc,0.0,1,stock,498.8399963378906,100.0,0.0
2024-02-12 09:30:00-05:00,MyStrategy,1cd8ec13835e4613838f4e23d898af6e,SPY,buy,market,new,1,gtc,0.0,1,stock,,,
2024-02-12 09:30:00-05:00,MyStrategy,1cd8ec13835e4613838f4e23d898af6e,SPY,buy,market,fill,1,gtc,0.0,1,stock,501.1700134277344,100.0,0.0
2024-02-12 12:30:00-05:00,MyStrategy,6b663aa199ed4f1a80c13c859aae6c0f,SPY,buy,market,new,1,gtc,0.0,1,stock,,,
2024-02-12 12:30:00-05:00,MyStrategy,6b663aa199ed4f1a80c13c859aae6c0f,SPY,buy,market,fill,1,gtc,0.0,1,stock,501.1700134277344,100.0,0.0
2024-02-12 15:30:00-05:00,MyStrategy,eeef47bcb44f4090ad6e897732cfe0e3,SPY,buy,market,new,1,gtc,0.0,1,stock,,,
2024-02-12 15:30:00-05:00,MyStrategy,eeef47bcb44f4090ad6e897732cfe0e3,SPY,buy,market,fill,1,gtc,0.0,1,stock,501.1700134277344,100.0,0.0
2024-02-13 09:30:00-05:00,MyStrategy,3575d6b27acd4c87a8f91a814856a9ea,SPY,buy,market,new,1,gtc,0.0,1,stock,,,
2024-02-13 09:30:00-05:00,MyStrategy,3575d6b27acd4c87a8f91a814856a9ea,SPY,buy,market,fill,1,gtc,0.0,1,stock,494.5299987792969,100.0,0.0
2024-02-13 12:30:00-05:00,MyStrategy,01bcd24a84cb4dfa8187490d8753a0a9,SPY,buy,market,new,1,gtc,0.0,1,stock,,,
2024-02-13 12:30:00-05:00,MyStrategy,01bcd24a84cb4dfa8187490d8753a0a9,SPY,buy,market,fill,1,gtc,0.0,1,stock,494.5299987792969,100.0,0.0
2024-02-13 15:30:00-05:00,MyStrategy,7596f4b007034deda8542d3ed9cf62c6,SPY,buy,market,new,1,gtc,0.0,1,stock,,,
2024-02-13 15:30:00-05:00,MyStrategy,7596f4b007034deda8542d3ed9cf62c6,SPY,buy,market,fill,1,gtc,0.0,1,stock,494.5299987792969,100.0,0.0
2024-02-14 09:30:00-05:00,MyStrategy,820ed5c19a0c4924ae6eb54d9af7bc5d,SPY,buy,market,new,1,gtc,0.0,1,stock,,,
2024-02-14 09:30:00-05:00,MyStrategy,820ed5c19a0c4924ae6eb54d9af7bc5d,SPY,buy,market,fill,1,gtc,0.0,1,stock,496.7900085449219,100.0,0.0
2024-02-14 12:30:00-05:00,MyStrategy,1e39d1a3e46f4e19b7c6c5547b22fd27,SPY,buy,market,new,1,gtc,0.0,1,stock,,,
2024-02-14 12:30:00-05:00,MyStrategy,1e39d1a3e46f4e19b7c6c5547b22fd27,SPY,buy,market,fill,1,gtc,0.0,1,stock,496.7900085449219,100.0,0.0
2024-02-14 15:30:00-05:00,MyStrategy,77f67ab6c6484407aed490023d2093aa,SPY,buy,market,new,1,gtc,0.0,1,stock,,,
2024-02-14 15:30:00-05:00,MyStrategy,77f67ab6c6484407aed490023d2093aa,SPY,buy,market,fill,1,gtc,0.0,1,stock,496.7900085449219,100.0,0.0
2024-02-15 09:30:00-05:00,MyStrategy,7d5ed66b40af41a793562d7ef6281531,SPY,buy,market,new,1,gtc,0.0,1,stock,,,
2024-02-15 09:30:00-05:00,MyStrategy,7d5ed66b40af41a793562d7ef6281531,SPY,buy,market,fill,1,gtc,0.0,1,stock,499.2900085449219,100.0,0.0
2024-02-15 12:30:00-05:00,MyStrategy,5d900417a65d4d019ece73049fd65e15,SPY,buy,market,new,1,gtc,0.0,1,stock,,,
2024-02-15 12:30:00-05:00,MyStrategy,5d900417a65d4d019ece73049fd65e15,SPY,buy,market,fill,1,gtc,0.0,1,stock,499.2900085449219,100.0,0.0
2024-02-15 15:30:00-05:00,MyStrategy,51cb9c3ba3514e81a3e6c9662d5ddeca,SPY,buy,market,new,1,gtc,0.0,1,stock,,,
2024-02-15 15:30:00-05:00,MyStrategy,51cb9c3ba3514e81a3e6c9662d5ddeca,SPY,buy,market,fill,1,gtc,0.0,1,stock,499.2900085449219,100.0,0.0
2024-02-16 09:30:00-05:00,MyStrategy,4ccf1e499e5346c9ad4bb3a5e073827a,SPY,buy,market,new,1,gtc,0.0,1,stock,,,
2024-02-16 09:30:00-05:00,MyStrategy,4ccf1e499e5346c9ad4bb3a5e073827a,SPY,buy,market,fill,1,gtc,0.0,1,stock,501.70001220703125,100.0,0.0
2024-02-16 12:30:00-05:00,MyStrategy,fd33aa657463449e9f45a6db6f572d5f,SPY,buy,market,new,1,gtc,0.0,1,stock,,,
2024-02-16 12:30:00-05:00,MyStrategy,fd33aa657463449e9f45a6db6f572d5f,SPY,buy,market,fill,1,gtc,0.0,1,stock,501.70001220703125,100.0,0.0
2024-02-16 15:30:00-05:00,MyStrategy,dfd729eb7eae4bdabe387b4d2d0ba8d4,SPY,buy,market,new,1,gtc,0.0,1,stock,,,
2024-02-16 15:30:00-05:00,MyStrategy,dfd729eb7eae4bdabe387b4d2d0ba8d4,SPY,buy,market,fill,1,gtc,0.0,1,stock,501.70001220703125,100.0,0.0
2024-02-20 09:30:00-05:00,MyStrategy,dab7ba2e6d9a4c01a78b018aba95e761,SPY,buy,market,new,1,gtc,0.0,1,stock,,,
2024-02-20 09:30:00-05:00,MyStrategy,dab7ba2e6d9a4c01a78b018aba95e761,SPY,buy,market,fill,1,gtc,0.0,1,stock,497.7200012207031,100.0,0.0
2024-02-20 12:30:00-05:00,MyStrategy,1df45530f5fd4d5e88a26212531a204f,SPY,buy,market,new,1,gtc,0.0,1,stock,,,
2024-02-20 12:30:00-05:00,MyStrategy,1df45530f5fd4d5e88a26212531a204f,SPY,buy,market,fill,1,gtc,0.0,1,stock,497.7200012207031,100.0,0.0
2024-02-20 15:30:00-05:00,MyStrategy,51212f686b14404d98d4546bf5656956,SPY,buy,market,new,1,gtc,0.0,1,stock,,,
2024-02-20 15:30:00-05:00,MyStrategy,51212f686b14404d98d4546bf5656956,SPY,buy,market,fill,1,gtc,0.0,1,stock,497.7200012207031,100.0,0.0
2024-02-21 09:30:00-05:00,MyStrategy,a98386f0c82443bcadbba4e074af2b17,SPY,buy,market,new,1,gtc,0.0,1,stock,,,
2024-02-21 09:30:00-05:00,MyStrategy,a98386f0c82443bcadbba4e074af2b17,SPY,buy,market,fill,1,gtc,0.0,1,stock,495.4200134277344,100.0,0.0
2024-02-21 12:30:00-05:00,MyStrategy,0d4f657c470c49069e9567b5b3755868,SPY,buy,market,new,1,gtc,0.0,1,stock,,,
2024-02-21 12:30:00-05:00,MyStrategy,0d4f657c470c49069e9567b5b3755868,SPY,buy,market,fill,1,gtc,0.0,1,stock,495.4200134277344,100.0,0.0
2024-02-21 15:30:00-05:00,MyStrategy,ae3fa04d269e43118dd76cc1aebb73d3,SPY,buy,market,new,1,gtc,0.0,1,stock,,,
2024-02-21 15:30:00-05:00,MyStrategy,ae3fa04d269e43118dd76cc1aebb73d3,SPY,buy,market,fill,1,gtc,0.0,1,stock,495.4200134277344,100.0,0.0
2024-02-22 09:30:00-05:00,MyStrategy,89260458eac648f6ba4df935300afbc6,SPY,buy,market,new,1,gtc,0.0,1,stock,,,
2024-02-22 09:30:00-05:00,MyStrategy,89260458eac648f6ba4df935300afbc6,SPY,buy,market,fill,1,gtc,0.0,1,stock,504.010009765625,100.0,0.0
2024-02-22 12:30:00-05:00,MyStrategy,b00663ad116f42ccafbbf2af56b8fd34,SPY,buy,market,new,1,gtc,0.0,1,stock,,,
2024-02-22 12:30:00-05:00,MyStrategy,b00663ad116f42ccafbbf2af56b8fd34,SPY,buy,market,fill,1,gtc,0.0,1,stock,504.010009765625,100.0,0.0
2024-02-22 15:30:00-05:00,MyStrategy,fa9653136ca94e949508d90e3af0982f,SPY,buy,market,new,1,gtc,0.0,1,stock,,,
2024-02-22 15:30:00-05:00,MyStrategy,fa9653136ca94e949508d90e3af0982f,SPY,buy,market,fill,1,gtc,0.0,1,stock,504.010009765625,100.0,0.0
2024-02-23 09:30:00-05:00,MyStrategy,3edca2a24c0949b8a5ae7ed2aac2b37e,SPY,buy,market,new,1,gtc,0.0,1,stock,,,
2024-02-23 09:30:00-05:00,MyStrategy,3edca2a24c0949b8a5ae7ed2aac2b37e,SPY,buy,market,fill,1,gtc,0.0,1,stock,509.2699890136719,100.0,0.0
2024-02-23 12:30:00-05:00,MyStrategy,6cb8a7a0cc4440b391f8816ea7b78ea0,SPY,buy,market,new,1,gtc,0.0,1,stock,,,
2024-02-23 12:30:00-05:00,MyStrategy,6cb8a7a0cc4440b391f8816ea7b78ea0,SPY,buy,market,fill,1,gtc,0.0,1,stock,509.2699890136719,100.0,0.0
2024-02-23 15:30:00-05:00,MyStrategy,c3222f2fcad9480b847c6ddf4c0183f9,SPY,buy,market,new,1,gtc,0.0,1,stock,,,
2024-02-23 15:30:00-05:00,MyStrategy,c3222f2fcad9480b847c6ddf4c0183f9,SPY,buy,market,fill,1,gtc,0.0,1,stock,509.2699890136719,100.0,0.0
2024-02-26 09:30:00-05:00,MyStrategy,41626ba388314d15aea766764729b7c0,SPY,buy,market,new,1,gtc,0.0,1,stock,,,
2024-02-26 09:30:00-05:00,MyStrategy,41626ba388314d15aea766764729b7c0,SPY,buy,market,fill,1,gtc,0.0,1,stock,508.29998779296875,100.0,0.0
2024-02-26 12:30:00-05:00,MyStrategy,bbc79c3661334c67bc6413d6b03effa5,SPY,buy,market,new,1,gtc,0.0,1,stock,,,
2024-02-26 12:30:00-05:00,MyStrategy,bbc79c3661334c67bc6413d6b03effa5,SPY,buy,market,fill,1,gtc,0.0,1,stock,508.29998779296875,100.0,0.0
2024-02-26 15:30:00-05:00,MyStrategy,ffc9b17878154117901bac666c11c19d,SPY,buy,market,new,1,gtc,0.0,1,stock,,,
2024-02-26 15:30:00-05:00,MyStrategy,ffc9b17878154117901bac666c11c19d,SPY,buy,market,fill,1,gtc,0.0,1,stock,508.29998779296875,100.0,0.0
2024-02-27 09:30:00-05:00,MyStrategy,18e7b545763f423b9049671d0e1cd5ff,SPY,buy,market,new,1,gtc,0.0,1,stock,,,
2024-02-27 09:30:00-05:00,MyStrategy,18e7b545763f423b9049671d0e1cd5ff,SPY,buy,market,fill,1,gtc,0.0,1,stock,506.70001220703125,100.0,0.0
2024-02-27 12:30:00-05:00,MyStrategy,ce369009b6314619ba65f3ee1d4de3c5,SPY,buy,market,new,1,gtc,0.0,1,stock,,,
2024-02-27 12:30:00-05:00,MyStrategy,ce369009b6314619ba65f3ee1d4de3c5,SPY,buy,market,fill,1,gtc,0.0,1,stock,506.70001220703125,100.0,0.0
2024-02-27 15:30:00-05:00,MyStrategy,8b3ba2472aeb430ca155d547ba322408,SPY,buy,market,new,1,gtc,0.0,1,stock,,,
2024-02-27 15:30:00-05:00,MyStrategy,8b3ba2472aeb430ca155d547ba322408,SPY,buy,market,fill,1,gtc,0.0,1,stock,506.70001220703125,100.0,0.0
2024-02-28 09:30:00-05:00,MyStrategy,fc344b141ea949e4b9a51b2c512d19f5,SPY,buy,market,new,1,gtc,0.0,1,stock,,,
2024-02-28 09:30:00-05:00,MyStrategy,fc344b141ea949e4b9a51b2c512d19f5,SPY,buy,market,fill,1,gtc,0.0,1,stock,505.3299865722656,100.0,0.0
2024-02-28 12:30:00-05:00,MyStrategy,c315781e0d4a476ea320c732f42647b2,SPY,buy,market,new,1,gtc,0.0,1,stock,,,
2024-02-28 12:30:00-05:00,MyStrategy,c315781e0d4a476ea320c732f42647b2,SPY,buy,market,fill,1,gtc,0.0,1,stock,505.3299865722656,100.0,0.0
2024-02-28 15:30:00-05:00,MyStrategy,51c1c0215dc54688b7d31823e8133463,SPY,buy,market,new,1,gtc,0.0,1,stock,,,
2024-02-28 15:30:00-05:00,MyStrategy,51c1c0215dc54688b7d31823e8133463,SPY,buy,market,fill,1,gtc,0.0,1,stock,505.3299865722656,100.0,0.0
2024-02-29 09:30:00-05:00,MyStrategy,fa6db7832c1d4f06ae85cbc74330076a,SPY,buy,market,new,1,gtc,0.0,1,stock,,,
2024-02-29 09:30:00-05:00,MyStrategy,fa6db7832c1d4f06ae85cbc74330076a,SPY,buy,market,fill,1,gtc,0.0,1,stock,508.07000732421875,100.0,0.0
2024-02-29 12:30:00-05:00,MyStrategy,d3c00d46012f4129b1c429c3a8226a3e,SPY,buy,market,new,1,gtc,0.0,1,stock,,,
2024-02-29 12:30:00-05:00,MyStrategy,d3c00d46012f4129b1c429c3a8226a3e,SPY,buy,market,fill,1,gtc,0.0,1,stock,508.07000732421875,100.0,0.0
2024-02-29 15:30:00-05:00,MyStrategy,cd90630f9c394fecbe353cbf75c6b409,SPY,buy,market,new,1,gtc,0.0,1,stock,,,
2024-02-29 15:30:00-05:00,MyStrategy,cd90630f9c394fecbe353cbf75c6b409,SPY,buy,market,fill,1,gtc,0.0,1,stock,508.07000732421875,100.0,0.0
2024-03-01 09:30:00-05:00,MyStrategy,db1938807dea4c75a2cf390d30ded2bb,SPY,buy,market,new,1,gtc,0.0,1,stock,,,
2024-03-01 09:30:00-05:00,MyStrategy,db1938807dea4c75a2cf390d30ded2bb,SPY,buy,market,fill,1,gtc,0.0,1,stock,508.9800109863281,100.0,0.0
2024-03-01 12:30:00-05:00,MyStrategy,57f949cd173f4cec975d7174d0c19fbc,SPY,buy,market,new,1,gtc,0.0,1,stock,,,
2024-03-01 12:30:00-05:00,MyStrategy,57f949cd173f4cec975d7174d0c19fbc,SPY,buy,market,fill,1,gtc,0.0,1,stock,508.9800109863281,100.0,0.0
2024-03-01 15:30:00-05:00,MyStrategy,653b73e73f004184a097608692bf5b19,SPY,buy,market,new,1,gtc,0.0,1,stock,,,
2024-03-01 15:30:00-05:00,MyStrategy,653b73e73f004184a097608692bf5b19,SPY,buy,market,fill,1,gtc,0.0,1,stock,508.9800109863281,100.0,0.0
2024-03-04 09:30:00-05:00,MyStrategy,816b973e179c4bd6b5213dc13684a14b,SPY,buy,market,new,1,gtc,0.0,1,stock,,,
2024-03-04 09:30:00-05:00,MyStrategy,816b973e179c4bd6b5213dc13684a14b,SPY,buy,market,fill,1,gtc,0.0,1,stock,512.030029296875,100.0,0.0
2024-03-04 12:30:00-05:00,MyStrategy,507bfa331aee4511ba85e4d052343e41,SPY,buy,market,new,1,gtc,0.0,1,stock,,,
2024-03-04 12:30:00-05:00,MyStrategy,507bfa331aee4511ba85e4d052343e41,SPY,buy,market,fill,1,gtc,0.0,1,stock,512.030029296875,100.0,0.0
2024-03-04 15:30:00-05:00,MyStrategy,a493abd462bf4c62bb12d51456dd077e,SPY,buy,market,new,1,gtc,0.0,1,stock,,,
2024-03-04 15:30:00-05:00,MyStrategy,a493abd462bf4c62bb12d51456dd077e,SPY,buy,market,fill,1,gtc,0.0,1,stock,512.030029296875,100.0,0.0
2024-03-05 09:30:00-05:00,MyStrategy,7d030a8eb9944772a61a6da341c2baa7,SPY,buy,market,new,1,gtc,0.0,1,stock,,,
2024-03-05 09:30:00-05:00,MyStrategy,7d030a8eb9944772a61a6da341c2baa7,SPY,buy,market,fill,1,gtc,0.0,1,stock,510.239990234375,100.0,0.0
2024-03-05 12:30:00-05:00,MyStrategy,7f984de05e084ae4abe8e973b9b1553c,SPY,buy,market,new,1,gtc,0.0,1,stock,,,
2024-03-05 12:30:00-05:00,MyStrategy,7f984de05e084ae4abe8e973b9b1553c,SPY,buy,market,fill,1,gtc,0.0,1,stock,510.239990234375,100.0,0.0
2024-03-05 15:30:00-05:00,MyStrategy,573629676be74bc18d708483c8cc022e,SPY,buy,market,new,1,gtc,0.0,1,stock,,,
2024-03-05 15:30:00-05:00,MyStrategy,573629676be74bc18d708483c8cc022e,SPY,buy,market,fill,1,gtc,0.0,1,stock,510.239990234375,100.0,0.0
2024-03-06 09:30:00-05:00,MyStrategy,6c42b665f2ed4808bf4ed2de895e9a8b,SPY,buy,market,new,1,gtc,0.0,1,stock,,,
2024-03-06 09:30:00-05:00,MyStrategy,6c42b665f2ed4808bf4ed2de895e9a8b,SPY,buy,market,fill,1,gtc,0.0,1,stock,510.54998779296875,100.0,0.0
2024-03-06 12:30:00-05:00,MyStrategy,d0bdc6af77fc4f679d58a1ff0d25ef3e,SPY,buy,market,new,1,gtc,0.0,1,stock,,,
2024-03-06 12:30:00-05:00,MyStrategy,d0bdc6af77fc4f679d58a1ff0d25ef3e,SPY,buy,market,fill,1,gtc,0.0,1,stock,510.54998779296875,100.0,0.0
2024-03-06 15:30:00-05:00,MyStrategy,eb90affa3bcd430184dd25980c2f3a85,SPY,buy,market,new,1,gtc,0.0,1,stock,,,
2024-03-06 15:30:00-05:00,MyStrategy,eb90affa3bcd430184dd25980c2f3a85,SPY,buy,market,fill,1,gtc,0.0,1,stock,510.54998779296875,100.0,0.0
2024-03-07 09:30:00-05:00,MyStrategy,a0441aeb24a845ad9e4f87e5a6f29093,SPY,buy,market,new,1,gtc,0.0,1,stock,,,
2024-03-07 09:30:00-05:00,MyStrategy,a0441aeb24a845ad9e4f87e5a6f29093,SPY,buy,market,fill,1,gtc,0.0,1,stock,513.1400146484375,100.0,0.0
2024-03-07 12:30:00-05:00,MyStrategy,6b7b5312e3c54f738d488a37beca1630,SPY,buy,market,new,1,gtc,0.0,1,stock,,,
2024-03-07 12:30:00-05:00,MyStrategy,6b7b5312e3c54f738d488a37beca1630,SPY,buy,market,fill,1,gtc,0.0,1,stock,513.1400146484375,100.0,0.0
2024-03-07 15:30:00-05:00,MyStrategy,d4bce0e047b844479ae930518fcf9c09,SPY,buy,market,new,1,gtc,0.0,1,stock,,,
2024-03-07 15:30:00-05:00,MyStrategy,d4bce0e047b844479ae930518fcf9c09,SPY,buy,market,fill,1,gtc,0.0,1,stock,513.1400146484375,100.0,0.0
2024-03-08 09:30:00-05:00,MyStrategy,d0cef9ed9acf478885dc443e61116727,SPY,buy,market,new,1,gtc,0.0,1,stock,,,
2024-03-08 09:30:00-05:00,MyStrategy,d0cef9ed9acf478885dc443e61116727,SPY,buy,market,fill,1,gtc,0.0,1,stock,515.4600219726562,100.0,0.0
2024-03-08 12:30:00-05:00,MyStrategy,3de4ec42bf69469a9ff4e0f1dfd6cb55,SPY,buy,market,new,1,gtc,0.0,1,stock,,,
2024-03-08 12:30:00-05:00,MyStrategy,3de4ec42bf69469a9ff4e0f1dfd6cb55,SPY,buy,market,fill,1,gtc,0.0,1,stock,515.4600219726562,100.0,0.0
2024-03-08 15:30:00-05:00,MyStrategy,0ada23bc84564603b61b7b986613d02a,SPY,buy,market,new,1,gtc,0.0,1,stock,,,
2024-03-08 15:30:00-05:00,MyStrategy,0ada23bc84564603b61b7b986613d02a,SPY,buy,market,fill,1,gtc,0.0,1,stock,515.4600219726562,100.0,0.0
2024-03-11 09:30:00-04:00,MyStrategy,2351ffe5cf9149c8a946b683b7d4a08c,SPY,buy,market,new,1,gtc,0.0,1,stock,,,
2024-03-11 09:30:00-04:00,MyStrategy,2351ffe5cf9149c8a946b683b7d4a08c,SPY,buy,market,fill,1,gtc,0.0,1,stock,510.4800109863281,100.0,0.0
2024-03-11 12:30:00-04:00,MyStrategy,75c749deafe34093a74a9a73a94211ad,SPY,buy,market,new,1,gtc,0.0,1,stock,,,
2024-03-11 12:30:00-04:00,MyStrategy,75c749deafe34093a74a9a73a94211ad,SPY,buy,market,fill,1,gtc,0.0,1,stock,510.4800109863281,100.0,0.0
2024-03-11 15:30:00-04:00,MyStrategy,a7d52e8752824decbe5125426a9ca9ba,SPY,buy,market,new,1,gtc,0.0,1,stock,,,
2024-03-11 15:30:00-04:00,MyStrategy,a7d52e8752824decbe5125426a9ca9ba,SPY,buy,market,fill,1,gtc,0.0,1,stock,510.4800109863281,100.0,0.0
2024-03-12 09:30:00-04:00,MyStrategy,111e210dc084499b887225a6eff31e6a,SPY,buy,market,new,1,gtc,0.0,1,stock,,,
2024-03-12 09:30:00-04:00,MyStrategy,111e210dc084499b887225a6eff31e6a,SPY,buy,market,fill,1,gtc,0.0,1,stock,513.4500122070312,100.0,0.0
2024-03-12 12:30:00-04:00,MyStrategy,3d6668d8d2a84c7ba247b9c347bac846,SPY,buy,market,new,1,gtc,0.0,1,stock,,,
2024-03-12 12:30:00-04:00,MyStrategy,3d6668d8d2a84c7ba247b9c347bac846,SPY,buy,market,fill,1,gtc,0.0,1,stock,513.4500122070312,100.0,0.0
2024-03-12 15:30:00-04:00,MyStrategy,bf036e26801c4d2f8ddd52b94a026896,SPY,buy,market,new,1,gtc,0.0,1,stock,,,
2024-03-12 15:30:00-04:00,MyStrategy,bf036e26801c4d2f8ddd52b94a026896,SPY,buy,market,fill,1,gtc,0.0,1,stock,513.4500122070312,100.0,0.0
2024-03-13 09:30:00-04:00,MyStrategy,3926fc5252214240a710c0b83c15d96e,SPY,buy,market,new,1,gtc,0.0,1,stock,,,
2024-03-13 09:30:00-04:00,MyStrategy,3926fc5252214240a710c0b83c15d96e,SPY,buy,market,fill,1,gtc,0.0,1,stock,517.1099853515625,100.0,0.0
2024-03-13 12:30:00-04:00,MyStrategy,5f4596d911ca48a4a198cc1fd104a4fb,SPY,buy,market,new,1,gtc,0.0,1,stock,,,
2024-03-13 12:30:00-04:00,MyStrategy,5f4596d911ca48a4a198cc1fd104a4fb,SPY,buy,market,fill,1,gtc,0.0,1,stock,517.1099853515625,100.0,0.0
2024-03-13 15:30:00-04:00,MyStrategy,d4ed4e5f0dad45cbaca24d65a0c6cfac,SPY,buy,market,new,1,gtc,0.0,1,stock,,,
2024-03-13 15:30:00-04:00,MyStrategy,d4ed4e5f0dad45cbaca24d65a0c6cfac,SPY,buy,market,fill,1,gtc,0.0,1,stock,517.1099853515625,100.0,0.0
2024-03-14 09:30:00-04:00,MyStrategy,10442e4fc7be415aa5e8cf9a13748749,SPY,buy,market,new,1,gtc,0.0,1,stock,,,
2024-03-14 09:30:00-04:00,MyStrategy,10442e4fc7be415aa5e8cf9a13748749,SPY,buy,market,fill,1,gtc,0.0,1,stock,516.969970703125,100.0,0.0
2024-03-14 12:30:00-04:00,MyStrategy,125addfe6c7f4cf58f0579737e63d0b3,SPY,buy,market,new,1,gtc,0.0,1,stock,,,
2024-03-14 12:30:00-04:00,MyStrategy,125addfe6c7f4cf58f0579737e63d0b3,SPY,buy,market,fill,1,gtc,0.0,1,stock,516.969970703125,100.0,0.0
2024-03-14 15:30:00-04:00,MyStrategy,c67d1a176e9d46319c12c0685eacf849,SPY,buy,market,new,1,gtc,0.0,1,stock,,,
2024-03-14 15:30:00-04:00,MyStrategy,c67d1a176e9d46319c12c0685eacf849,SPY,buy,market,fill,1,gtc,0.0,1,stock,516.969970703125,100.0,0.0
2024-03-15 09:30:00-04:00,MyStrategy,2e1c1fb2930847038cc26b62a2adfc96,SPY,buy,market,new,1,gtc,0.0,1,stock,,,
2024-03-15 09:30:00-04:00,MyStrategy,2e1c1fb2930847038cc26b62a2adfc96,SPY,buy,market,fill,1,gtc,0.0,1,stock,510.2099914550781,100.0,0.0
2024-03-15 12:30:00-04:00,MyStrategy,bab6b6e1ed5645c29b16e67a9a4e3640,SPY,buy,market,new,1,gtc,0.0,1,stock,,,
2024-03-15 12:30:00-04:00,MyStrategy,bab6b6e1ed5645c29b16e67a9a4e3640,SPY,buy,market,fill,1,gtc,0.0,1,stock,510.2099914550781,100.0,0.0
2024-03-15 15:30:00-04:00,MyStrategy,6ea22b1a86104bad9887af3dce2e3620,SPY,buy,market,new,1,gtc,0.0,1,stock,,,
2024-03-15 15:30:00-04:00,MyStrategy,6ea22b1a86104bad9887af3dce2e3620,SPY,buy,market,fill,1,gtc,0.0,1,stock,510.2099914550781,100.0,0.0
2024-03-18 09:30:00-04:00,MyStrategy,7677e722c07043359461cc7165e7e28a,SPY,buy,market,new,1,gtc,0.0,1,stock,,,
2024-03-18 09:30:00-04:00,MyStrategy,7677e722c07043359461cc7165e7e28a,SPY,buy,market,fill,1,gtc,0.0,1,stock,514.0,100.0,0.0
2024-03-18 12:30:00-04:00,MyStrategy,4760371e7ec8420abc6fe72f7faf67a4,SPY,buy,market,new,1,gtc,0.0,1,stock,,,
2024-03-18 12:30:00-04:00,MyStrategy,4760371e7ec8420abc6fe72f7faf67a4,SPY,buy,market,fill,1,gtc,0.0,1,stock,514.0,100.0,0.0
2024-03-18 15:30:00-04:00,MyStrategy,32e4e96350fe45b6a7160b7fa0ecdac3,SPY,buy,market,new,1,gtc,0.0,1,stock,,,
2024-03-18 15:30:00-04:00,MyStrategy,32e4e96350fe45b6a7160b7fa0ecdac3,SPY,buy,market,fill,1,gtc,0.0,1,stock,514.0,100.0,0.0
2024-03-19 09:30:00-04:00,MyStrategy,d24898b1ac0e4804b253a0e64b409dac,SPY,buy,market,new,1,gtc,0.0,1,stock,,,
2024-03-19 09:30:00-04:00,MyStrategy,d24898b1ac0e4804b253a0e64b409dac,SPY,buy,market,fill,1,gtc,0.0,1,stock,512.1500244140625,100.0,0.0
2024-03-19 12:30:00-04:00,MyStrategy,f379a871629145efb1aa3af9f932a352,SPY,buy,market,new,1,gtc,0.0,1,stock,,,
2024-03-19 12:30:00-04:00,MyStrategy,f379a871629145efb1aa3af9f932a352,SPY,buy,market,fill,1,gtc,0.0,1,stock,512.1500244140625,100.0,0.0
2024-03-19 15:30:00-04:00,MyStrategy,324601ed6b8c47309c8706776a6a50af,SPY,buy,market,new,1,gtc,0.0,1,stock,,,
2024-03-19 15:30:00-04:00,MyStrategy,324601ed6b8c47309c8706776a6a50af,SPY,buy,market,fill,1,gtc,0.0,1,stock,512.1500244140625,100.0,0.0
2024-03-20 09:30:00-04:00,MyStrategy,dd4dcccda9af4c6699f5a99b781fd618,SPY,buy,market,new,1,gtc,0.0,1,stock,,,
2024-03-20 09:30:00-04:00,MyStrategy,dd4dcccda9af4c6699f5a99b781fd618,SPY,buy,market,fill,1,gtc,0.0,1,stock,515.77001953125,100.0,0.0
2024-03-20 12:30:00-04:00,MyStrategy,5c0f09982950420995f33dfe96b1553a,SPY,buy,market,new,1,gtc,0.0,1,stock,,,
2024-03-20 12:30:00-04:00,MyStrategy,5c0f09982950420995f33dfe96b1553a,SPY,buy,market,fill,1,gtc,0.0,1,stock,515.77001953125,100.0,0.0
2024-03-20 15:30:00-04:00,MyStrategy,3c45902f746a4b349fcd8fffbe070d45,SPY,buy,market,new,1,gtc,0.0,1,stock,,,
2024-03-20 15:30:00-04:00,MyStrategy,3c45902f746a4b349fcd8fffbe070d45,SPY,buy,market,fill,1,gtc,0.0,1,stock,515.77001953125,100.0,0.0
2024-03-21 09:30:00-04:00,MyStrategy,8b165996be9a4fed87a7eb44bac58075,SPY,buy,market,new,1,gtc,0.0,1,stock,,,
2024-03-21 09:30:00-04:00,MyStrategy,8b165996be9a4fed87a7eb44bac58075,SPY,buy,market,fill,1,gtc,0.0,1,stock,523.3900146484375,100.0,0.0
2024-03-21 12:30:00-04:00,MyStrategy,bad4938bdc3d46fdb2ecf6bdc35f2803,SPY,buy,market,new,1,gtc,0.0,1,stock,,,
2024-03-21 12:30:00-04:00,MyStrategy,bad4938bdc3d46fdb2ecf6bdc35f2803,SPY,buy,market,fill,1,gtc,0.0,1,stock,523.3900146484375,100.0,0.0
2024-03-21 15:30:00-04:00,MyStrategy,8e8cbc42032d4cea831f9686d4e6f795,SPY,buy,market,new,1,gtc,0.0,1,stock,,,
2024-03-21 15:30:00-04:00,MyStrategy,8e8cbc42032d4cea831f9686d4e6f795,SPY,buy,market,fill,1,gtc,0.0,1,stock,523.3900146484375,100.0,0.0
2024-03-22 09:30:00-04:00,MyStrategy,8d302681d4104497b86faa99b82268ee,SPY,buy,market,new,1,gtc,0.0,1,stock,,,
2024-03-22 09:30:00-04:00,MyStrategy,8d302681d4104497b86faa99b82268ee,SPY,buy,market,fill,1,gtc,0.0,1,stock,522.1099853515625,100.0,0.0
2024-03-22 12:30:00-04:00,MyStrategy,e4bdca9f13974e9680aa1fa52a35752d,SPY,buy,market,new,1,gtc,0.0,1,stock,,,
2024-03-22 12:30:00-04:00,MyStrategy,e4bdca9f13974e9680aa1fa52a35752d,SPY,buy,market,fill,1,gtc,0.0,1,stock,522.1099853515625,100.0,0.0
2024-03-22 15:30:00-04:00,MyStrategy,b162a8eefac948fd900f9013c517fb54,SPY,buy,market,new,1,gtc,0.0,1,stock,,,
2024-03-22 15:30:00-04:00,MyStrategy,b162a8eefac948fd900f9013c517fb54,SPY,buy,market,fill,1,gtc,0.0,1,stock,522.1099853515625,100.0,0.0
2024-03-25 09:30:00-04:00,MyStrategy,dde5554cf544498b9e5fa3c470376fa9,SPY,buy,market,new,1,gtc,0.0,1,stock,,,
2024-03-25 09:30:00-04:00,MyStrategy,dde5554cf544498b9e5fa3c470376fa9,SPY,buy,market,fill,1,gtc,0.0,1,stock,519.7999877929688,100.0,0.0
2024-03-25 12:30:00-04:00,MyStrategy,f337abfea8ec40848363ef15aa7f79ab,SPY,buy,market,new,1,gtc,0.0,1,stock,,,
2024-03-25 12:30:00-04:00,MyStrategy,f337abfea8ec40848363ef15aa7f79ab,SPY,buy,market,fill,1,gtc,0.0,1,stock,519.7999877929688,100.0,0.0
2024-03-25 15:30:00-04:00,MyStrategy,f5ec1d8cb36d4f4aa4c10a57a99536b6,SPY,buy,market,new,1,gtc,0.0,1,stock,,,
2024-03-25 15:30:00-04:00,MyStrategy,f5ec1d8cb36d4f4aa4c10a57a99536b6,SPY,buy,market,fill,1,gtc,0.0,1,stock,519.7999877929688,100.0,0.0
2024-03-26 09:30:00-04:00,MyStrategy,d8090cf4551b4564b02ace1215bffe36,SPY,buy,market,new,1,gtc,0.0,1,stock,,,
2024-03-26 09:30:00-04:00,MyStrategy,d8090cf4551b4564b02ace1215bffe36,SPY,buy,market,fill,1,gtc,0.0,1,stock,521.22998046875,100.0,0.0
2024-03-26 12:30:00-04:00,MyStrategy,cb81055a529041c1acf24d8a39ae1bc8,SPY,buy,market,new,1,gtc,0.0,1,stock,,,
2024-03-26 12:30:00-04:00,MyStrategy,cb81055a529041c1acf24d8a39ae1bc8,SPY,buy,market,fill,1,gtc,0.0,1,stock,521.22998046875,100.0,0.0
2024-03-26 15:30:00-04:00,MyStrategy,b2589c6b0fac44478ffa5b348ae69c33,SPY,buy,market,new,1,gtc,0.0,1,stock,,,
2024-03-26 15:30:00-04:00,MyStrategy,b2589c6b0fac44478ffa5b348ae69c33,SPY,buy,market,fill,1,gtc,0.0,1,stock,521.22998046875,100.0,0.0
2024-03-27 09:30:00-04:00,MyStrategy,3ea6b46960bd4d6ca43ce9e2252c1bca,SPY,buy,market,new,1,gtc,0.0,1,stock,,,
2024-03-27 09:30:00-04:00,MyStrategy,3ea6b46960bd4d6ca43ce9e2252c1bca,SPY,buy,market,fill,1,gtc,0.0,1,stock,521.7100219726562,100.0,0.0
2024-03-27 12:30:00-04:00,MyStrategy,fe8058fafab34fbf973ee781ca82fac6,SPY,buy,market,new,1,gtc,0.0,1,stock,,,
2024-03-27 12:30:00-04:00,MyStrategy,fe8058fafab34fbf973ee781ca82fac6,SPY,buy,market,fill,1,gtc,0.0,1,stock,521.7100219726562,100.0,0.0
2024-03-27 15:30:00-04:00,MyStrategy,2a928e9efdcb49ea89b110d3799844dc,SPY,buy,market,new,1,gtc,0.0,1,stock,,,
2024-03-27 15:30:00-04:00,MyStrategy,2a928e9efdcb49ea89b110d3799844dc,SPY,buy,market,fill,1,gtc,0.0,1,stock,521.7100219726562,100.0,0.0
2024-03-28 09:30:00-04:00,MyStrategy,725dd696948744589d08bf120d1e541b,SPY,buy,market,new,1,gtc,0.0,1,stock,,,
2024-03-28 09:30:00-04:00,MyStrategy,725dd696948744589d08bf120d1e541b,SPY,buy,market,fill,1,gtc,0.0,1,stock,523.2100219726562,100.0,0.0
2024-03-28 12:30:00-04:00,MyStrategy,d46f329e28874479b36b7235358b0417,SPY,buy,market,new,1,gtc,0.0,1,stock,,,
2024-03-28 12:30:00-04:00,MyStrategy,d46f329e28874479b36b7235358b0417,SPY,buy,market,fill,1,gtc,0.0,1,stock,523.2100219726562,100.0,0.0
2024-03-28 15:30:00-04:00,MyStrategy,bfd6299116ee4164bf429a7497e04930,SPY,buy,market,new,1,gtc,0.0,1,stock,,,
2024-03-28 15:30:00-04:00,MyStrategy,bfd6299116ee4164bf429a7497e04930,SPY,buy,market,fill,1,gtc,0.0,1,stock,523.2100219726562,100.0,0.0
2024-04-01 09:30:00-04:00,MyStrategy,bf0b17918b2541fa8866eb3f4aab1e21,SPY,buy,market,new,1,gtc,0.0,1,stock,,,
2024-04-01 09:30:00-04:00,MyStrategy,bf0b17918b2541fa8866eb3f4aab1e21,SPY,buy,market,fill,1,gtc,0.0,1,stock,523.8300170898438,100.0,0.0
2024-04-01 12:30:00-04:00,MyStrategy,54409f2a06504a89a9baede3393c46b3,SPY,buy,market,new,1,gtc,0.0,1,stock,,,
2024-04-01 12:30:00-04:00,MyStrategy,54409f2a06504a89a9baede3393c46b3,SPY,buy,market,fill,1,gtc,0.0,1,stock,523.8300170898438,100.0,0.0
2024-04-01 15:30:00-04:00,MyStrategy,cb6504fc57ec4c37b6329619dfc2a092,SPY,buy,market,new,1,gtc,0.0,1,stock,,,
2024-04-01 15:30:00-04:00,MyStrategy,cb6504fc57ec4c37b6329619dfc2a092,SPY,buy,market,fill,1,gtc,0.0,1,stock,523.8300170898438,100.0,0.0
2024-04-02 09:30:00-04:00,MyStrategy,ab87c75920bd428a88a61cf66dd425eb,SPY,buy,market,new,1,gtc,0.0,1,stock,,,
2024-04-02 09:30:00-04:00,MyStrategy,ab87c75920bd428a88a61cf66dd425eb,SPY,buy,market,fill,1,gtc,0.0,1,stock,518.239990234375,100.0,0.0
2024-04-02 12:30:00-04:00,MyStrategy,12c85ece632047b2ae54162514953f50,SPY,buy,market,new,1,gtc,0.0,1,stock,,,
2024-04-02 12:30:00-04:00,MyStrategy,12c85ece632047b2ae54162514953f50,SPY,buy,market,fill,1,gtc,0.0,1,stock,518.239990234375,100.0,0.0
2024-04-02 15:30:00-04:00,MyStrategy,aef4711ca8e94824a1d28a2ff4c64148,SPY,buy,market,new,1,gtc,0.0,1,stock,,,
2024-04-02 15:30:00-04:00,MyStrategy,aef4711ca8e94824a1d28a2ff4c64148,SPY,buy,market,fill,1,gtc,0.0,1,stock,518.239990234375,100.0,0.0
2024-04-03 09:30:00-04:00,MyStrategy,226be5e6b2c34184bbea27947e5a7bc1,SPY,buy,market,new,1,gtc,0.0,1,stock,,,
2024-04-03 09:30:00-04:00,MyStrategy,226be5e6b2c34184bbea27947e5a7bc1,SPY,buy,market,fill,1,gtc,0.0,1,stock,517.719970703125,100.0,0.0
2024-04-03 12:30:00-04:00,MyStrategy,48ef469dddf4405cb4453f8ce6a31d4f,SPY,buy,market,new,1,gtc,0.0,1,stock,,,
2024-04-03 12:30:00-04:00,MyStrategy,48ef469dddf4405cb4453f8ce6a31d4f,SPY,buy,market,fill,1,gtc,0.0,1,stock,517.719970703125,100.0,0.0
2024-04-03 15:30:00-04:00,MyStrategy,57d27522aeab428ba8f60336a5d45516,SPY,buy,market,new,1,gtc,0.0,1,stock,,,
2024-04-03 15:30:00-04:00,MyStrategy,57d27522aeab428ba8f60336a5d45516,SPY,buy,market,fill,1,gtc,0.0,1,stock,517.719970703125,100.0,0.0
2024-04-04 09:30:00-04:00,MyStrategy,90d4d1e0766344b3a91ab7ae18c75a78,SPY,buy,market,new,1,gtc,0.0,1,stock,,,
2024-04-04 09:30:00-04:00,MyStrategy,90d4d1e0766344b3a91ab7ae18c75a78,SPY,buy,market,fill,1,gtc,0.0,1,stock,523.52001953125,100.0,0.0
2024-04-04 12:30:00-04:00,MyStrategy,7abae927be2346f89a6c4d094478d011,SPY,buy,market,new,1,gtc,0.0,1,stock,,,
2024-04-04 12:30:00-04:00,MyStrategy,7abae927be2346f89a6c4d094478d011,SPY,buy,market,fill,1,gtc,0.0,1,stock,523.52001953125,100.0,0.0
2024-04-04 15:30:00-04:00,MyStrategy,6c272ba3fe8b40238a018f014ce4e26e,SPY,buy,market,new,1,gtc,0.0,1,stock,,,
2024-04-04 15:30:00-04:00,MyStrategy,6c272ba3fe8b40238a018f014ce4e26e,SPY,buy,market,fill,1,gtc,0.0,1,stock,523.52001953125,100.0,0.0
2024-04-05 09:30:00-04:00,MyStrategy,51e93b791fe341238e9a0030e8c52595,SPY,buy,market,new,1,gtc,0.0,1,stock,,,
2024-04-05 09:30:00-04:00,MyStrategy,51e93b791fe341238e9a0030e8c52595,SPY,buy,market,fill,1,gtc,0.0,1,stock,514.4600219726562,100.0,0.0
2024-04-05 12:30:00-04:00,MyStrategy,95c4147ee68b4246be99c9257b968563,SPY,buy,market,new,1,gtc,0.0,1,stock,,,
2024-04-05 12:30:00-04:00,MyStrategy,95c4147ee68b4246be99c9257b968563,SPY,buy,market,fill,1,gtc,0.0,1,stock,514.4600219726562,100.0,0.0
2024-04-05 15:30:00-04:00,MyStrategy,3d259bcd430b4688b5d61dba10514235,SPY,buy,market,new,1,gtc,0.0,1,stock,,,
2024-04-05 15:30:00-04:00,MyStrategy,3d259bcd430b4688b5d61dba10514235,SPY,buy,market,fill,1,gtc,0.0,1,stock,514.4600219726562,100.0,0.0
2024-04-08 09:30:00-04:00,MyStrategy,da2ae44d5180413d848049abb4f60f59,SPY,buy,market,new,1,gtc,0.0,1,stock,,,
2024-04-08 09:30:00-04:00,MyStrategy,da2ae44d5180413d848049abb4f60f59,SPY,buy,market,fill,1,gtc,0.0,1,stock,519.1500244140625,100.0,0.0
2024-04-08 12:30:00-04:00,MyStrategy,1c8497876372419295375cc9ccf6a944,SPY,buy,market,new,1,gtc,0.0,1,stock,,,
2024-04-08 12:30:00-04:00,MyStrategy,1c8497876372419295375cc9ccf6a944,SPY,buy,market,fill,1,gtc,0.0,1,stock,519.1500244140625,100.0,0.0
2024-04-08 15:30:00-04:00,MyStrategy,f1d60758790340ff87738c78d29677e5,SPY,buy,market,new,1,gtc,0.0,1,stock,,,
2024-04-08 15:30:00-04:00,MyStrategy,f1d60758790340ff87738c78d29677e5,SPY,buy,market,fill,1,gtc,0.0,1,stock,519.1500244140625,100.0,0.0
2024-04-09 09:30:00-04:00,MyStrategy,7c518535eb5d49209b69fd02d92e13fb,SPY,buy,market,new,1,gtc,0.0,1,stock,,,
2024-04-09 09:30:00-04:00,MyStrategy,7c518535eb5d49209b69fd02d92e13fb,SPY,buy,market,fill,1,gtc,0.0,1,stock,520.5,100.0,0.0
2024-04-09 12:30:00-04:00,MyStrategy,6926afbb0cff40cba0f7c002de6e1ba6,SPY,buy,market,new,1,gtc,0.0,1,stock,,,
2024-04-09 12:30:00-04:00,MyStrategy,6926afbb0cff40cba0f7c002de6e1ba6,SPY,buy,market,fill,1,gtc,0.0,1,stock,520.5,100.0,0.0
2024-04-09 15:30:00-04:00,MyStrategy,3c8ac1526d304dcf8f3ae87db0e8668d,SPY,buy,market,new,1,gtc,0.0,1,stock,,,
2024-04-09 15:30:00-04:00,MyStrategy,3c8ac1526d304dcf8f3ae87db0e8668d,SPY,buy,market,fill,1,gtc,0.0,1,stock,520.5,100.0,0.0
2024-04-10 09:30:00-04:00,MyStrategy,38e6e4b486084db8900fff3bbc3b0f58,SPY,buy,market,new,1,gtc,0.0,1,stock,,,
2024-04-10 09:30:00-04:00,MyStrategy,38e6e4b486084db8900fff3bbc3b0f58,SPY,buy,market,fill,1,gtc,0.0,1,stock,513.47998046875,100.0,0.0
2024-04-10 12:30:00-04:00,MyStrategy,2381823d716444d78fddb623eff77784,SPY,buy,market,new,1,gtc,0.0,1,stock,,,
2024-04-10 12:30:00-04:00,MyStrategy,2381823d716444d78fddb623eff77784,SPY,buy,market,fill,1,gtc,0.0,1,stock,513.47998046875,100.0,0.0
2024-04-10 15:30:00-04:00,MyStrategy,de3963efdf65465c8bf3cf51eb341d37,SPY,buy,market,new,1,gtc,0.0,1,stock,,,
2024-04-10 15:30:00-04:00,MyStrategy,de3963efdf65465c8bf3cf51eb341d37,SPY,buy,market,fill,1,gtc,0.0,1,stock,513.47998046875,100.0,0.0
2024-04-11 09:30:00-04:00,MyStrategy,84315ba364954876aa5e46ea8eb4baed,SPY,buy,market,new,1,gtc,0.0,1,stock,,,
2024-04-11 09:30:00-04:00,MyStrategy,84315ba364954876aa5e46ea8eb4baed,SPY,buy,market,fill,1,gtc,0.0,1,stock,515.6799926757812,100.0,0.0
2024-04-11 12:30:00-04:00,MyStrategy,fd000bf293314731abced2232bb67e4b,SPY,buy,market,new,1,gtc,0.0,1,stock,,,
2024-04-11 12:30:00-04:00,MyStrategy,fd000bf293314731abced2232bb67e4b,SPY,buy,market,fill,1,gtc,0.0,1,stock,515.6799926757812,100.0,0.0
2024-04-11 15:30:00-04:00,MyStrategy,0fdda605c33545e586f5279b37d9a633,SPY,buy,market,new,1,gtc,0.0,1,stock,,,
2024-04-11 15:30:00-04:00,MyStrategy,0fdda605c33545e586f5279b37d9a633,SPY,buy,market,fill,1,gtc,0.0,1,stock,515.6799926757812,100.0,0.0
2024-04-12 09:30:00-04:00,MyStrategy,8e9a80a66b584695847d49f7dde49afe,SPY,buy,market,new,1,gtc,0.0,1,stock,,,
2024-04-12 09:30:00-04:00,MyStrategy,8e9a80a66b584695847d49f7dde49afe,SPY,buy,market,fill,1,gtc,0.0,1,stock,514.3699951171875,100.0,0.0
2024-04-12 12:30:00-04:00,MyStrategy,96c1ad13191e436892ec0a2fa6a81379,SPY,buy,market,new,1,gtc,0.0,1,stock,,,
2024-04-12 12:30:00-04:00,MyStrategy,96c1ad13191e436892ec0a2fa6a81379,SPY,buy,market,fill,1,gtc,0.0,1,stock,514.3699951171875,100.0,0.0
2024-04-12 15:30:00-04:00,MyStrategy,40189fdc7c7648c59ddfd1e1aa4d3e52,SPY,buy,market,new,1,gtc,0.0,1,stock,,,
2024-04-12 15:30:00-04:00,MyStrategy,40189fdc7c7648c59ddfd1e1aa4d3e52,SPY,buy,market,fill,1,gtc,0.0,1,stock,514.3699951171875,100.0,0.0
2024-04-15 09:30:00-04:00,MyStrategy,d5a9979c325040ebb5a2c8288e78a91d,SPY,buy,market,new,1,gtc,0.0,1,stock,,,
2024-04-15 09:30:00-04:00,MyStrategy,d5a9979c325040ebb5a2c8288e78a91d,SPY,buy,market,fill,1,gtc,0.0,1,stock,515.1300048828125,100.0,0.0
2024-04-15 12:30:00-04:00,MyStrategy,39c66714741e41bc8487b5b213864f48,SPY,buy,market,new,1,gtc,0.0,1,stock,,,
2024-04-15 12:30:00-04:00,MyStrategy,39c66714741e41bc8487b5b213864f48,SPY,buy,market,fill,1,gtc,0.0,1,stock,515.1300048828125,100.0,0.0
2024-04-15 15:30:00-04:00,MyStrategy,a6e4b9df0e754624915ea0c43106624b,SPY,buy,market,new,1,gtc,0.0,1,stock,,,
2024-04-15 15:30:00-04:00,MyStrategy,a6e4b9df0e754624915ea0c43106624b,SPY,buy,market,fill,1,gtc,0.0,1,stock,515.1300048828125,100.0,0.0
2024-04-16 09:30:00-04:00,MyStrategy,7d098cf558fd4e61ae004f841f6862e2,SPY,buy,market,new,1,gtc,0.0,1,stock,,,
2024-04-16 09:30:00-04:00,MyStrategy,7d098cf558fd4e61ae004f841f6862e2,SPY,buy,market,fill,1,gtc,0.0,1,stock,504.94000244140625,100.0,0.0
2024-04-16 12:30:00-04:00,MyStrategy,e4c8f49922ed4e2fa774fa5f7155bd85,SPY,buy,market,new,1,gtc,0.0,1,stock,,,
2024-04-16 12:30:00-04:00,MyStrategy,e4c8f49922ed4e2fa774fa5f7155bd85,SPY,buy,market,fill,1,gtc,0.0,1,stock,504.94000244140625,100.0,0.0
2024-04-16 15:30:00-04:00,MyStrategy,493d80bd28f248fa91a879acdb0618a7,SPY,buy,market,new,1,gtc,0.0,1,stock,,,
2024-04-16 15:30:00-04:00,MyStrategy,493d80bd28f248fa91a879acdb0618a7,SPY,buy,market,fill,1,gtc,0.0,1,stock,504.94000244140625,100.0,0.0
2024-04-17 09:30:00-04:00,MyStrategy,83f555fb59e5468786cb6a16ce108ceb,SPY,buy,market,new,1,gtc,0.0,1,stock,,,
2024-04-17 09:30:00-04:00,MyStrategy,83f555fb59e5468786cb6a16ce108ceb,SPY,buy,market,fill,1,gtc,0.0,1,stock,506.04998779296875,100.0,0.0
2024-04-17 12:30:00-04:00,MyStrategy,299f13ee87a242c8b94664d103070c24,SPY,buy,market,new,1,gtc,0.0,1,stock,,,
2024-04-17 12:30:00-04:00,MyStrategy,299f13ee87a242c8b94664d103070c24,SPY,buy,market,fill,1,gtc,0.0,1,stock,506.04998779296875,100.0,0.0
2024-04-17 15:30:00-04:00,MyStrategy,0676b25645a14d558b988e805b261309,SPY,buy,market,new,1,gtc,0.0,1,stock,,,
2024-04-17 15:30:00-04:00,MyStrategy,0676b25645a14d558b988e805b261309,SPY,buy,market,fill,1,gtc,0.0,1,stock,506.04998779296875,100.0,0.0
2024-04-18 09:30:00-04:00,MyStrategy,0d0571f4ac634d63bb362e561e36d0b6,SPY,buy,market,new,1,gtc,0.0,1,stock,,,
2024-04-18 09:30:00-04:00,MyStrategy,0d0571f4ac634d63bb362e561e36d0b6,SPY,buy,market,fill,1,gtc,0.0,1,stock,501.9800109863281,100.0,0.0
2024-04-18 12:30:00-04:00,MyStrategy,85db3bd78c024bb896849bc2f45f69d0,SPY,buy,market,new,1,gtc,0.0,1,stock,,,
2024-04-18 12:30:00-04:00,MyStrategy,85db3bd78c024bb896849bc2f45f69d0,SPY,buy,market,fill,1,gtc,0.0,1,stock,501.9800109863281,100.0,0.0
2024-04-18 15:30:00-04:00,MyStrategy,ab7fbb6d2d7a44028d28e27efd123679,SPY,buy,market,new,1,gtc,0.0,1,stock,,,
2024-04-18 15:30:00-04:00,MyStrategy,ab7fbb6d2d7a44028d28e27efd123679,SPY,buy,market,fill,1,gtc,0.0,1,stock,501.9800109863281,100.0,0.0
2024-04-19 09:30:00-04:00,MyStrategy,5c968a0defaa44dda4f11678adc6db4b,SPY,buy,market,new,1,gtc,0.0,1,stock,,,
2024-04-19 09:30:00-04:00,MyStrategy,5c968a0defaa44dda4f11678adc6db4b,SPY,buy,market,fill,1,gtc,0.0,1,stock,499.44000244140625,100.0,0.0
2024-04-19 12:30:00-04:00,MyStrategy,dd4fdd829083409f95746055bbf55bf4,SPY,buy,market,new,1,gtc,0.0,1,stock,,,
2024-04-19 12:30:00-04:00,MyStrategy,dd4fdd829083409f95746055bbf55bf4,SPY,buy,market,fill,1,gtc,0.0,1,stock,499.44000244140625,100.0,0.0
2024-04-19 15:30:00-04:00,MyStrategy,48754764c0274aca8349631485fe4233,SPY,buy,market,new,1,gtc,0.0,1,stock,,,
2024-04-19 15:30:00-04:00,MyStrategy,48754764c0274aca8349631485fe4233,SPY,buy,market,fill,1,gtc,0.0,1,stock,499.44000244140625,100.0,0.0
2024-04-22 09:30:00-04:00,MyStrategy,c3b099a9cfdc4ea1a1a5d2858b0d07cb,SPY,buy,market,new,1,gtc,0.0,1,stock,,,
2024-04-22 09:30:00-04:00,MyStrategy,c3b099a9cfdc4ea1a1a5d2858b0d07cb,SPY,buy,market,fill,1,gtc,0.0,1,stock,497.8299865722656,100.0,0.0
2024-04-22 12:30:00-04:00,MyStrategy,767a627d20fa4faaa23b690e35c08ac9,SPY,buy,market,new,1,gtc,0.0,1,stock,,,
2024-04-22 12:30:00-04:00,MyStrategy,767a627d20fa4faaa23b690e35c08ac9,SPY,buy,market,fill,1,gtc,0.0,1,stock,497.8299865722656,100.0,0.0
2024-04-22 15:30:00-04:00,MyStrategy,4209e3966bdd4e06a5c8475cba87a794,SPY,buy,market,new,1,gtc,0.0,1,stock,,,
2024-04-22 15:30:00-04:00,MyStrategy,4209e3966bdd4e06a5c8475cba87a794,SPY,buy,market,fill,1,gtc,0.0,1,stock,497.8299865722656,100.0,0.0
2024-04-23 09:30:00-04:00,MyStrategy,2f7c58f3adfb40eaa9aa752eaa6a67e6,SPY,buy,market,new,1,gtc,0.0,1,stock,,,
2024-04-23 09:30:00-04:00,MyStrategy,2f7c58f3adfb40eaa9aa752eaa6a67e6,SPY,buy,market,fill,1,gtc,0.0,1,stock,501.7799987792969,100.0,0.0
2024-04-23 12:30:00-04:00,MyStrategy,260532b25dce4dfa8c5f00919d82df26,SPY,buy,market,new,1,gtc,0.0,1,stock,,,
2024-04-23 12:30:00-04:00,MyStrategy,260532b25dce4dfa8c5f00919d82df26,SPY,buy,market,fill,1,gtc,0.0,1,stock,501.7799987792969,100.0,0.0
2024-04-23 15:30:00-04:00,MyStrategy,0ec92b56a2d144d4b07bdc3acde305e0,SPY,buy,market,new,1,gtc,0.0,1,stock,,,
2024-04-23 15:30:00-04:00,MyStrategy,0ec92b56a2d144d4b07bdc3acde305e0,SPY,buy,market,fill,1,gtc,0.0,1,stock,501.7799987792969,100.0,0.0
2024-04-24 09:30:00-04:00,MyStrategy,f1a61b3da73c48dc9153a3701b773bac,SPY,buy,market,new,1,gtc,0.0,1,stock,,,
2024-04-24 09:30:00-04:00,MyStrategy,f1a61b3da73c48dc9153a3701b773bac,SPY,buy,market,fill,1,gtc,0.0,1,stock,506.55999755859375,100.0,0.0
2024-04-24 12:30:00-04:00,MyStrategy,89bbafd0dd804293a9eefe3d0345d4b4,SPY,buy,market,new,1,gtc,0.0,1,stock,,,
2024-04-24 12:30:00-04:00,MyStrategy,89bbafd0dd804293a9eefe3d0345d4b4,SPY,buy,market,fill,1,gtc,0.0,1,stock,506.55999755859375,100.0,0.0
2024-04-24 15:30:00-04:00,MyStrategy,fe18440fe2414796874fb62c6413cb16,SPY,buy,market,new,1,gtc,0.0,1,stock,,,
2024-04-24 15:30:00-04:00,MyStrategy,fe18440fe2414796874fb62c6413cb16,SPY,buy,market,fill,1,gtc,0.0,1,stock,506.55999755859375,100.0,0.0
2024-04-25 09:30:00-04:00,MyStrategy,b048eb517d2746dc83eef6fffd9c6f6f,SPY,buy,market,new,1,gtc,0.0,1,stock,,,
2024-04-25 09:30:00-04:00,MyStrategy,b048eb517d2746dc83eef6fffd9c6f6f,SPY,buy,market,fill,1,gtc,0.0,1,stock,499.17999267578125,100.0,0.0
2024-04-25 12:30:00-04:00,MyStrategy,f6677031f8594efaab91c6f914686b7f,SPY,buy,market,new,1,gtc,0.0,1,stock,,,
2024-04-25 12:30:00-04:00,MyStrategy,f6677031f8594efaab91c6f914686b7f,SPY,buy,market,fill,1,gtc,0.0,1,stock,499.17999267578125,100.0,0.0
2024-04-25 15:30:00-04:00,MyStrategy,f77ea7ce75b3433687802b09d8430a3e,SPY,buy,market,new,1,gtc,0.0,1,stock,,,
2024-04-25 15:30:00-04:00,MyStrategy,f77ea7ce75b3433687802b09d8430a3e,SPY,buy,market,fill,1,gtc,0.0,1,stock,499.17999267578125,100.0,0.0
2024-04-26 09:30:00-04:00,MyStrategy,e29b1a169e2e4e7596cc6af3ab8df4bc,SPY,buy,market,new,1,gtc,0.0,1,stock,,,
2024-04-26 09:30:00-04:00,MyStrategy,e29b1a169e2e4e7596cc6af3ab8df4bc,SPY,buy,market,fill,1,gtc,0.0,1,stock,506.3500061035156,100.0,0.0
2024-04-26 12:30:00-04:00,MyStrategy,c6fc1c834c04432980c978ef9e8e93ff,SPY,buy,market,new,1,gtc,0.0,1,stock,,,
2024-04-26 12:30:00-04:00,MyStrategy,c6fc1c834c04432980c978ef9e8e93ff,SPY,buy,market,fill,1,gtc,0.0,1,stock,506.3500061035156,100.0,0.0
2024-04-26 15:30:00-04:00,MyStrategy,be88de8eceed4df49202374775463175,SPY,buy,market,new,1,gtc,0.0,1,stock,,,
2024-04-26 15:30:00-04:00,MyStrategy,be88de8eceed4df49202374775463175,SPY,buy,market,fill,1,gtc,0.0,1,stock,506.3500061035156,100.0,0.0
2024-04-29 09:30:00-04:00,MyStrategy,7befdaa271724ad39c7daaa534c10ff8,SPY,buy,market,new,1,gtc,0.0,1,stock,,,
2024-04-29 09:30:00-04:00,MyStrategy,7befdaa271724ad39c7daaa534c10ff8,SPY,buy,market,fill,1,gtc,0.0,1,stock,510.0899963378906,100.0,0.0
2024-04-29 12:30:00-04:00,MyStrategy,4dd4247b25f24105821aa098c25e7a0e,SPY,buy,market,new,1,gtc,0.0,1,stock,,,
2024-04-29 12:30:00-04:00,MyStrategy,4dd4247b25f24105821aa098c25e7a0e,SPY,buy,market,fill,1,gtc,0.0,1,stock,510.0899963378906,100.0,0.0
2024-04-29 15:30:00-04:00,MyStrategy,79ba85a729284ad0975f70c6eef8309a,SPY,buy,market,new,1,gtc,0.0,1,stock,,,
2024-04-29 15:30:00-04:00,MyStrategy,79ba85a729284ad0975f70c6eef8309a,SPY,buy,market,fill,1,gtc,0.0,1,stock,510.0899963378906,100.0,0.0
2024-04-30 09:30:00-04:00,MyStrategy,01824e61d9c14b6484694e0e053c4ba7,SPY,buy,market,new,1,gtc,0.0,1,stock,,,
2024-04-30 09:30:00-04:00,MyStrategy,01824e61d9c14b6484694e0e053c4ba7,SPY,buy,market,fill,1,gtc,0.0,1,stock,508.55999755859375,100.0,0.0
2024-04-30 12:30:00-04:00,MyStrategy,68cde464b7fe4da297e2de36d74b2f6b,SPY,buy,market,new,1,gtc,0.0,1,stock,,,
2024-04-30 12:30:00-04:00,MyStrategy,68cde464b7fe4da297e2de36d74b2f6b,SPY,buy,market,fill,1,gtc,0.0,1,stock,508.55999755859375,100.0,0.0
2024-04-30 15:30:00-04:00,MyStrategy,21faa78429cd4ac58dd85dbc77d5a07e,SPY,buy,market,new,1,gtc,0.0,1,stock,,,
2024-04-30 15:30:00-04:00,MyStrategy,21faa78429cd4ac58dd85dbc77d5a07e,SPY,buy,market,fill,1,gtc,0.0,1,stock,508.55999755859375,100.0,0.0
2024-05-01 09:30:00-04:00,MyStrategy,ff10c1356d1b4fdcb93b27ed247d1c7f,SPY,buy,market,new,1,gtc,0.0,1,stock,,,
2024-05-01 09:30:00-04:00,MyStrategy,ff10c1356d1b4fdcb93b27ed247d1c7f,SPY,buy,market,fill,1,gtc,0.0,1,stock,501.3800048828125,100.0,0.0
2024-05-01 12:30:00-04:00,MyStrategy,a17bd003ce7a4b33807a5f3be24d6814,SPY,buy,market,new,1,gtc,0.0,1,stock,,,
2024-05-01 12:30:00-04:00,MyStrategy,a17bd003ce7a4b33807a5f3be24d6814,SPY,buy,market,fill,1,gtc,0.0,1,stock,501.3800048828125,100.0,0.0
2024-05-01 15:30:00-04:00,MyStrategy,a824c6ecbec147cd99d03d52718cf2cb,SPY,buy,market,new,1,gtc,0.0,1,stock,,,
2024-05-01 15:30:00-04:00,MyStrategy,a824c6ecbec147cd99d03d52718cf2cb,SPY,buy,market,fill,1,gtc,0.0,1,stock,501.3800048828125,100.0,0.0
2024-05-02 09:30:00-04:00,MyStrategy,6e811f8ffde04b6781a856b981cdf1c5,SPY,buy,market,new,1,gtc,0.0,1,stock,,,
2024-05-02 09:30:00-04:00,MyStrategy,6e811f8ffde04b6781a856b981cdf1c5,SPY,buy,market,fill,1,gtc,0.0,1,stock,504.1499938964844,100.0,0.0
2024-05-02 12:30:00-04:00,MyStrategy,16198976328345b8be7df6048b01a8f6,SPY,buy,market,new,1,gtc,0.0,1,stock,,,
2024-05-02 12:30:00-04:00,MyStrategy,16198976328345b8be7df6048b01a8f6,SPY,buy,market,fill,1,gtc,0.0,1,stock,504.1499938964844,100.0,0.0
2024-05-02 15:30:00-04:00,MyStrategy,1116bb0f3dbd4d4c8b762c4700676f57,SPY,buy,market,new,1,gtc,0.0,1,stock,,,
2024-05-02 15:30:00-04:00,MyStrategy,1116bb0f3dbd4d4c8b762c4700676f57,SPY,buy,market,fill,1,gtc,0.0,1,stock,504.1499938964844,100.0,0.0
2024-05-03 09:30:00-04:00,MyStrategy,1e1c0d560a9a4af3bbd3bef4118e6362,SPY,buy,market,new,1,gtc,0.0,1,stock,,,
2024-05-03 09:30:00-04:00,MyStrategy,1e1c0d560a9a4af3bbd3bef4118e6362,SPY,buy,market,fill,1,gtc,0.0,1,stock,511.1600036621094,100.0,0.0
2024-05-03 12:30:00-04:00,MyStrategy,abdb7cb0a636456984d4dc89e6308bdd,SPY,buy,market,new,1,gtc,0.0,1,stock,,,
2024-05-03 12:30:00-04:00,MyStrategy,abdb7cb0a636456984d4dc89e6308bdd,SPY,buy,market,fill,1,gtc,0.0,1,stock,511.1600036621094,100.0,0.0
2024-05-03 15:30:00-04:00,MyStrategy,f0b6f93434dd46d4b772b6294974a8e0,SPY,buy,market,new,1,gtc,0.0,1,stock,,,
2024-05-03 15:30:00-04:00,MyStrategy,f0b6f93434dd46d4b772b6294974a8e0,SPY,buy,market,fill,1,gtc,0.0,1,stock,511.1600036621094,100.0,0.0
2024-05-06 09:30:00-04:00,MyStrategy,d262923dbc144496a5536abf9c86ab8b,SPY,buy,market,new,1,gtc,0.0,1,stock,,,
2024-05-06 09:30:00-04:00,MyStrategy,d262923dbc144496a5536abf9c86ab8b,SPY,buy,market,fill,1,gtc,0.0,1,stock,513.75,100.0,0.0
2024-05-06 12:30:00-04:00,MyStrategy,74299d3d2e8144d39fb1891924c91d90,SPY,buy,market,new,1,gtc,0.0,1,stock,,,
2024-05-06 12:30:00-04:00,MyStrategy,74299d3d2e8144d39fb1891924c91d90,SPY,buy,market,fill,1,gtc,0.0,1,stock,513.75,100.0,0.0
2024-05-06 15:30:00-04:00,MyStrategy,68b49a1c03c244fe8a2627b5c1e7bdaf,SPY,buy,market,new,1,gtc,0.0,1,stock,,,
2024-05-06 15:30:00-04:00,MyStrategy,68b49a1c03c244fe8a2627b5c1e7bdaf,SPY,buy,market,fill,1,gtc,0.0,1,stock,513.75,100.0,0.0
2024-05-07 09:30:00-04:00,MyStrategy,29b17d5189294a3388db7ba6ddbbbccd,SPY,buy,market,new,1,gtc,0.0,1,stock,,,
2024-05-07 09:30:00-04:00,MyStrategy,29b17d5189294a3388db7ba6ddbbbccd,SPY,buy,market,fill,1,gtc,0.0,1,stock,517.5599975585938,100.0,0.0
2024-05-07 12:30:00-04:00,MyStrategy,0b01a1a0b3274343a1dc3352f01984cd,SPY,buy,market,new,1,gtc,0.0,1,stock,,,
2024-05-07 12:30:00-04:00,MyStrategy,0b01a1a0b3274343a1dc3352f01984cd,SPY,buy,market,fill,1,gtc,0.0,1,stock,517.5599975585938,100.0,0.0
2024-05-07 15:30:00-04:00,MyStrategy,6fa81ebd6e8d4d11bac2203bded789df,SPY,buy,market,new,1,gtc,0.0,1,stock,,,
2024-05-07 15:30:00-04:00,MyStrategy,6fa81ebd6e8d4d11bac2203bded789df,SPY,buy,market,fill,1,gtc,0.0,1,stock,517.5599975585938,100.0,0.0
2024-05-08 09:30:00-04:00,MyStrategy,9cd4566543b944f384d3ce8f7d6001b6,SPY,buy,market,new,1,gtc,0.0,1,stock,,,
2024-05-08 09:30:00-04:00,MyStrategy,9cd4566543b944f384d3ce8f7d6001b6,SPY,buy,market,fill,1,gtc,0.0,1,stock,515.260009765625,100.0,0.0
2024-05-08 12:30:00-04:00,MyStrategy,f6c63b3eb3c4415dbb5301cb96cdd5d2,SPY,buy,market,new,1,gtc,0.0,1,stock,,,
2024-05-08 12:30:00-04:00,MyStrategy,f6c63b3eb3c4415dbb5301cb96cdd5d2,SPY,buy,market,fill,1,gtc,0.0,1,stock,515.260009765625,100.0,0.0
2024-05-08 15:30:00-04:00,MyStrategy,9d6263d727a74009a5941c13e31f8d4d,SPY,buy,market,new,1,gtc,0.0,1,stock,,,
2024-05-08 15:30:00-04:00,MyStrategy,9d6263d727a74009a5941c13e31f8d4d,SPY,buy,market,fill,1,gtc,0.0,1,stock,515.260009765625,100.0,0.0
2024-05-09 09:30:00-04:00,MyStrategy,fb7670b98605484b971da67e33c744aa,SPY,buy,market,new,1,gtc,0.0,1,stock,,,
2024-05-09 09:30:00-04:00,MyStrategy,fb7670b98605484b971da67e33c744aa,SPY,buy,market,fill,1,gtc,0.0,1,stock,517.3800048828125,100.0,0.0
2024-05-09 12:30:00-04:00,MyStrategy,742b97c0b4ef429ea712692a32ef73f4,SPY,buy,market,new,1,gtc,0.0,1,stock,,,
2024-05-09 12:30:00-04:00,MyStrategy,742b97c0b4ef429ea712692a32ef73f4,SPY,buy,market,fill,1,gtc,0.0,1,stock,517.3800048828125,100.0,0.0
2024-05-09 15:30:00-04:00,MyStrategy,a902960150dc4cca81b7cfc7c582c67c,SPY,buy,market,new,1,gtc,0.0,1,stock,,,
2024-05-09 15:30:00-04:00,MyStrategy,a902960150dc4cca81b7cfc7c582c67c,SPY,buy,market,fill,1,gtc,0.0,1,stock,517.3800048828125,100.0,0.0
2024-05-10 09:30:00-04:00,MyStrategy,2225f0efbc364a8cb28c11ab37f07a53,SPY,buy,market,new,1,gtc,0.0,1,stock,,,
2024-05-10 09:30:00-04:00,MyStrategy,2225f0efbc364a8cb28c11ab37f07a53,SPY,buy,market,fill,1,gtc,0.0,1,stock,521.8099975585938,100.0,0.0
2024-05-10 12:30:00-04:00,MyStrategy,77946e1d8fac4a51ba4d190df1a8cb13,SPY,buy,market,new,1,gtc,0.0,1,stock,,,
2024-05-10 12:30:00-04:00,MyStrategy,77946e1d8fac4a51ba4d190df1a8cb13,SPY,buy,market,fill,1,gtc,0.0,1,stock,521.8099975585938,100.0,0.0
2024-05-10 15:30:00-04:00,MyStrategy,865dc4d90f464d4faf15622d41ecb276,SPY,buy,market,new,1,gtc,0.0,1,stock,,,
2024-05-10 15:30:00-04:00,MyStrategy,865dc4d90f464d4faf15622d41ecb276,SPY,buy,market,fill,1,gtc,0.0,1,stock,521.8099975585938,100.0,0.0
2024-05-13 09:30:00-04:00,MyStrategy,8c636fe6cdb047798449ef9dea0db8aa,SPY,buy,market,new,1,gtc,0.0,1,stock,,,
2024-05-13 09:30:00-04:00,MyStrategy,8c636fe6cdb047798449ef9dea0db8aa,SPY,buy,market,fill,1,gtc,0.0,1,stock,522.5599975585938,100.0,0.0
2024-05-13 12:30:00-04:00,MyStrategy,028457b4358f4087b0e42146af105d0a,SPY,buy,market,new,1,gtc,0.0,1,stock,,,
2024-05-13 12:30:00-04:00,MyStrategy,028457b4358f4087b0e42146af105d0a,SPY,buy,market,fill,1,gtc,0.0,1,stock,522.5599975585938,100.0,0.0
2024-05-13 15:30:00-04:00,MyStrategy,27afc4746d9d4317a825394ada43b673,SPY,buy,market,new,1,gtc,0.0,1,stock,,,
2024-05-13 15:30:00-04:00,MyStrategy,27afc4746d9d4317a825394ada43b673,SPY,buy,market,fill,1,gtc,0.0,1,stock,522.5599975585938,100.0,0.0
2024-05-14 09:30:00-04:00,MyStrategy,e6b8a025320649e08488b4e2e91bab37,SPY,buy,market,new,1,gtc,0.0,1,stock,,,
2024-05-14 09:30:00-04:00,MyStrategy,e6b8a025320649e08488b4e2e91bab37,SPY,buy,market,fill,1,gtc,0.0,1,stock,521.1099853515625,100.0,0.0
2024-05-14 12:30:00-04:00,MyStrategy,49c5d8c5d3ea4c72885fb86422d38b25,SPY,buy,market,new,1,gtc,0.0,1,stock,,,
2024-05-14 12:30:00-04:00,MyStrategy,49c5d8c5d3ea4c72885fb86422d38b25,SPY,buy,market,fill,1,gtc,0.0,1,stock,521.1099853515625,100.0,0.0
2024-05-14 15:30:00-04:00,MyStrategy,8ebbe2e281444e328633666c08bd3549,SPY,buy,market,new,1,gtc,0.0,1,stock,,,
2024-05-14 15:30:00-04:00,MyStrategy,8ebbe2e281444e328633666c08bd3549,SPY,buy,market,fill,1,gtc,0.0,1,stock,521.1099853515625,100.0,0.0
2024-05-15 09:30:00-04:00,MyStrategy,0a0cfe0a4b0d473ea0b80c3d90ba64b5,SPY,buy,market,new,1,gtc,0.0,1,stock,,,
2024-05-15 09:30:00-04:00,MyStrategy,0a0cfe0a4b0d473ea0b80c3d90ba64b5,SPY,buy,market,fill,1,gtc,0.0,1,stock,525.8300170898438,100.0,0.0
2024-05-15 12:30:00-04:00,MyStrategy,f3ff6aee3cc442668e1ced80f5a7bf9b,SPY,buy,market,new,1,gtc,0.0,1,stock,,,
2024-05-15 12:30:00-04:00,MyStrategy,f3ff6aee3cc442668e1ced80f5a7bf9b,SPY,buy,market,fill,1,gtc,0.0,1,stock,525.8300170898438,100.0,0.0
2024-05-15 15:30:00-04:00,MyStrategy,5e4477d4e56048c08b203b5b1c42d9a5,SPY,buy,market,new,1,gtc,0.0,1,stock,,,
2024-05-15 15:30:00-04:00,MyStrategy,5e4477d4e56048c08b203b5b1c42d9a5,SPY,buy,market,fill,1,gtc,0.0,1,stock,525.8300170898438,100.0,0.0
2024-05-16 09:30:00-04:00,MyStrategy,ba0a1c8ae8ec4c25a782b93e54e73a26,SPY,buy,market,new,1,gtc,0.0,1,stock,,,
2024-05-16 09:30:00-04:00,MyStrategy,ba0a1c8ae8ec4c25a782b93e54e73a26,SPY,buy,market,fill,1,gtc,0.0,1,stock,529.8800048828125,100.0,0.0
2024-05-16 12:30:00-04:00,MyStrategy,557bc30cabc0447e9e2e1d797be261a7,SPY,buy,market,new,1,gtc,0.0,1,stock,,,
2024-05-16 12:30:00-04:00,MyStrategy,557bc30cabc0447e9e2e1d797be261a7,SPY,buy,market,fill,1,gtc,0.0,1,stock,529.8800048828125,100.0,0.0
2024-05-16 15:30:00-04:00,MyStrategy,99ccc62a06114a7786d2d9f8e6e2e5a6,SPY,buy,market,new,1,gtc,0.0,1,stock,,,
2024-05-16 15:30:00-04:00,MyStrategy,99ccc62a06114a7786d2d9f8e6e2e5a6,SPY,buy,market,fill,1,gtc,0.0,1,stock,529.8800048828125,100.0,0.0
2024-05-17 09:30:00-04:00,MyStrategy,1c06dfe5362d4751bd17df9e1c159cb3,SPY,buy,market,new,1,gtc,0.0,1,stock,,,
2024-05-17 09:30:00-04:00,MyStrategy,1c06dfe5362d4751bd17df9e1c159cb3,SPY,buy,market,fill,1,gtc,0.0,1,stock,528.8099975585938,100.0,0.0
2024-05-17 12:30:00-04:00,MyStrategy,47eb742b06c8491984310f8b9a212d34,SPY,buy,market,new,1,gtc,0.0,1,stock,,,
2024-05-17 12:30:00-04:00,MyStrategy,47eb742b06c8491984310f8b9a212d34,SPY,buy,market,fill,1,gtc,0.0,1,stock,528.8099975585938,100.0,0.0
2024-05-17 15:30:00-04:00,MyStrategy,6ddf7b459e8a4475b33a2374cb32ef00,SPY,buy,market,new,1,gtc,0.0,1,stock,,,
2024-05-17 15:30:00-04:00,MyStrategy,6ddf7b459e8a4475b33a2374cb32ef00,SPY,buy,market,fill,1,gtc,0.0,1,stock,528.8099975585938,100.0,0.0
2024-05-20 09:30:00-04:00,MyStrategy,3ed6080b9c8e4f82ace83caa4ed79eee,SPY,buy,market,new,1,gtc,0.0,1,stock,,,
2024-05-20 09:30:00-04:00,MyStrategy,3ed6080b9c8e4f82ace83caa4ed79eee,SPY,buy,market,fill,1,gtc,0.0,1,stock,529.5700073242188,100.0,0.0
2024-05-20 12:30:00-04:00,MyStrategy,8c6f74f252e34176b65a7f11f295dee5,SPY,buy,market,new,1,gtc,0.0,1,stock,,,
2024-05-20 12:30:00-04:00,MyStrategy,8c6f74f252e34176b65a7f11f295dee5,SPY,buy,market,fill,1,gtc,0.0,1,stock,529.5700073242188,100.0,0.0
2024-05-20 15:30:00-04:00,MyStrategy,33c50fc6c5164bc088cc52bb9b036cf4,SPY,buy,market,new,1,gtc,0.0,1,stock,,,
2024-05-20 15:30:00-04:00,MyStrategy,33c50fc6c5164bc088cc52bb9b036cf4,SPY,buy,market,fill,1,gtc,0.0,1,stock,529.5700073242188,100.0,0.0
2024-05-21 09:30:00-04:00,MyStrategy,d761d3d75583477d854f23abb598bf07,SPY,buy,market,new,1,gtc,0.0,1,stock,,,
2024-05-21 09:30:00-04:00,MyStrategy,d761d3d75583477d854f23abb598bf07,SPY,buy,market,fill,1,gtc,0.0,1,stock,529.280029296875,100.0,0.0
2024-05-21 12:30:00-04:00,MyStrategy,53d2a2ff41ce486b9a401ac9e2e8d429,SPY,buy,market,new,1,gtc,0.0,1,stock,,,
2024-05-21 12:30:00-04:00,MyStrategy,53d2a2ff41ce486b9a401ac9e2e8d429,SPY,buy,market,fill,1,gtc,0.0,1,stock,529.280029296875,100.0,0.0
2024-05-21 15:30:00-04:00,MyStrategy,2087a0afe6144fc5a376db2da66f5de2,SPY,buy,market,new,1,gtc,0.0,1,stock,,,
2024-05-21 15:30:00-04:00,MyStrategy,2087a0afe6144fc5a376db2da66f5de2,SPY,buy,market,fill,1,gtc,0.0,1,stock,529.280029296875,100.0,0.0
2024-05-22 09:30:00-04:00,MyStrategy,07c38e46ab58459cad5023ffc3f7f3a4,SPY,buy,market,new,1,gtc,0.0,1,stock,,,
2024-05-22 09:30:00-04:00,MyStrategy,07c38e46ab58459cad5023ffc3f7f3a4,SPY,buy,market,fill,1,gtc,0.0,1,stock,530.6500244140625,100.0,0.0
2024-05-22 12:30:00-04:00,MyStrategy,dfd5e4e4a84b4201904de504c8681c5d,SPY,buy,market,new,1,gtc,0.0,1,stock,,,
2024-05-22 12:30:00-04:00,MyStrategy,dfd5e4e4a84b4201904de504c8681c5d,SPY,buy,market,fill,1,gtc,0.0,1,stock,530.6500244140625,100.0,0.0
2024-05-22 15:30:00-04:00,MyStrategy,46a0851329b143e5ae5aa4356640b882,SPY,buy,market,new,1,gtc,0.0,1,stock,,,
2024-05-22 15:30:00-04:00,MyStrategy,46a0851329b143e5ae5aa4356640b882,SPY,buy,market,fill,1,gtc,0.0,1,stock,530.6500244140625,100.0,0.0
2024-05-23 09:30:00-04:00,MyStrategy,dfc7283fd7ad4de1a5a09843185316cc,SPY,buy,market,new,1,gtc,0.0,1,stock,,,
2024-05-23 09:30:00-04:00,MyStrategy,dfc7283fd7ad4de1a5a09843185316cc,SPY,buy,market,fill,1,gtc,0.0,1,stock,532.9600219726562,100.0,0.0
2024-05-23 12:30:00-04:00,MyStrategy,75b43f447d8b44cd85067a94b9cbff38,SPY,buy,market,new,1,gtc,0.0,1,stock,,,
2024-05-23 12:30:00-04:00,MyStrategy,75b43f447d8b44cd85067a94b9cbff38,SPY,buy,market,fill,1,gtc,0.0,1,stock,532.9600219726562,100.0,0.0
2024-05-23 15:30:00-04:00,MyStrategy,958aba32287d4ebdbd72e1274e912760,SPY,buy,market,new,1,gtc,0.0,1,stock,,,
2024-05-23 15:30:00-04:00,MyStrategy,958aba32287d4ebdbd72e1274e912760,SPY,buy,market,fill,1,gtc,0.0,1,stock,532.9600219726562,100.0,0.0
2024-05-24 09:30:00-04:00,MyStrategy,99c776799d6f4aac8398602da8b18b82,SPY,buy,market,new,1,gtc,0.0,1,stock,,,
2024-05-24 09:30:00-04:00,MyStrategy,99c776799d6f4aac8398602da8b18b82,SPY,buy,market,fill,1,gtc,0.0,1,stock,527.8499755859375,100.0,0.0
2024-05-24 12:30:00-04:00,MyStrategy,c58c9d1a560f4ffba894ae0e6c1ec3af,SPY,buy,market,new,1,gtc,0.0,1,stock,,,
2024-05-24 12:30:00-04:00,MyStrategy,c58c9d1a560f4ffba894ae0e6c1ec3af,SPY,buy,market,fill,1,gtc,0.0,1,stock,527.8499755859375,100.0,0.0
2024-05-24 15:30:00-04:00,MyStrategy,84e015b2a92a436f98b41553a67c0ab8,SPY,buy,market,new,1,gtc,0.0,1,stock,,,
2024-05-24 15:30:00-04:00,MyStrategy,84e015b2a92a436f98b41553a67c0ab8,SPY,buy,market,fill,1,gtc,0.0,1,stock,527.8499755859375,100.0,0.0
2024-05-28 09:30:00-04:00,MyStrategy,f50fbb93ee284b9faab37c93535df905,SPY,buy,market,new,1,gtc,0.0,1,stock,,,
2024-05-28 09:30:00-04:00,MyStrategy,f50fbb93ee284b9faab37c93535df905,SPY,buy,market,fill,1,gtc,0.0,1,stock,530.27001953125,100.0,0.0
2024-05-28 12:30:00-04:00,MyStrategy,3f9e86e13e4142979351bd455b5bb8ba,SPY,buy,market,new,1,gtc,0.0,1,stock,,,
2024-05-28 12:30:00-04:00,MyStrategy,3f9e86e13e4142979351bd455b5bb8ba,SPY,buy,market,fill,1,gtc,0.0,1,stock,530.27001953125,100.0,0.0
2024-05-28 15:30:00-04:00,MyStrategy,7a7ec86b2e2349a7be3b67e9885ec282,SPY,buy,market,new,1,gtc,0.0,1,stock,,,
2024-05-28 15:30:00-04:00,MyStrategy,7a7ec86b2e2349a7be3b67e9885ec282,SPY,buy,market,fill,1,gtc,0.0,1,stock,530.27001953125,100.0,0.0
2024-05-29 09:30:00-04:00,MyStrategy,6e18194b8b234e9a983130cc6d05ddba,SPY,buy,market,new,1,gtc,0.0,1,stock,,,
2024-05-29 09:30:00-04:00,MyStrategy,6e18194b8b234e9a983130cc6d05ddba,SPY,buy,market,fill,1,gtc,0.0,1,stock,525.6799926757812,100.0,0.0
2024-05-29 12:30:00-04:00,MyStrategy,c5be1bb47f3247f0aeeab28b4e7565de,SPY,buy,market,new,1,gtc,0.0,1,stock,,,
2024-05-29 12:30:00-04:00,MyStrategy,c5be1bb47f3247f0aeeab28b4e7565de,SPY,buy,market,fill,1,gtc,0.0,1,stock,525.6799926757812,100.0,0.0
2024-05-29 15:30:00-04:00,MyStrategy,68ab291019dd49b7ae31812a38eaf664,SPY,buy,market,new,1,gtc,0.0,1,stock,,,
2024-05-29 15:30:00-04:00,MyStrategy,68ab291019dd49b7ae31812a38eaf664,SPY,buy,market,fill,1,gtc,0.0,1,stock,525.6799926757812,100.0,0.0
2024-05-30 09:30:00-04:00,MyStrategy,b4baf3da78984d1da14b8d88fccabc48,SPY,buy,market,new,1,gtc,0.0,1,stock,,,
2024-05-30 09:30:00-04:00,MyStrategy,b4baf3da78984d1da14b8d88fccabc48,SPY,buy,market,fill,1,gtc,0.0,1,stock,524.52001953125,100.0,0.0
2024-05-30 12:30:00-04:00,MyStrategy,18c553d956594f109a13a3e68e83dcf4,SPY,buy,market,new,1,gtc,0.0,1,stock,,,
2024-05-30 12:30:00-04:00,MyStrategy,18c553d956594f109a13a3e68e83dcf4,SPY,buy,market,fill,1,gtc,0.0,1,stock,524.52001953125,100.0,0.0
2024-05-30 15:30:00-04:00,MyStrategy,1fa8ca3cbbb444ec93e72323061f6256,SPY,buy,market,new,1,gtc,0.0,1,stock,,,
2024-05-30 15:30:00-04:00,MyStrategy,1fa8ca3cbbb444ec93e72323061f6256,SPY,buy,market,fill,1,gtc,0.0,1,stock,524.52001953125,100.0,0.0
2024-05-31 09:30:00-04:00,MyStrategy,98bf0078059549ecac4c0508f5ad5fd0,SPY,buy,market,new,1,gtc,0.0,1,stock,,,
2024-05-31 09:30:00-04:00,MyStrategy,98bf0078059549ecac4c0508f5ad5fd0,SPY,buy,market,fill,1,gtc,0.0,1,stock,523.5900268554688,100.0,0.0
2024-05-31 12:30:00-04:00,MyStrategy,27f8b6d7ac8b4364b82fd14664ec2471,SPY,buy,market,new,1,gtc,0.0,1,stock,,,
2024-05-31 12:30:00-04:00,MyStrategy,27f8b6d7ac8b4364b82fd14664ec2471,SPY,buy,market,fill,1,gtc,0.0,1,stock,523.5900268554688,100.0,0.0
2024-05-31 15:30:00-04:00,MyStrategy,4ff421df5ed54b86b9926b0954a02c29,SPY,buy,market,new,1,gtc,0.0,1,stock,,,
2024-05-31 15:30:00-04:00,MyStrategy,4ff421df5ed54b86b9926b0954a02c29,SPY,buy,market,fill,1,gtc,0.0,1,stock,523.5900268554688,100.0,0.0
2024-06-03 09:30:00-04:00,MyStrategy,674d82d5d5bc4b5eb47a00f324fb2389,SPY,buy,market,new,1,gtc,0.0,1,stock,,,
2024-06-03 09:30:00-04:00,MyStrategy,674d82d5d5bc4b5eb47a00f324fb2389,SPY,buy,market,fill,1,gtc,0.0,1,stock,529.02001953125,100.0,0.0
2024-06-03 12:30:00-04:00,MyStrategy,ec6e7d040f414703bf7efd6f4b687456,SPY,buy,market,new,1,gtc,0.0,1,stock,,,
2024-06-03 12:30:00-04:00,MyStrategy,ec6e7d040f414703bf7efd6f4b687456,SPY,buy,market,fill,1,gtc,0.0,1,stock,529.02001953125,100.0,0.0
2024-06-03 15:30:00-04:00,MyStrategy,794f39a765b54d359d199469a17fa495,SPY,buy,market,new,1,gtc,0.0,1,stock,,,
2024-06-03 15:30:00-04:00,MyStrategy,794f39a765b54d359d199469a17fa495,SPY,buy,market,fill,1,gtc,0.0,1,stock,529.02001953125,100.0,0.0
2024-06-04 09:30:00-04:00,MyStrategy,7127436396c4444584d7b839f48151ef,SPY,buy,market,new,1,gtc,0.0,1,stock,,,
2024-06-04 09:30:00-04:00,MyStrategy,7127436396c4444584d7b839f48151ef,SPY,buy,market,fill,1,gtc,0.0,1,stock,526.4600219726562,100.0,0.0
2024-06-04 12:30:00-04:00,MyStrategy,db699cb131b64a4191c0dba70233ac65,SPY,buy,market,new,1,gtc,0.0,1,stock,,,
2024-06-04 12:30:00-04:00,MyStrategy,db699cb131b64a4191c0dba70233ac65,SPY,buy,market,fill,1,gtc,0.0,1,stock,526.4600219726562,100.0,0.0
2024-06-04 15:30:00-04:00,MyStrategy,039bb9af47f94980b0fe7b53667cfac9,SPY,buy,market,new,1,gtc,0.0,1,stock,,,
2024-06-04 15:30:00-04:00,MyStrategy,039bb9af47f94980b0fe7b53667cfac9,SPY,buy,market,fill,1,gtc,0.0,1,stock,526.4600219726562,100.0,0.0
2024-06-05 09:30:00-04:00,MyStrategy,abf5bb94747040688b68c035b81f221b,SPY,buy,market,new,1,gtc,0.0,1,stock,,,
2024-06-05 09:30:00-04:00,MyStrategy,abf5bb94747040688b68c035b81f221b,SPY,buy,market,fill,1,gtc,0.0,1,stock,530.77001953125,100.0,0.0
2024-06-05 12:30:00-04:00,MyStrategy,896bc3017964456eaf38ae93c839fb0c,SPY,buy,market,new,1,gtc,0.0,1,stock,,,
2024-06-05 12:30:00-04:00,MyStrategy,896bc3017964456eaf38ae93c839fb0c,SPY,buy,market,fill,1,gtc,0.0,1,stock,530.77001953125,100.0,0.0
2024-06-05 15:30:00-04:00,MyStrategy,9b42e47e9c0a4f3cb9b7d4ec7055110f,SPY,buy,market,new,1,gtc,0.0,1,stock,,,
2024-06-05 15:30:00-04:00,MyStrategy,9b42e47e9c0a4f3cb9b7d4ec7055110f,SPY,buy,market,fill,1,gtc,0.0,1,stock,530.77001953125,100.0,0.0
2024-06-06 09:30:00-04:00,MyStrategy,be89df6e3553469ba163109eae4649cb,SPY,buy,market,new,1,gtc,0.0,1,stock,,,
2024-06-06 09:30:00-04:00,MyStrategy,be89df6e3553469ba163109eae4649cb,SPY,buy,market,fill,1,gtc,0.0,1,stock,534.97998046875,100.0,0.0
2024-06-06 12:30:00-04:00,MyStrategy,c4c5c0cb3610486c9bf0a11a2d8331a6,SPY,buy,market,new,1,gtc,0.0,1,stock,,,
2024-06-06 12:30:00-04:00,MyStrategy,c4c5c0cb3610486c9bf0a11a2d8331a6,SPY,buy,market,fill,1,gtc,0.0,1,stock,534.97998046875,100.0,0.0
2024-06-06 15:30:00-04:00,MyStrategy,c21416f2aa544bdc82146bc0a3363ee1,SPY,buy,market,new,1,gtc,0.0,1,stock,,,
2024-06-06 15:30:00-04:00,MyStrategy,c21416f2aa544bdc82146bc0a3363ee1,SPY,buy,market,fill,1,gtc,0.0,1,stock,534.97998046875,100.0,0.0
2024-06-07 09:30:00-04:00,MyStrategy,717761bddef94d91977f2afa0d4bdbf4,SPY,buy,market,new,1,gtc,0.0,1,stock,,,
2024-06-07 09:30:00-04:00,MyStrategy,717761bddef94d91977f2afa0d4bdbf4,SPY,buy,market,fill,1,gtc,0.0,1,stock,533.6599731445312,100.0,0.0
2024-06-07 12:30:00-04:00,MyStrategy,433a1ee396f74c649f236c6ee8d7a06f,SPY,buy,market,new,1,gtc,0.0,1,stock,,,
2024-06-07 12:30:00-04:00,MyStrategy,433a1ee396f74c649f236c6ee8d7a06f,SPY,buy,market,fill,1,gtc,0.0,1,stock,533.6599731445312,100.0,0.0
2024-06-07 15:30:00-04:00,MyStrategy,472ccdabfab54e4cbe9ac7376da1a925,SPY,buy,market,new,1,gtc,0.0,1,stock,,,
2024-06-07 15:30:00-04:00,MyStrategy,472ccdabfab54e4cbe9ac7376da1a925,SPY,buy,market,fill,1,gtc,0.0,1,stock,533.6599731445312,100.0,0.0
2024-06-10 09:30:00-04:00,MyStrategy,11b873ebb6774a158524aaf645a95e16,SPY,buy,market,new,1,gtc,0.0,1,stock,,,
2024-06-10 09:30:00-04:00,MyStrategy,11b873ebb6774a158524aaf645a95e16,SPY,buy,market,fill,1,gtc,0.0,1,stock,533.1799926757812,100.0,0.0
2024-06-10 12:30:00-04:00,MyStrategy,524654a38c524b04b9b7257a516d80f3,SPY,buy,market,new,1,gtc,0.0,1,stock,,,
2024-06-10 12:30:00-04:00,MyStrategy,524654a38c524b04b9b7257a516d80f3,SPY,buy,market,fill,1,gtc,0.0,1,stock,533.1799926757812,100.0,0.0
2024-06-10 15:30:00-04:00,MyStrategy,4edb1ffa54054dd681161f6e89624526,SPY,buy,market,new,1,gtc,0.0,1,stock,,,
2024-06-10 15:30:00-04:00,MyStrategy,4edb1ffa54054dd681161f6e89624526,SPY,buy,market,fill,1,gtc,0.0,1,stock,533.1799926757812,100.0,0.0
2024-06-11 09:30:00-04:00,MyStrategy,817d55a758a1456b98d975c793444424,SPY,buy,market,new,1,gtc,0.0,1,stock,,,
2024-06-11 09:30:00-04:00,MyStrategy,817d55a758a1456b98d975c793444424,SPY,buy,market,fill,1,gtc,0.0,1,stock,534.0700073242188,100.0,0.0
2024-06-11 12:30:00-04:00,MyStrategy,0cc6aa1f76774d49961d05ffd6d17da9,SPY,buy,market,new,1,gtc,0.0,1,stock,,,
2024-06-11 12:30:00-04:00,MyStrategy,0cc6aa1f76774d49961d05ffd6d17da9,SPY,buy,market,fill,1,gtc,0.0,1,stock,534.0700073242188,100.0,0.0
2024-06-11 15:30:00-04:00,MyStrategy,227eae9ea1a845528c312b2b39edc8fb,SPY,buy,market,new,1,gtc,0.0,1,stock,,,
2024-06-11 15:30:00-04:00,MyStrategy,227eae9ea1a845528c312b2b39edc8fb,SPY,buy,market,fill,1,gtc,0.0,1,stock,534.0700073242188,100.0,0.0
2024-06-12 09:30:00-04:00,MyStrategy,a7ef7c56e5614183aa1c8f3ef771fa69,SPY,buy,market,new,1,gtc,0.0,1,stock,,,
2024-06-12 09:30:00-04:00,MyStrategy,a7ef7c56e5614183aa1c8f3ef771fa69,SPY,buy,market,fill,1,gtc,0.0,1,stock,541.6300048828125,100.0,0.0
2024-06-12 12:30:00-04:00,MyStrategy,8916f9ded11f4a6a828d6862a5435ba2,SPY,buy,market,new,1,gtc,0.0,1,stock,,,
2024-06-12 12:30:00-04:00,MyStrategy,8916f9ded11f4a6a828d6862a5435ba2,SPY,buy,market,fill,1,gtc,0.0,1,stock,541.6300048828125,100.0,0.0
2024-06-12 15:30:00-04:00,MyStrategy,2448dcab0007450886eabd29a9b2257a,SPY,buy,market,new,1,gtc,0.0,1,stock,,,
2024-06-12 15:30:00-04:00,MyStrategy,2448dcab0007450886eabd29a9b2257a,SPY,buy,market,fill,1,gtc,0.0,1,stock,541.6300048828125,100.0,0.0
2024-06-13 09:30:00-04:00,MyStrategy,5b3e5eb58d324d70a41776cc9d87518e,SPY,buy,market,new,1,gtc,0.0,1,stock,,,
2024-06-13 09:30:00-04:00,MyStrategy,5b3e5eb58d324d70a41776cc9d87518e,SPY,buy,market,fill,1,gtc,0.0,1,stock,543.1500244140625,100.0,0.0
2024-06-13 12:30:00-04:00,MyStrategy,e0388ee30c534f1690e2ef213a44a8b1,SPY,buy,market,new,1,gtc,0.0,1,stock,,,
2024-06-13 12:30:00-04:00,MyStrategy,e0388ee30c534f1690e2ef213a44a8b1,SPY,buy,market,fill,1,gtc,0.0,1,stock,543.1500244140625,100.0,0.0
2024-06-13 15:30:00-04:00,MyStrategy,06cb137a04cf4b4aa2627b1968ce84fc,SPY,buy,market,new,1,gtc,0.0,1,stock,,,
2024-06-13 15:30:00-04:00,MyStrategy,06cb137a04cf4b4aa2627b1968ce84fc,SPY,buy,market,fill,1,gtc,0.0,1,stock,543.1500244140625,100.0,0.0
2024-06-14 09:30:00-04:00,MyStrategy,4ccf5e464fc14701bd05cd8b86365e55,SPY,buy,market,new,1,gtc,0.0,1,stock,,,
2024-06-14 09:30:00-04:00,MyStrategy,4ccf5e464fc14701bd05cd8b86365e55,SPY,buy,market,fill,1,gtc,0.0,1,stock,540.8800048828125,100.0,0.0
2024-06-14 12:30:00-04:00,MyStrategy,ebadefc1341b424380513bae76c9320f,SPY,buy,market,new,1,gtc,0.0,1,stock,,,
2024-06-14 12:30:00-04:00,MyStrategy,ebadefc1341b424380513bae76c9320f,SPY,buy,market,fill,1,gtc,0.0,1,stock,540.8800048828125,100.0,0.0
2024-06-14 15:30:00-04:00,MyStrategy,87b2a90ed1114a9d938eb9c0dfc6ded7,SPY,buy,market,new,1,gtc,0.0,1,stock,,,
2024-06-14 15:30:00-04:00,MyStrategy,87b2a90ed1114a9d938eb9c0dfc6ded7,SPY,buy,market,fill,1,gtc,0.0,1,stock,540.8800048828125,100.0,0.0
2024-06-17 09:30:00-04:00,MyStrategy,fa8f424d0b4a42ac99ce1831c8df65c4,SPY,buy,market,new,1,gtc,0.0,1,stock,,,
2024-06-17 09:30:00-04:00,MyStrategy,fa8f424d0b4a42ac99ce1831c8df65c4,SPY,buy,market,fill,1,gtc,0.0,1,stock,542.0800170898438,100.0,0.0
2024-06-17 12:30:00-04:00,MyStrategy,46dcaf7a5acd4987b0f25c2b922ee0e3,SPY,buy,market,new,1,gtc,0.0,1,stock,,,
2024-06-17 12:30:00-04:00,MyStrategy,46dcaf7a5acd4987b0f25c2b922ee0e3,SPY,buy,market,fill,1,gtc,0.0,1,stock,542.0800170898438,100.0,0.0
2024-06-17 15:30:00-04:00,MyStrategy,96fec476c4c94417a50be53035398147,SPY,buy,market,new,1,gtc,0.0,1,stock,,,
2024-06-17 15:30:00-04:00,MyStrategy,96fec476c4c94417a50be53035398147,SPY,buy,market,fill,1,gtc,0.0,1,stock,542.0800170898438,100.0,0.0
2024-06-18 09:30:00-04:00,MyStrategy,7bacbd8719c14049bf1bb1c8f451339f,SPY,buy,market,new,1,gtc,0.0,1,stock,,,
2024-06-18 09:30:00-04:00,MyStrategy,7bacbd8719c14049bf1bb1c8f451339f,SPY,buy,market,fill,1,gtc,0.0,1,stock,547.1599731445312,100.0,0.0
2024-06-18 12:30:00-04:00,MyStrategy,6a283ee063e0426fb1436c0f1161ac01,SPY,buy,market,new,1,gtc,0.0,1,stock,,,
2024-06-18 12:30:00-04:00,MyStrategy,6a283ee063e0426fb1436c0f1161ac01,SPY,buy,market,fill,1,gtc,0.0,1,stock,547.1599731445312,100.0,0.0
2024-06-18 15:30:00-04:00,MyStrategy,2c251c0d13984d4c8b38ee44d7a5a2fb,SPY,buy,market,new,1,gtc,0.0,1,stock,,,
2024-06-18 15:30:00-04:00,MyStrategy,2c251c0d13984d4c8b38ee44d7a5a2fb,SPY,buy,market,fill,1,gtc,0.0,1,stock,547.1599731445312,100.0,0.0
2024-06-20 09:30:00-04:00,MyStrategy,e92a7d08d1b54445a3369437ac3c0680,SPY,buy,market,new,1,gtc,0.0,1,stock,,,
2024-06-20 09:30:00-04:00,MyStrategy,e92a7d08d1b54445a3369437ac3c0680,SPY,buy,market,fill,1,gtc,0.0,1,stock,549.4400024414062,100.0,0.0
2024-06-20 12:30:00-04:00,MyStrategy,5e1e6c033efa4a9183730fb71154dcaa,SPY,buy,market,new,1,gtc,0.0,1,stock,,,
2024-06-20 12:30:00-04:00,MyStrategy,5e1e6c033efa4a9183730fb71154dcaa,SPY,buy,market,fill,1,gtc,0.0,1,stock,549.4400024414062,100.0,0.0
2024-06-20 15:30:00-04:00,MyStrategy,13a93d3c803143b3a8641362034c9b12,SPY,buy,market,new,1,gtc,0.0,1,stock,,,
2024-06-20 15:30:00-04:00,MyStrategy,13a93d3c803143b3a8641362034c9b12,SPY,buy,market,fill,1,gtc,0.0,1,stock,549.4400024414062,100.0,0.0
2024-06-21 09:30:00-04:00,MyStrategy,ca7a4835b9354d9e9e726ef2cded1428,SPY,buy,market,new,1,gtc,0.0,1,stock,,,
2024-06-21 09:30:00-04:00,MyStrategy,ca7a4835b9354d9e9e726ef2cded1428,SPY,buy,market,fill,1,gtc,0.0,1,stock,544.4000244140625,100.0,0.0
2024-06-21 12:30:00-04:00,MyStrategy,1fc9003fd94244438c4332eeb865f30e,SPY,buy,market,new,1,gtc,0.0,1,stock,,,
2024-06-21 12:30:00-04:00,MyStrategy,1fc9003fd94244438c4332eeb865f30e,SPY,buy,market,fill,1,gtc,0.0,1,stock,544.4000244140625,100.0,0.0
2024-06-21 15:30:00-04:00,MyStrategy,39e06e7e1a964057a5ec003713958bab,SPY,buy,market,new,1,gtc,0.0,1,stock,,,
2024-06-21 15:30:00-04:00,MyStrategy,39e06e7e1a964057a5ec003713958bab,SPY,buy,market,fill,1,gtc,0.0,1,stock,544.4000244140625,100.0,0.0
2024-06-24 09:30:00-04:00,MyStrategy,c8a24906ca7c49b6ad56e75e06f4fa01,SPY,buy,market,new,1,gtc,0.0,1,stock,,,
2024-06-24 09:30:00-04:00,MyStrategy,c8a24906ca7c49b6ad56e75e06f4fa01,SPY,buy,market,fill,1,gtc,0.0,1,stock,544.3300170898438,100.0,0.0
2024-06-24 12:30:00-04:00,MyStrategy,367cd4a6152949869c9adf0d36b3122c,SPY,buy,market,new,1,gtc,0.0,1,stock,,,
2024-06-24 12:30:00-04:00,MyStrategy,367cd4a6152949869c9adf0d36b3122c,SPY,buy,market,fill,1,gtc,0.0,1,stock,544.3300170898438,100.0,0.0
2024-06-24 15:30:00-04:00,MyStrategy,ab1545069e7841aaa2b42ab2cc04141a,SPY,buy,market,new,1,gtc,0.0,1,stock,,,
2024-06-24 15:30:00-04:00,MyStrategy,ab1545069e7841aaa2b42ab2cc04141a,SPY,buy,market,fill,1,gtc,0.0,1,stock,544.3300170898438,100.0,0.0
2024-06-25 09:30:00-04:00,MyStrategy,21d18947bb724db9bb1c185348ada9f7,SPY,buy,market,new,1,gtc,0.0,1,stock,,,
2024-06-25 09:30:00-04:00,MyStrategy,21d18947bb724db9bb1c185348ada9f7,SPY,buy,market,fill,1,gtc,0.0,1,stock,543.989990234375,100.0,0.0
2024-06-25 12:30:00-04:00,MyStrategy,80d6e47da0ae47329a7a018ed37dc453,SPY,buy,market,new,1,gtc,0.0,1,stock,,,
2024-06-25 12:30:00-04:00,MyStrategy,80d6e47da0ae47329a7a018ed37dc453,SPY,buy,market,fill,1,gtc,0.0,1,stock,543.989990234375,100.0,0.0
2024-06-25 15:30:00-04:00,MyStrategy,543748bcf3514b54836e1b4d06dfdd74,SPY,buy,market,new,1,gtc,0.0,1,stock,,,
2024-06-25 15:30:00-04:00,MyStrategy,543748bcf3514b54836e1b4d06dfdd74,SPY,buy,market,fill,1,gtc,0.0,1,stock,543.989990234375,100.0,0.0
2024-06-26 09:30:00-04:00,MyStrategy,76706994caba43dca64e4318d8bdcc4f,SPY,buy,market,new,1,gtc,0.0,1,stock,,,
2024-06-26 09:30:00-04:00,MyStrategy,76706994caba43dca64e4318d8bdcc4f,SPY,buy,market,fill,1,gtc,0.0,1,stock,543.6900024414062,100.0,0.0
2024-06-26 12:30:00-04:00,MyStrategy,02fdcd2a08264ff8886a8848ea3be6e4,SPY,buy,market,new,1,gtc,0.0,1,stock,,,
2024-06-26 12:30:00-04:00,MyStrategy,02fdcd2a08264ff8886a8848ea3be6e4,SPY,buy,market,fill,1,gtc,0.0,1,stock,543.6900024414062,100.0,0.0
2024-06-26 15:30:00-04:00,MyStrategy,d15701128f484986bbc72dcaaaf3570f,SPY,buy,market,new,1,gtc,0.0,1,stock,,,
2024-06-26 15:30:00-04:00,MyStrategy,d15701128f484986bbc72dcaaaf3570f,SPY,buy,market,fill,1,gtc,0.0,1,stock,543.6900024414062,100.0,0.0
2024-06-27 09:30:00-04:00,MyStrategy,78762d3a1b60406ebba2c5b70b6b537d,SPY,buy,market,new,1,gtc,0.0,1,stock,,,
2024-06-27 09:30:00-04:00,MyStrategy,78762d3a1b60406ebba2c5b70b6b537d,SPY,buy,market,fill,1,gtc,0.0,1,stock,545.3699951171875,100.0,0.0
2024-06-27 12:30:00-04:00,MyStrategy,789b74e51a91486a8ba75dfb250e74af,SPY,buy,market,new,1,gtc,0.0,1,stock,,,
2024-06-27 12:30:00-04:00,MyStrategy,789b74e51a91486a8ba75dfb250e74af,SPY,buy,market,fill,1,gtc,0.0,1,stock,545.3699951171875,100.0,0.0
2024-06-27 15:30:00-04:00,MyStrategy,24f2a0eb990844258d726f921b51cb0f,SPY,buy,market,new,1,gtc,0.0,1,stock,,,
2024-06-27 15:30:00-04:00,MyStrategy,24f2a0eb990844258d726f921b51cb0f,SPY,buy,market,fill,1,gtc,0.0,1,stock,545.3699951171875,100.0,0.0
2024-06-28 09:30:00-04:00,MyStrategy,c7d4af71f7d24f909ee24f566d5ac09e,SPY,buy,market,new,1,gtc,0.0,1,stock,,,
2024-06-28 09:30:00-04:00,MyStrategy,c7d4af71f7d24f909ee24f566d5ac09e,SPY,buy,market,fill,1,gtc,0.0,1,stock,547.1599731445312,100.0,0.0
2024-06-28 12:30:00-04:00,MyStrategy,aefb536d43fd471785c9529f97389f0b,SPY,buy,market,new,1,gtc,0.0,1,stock,,,
2024-06-28 12:30:00-04:00,MyStrategy,aefb536d43fd471785c9529f97389f0b,SPY,buy,market,fill,1,gtc,0.0,1,stock,547.1599731445312,100.0,0.0
2024-06-28 15:30:00-04:00,MyStrategy,5b45f2f0a3da478ebc398afe926fcaf3,SPY,buy,market,new,1,gtc,0.0,1,stock,,,
2024-06-28 15:30:00-04:00,MyStrategy,5b45f2f0a3da478ebc398afe926fcaf3,SPY,buy,market,fill,1,gtc,0.0,1,stock,547.1599731445312,100.0,0.0
2024-07-01 09:30:00-04:00,MyStrategy,7d1470fa18b14ab7b0e27c5cd1c15266,SPY,buy,market,new,1,gtc,0.0,1,stock,,,
2024-07-01 09:30:00-04:00,MyStrategy,7d1470fa18b14ab7b0e27c5cd1c15266,SPY,buy,market,fill,1,gtc,0.0,1,stock,545.6300048828125,100.0,0.0
2024-07-01 12:30:00-04:00,MyStrategy,e0e1810dd7a24f1ab1a9cd0ec25f3150,SPY,buy,market,new,1,gtc,0.0,1,stock,,,
2024-07-01 12:30:00-04:00,MyStrategy,e0e1810dd7a24f1ab1a9cd0ec25f3150,SPY,buy,market,fill,1,gtc,0.0,1,stock,545.6300048828125,100.0,0.0
2024-07-01 15:30:00-04:00,MyStrategy,55c5820c0032444b92172a27b6964e44,SPY,buy,market,new,1,gtc,0.0,1,stock,,,
2024-07-01 15:30:00-04:00,MyStrategy,55c5820c0032444b92172a27b6964e44,SPY,buy,market,fill,1,gtc,0.0,1,stock,545.6300048828125,100.0,0.0
2024-07-02 09:30:00-04:00,MyStrategy,e4aab1b4c1e94fc38edba364c58bd91c,SPY,buy,market,new,1,gtc,0.0,1,stock,,,
2024-07-02 09:30:00-04:00,MyStrategy,e4aab1b4c1e94fc38edba364c58bd91c,SPY,buy,market,fill,1,gtc,0.0,1,stock,543.7000122070312,100.0,0.0
2024-07-02 12:30:00-04:00,MyStrategy,7b46ae6ebce44d9f81e72ea2401f4e05,SPY,buy,market,new,1,gtc,0.0,1,stock,,,
2024-07-02 12:30:00-04:00,MyStrategy,7b46ae6ebce44d9f81e72ea2401f4e05,SPY,buy,market,fill,1,gtc,0.0,1,stock,543.7000122070312,100.0,0.0
2024-07-02 15:30:00-04:00,MyStrategy,4bd788318f7e4acdb8d3d9909db7fc0a,SPY,buy,market,new,1,gtc,0.0,1,stock,,,
2024-07-02 15:30:00-04:00,MyStrategy,4bd788318f7e4acdb8d3d9909db7fc0a,SPY,buy,market,fill,1,gtc,0.0,1,stock,543.7000122070312,100.0,0.0
2024-07-03 09:30:00-04:00,MyStrategy,d9f9825f9fe14daeb283bfe599f398e0,SPY,buy,market,new,1,gtc,0.0,1,stock,,,
2024-07-03 09:30:00-04:00,MyStrategy,d9f9825f9fe14daeb283bfe599f398e0,SPY,buy,market,fill,1,gtc,0.0,1,stock,548.6900024414062,100.0,0.0
2024-07-03 12:30:00-04:00,MyStrategy,dc047060e4ca472485354321a9ad4d5f,SPY,buy,market,new,1,gtc,0.0,1,stock,,,
2024-07-03 12:30:00-04:00,MyStrategy,dc047060e4ca472485354321a9ad4d5f,SPY,buy,market,fill,1,gtc,0.0,1,stock,548.6900024414062,100.0,0.0
2024-07-05 09:30:00-04:00,MyStrategy,bfe7d5dfa3ce42ccb7bd216150e2973b,SPY,buy,market,new,1,gtc,0.0,1,stock,,,
2024-07-05 09:30:00-04:00,MyStrategy,bfe7d5dfa3ce42ccb7bd216150e2973b,SPY,buy,market,fill,1,gtc,0.0,1,stock,551.77001953125,100.0,0.0
2024-07-05 12:30:00-04:00,MyStrategy,58576693ff9c47b8bff93f29bc41efe0,SPY,buy,market,new,1,gtc,0.0,1,stock,,,
2024-07-05 12:30:00-04:00,MyStrategy,58576693ff9c47b8bff93f29bc41efe0,SPY,buy,market,fill,1,gtc,0.0,1,stock,551.77001953125,100.0,0.0
2024-07-05 15:30:00-04:00,MyStrategy,6358e36bb52f439395ac180fa547f0e3,SPY,buy,market,new,1,gtc,0.0,1,stock,,,
2024-07-05 15:30:00-04:00,MyStrategy,6358e36bb52f439395ac180fa547f0e3,SPY,buy,market,fill,1,gtc,0.0,1,stock,551.77001953125,100.0,0.0
2024-07-08 09:30:00-04:00,MyStrategy,fc094afe7c4747ae9d2e019c16424b64,SPY,buy,market,new,1,gtc,0.0,1,stock,,,
2024-07-08 09:30:00-04:00,MyStrategy,fc094afe7c4747ae9d2e019c16424b64,SPY,buy,market,fill,1,gtc,0.0,1,stock,555.4400024414062,100.0,0.0
2024-07-08 12:30:00-04:00,MyStrategy,660a20bcfadc417e81b343b829b6fbcc,SPY,buy,market,new,1,gtc,0.0,1,stock,,,
2024-07-08 12:30:00-04:00,MyStrategy,660a20bcfadc417e81b343b829b6fbcc,SPY,buy,market,fill,1,gtc,0.0,1,stock,555.4400024414062,100.0,0.0
2024-07-08 15:30:00-04:00,MyStrategy,5fa4ebe522f04230844145a6297d76ee,SPY,buy,market,new,1,gtc,0.0,1,stock,,,
2024-07-08 15:30:00-04:00,MyStrategy,5fa4ebe522f04230844145a6297d76ee,SPY,buy,market,fill,1,gtc,0.0,1,stock,555.4400024414062,100.0,0.0
2024-07-09 09:30:00-04:00,MyStrategy,0bacddcd740b435ca121b11662befdaf,SPY,buy,market,new,1,gtc,0.0,1,stock,,,
2024-07-09 09:30:00-04:00,MyStrategy,0bacddcd740b435ca121b11662befdaf,SPY,buy,market,fill,1,gtc,0.0,1,stock,556.260009765625,100.0,0.0
2024-07-09 12:30:00-04:00,MyStrategy,56a6f99b0fa747f5a1df31c7d04add06,SPY,buy,market,new,1,gtc,0.0,1,stock,,,
2024-07-09 12:30:00-04:00,MyStrategy,56a6f99b0fa747f5a1df31c7d04add06,SPY,buy,market,fill,1,gtc,0.0,1,stock,556.260009765625,100.0,0.0
2024-07-09 15:30:00-04:00,MyStrategy,1bf69bbc2af749e5950d795f8c9f47a7,SPY,buy,market,new,1,gtc,0.0,1,stock,,,
2024-07-09 15:30:00-04:00,MyStrategy,1bf69bbc2af749e5950d795f8c9f47a7,SPY,buy,market,fill,1,gtc,0.0,1,stock,556.260009765625,100.0,0.0
2024-07-10 09:30:00-04:00,MyStrategy,ec872070682b42a6a2af71dafb3f1809,SPY,buy,market,new,1,gtc,0.0,1,stock,,,
2024-07-10 09:30:00-04:00,MyStrategy,ec872070682b42a6a2af71dafb3f1809,SPY,buy,market,fill,1,gtc,0.0,1,stock,557.0700073242188,100.0,0.0
2024-07-10 12:30:00-04:00,MyStrategy,b1d861861d63469a97266d3f43cdc7f8,SPY,buy,market,new,1,gtc,0.0,1,stock,,,
2024-07-10 12:30:00-04:00,MyStrategy,b1d861861d63469a97266d3f43cdc7f8,SPY,buy,market,fill,1,gtc,0.0,1,stock,557.0700073242188,100.0,0.0
2024-07-10 15:30:00-04:00,MyStrategy,8b9f5efd93914624937cc8786c6dbd51,SPY,buy,market,new,1,gtc,0.0,1,stock,,,
2024-07-10 15:30:00-04:00,MyStrategy,8b9f5efd93914624937cc8786c6dbd51,SPY,buy,market,fill,1,gtc,0.0,1,stock,557.0700073242188,100.0,0.0
2024-07-11 09:30:00-04:00,MyStrategy,24cdab30f1b54e33a17ab0e4bc6d584b,SPY,buy,market,new,1,gtc,0.0,1,stock,,,
2024-07-11 09:30:00-04:00,MyStrategy,24cdab30f1b54e33a17ab0e4bc6d584b,SPY,buy,market,fill,1,gtc,0.0,1,stock,561.4400024414062,100.0,0.0
2024-07-11 12:30:00-04:00,MyStrategy,4a1948649882411589c0ec399e2e4dd7,SPY,buy,market,new,1,gtc,0.0,1,stock,,,
2024-07-11 12:30:00-04:00,MyStrategy,4a1948649882411589c0ec399e2e4dd7,SPY,buy,market,fill,1,gtc,0.0,1,stock,561.4400024414062,100.0,0.0
2024-07-11 15:30:00-04:00,MyStrategy,6a3a6454ab714908a11c908692c25600,SPY,buy,market,new,1,gtc,0.0,1,stock,,,
2024-07-11 15:30:00-04:00,MyStrategy,6a3a6454ab714908a11c908692c25600,SPY,buy,market,fill,1,gtc,0.0,1,stock,561.4400024414062,100.0,0.0
2024-07-12 09:30:00-04:00,MyStrategy,ff827c14124c4aad94eb03a2d2cab386,SPY,buy,market,new,1,gtc,0.0,1,stock,,,
2024-07-12 09:30:00-04:00,MyStrategy,ff827c14124c4aad94eb03a2d2cab386,SPY,buy,market,fill,1,gtc,0.0,1,stock,557.6300048828125,100.0,0.0
2024-07-12 12:30:00-04:00,MyStrategy,9dd3f1ac2e354bf5adb181cfe0e0490a,SPY,buy,market,new,1,gtc,0.0,1,stock,,,
2024-07-12 12:30:00-04:00,MyStrategy,9dd3f1ac2e354bf5adb181cfe0e0490a,SPY,buy,market,fill,1,gtc,0.0,1,stock,557.6300048828125,100.0,0.0
2024-07-12 15:30:00-04:00,MyStrategy,59e728cac8b84297a08ca21ba5b476bb,SPY,buy,market,new,1,gtc,0.0,1,stock,,,
2024-07-12 15:30:00-04:00,MyStrategy,59e728cac8b84297a08ca21ba5b476bb,SPY,buy,market,fill,1,gtc,0.0,1,stock,557.6300048828125,100.0,0.0
2024-07-15 09:30:00-04:00,MyStrategy,0b552a1e5c184cb1aabeeea45c91b7fb,SPY,buy,market,new,1,gtc,0.0,1,stock,,,
2024-07-15 09:30:00-04:00,MyStrategy,0b552a1e5c184cb1aabeeea45c91b7fb,SPY,buy,market,fill,1,gtc,0.0,1,stock,562.030029296875,100.0,0.0
2024-07-15 12:30:00-04:00,MyStrategy,bf1f14778cb64654a572c9bbeca3087f,SPY,buy,market,new,1,gtc,0.0,1,stock,,,
2024-07-15 12:30:00-04:00,MyStrategy,bf1f14778cb64654a572c9bbeca3087f,SPY,buy,market,fill,1,gtc,0.0,1,stock,562.030029296875,100.0,0.0
2024-07-15 15:30:00-04:00,MyStrategy,84f86c04ea2842408febac62527fbec3,SPY,buy,market,new,1,gtc,0.0,1,stock,,,
2024-07-15 15:30:00-04:00,MyStrategy,84f86c04ea2842408febac62527fbec3,SPY,buy,market,fill,1,gtc,0.0,1,stock,562.030029296875,100.0,0.0
2024-07-16 09:30:00-04:00,MyStrategy,649c4e2be5154270905127dbb3e51652,SPY,buy,market,new,1,gtc,0.0,1,stock,,,
2024-07-16 09:30:00-04:00,MyStrategy,649c4e2be5154270905127dbb3e51652,SPY,buy,market,fill,1,gtc,0.0,1,stock,562.8699951171875,100.0,0.0
2024-07-16 12:30:00-04:00,MyStrategy,fd007e973be043649200163954df723f,SPY,buy,market,new,1,gtc,0.0,1,stock,,,
2024-07-16 12:30:00-04:00,MyStrategy,fd007e973be043649200163954df723f,SPY,buy,market,fill,1,gtc,0.0,1,stock,562.8699951171875,100.0,0.0
2024-07-16 15:30:00-04:00,MyStrategy,3c21c2dfa1664079982f8fa26e4fad2b,SPY,buy,market,new,1,gtc,0.0,1,stock,,,
2024-07-16 15:30:00-04:00,MyStrategy,3c21c2dfa1664079982f8fa26e4fad2b,SPY,buy,market,fill,1,gtc,0.0,1,stock,562.8699951171875,100.0,0.0
2024-07-17 09:30:00-04:00,MyStrategy,b1a16857f5ac438d9cea8924ef4a1a7b,SPY,buy,market,new,1,gtc,0.0,1,stock,,,
2024-07-17 09:30:00-04:00,MyStrategy,b1a16857f5ac438d9cea8924ef4a1a7b,SPY,buy,market,fill,1,gtc,0.0,1,stock,558.7999877929688,100.0,0.0
2024-07-17 12:30:00-04:00,MyStrategy,f9520c627fa84d909e5617e0b6bcf320,SPY,buy,market,new,1,gtc,0.0,1,stock,,,
2024-07-17 12:30:00-04:00,MyStrategy,f9520c627fa84d909e5617e0b6bcf320,SPY,buy,market,fill,1,gtc,0.0,1,stock,558.7999877929688,100.0,0.0
2024-07-17 15:30:00-04:00,MyStrategy,b69ab6d2611e443db592b5858e146588,SPY,buy,market,new,1,gtc,0.0,1,stock,,,
2024-07-17 15:30:00-04:00,MyStrategy,b69ab6d2611e443db592b5858e146588,SPY,buy,market,fill,1,gtc,0.0,1,stock,558.7999877929688,100.0,0.0
2024-07-18 09:30:00-04:00,MyStrategy,d6d94caab7e74f28a0c7f805415519e4,SPY,buy,market,new,1,gtc,0.0,1,stock,,,
2024-07-18 09:30:00-04:00,MyStrategy,d6d94caab7e74f28a0c7f805415519e4,SPY,buy,market,fill,1,gtc,0.0,1,stock,558.510009765625,100.0,0.0
2024-07-18 12:30:00-04:00,MyStrategy,14c01e1c2c4b45a8941d8f44984dcf89,SPY,buy,market,new,1,gtc,0.0,1,stock,,,
2024-07-18 12:30:00-04:00,MyStrategy,14c01e1c2c4b45a8941d8f44984dcf89,SPY,buy,market,fill,1,gtc,0.0,1,stock,558.510009765625,100.0,0.0
2024-07-18 15:30:00-04:00,MyStrategy,1acbea620ab747e2b5bd13d36fdba856,SPY,buy,market,new,1,gtc,0.0,1,stock,,,
2024-07-18 15:30:00-04:00,MyStrategy,1acbea620ab747e2b5bd13d36fdba856,SPY,buy,market,fill,1,gtc,0.0,1,stock,558.510009765625,100.0,0.0
2024-07-19 09:30:00-04:00,MyStrategy,cbd7e358909e404db8602c17c2eb2bec,SPY,buy,market,new,1,gtc,0.0,1,stock,,,
2024-07-19 09:30:00-04:00,MyStrategy,cbd7e358909e404db8602c17c2eb2bec,SPY,buy,market,fill,1,gtc,0.0,1,stock,552.4199829101562,100.0,0.0
2024-07-19 12:30:00-04:00,MyStrategy,23999119057c43e4a233df03322a2263,SPY,buy,market,new,1,gtc,0.0,1,stock,,,
2024-07-19 12:30:00-04:00,MyStrategy,23999119057c43e4a233df03322a2263,SPY,buy,market,fill,1,gtc,0.0,1,stock,552.4199829101562,100.0,0.0
2024-07-19 15:30:00-04:00,MyStrategy,566b0ea6358b46ccb3e7f5913451cb38,SPY,buy,market,new,1,gtc,0.0,1,stock,,,
2024-07-19 15:30:00-04:00,MyStrategy,566b0ea6358b46ccb3e7f5913451cb38,SPY,buy,market,fill,1,gtc,0.0,1,stock,552.4199829101562,100.0,0.0
2024-07-22 09:30:00-04:00,MyStrategy,514b83b0c81a4634b8434fc6d6169b3c,SPY,buy,market,new,1,gtc,0.0,1,stock,,,
2024-07-22 09:30:00-04:00,MyStrategy,514b83b0c81a4634b8434fc6d6169b3c,SPY,buy,market,fill,1,gtc,0.0,1,stock,553.0,100.0,0.0
2024-07-22 12:30:00-04:00,MyStrategy,6461d5a8daf24063886c4975a8bc3a52,SPY,buy,market,new,1,gtc,0.0,1,stock,,,
2024-07-22 12:30:00-04:00,MyStrategy,6461d5a8daf24063886c4975a8bc3a52,SPY,buy,market,fill,1,gtc,0.0,1,stock,553.0,100.0,0.0
2024-07-22 15:30:00-04:00,MyStrategy,c294c4b359fe421f84eea154a0d91c1c,SPY,buy,market,new,1,gtc,0.0,1,stock,,,
2024-07-22 15:30:00-04:00,MyStrategy,c294c4b359fe421f84eea154a0d91c1c,SPY,buy,market,fill,1,gtc,0.0,1,stock,553.0,100.0,0.0
2024-07-23 09:30:00-04:00,MyStrategy,beaf3d375e29449caff0795eb8466ec0,SPY,buy,market,new,1,gtc,0.0,1,stock,,,
2024-07-23 09:30:00-04:00,MyStrategy,beaf3d375e29449caff0795eb8466ec0,SPY,buy,market,fill,1,gtc,0.0,1,stock,554.5399780273438,100.0,0.0
2024-07-23 12:30:00-04:00,MyStrategy,6ed7534e24104543ad0cecd0829dc92c,SPY,buy,market,new,1,gtc,0.0,1,stock,,,
2024-07-23 12:30:00-04:00,MyStrategy,6ed7534e24104543ad0cecd0829dc92c,SPY,buy,market,fill,1,gtc,0.0,1,stock,554.5399780273438,100.0,0.0
2024-07-23 15:30:00-04:00,MyStrategy,7e72241b68d44157a2f3f807b9571eda,SPY,buy,market,new,1,gtc,0.0,1,stock,,,
2024-07-23 15:30:00-04:00,MyStrategy,7e72241b68d44157a2f3f807b9571eda,SPY,buy,market,fill,1,gtc,0.0,1,stock,554.5399780273438,100.0,0.0
2024-07-24 09:30:00-04:00,MyStrategy,a48090eb574a4232909e31dbbc9fe60e,SPY,buy,market,new,1,gtc,0.0,1,stock,,,
2024-07-24 09:30:00-04:00,MyStrategy,a48090eb574a4232909e31dbbc9fe60e,SPY,buy,market,fill,1,gtc,0.0,1,stock,548.8599853515625,100.0,0.0
2024-07-24 12:30:00-04:00,MyStrategy,80c44cc90e684d42a79401e9712536ef,SPY,buy,market,new,1,gtc,0.0,1,stock,,,
2024-07-24 12:30:00-04:00,MyStrategy,80c44cc90e684d42a79401e9712536ef,SPY,buy,market,fill,1,gtc,0.0,1,stock,548.8599853515625,100.0,0.0
2024-07-24 15:30:00-04:00,MyStrategy,18040ea408fb4df8997ea3445236adbe,SPY,buy,market,new,1,gtc,0.0,1,stock,,,
2024-07-24 15:30:00-04:00,MyStrategy,18040ea408fb4df8997ea3445236adbe,SPY,buy,market,fill,1,gtc,0.0,1,stock,548.8599853515625,100.0,0.0
2024-07-25 09:30:00-04:00,MyStrategy,0fe73323c3b94dcb9334acdffba8049e,SPY,buy,market,new,1,gtc,0.0,1,stock,,,
2024-07-25 09:30:00-04:00,MyStrategy,0fe73323c3b94dcb9334acdffba8049e,SPY,buy,market,fill,1,gtc,0.0,1,stock,541.3499755859375,100.0,0.0
2024-07-25 12:30:00-04:00,MyStrategy,7f275d957ca3413a9f0a73a709ac0df2,SPY,buy,market,new,1,gtc,0.0,1,stock,,,
2024-07-25 12:30:00-04:00,MyStrategy,7f275d957ca3413a9f0a73a709ac0df2,SPY,buy,market,fill,1,gtc,0.0,1,stock,541.3499755859375,100.0,0.0
2024-07-25 15:30:00-04:00,MyStrategy,b335e41cbd4e4e219d09d0cbb3cf4f90,SPY,buy,market,new,1,gtc,0.0,1,stock,,,
2024-07-25 15:30:00-04:00,MyStrategy,b335e41cbd4e4e219d09d0cbb3cf4f90,SPY,buy,market,fill,1,gtc,0.0,1,stock,541.3499755859375,100.0,0.0
2024-07-26 09:30:00-04:00,MyStrategy,8899b1498d5a43dc9671e65b80667828,SPY,buy,market,new,1,gtc,0.0,1,stock,,,
2024-07-26 09:30:00-04:00,MyStrategy,8899b1498d5a43dc9671e65b80667828,SPY,buy,market,fill,1,gtc,0.0,1,stock,542.280029296875,100.0,0.0
2024-07-26 12:30:00-04:00,MyStrategy,1f31fd31339c48c48366cc87d58ea062,SPY,buy,market,new,1,gtc,0.0,1,stock,,,
2024-07-26 12:30:00-04:00,MyStrategy,1f31fd31339c48c48366cc87d58ea062,SPY,buy,market,fill,1,gtc,0.0,1,stock,542.280029296875,100.0,0.0
2024-07-26 15:30:00-04:00,MyStrategy,2615c48aa69c4e0eacec5464f802725f,SPY,buy,market,new,1,gtc,0.0,1,stock,,,
2024-07-26 15:30:00-04:00,MyStrategy,2615c48aa69c4e0eacec5464f802725f,SPY,buy,market,fill,1,gtc,0.0,1,stock,542.280029296875,100.0,0.0
2024-07-29 09:30:00-04:00,MyStrategy,2110cdf7571145439ac33772dbdc6145,SPY,buy,market,new,1,gtc,0.0,1,stock,,,
2024-07-29 09:30:00-04:00,MyStrategy,2110cdf7571145439ac33772dbdc6145,SPY,buy,market,fill,1,gtc,0.0,1,stock,546.02001953125,100.0,0.0
2024-07-29 12:30:00-04:00,MyStrategy,38ab2afe66754d82a0e686e5831a96ac,SPY,buy,market,new,1,gtc,0.0,1,stock,,,
2024-07-29 12:30:00-04:00,MyStrategy,38ab2afe66754d82a0e686e5831a96ac,SPY,buy,market,fill,1,gtc,0.0,1,stock,546.02001953125,100.0,0.0
2024-07-29 15:30:00-04:00,MyStrategy,d9e1f850e4d14c82b8daf2d569a7ba37,SPY,buy,market,new,1,gtc,0.0,1,stock,,,
2024-07-29 15:30:00-04:00,MyStrategy,d9e1f850e4d14c82b8daf2d569a7ba37,SPY,buy,market,fill,1,gtc,0.0,1,stock,546.02001953125,100.0,0.0
2024-07-30 09:30:00-04:00,MyStrategy,037296081cb7464bbf44cc5647baead5,SPY,buy,market,new,1,gtc,0.0,1,stock,,,
2024-07-30 09:30:00-04:00,MyStrategy,037296081cb7464bbf44cc5647baead5,SPY,buy,market,fill,1,gtc,0.0,1,stock,546.260009765625,100.0,0.0
2024-07-30 12:30:00-04:00,MyStrategy,492d6bcc049e4c889a360e020821d900,SPY,buy,market,new,1,gtc,0.0,1,stock,,,
2024-07-30 12:30:00-04:00,MyStrategy,492d6bcc049e4c889a360e020821d900,SPY,buy,market,fill,1,gtc,0.0,1,stock,546.260009765625,100.0,0.0
2024-07-30 15:30:00-04:00,MyStrategy,bf1c4cc6271840d8aa44115ad77a3715,SPY,buy,market,new,1,gtc,0.0,1,stock,,,
2024-07-30 15:30:00-04:00,MyStrategy,bf1c4cc6271840d8aa44115ad77a3715,SPY,buy,market,fill,1,gtc,0.0,1,stock,546.260009765625,100.0,0.0
2024-07-31 09:30:00-04:00,MyStrategy,c92a2fc5f52d4f4ba9ce307835a9c872,SPY,buy,market,new,1,gtc,0.0,1,stock,,,
2024-07-31 09:30:00-04:00,MyStrategy,c92a2fc5f52d4f4ba9ce307835a9c872,SPY,buy,market,fill,1,gtc,0.0,1,stock,548.97998046875,100.0,0.0
2024-07-31 12:30:00-04:00,MyStrategy,7ca501c788fe418880b06d8e7b8bd7b1,SPY,buy,market,new,1,gtc,0.0,1,stock,,,
2024-07-31 12:30:00-04:00,MyStrategy,7ca501c788fe418880b06d8e7b8bd7b1,SPY,buy,market,fill,1,gtc,0.0,1,stock,548.97998046875,100.0,0.0
2024-07-31 15:30:00-04:00,MyStrategy,4a6766847ce84bb397a684487cd732ef,SPY,buy,market,new,1,gtc,0.0,1,stock,,,
2024-07-31 15:30:00-04:00,MyStrategy,4a6766847ce84bb397a684487cd732ef,SPY,buy,market,fill,1,gtc,0.0,1,stock,548.97998046875,100.0,0.0
2024-08-01 09:30:00-04:00,MyStrategy,f3986d64238a4adca577634b7d64ed18,SPY,buy,market,new,1,gtc,0.0,1,stock,,,
2024-08-01 09:30:00-04:00,MyStrategy,f3986d64238a4adca577634b7d64ed18,SPY,buy,market,fill,1,gtc,0.0,1,stock,552.5700073242188,100.0,0.0
2024-08-01 12:30:00-04:00,MyStrategy,45f6054d9edf49b59d1caa5796e1b862,SPY,buy,market,new,1,gtc,0.0,1,stock,,,
2024-08-01 12:30:00-04:00,MyStrategy,45f6054d9edf49b59d1caa5796e1b862,SPY,buy,market,fill,1,gtc,0.0,1,stock,552.5700073242188,100.0,0.0
2024-08-01 15:30:00-04:00,MyStrategy,58ee0a2391434b7e82139d648618c1b9,SPY,buy,market,new,1,gtc,0.0,1,stock,,,
2024-08-01 15:30:00-04:00,MyStrategy,58ee0a2391434b7e82139d648618c1b9,SPY,buy,market,fill,1,gtc,0.0,1,stock,552.5700073242188,100.0,0.0
2024-08-02 09:30:00-04:00,MyStrategy,a6dbf84b79be49448be45f38c03a2661,SPY,buy,market,new,1,gtc,0.0,1,stock,,,
2024-08-02 09:30:00-04:00,MyStrategy,a6dbf84b79be49448be45f38c03a2661,SPY,buy,market,fill,1,gtc,0.0,1,stock,535.75,100.0,0.0
2024-08-02 12:30:00-04:00,MyStrategy,c65d1fb28b6f4d9fbab414cc19074726,SPY,buy,market,new,1,gtc,0.0,1,stock,,,
2024-08-02 12:30:00-04:00,MyStrategy,c65d1fb28b6f4d9fbab414cc19074726,SPY,buy,market,fill,1,gtc,0.0,1,stock,535.75,100.0,0.0
2024-08-02 15:30:00-04:00,MyStrategy,1fd3ea6a7b824c759c79e9a5e0b58209,SPY,buy,market,new,1,gtc,0.0,1,stock,,,
2024-08-02 15:30:00-04:00,MyStrategy,1fd3ea6a7b824c759c79e9a5e0b58209,SPY,buy,market,fill,1,gtc,0.0,1,stock,535.75,100.0,0.0
2024-08-05 09:30:00-04:00,MyStrategy,0707da30420740048ae80a3d9124cb6e,SPY,buy,market,new,1,gtc,0.0,1,stock,,,
2024-08-05 09:30:00-04:00,MyStrategy,0707da30420740048ae80a3d9124cb6e,SPY,buy,market,fill,1,gtc,0.0,1,stock,511.6400146484375,100.0,0.0
2024-08-05 12:30:00-04:00,MyStrategy,20250709d74b4fa5bdf62db93e6726cc,SPY,buy,market,new,1,gtc,0.0,1,stock,,,
2024-08-05 12:30:00-04:00,MyStrategy,20250709d74b4fa5bdf62db93e6726cc,SPY,buy,market,fill,1,gtc,0.0,1,stock,511.6400146484375,100.0,0.0
2024-08-05 15:30:00-04:00,MyStrategy,efd10f4de0a042ed86daa15f745cf877,SPY,buy,market,new,1,gtc,0.0,1,stock,,,
2024-08-05 15:30:00-04:00,MyStrategy,efd10f4de0a042ed86daa15f745cf877,SPY,buy,market,fill,1,gtc,0.0,1,stock,511.6400146484375,100.0,0.0
2024-08-06 09:30:00-04:00,MyStrategy,701a61be3a79428582487da41bb15a29,SPY,buy,market,new,1,gtc,0.0,1,stock,,,
2024-08-06 09:30:00-04:00,MyStrategy,701a61be3a79428582487da41bb15a29,SPY,buy,market,fill,1,gtc,0.0,1,stock,519.219970703125,100.0,0.0
2024-08-06 12:30:00-04:00,MyStrategy,bfe36c446ffa48e7be8a0e1d22e01059,SPY,buy,market,new,1,gtc,0.0,1,stock,,,
2024-08-06 12:30:00-04:00,MyStrategy,bfe36c446ffa48e7be8a0e1d22e01059,SPY,buy,market,fill,1,gtc,0.0,1,stock,519.219970703125,100.0,0.0
2024-08-06 15:30:00-04:00,MyStrategy,630631a1e66f4cea9a6f501cd64f8ef1,SPY,buy,market,new,1,gtc,0.0,1,stock,,,
2024-08-06 15:30:00-04:00,MyStrategy,630631a1e66f4cea9a6f501cd64f8ef1,SPY,buy,market,fill,1,gtc,0.0,1,stock,519.219970703125,100.0,0.0
2024-08-07 09:30:00-04:00,MyStrategy,ad6d65ae0f734ee5ab17a8679bcfba5b,SPY,buy,market,new,1,gtc,0.0,1,stock,,,
2024-08-07 09:30:00-04:00,MyStrategy,ad6d65ae0f734ee5ab17a8679bcfba5b,SPY,buy,market,fill,1,gtc,0.0,1,stock,528.469970703125,100.0,0.0
2024-08-07 12:30:00-04:00,MyStrategy,d46b3fcccfc7441a8feb14cf9a193cbc,SPY,buy,market,new,1,gtc,0.0,1,stock,,,
2024-08-07 12:30:00-04:00,MyStrategy,d46b3fcccfc7441a8feb14cf9a193cbc,SPY,buy,market,fill,1,gtc,0.0,1,stock,528.469970703125,100.0,0.0
2024-08-07 15:30:00-04:00,MyStrategy,8e428b4fe52d41fba8d162a615ba0851,SPY,buy,market,new,1,gtc,0.0,1,stock,,,
2024-08-07 15:30:00-04:00,MyStrategy,8e428b4fe52d41fba8d162a615ba0851,SPY,buy,market,fill,1,gtc,0.0,1,stock,528.469970703125,100.0,0.0
2024-08-08 09:30:00-04:00,MyStrategy,a46b5d77985a4dfd8375ca3320b6f785,SPY,buy,market,new,1,gtc,0.0,1,stock,,,
2024-08-08 09:30:00-04:00,MyStrategy,a46b5d77985a4dfd8375ca3320b6f785,SPY,buy,market,fill,1,gtc,0.0,1,stock,523.9099731445312,100.0,0.0
2024-08-08 12:30:00-04:00,MyStrategy,2c61b44e5a86448d8dc87a565cac311a,SPY,buy,market,new,1,gtc,0.0,1,stock,,,
2024-08-08 12:30:00-04:00,MyStrategy,2c61b44e5a86448d8dc87a565cac311a,SPY,buy,market,fill,1,gtc,0.0,1,stock,523.9099731445312,100.0,0.0
2024-08-08 15:30:00-04:00,MyStrategy,8e51e5e3b22d459cadd8d2bf7e0fa02b,SPY,buy,market,new,1,gtc,0.0,1,stock,,,
2024-08-08 15:30:00-04:00,MyStrategy,8e51e5e3b22d459cadd8d2bf7e0fa02b,SPY,buy,market,fill,1,gtc,0.0,1,stock,523.9099731445312,100.0,0.0
2024-08-09 09:30:00-04:00,MyStrategy,e6631899c8df4c68b52912ff3069c962,SPY,buy,market,new,1,gtc,0.0,1,stock,,,
2024-08-09 09:30:00-04:00,MyStrategy,e6631899c8df4c68b52912ff3069c962,SPY,buy,market,fill,1,gtc,0.0,1,stock,529.8099975585938,100.0,0.0
2024-08-09 12:30:00-04:00,MyStrategy,3737640806f14c73b0fb5eceed39c142,SPY,buy,market,new,1,gtc,0.0,1,stock,,,
2024-08-09 12:30:00-04:00,MyStrategy,3737640806f14c73b0fb5eceed39c142,SPY,buy,market,fill,1,gtc,0.0,1,stock,529.8099975585938,100.0,0.0
2024-08-09 15:30:00-04:00,MyStrategy,5cd4a4e5493b40d9b3b2d0b28c3b6d84,SPY,buy,market,new,1,gtc,0.0,1,stock,,,
2024-08-09 15:30:00-04:00,MyStrategy,5cd4a4e5493b40d9b3b2d0b28c3b6d84,SPY,buy,market,fill,1,gtc,0.0,1,stock,529.8099975585938,100.0,0.0
2024-08-12 09:30:00-04:00,MyStrategy,392e48925df2470b8dce1c3acafac6ae,SPY,buy,market,new,1,gtc,0.0,1,stock,,,
2024-08-12 09:30:00-04:00,MyStrategy,392e48925df2470b8dce1c3acafac6ae,SPY,buy,market,fill,1,gtc,0.0,1,stock,534.2100219726562,100.0,0.0
2024-08-12 12:30:00-04:00,MyStrategy,eea7195177b34fdcae17e24a1fcf7d64,SPY,buy,market,new,1,gtc,0.0,1,stock,,,
2024-08-12 12:30:00-04:00,MyStrategy,eea7195177b34fdcae17e24a1fcf7d64,SPY,buy,market,fill,1,gtc,0.0,1,stock,534.2100219726562,100.0,0.0
2024-08-12 15:30:00-04:00,MyStrategy,b30e6e71386b4e75ab7b22bcad8b591d,SPY,buy,market,new,1,gtc,0.0,1,stock,,,
2024-08-12 15:30:00-04:00,MyStrategy,b30e6e71386b4e75ab7b22bcad8b591d,SPY,buy,market,fill,1,gtc,0.0,1,stock,534.2100219726562,100.0,0.0
2024-08-13 09:30:00-04:00,MyStrategy,fff8afb1293843afaa37c2b1c16cbe0a,SPY,buy,market,new,1,gtc,0.0,1,stock,,,
2024-08-13 09:30:00-04:00,MyStrategy,fff8afb1293843afaa37c2b1c16cbe0a,SPY,buy,market,fill,1,gtc,0.0,1,stock,536.530029296875,100.0,0.0
2024-08-13 12:30:00-04:00,MyStrategy,5650022180304f29b9bb147b252f2159,SPY,buy,market,new,1,gtc,0.0,1,stock,,,
2024-08-13 12:30:00-04:00,MyStrategy,5650022180304f29b9bb147b252f2159,SPY,buy,market,fill,1,gtc,0.0,1,stock,536.530029296875,100.0,0.0
2024-08-13 15:30:00-04:00,MyStrategy,ceb339e3f3d54f3bb382a4ec302ba5b2,SPY,buy,market,new,1,gtc,0.0,1,stock,,,
2024-08-13 15:30:00-04:00,MyStrategy,ceb339e3f3d54f3bb382a4ec302ba5b2,SPY,buy,market,fill,1,gtc,0.0,1,stock,536.530029296875,100.0,0.0
2024-08-14 09:30:00-04:00,MyStrategy,ac72e19dac084d069c7a81f989db4ec1,SPY,buy,market,new,1,gtc,0.0,1,stock,,,
2024-08-14 09:30:00-04:00,MyStrategy,ac72e19dac084d069c7a81f989db4ec1,SPY,buy,market,fill,1,gtc,0.0,1,stock,542.8499755859375,100.0,0.0
2024-08-14 12:30:00-04:00,MyStrategy,f60decd8098c4181b909fdcc9d14424b,SPY,buy,market,new,1,gtc,0.0,1,stock,,,
2024-08-14 12:30:00-04:00,MyStrategy,f60decd8098c4181b909fdcc9d14424b,SPY,buy,market,fill,1,gtc,0.0,1,stock,542.8499755859375,100.0,0.0
2024-08-14 15:30:00-04:00,MyStrategy,7b0c3a9fadee447eb168b8fd4c3308b5,SPY,buy,market,new,1,gtc,0.0,1,stock,,,
2024-08-14 15:30:00-04:00,MyStrategy,7b0c3a9fadee447eb168b8fd4c3308b5,SPY,buy,market,fill,1,gtc,0.0,1,stock,542.8499755859375,100.0,0.0
2024-08-15 09:30:00-04:00,MyStrategy,b7bf4fbff0c94f958ebaac3954b3c66b,SPY,buy,market,new,1,gtc,0.0,1,stock,,,
2024-08-15 09:30:00-04:00,MyStrategy,b7bf4fbff0c94f958ebaac3954b3c66b,SPY,buy,market,fill,1,gtc,0.0,1,stock,549.5,100.0,0.0
2024-08-15 12:30:00-04:00,MyStrategy,4f26e5cd6ed247e1aa02eaf6905a42d5,SPY,buy,market,new,1,gtc,0.0,1,stock,,,
2024-08-15 12:30:00-04:00,MyStrategy,4f26e5cd6ed247e1aa02eaf6905a42d5,SPY,buy,market,fill,1,gtc,0.0,1,stock,549.5,100.0,0.0
2024-08-15 15:30:00-04:00,MyStrategy,dd565d8b7e5846c18152aee67c2e8e6e,SPY,buy,market,new,1,gtc,0.0,1,stock,,,
2024-08-15 15:30:00-04:00,MyStrategy,dd565d8b7e5846c18152aee67c2e8e6e,SPY,buy,market,fill,1,gtc,0.0,1,stock,549.5,100.0,0.0
2024-08-16 09:30:00-04:00,MyStrategy,2d9c7aa6cba0479f8eecf468d40713f2,SPY,buy,market,new,1,gtc,0.0,1,stock,,,
2024-08-16 09:30:00-04:00,MyStrategy,2d9c7aa6cba0479f8eecf468d40713f2,SPY,buy,market,fill,1,gtc,0.0,1,stock,551.4199829101562,100.0,0.0
2024-08-16 12:30:00-04:00,MyStrategy,7a3de22abf6d49e19cf0814a02f7872b,SPY,buy,market,new,1,gtc,0.0,1,stock,,,
2024-08-16 12:30:00-04:00,MyStrategy,7a3de22abf6d49e19cf0814a02f7872b,SPY,buy,market,fill,1,gtc,0.0,1,stock,551.4199829101562,100.0,0.0
2024-08-16 15:30:00-04:00,MyStrategy,7e0c8165902848248f706aa8b6586f3b,SPY,buy,market,new,1,gtc,0.0,1,stock,,,
2024-08-16 15:30:00-04:00,MyStrategy,7e0c8165902848248f706aa8b6586f3b,SPY,buy,market,fill,1,gtc,0.0,1,stock,551.4199829101562,100.0,0.0
2024-08-19 09:30:00-04:00,MyStrategy,e1b583ffcd7041df9829715ea1fd894d,SPY,buy,market,new,1,gtc,0.0,1,stock,,,
2024-08-19 09:30:00-04:00,MyStrategy,e1b583ffcd7041df9829715ea1fd894d,SPY,buy,market,fill,1,gtc,0.0,1,stock,554.72998046875,100.0,0.0
2024-08-19 12:30:00-04:00,MyStrategy,62e6ccf416754765bf453c3a2c4d4438,SPY,buy,market,new,1,gtc,0.0,1,stock,,,
2024-08-19 12:30:00-04:00,MyStrategy,62e6ccf416754765bf453c3a2c4d4438,SPY,buy,market,fill,1,gtc,0.0,1,stock,554.72998046875,100.0,0.0
2024-08-19 15:30:00-04:00,MyStrategy,54c6bf496afc4b89bf78aad95cef16e4,SPY,buy,market,new,1,gtc,0.0,1,stock,,,
2024-08-19 15:30:00-04:00,MyStrategy,54c6bf496afc4b89bf78aad95cef16e4,SPY,buy,market,fill,1,gtc,0.0,1,stock,554.72998046875,100.0,0.0
2024-08-20 09:30:00-04:00,MyStrategy,ea21ef8326cd46878836506e6bb0899c,SPY,buy,market,new,1,gtc,0.0,1,stock,,,
2024-08-20 09:30:00-04:00,MyStrategy,ea21ef8326cd46878836506e6bb0899c,SPY,buy,market,fill,1,gtc,0.0,1,stock,559.1500244140625,100.0,0.0
2024-08-20 12:30:00-04:00,MyStrategy,81e9da2706cd471cace3d6eba6e46375,SPY,buy,market,new,1,gtc,0.0,1,stock,,,
2024-08-20 12:30:00-04:00,MyStrategy,81e9da2706cd471cace3d6eba6e46375,SPY,buy,market,fill,1,gtc,0.0,1,stock,559.1500244140625,100.0,0.0
2024-08-20 15:30:00-04:00,MyStrategy,730726d05c19481faca0f5c31c571681,SPY,buy,market,new,1,gtc,0.0,1,stock,,,
2024-08-20 15:30:00-04:00,MyStrategy,730726d05c19481faca0f5c31c571681,SPY,buy,market,fill,1,gtc,0.0,1,stock,559.1500244140625,100.0,0.0
2024-08-21 09:30:00-04:00,MyStrategy,361091a759194257820f17331fc9d2b2,SPY,buy,market,new,1,gtc,0.0,1,stock,,,
2024-08-21 09:30:00-04:00,MyStrategy,361091a759194257820f17331fc9d2b2,SPY,buy,market,fill,1,gtc,0.0,1,stock,559.77001953125,100.0,0.0
2024-08-21 12:30:00-04:00,MyStrategy,75a10433a63b409092775d2e8b63446c,SPY,buy,market,new,1,gtc,0.0,1,stock,,,
2024-08-21 12:30:00-04:00,MyStrategy,75a10433a63b409092775d2e8b63446c,SPY,buy,market,fill,1,gtc,0.0,1,stock,559.77001953125,100.0,0.0
2024-08-21 15:30:00-04:00,MyStrategy,e3bcf2b4de204b4daceca68ed4c874a4,SPY,buy,market,new,1,gtc,0.0,1,stock,,,
2024-08-21 15:30:00-04:00,MyStrategy,e3bcf2b4de204b4daceca68ed4c874a4,SPY,buy,market,fill,1,gtc,0.0,1,stock,559.77001953125,100.0,0.0
2024-08-22 09:30:00-04:00,MyStrategy,824ec36551194de9b11b52e675d28f04,SPY,buy,market,new,1,gtc,0.0,1,stock,,,
2024-08-22 09:30:00-04:00,MyStrategy,824ec36551194de9b11b52e675d28f04,SPY,buy,market,fill,1,gtc,0.0,1,stock,562.5599975585938,100.0,0.0
2024-08-22 12:30:00-04:00,MyStrategy,cca7ad77788842bfa63edcd716a6d60e,SPY,buy,market,new,1,gtc,0.0,1,stock,,,
2024-08-22 12:30:00-04:00,MyStrategy,cca7ad77788842bfa63edcd716a6d60e,SPY,buy,market,fill,1,gtc,0.0,1,stock,562.5599975585938,100.0,0.0
2024-08-22 15:30:00-04:00,MyStrategy,b4c5ff6ee5234ecc8bbcb0348c5f6198,SPY,buy,market,new,1,gtc,0.0,1,stock,,,
2024-08-22 15:30:00-04:00,MyStrategy,b4c5ff6ee5234ecc8bbcb0348c5f6198,SPY,buy,market,fill,1,gtc,0.0,1,stock,562.5599975585938,100.0,0.0
2024-08-23 09:30:00-04:00,MyStrategy,aed72f240a8b4233b96595172be97d1d,SPY,buy,market,new,1,gtc,0.0,1,stock,,,
2024-08-23 09:30:00-04:00,MyStrategy,aed72f240a8b4233b96595172be97d1d,SPY,buy,market,fill,1,gtc,0.0,1,stock,559.530029296875,100.0,0.0
2024-08-23 12:30:00-04:00,MyStrategy,b822e32552954c01ab173e2404179074,SPY,buy,market,new,1,gtc,0.0,1,stock,,,
2024-08-23 12:30:00-04:00,MyStrategy,b822e32552954c01ab173e2404179074,SPY,buy,market,fill,1,gtc,0.0,1,stock,559.530029296875,100.0,0.0
2024-08-23 15:30:00-04:00,MyStrategy,25a9278876c540d4a83ad988a6757d8e,SPY,buy,market,new,1,gtc,0.0,1,stock,,,
2024-08-23 15:30:00-04:00,MyStrategy,25a9278876c540d4a83ad988a6757d8e,SPY,buy,market,fill,1,gtc,0.0,1,stock,559.530029296875,100.0,0.0
2024-08-26 09:30:00-04:00,MyStrategy,1cf1662959424f2397b8e77525a41354,SPY,buy,market,new,1,gtc,0.0,1,stock,,,
2024-08-26 09:30:00-04:00,MyStrategy,1cf1662959424f2397b8e77525a41354,SPY,buy,market,fill,1,gtc,0.0,1,stock,563.1799926757812,100.0,0.0
2024-08-26 12:30:00-04:00,MyStrategy,c100184861754a0ea9e0fb367ae813ae,SPY,buy,market,new,1,gtc,0.0,1,stock,,,
2024-08-26 12:30:00-04:00,MyStrategy,c100184861754a0ea9e0fb367ae813ae,SPY,buy,market,fill,1,gtc,0.0,1,stock,563.1799926757812,100.0,0.0
2024-08-26 15:30:00-04:00,MyStrategy,5a5c9e2962a0413aa25816ebd5978431,SPY,buy,market,new,1,gtc,0.0,1,stock,,,
2024-08-26 15:30:00-04:00,MyStrategy,5a5c9e2962a0413aa25816ebd5978431,SPY,buy,market,fill,1,gtc,0.0,1,stock,563.1799926757812,100.0,0.0
2024-08-27 09:30:00-04:00,MyStrategy,63b2e23005ba4781a9ed91c36e1d439f,SPY,buy,market,new,1,gtc,0.0,1,stock,,,
2024-08-27 09:30:00-04:00,MyStrategy,63b2e23005ba4781a9ed91c36e1d439f,SPY,buy,market,fill,1,gtc,0.0,1,stock,559.489990234375,100.0,0.0
2024-08-27 12:30:00-04:00,MyStrategy,5a516d9d6c2c494ca9c2e72c87742c35,SPY,buy,market,new,1,gtc,0.0,1,stock,,,
2024-08-27 12:30:00-04:00,MyStrategy,5a516d9d6c2c494ca9c2e72c87742c35,SPY,buy,market,fill,1,gtc,0.0,1,stock,559.489990234375,100.0,0.0
2024-08-27 15:30:00-04:00,MyStrategy,d01c8b5727604689bcb9904866418a9c,SPY,buy,market,new,1,gtc,0.0,1,stock,,,
2024-08-27 15:30:00-04:00,MyStrategy,d01c8b5727604689bcb9904866418a9c,SPY,buy,market,fill,1,gtc,0.0,1,stock,559.489990234375,100.0,0.0
2024-08-28 09:30:00-04:00,MyStrategy,4625794e823140f2adc566a2d9db6429,SPY,buy,market,new,1,gtc,0.0,1,stock,,,
2024-08-28 09:30:00-04:00,MyStrategy,4625794e823140f2adc566a2d9db6429,SPY,buy,market,fill,1,gtc,0.0,1,stock,561.2100219726562,100.0,0.0
2024-08-28 12:30:00-04:00,MyStrategy,d957158bf69f4218ab47ae330fd02700,SPY,buy,market,new,1,gtc,0.0,1,stock,,,
2024-08-28 12:30:00-04:00,MyStrategy,d957158bf69f4218ab47ae330fd02700,SPY,buy,market,fill,1,gtc,0.0,1,stock,561.2100219726562,100.0,0.0
2024-08-28 15:30:00-04:00,MyStrategy,f3feaab7f86f4169a9e3501aa2d8b487,SPY,buy,market,new,1,gtc,0.0,1,stock,,,
2024-08-28 15:30:00-04:00,MyStrategy,f3feaab7f86f4169a9e3501aa2d8b487,SPY,buy,market,fill,1,gtc,0.0,1,stock,561.2100219726562,100.0,0.0
2024-08-29 09:30:00-04:00,MyStrategy,77a2161ab72c495684f318eae1956e4d,SPY,buy,market,new,1,gtc,0.0,1,stock,,,
2024-08-29 09:30:00-04:00,MyStrategy,77a2161ab72c495684f318eae1956e4d,SPY,buy,market,fill,1,gtc,0.0,1,stock,560.3099975585938,100.0,0.0
2024-08-29 12:30:00-04:00,MyStrategy,7543808557ef44668b9e9975eca8d2a0,SPY,buy,market,new,1,gtc,0.0,1,stock,,,
2024-08-29 12:30:00-04:00,MyStrategy,7543808557ef44668b9e9975eca8d2a0,SPY,buy,market,fill,1,gtc,0.0,1,stock,560.3099975585938,100.0,0.0
2024-08-29 15:30:00-04:00,MyStrategy,0262868e6e85400e90a414aab0bcd636,SPY,buy,market,new,1,gtc,0.0,1,stock,,,
2024-08-29 15:30:00-04:00,MyStrategy,0262868e6e85400e90a414aab0bcd636,SPY,buy,market,fill,1,gtc,0.0,1,stock,560.3099975585938,100.0,0.0
2024-08-30 09:30:00-04:00,MyStrategy,32794d9067a9400c9baa537404812a98,SPY,buy,market,new,1,gtc,0.0,1,stock,,,
2024-08-30 09:30:00-04:00,MyStrategy,32794d9067a9400c9baa537404812a98,SPY,buy,market,fill,1,gtc,0.0,1,stock,560.77001953125,100.0,0.0
2024-08-30 12:30:00-04:00,MyStrategy,622827d1718c4d38974633e358b227c7,SPY,buy,market,new,1,gtc,0.0,1,stock,,,
2024-08-30 12:30:00-04:00,MyStrategy,622827d1718c4d38974633e358b227c7,SPY,buy,market,fill,1,gtc,0.0,1,stock,560.77001953125,100.0,0.0
2024-08-30 15:30:00-04:00,MyStrategy,8da9c8274dce48f2bba46e380fb0977b,SPY,buy,market,new,1,gtc,0.0,1,stock,,,
2024-08-30 15:30:00-04:00,MyStrategy,8da9c8274dce48f2bba46e380fb0977b,SPY,buy,market,fill,1,gtc,0.0,1,stock,560.77001953125,100.0,0.0
2024-09-03 09:30:00-04:00,MyStrategy,83c42e4d7b714d15b346533a711785e6,SPY,buy,market,new,1,gtc,0.0,1,stock,,,
2024-09-03 09:30:00-04:00,MyStrategy,83c42e4d7b714d15b346533a711785e6,SPY,buy,market,fill,1,gtc,0.0,1,stock,560.469970703125,100.0,0.0
2024-09-03 12:30:00-04:00,MyStrategy,a34e5dd325924009b7aeebd00bd9dd21,SPY,buy,market,new,1,gtc,0.0,1,stock,,,
2024-09-03 12:30:00-04:00,MyStrategy,a34e5dd325924009b7aeebd00bd9dd21,SPY,buy,market,fill,1,gtc,0.0,1,stock,560.469970703125,100.0,0.0
2024-09-03 15:30:00-04:00,MyStrategy,2709f64e4dac4b09a61501f419cc1d90,SPY,buy,market,new,1,gtc,0.0,1,stock,,,
2024-09-03 15:30:00-04:00,MyStrategy,2709f64e4dac4b09a61501f419cc1d90,SPY,buy,market,fill,1,gtc,0.0,1,stock,560.469970703125,100.0,0.0
2024-09-04 09:30:00-04:00,MyStrategy,23754516010a44e983c219b7352c222b,SPY,buy,market,new,1,gtc,0.0,1,stock,,,
2024-09-04 09:30:00-04:00,MyStrategy,23754516010a44e983c219b7352c222b,SPY,buy,market,fill,1,gtc,0.0,1,stock,550.2000122070312,100.0,0.0
2024-09-04 12:30:00-04:00,MyStrategy,28867eb91e254014b5ecadd4b1eb1ba8,SPY,buy,market,new,1,gtc,0.0,1,stock,,,
2024-09-04 12:30:00-04:00,MyStrategy,28867eb91e254014b5ecadd4b1eb1ba8,SPY,buy,market,fill,1,gtc,0.0,1,stock,550.2000122070312,100.0,0.0
2024-09-04 15:30:00-04:00,MyStrategy,953aaca6a4284e43a25aa6cd6372cebd,SPY,buy,market,new,1,gtc,0.0,1,stock,,,
2024-09-04 15:30:00-04:00,MyStrategy,953aaca6a4284e43a25aa6cd6372cebd,SPY,buy,market,fill,1,gtc,0.0,1,stock,550.2000122070312,100.0,0.0
2024-09-05 09:30:00-04:00,MyStrategy,33f1ba0abb0748cb89cd32165db61640,SPY,buy,market,new,1,gtc,0.0,1,stock,,,
2024-09-05 09:30:00-04:00,MyStrategy,33f1ba0abb0748cb89cd32165db61640,SPY,buy,market,fill,1,gtc,0.0,1,stock,550.8900146484375,100.0,0.0
2024-09-05 12:30:00-04:00,MyStrategy,94fed49d9e0b4e60a3e17ea9b7ef191b,SPY,buy,market,new,1,gtc,0.0,1,stock,,,
2024-09-05 12:30:00-04:00,MyStrategy,94fed49d9e0b4e60a3e17ea9b7ef191b,SPY,buy,market,fill,1,gtc,0.0,1,stock,550.8900146484375,100.0,0.0
2024-09-05 15:30:00-04:00,MyStrategy,99b805272c9d479fa56154fb041f67b3,SPY,buy,market,new,1,gtc,0.0,1,stock,,,
2024-09-05 15:30:00-04:00,MyStrategy,99b805272c9d479fa56154fb041f67b3,SPY,buy,market,fill,1,gtc,0.0,1,stock,550.8900146484375,100.0,0.0
2024-09-06 09:30:00-04:00,MyStrategy,5f751dd6d1e74368b85f9f8865943594,SPY,buy,market,new,1,gtc,0.0,1,stock,,,
2024-09-06 09:30:00-04:00,MyStrategy,5f751dd6d1e74368b85f9f8865943594,SPY,buy,market,fill,1,gtc,0.0,1,stock,549.9400024414062,100.0,0.0
2024-09-06 12:30:00-04:00,MyStrategy,96f71c9668f046bca2ed9d32a1dfa9e7,SPY,buy,market,new,1,gtc,0.0,1,stock,,,
2024-09-06 12:30:00-04:00,MyStrategy,96f71c9668f046bca2ed9d32a1dfa9e7,SPY,buy,market,fill,1,gtc,0.0,1,stock,549.9400024414062,100.0,0.0
2024-09-06 15:30:00-04:00,MyStrategy,b337024cc2134d16a335a0bd8c41721e,SPY,buy,market,new,1,gtc,0.0,1,stock,,,
2024-09-06 15:30:00-04:00,MyStrategy,b337024cc2134d16a335a0bd8c41721e,SPY,buy,market,fill,1,gtc,0.0,1,stock,549.9400024414062,100.0,0.0
2024-09-09 09:30:00-04:00,MyStrategy,d1518dbb219148f5be3b43acfe8aae11,SPY,buy,market,new,1,gtc,0.0,1,stock,,,
2024-09-09 09:30:00-04:00,MyStrategy,d1518dbb219148f5be3b43acfe8aae11,SPY,buy,market,fill,1,gtc,0.0,1,stock,544.6500244140625,100.0,0.0
2024-09-09 12:30:00-04:00,MyStrategy,aa571ed06f644f6198f9a80640810d50,SPY,buy,market,new,1,gtc,0.0,1,stock,,,
2024-09-09 12:30:00-04:00,MyStrategy,aa571ed06f644f6198f9a80640810d50,SPY,buy,market,fill,1,gtc,0.0,1,stock,544.6500244140625,100.0,0.0
2024-09-09 15:30:00-04:00,MyStrategy,9dbbac419c414bc08806c7eef2038487,SPY,buy,market,new,1,gtc,0.0,1,stock,,,
2024-09-09 15:30:00-04:00,MyStrategy,9dbbac419c414bc08806c7eef2038487,SPY,buy,market,fill,1,gtc,0.0,1,stock,544.6500244140625,100.0,0.0
2024-09-10 09:30:00-04:00,MyStrategy,c4fd427319314bcb9b84187dc71f8fcf,SPY,buy,market,new,1,gtc,0.0,1,stock,,,
2024-09-10 09:30:00-04:00,MyStrategy,c4fd427319314bcb9b84187dc71f8fcf,SPY,buy,market,fill,1,gtc,0.0,1,stock,548.3599853515625,100.0,0.0
2024-09-10 12:30:00-04:00,MyStrategy,0900666b5ad0421a90fc69ecc74736f6,SPY,buy,market,new,1,gtc,0.0,1,stock,,,
2024-09-10 12:30:00-04:00,MyStrategy,0900666b5ad0421a90fc69ecc74736f6,SPY,buy,market,fill,1,gtc,0.0,1,stock,548.3599853515625,100.0,0.0
2024-09-10 15:30:00-04:00,MyStrategy,dafd9fae58b0463ca57759503bc8f25a,SPY,buy,market,new,1,gtc,0.0,1,stock,,,
2024-09-10 15:30:00-04:00,MyStrategy,dafd9fae58b0463ca57759503bc8f25a,SPY,buy,market,fill,1,gtc,0.0,1,stock,548.3599853515625,100.0,0.0
2024-09-11 09:30:00-04:00,MyStrategy,62836362b09b4b5ea4553b296c7ff908,SPY,buy,market,new,1,gtc,0.0,1,stock,,,
2024-09-11 09:30:00-04:00,MyStrategy,62836362b09b4b5ea4553b296c7ff908,SPY,buy,market,fill,1,gtc,0.0,1,stock,548.7000122070312,100.0,0.0
2024-09-11 12:30:00-04:00,MyStrategy,6943d0eb4dc143bcb8d0f2f59c765c87,SPY,buy,market,new,1,gtc,0.0,1,stock,,,
2024-09-11 12:30:00-04:00,MyStrategy,6943d0eb4dc143bcb8d0f2f59c765c87,SPY,buy,market,fill,1,gtc,0.0,1,stock,548.7000122070312,100.0,0.0
2024-09-11 15:30:00-04:00,MyStrategy,25cfbcfc51e04f56b0fc3c6bdef46e8d,SPY,buy,market,new,1,gtc,0.0,1,stock,,,
2024-09-11 15:30:00-04:00,MyStrategy,25cfbcfc51e04f56b0fc3c6bdef46e8d,SPY,buy,market,fill,1,gtc,0.0,1,stock,548.7000122070312,100.0,0.0
2024-09-12 09:30:00-04:00,MyStrategy,68c3afa2cfff41acbaaaf9e60cf2490b,SPY,buy,market,new,1,gtc,0.0,1,stock,,,
2024-09-12 09:30:00-04:00,MyStrategy,68c3afa2cfff41acbaaaf9e60cf2490b,SPY,buy,market,fill,1,gtc,0.0,1,stock,555.010009765625,100.0,0.0
2024-09-12 12:30:00-04:00,MyStrategy,21398af6847940e2ae8be9898b302cc5,SPY,buy,market,new,1,gtc,0.0,1,stock,,,
2024-09-12 12:30:00-04:00,MyStrategy,21398af6847940e2ae8be9898b302cc5,SPY,buy,market,fill,1,gtc,0.0,1,stock,555.010009765625,100.0,0.0
2024-09-12 15:30:00-04:00,MyStrategy,0c11e58ea8ee44a980126e467cdbdd4c,SPY,buy,market,new,1,gtc,0.0,1,stock,,,
2024-09-12 15:30:00-04:00,MyStrategy,0c11e58ea8ee44a980126e467cdbdd4c,SPY,buy,market,fill,1,gtc,0.0,1,stock,555.010009765625,100.0,0.0
2024-09-13 09:30:00-04:00,MyStrategy,948fa73176dc4151b809a9ace89f9570,SPY,buy,market,new,1,gtc,0.0,1,stock,,,
2024-09-13 09:30:00-04:00,MyStrategy,948fa73176dc4151b809a9ace89f9570,SPY,buy,market,fill,1,gtc,0.0,1,stock,559.7100219726562,100.0,0.0
2024-09-13 12:30:00-04:00,MyStrategy,d09d8ece0445402c854fd348257bf4f7,SPY,buy,market,new,1,gtc,0.0,1,stock,,,
2024-09-13 12:30:00-04:00,MyStrategy,d09d8ece0445402c854fd348257bf4f7,SPY,buy,market,fill,1,gtc,0.0,1,stock,559.7100219726562,100.0,0.0
2024-09-13 15:30:00-04:00,MyStrategy,83bd9a4b7a29453b8223f6da898100f1,SPY,buy,market,new,1,gtc,0.0,1,stock,,,
2024-09-13 15:30:00-04:00,MyStrategy,83bd9a4b7a29453b8223f6da898100f1,SPY,buy,market,fill,1,gtc,0.0,1,stock,559.7100219726562,100.0,0.0
2024-09-16 09:30:00-04:00,MyStrategy,b96fd6583f91438daae7cd1f09dbcf23,SPY,buy,market,new,1,gtc,0.0,1,stock,,,
2024-09-16 09:30:00-04:00,MyStrategy,b96fd6583f91438daae7cd1f09dbcf23,SPY,buy,market,fill,1,gtc,0.0,1,stock,561.739990234375,100.0,0.0
2024-09-16 12:30:00-04:00,MyStrategy,a66e75462c4f43d993d05c9176b16896,SPY,buy,market,new,1,gtc,0.0,1,stock,,,
2024-09-16 12:30:00-04:00,MyStrategy,a66e75462c4f43d993d05c9176b16896,SPY,buy,market,fill,1,gtc,0.0,1,stock,561.739990234375,100.0,0.0
2024-09-16 15:30:00-04:00,MyStrategy,56b9861cfefa4396a05e8faa84d44cee,SPY,buy,market,new,1,gtc,0.0,1,stock,,,
2024-09-16 15:30:00-04:00,MyStrategy,56b9861cfefa4396a05e8faa84d44cee,SPY,buy,market,fill,1,gtc,0.0,1,stock,561.739990234375,100.0,0.0
2024-09-17 09:30:00-04:00,MyStrategy,84eb70bf636a4dfaad336f98e4dc9bf0,SPY,buy,market,new,1,gtc,0.0,1,stock,,,
2024-09-17 09:30:00-04:00,MyStrategy,84eb70bf636a4dfaad336f98e4dc9bf0,SPY,buy,market,fill,1,gtc,0.0,1,stock,565.0999755859375,100.0,0.0
2024-09-17 12:30:00-04:00,MyStrategy,9933654126dc4bf89bfa4b86a18334cb,SPY,buy,market,new,1,gtc,0.0,1,stock,,,
2024-09-17 12:30:00-04:00,MyStrategy,9933654126dc4bf89bfa4b86a18334cb,SPY,buy,market,fill,1,gtc,0.0,1,stock,565.0999755859375,100.0,0.0
2024-09-17 15:30:00-04:00,MyStrategy,408ac4ab4af9460ca63c26a371fc714d,SPY,buy,market,new,1,gtc,0.0,1,stock,,,
2024-09-17 15:30:00-04:00,MyStrategy,408ac4ab4af9460ca63c26a371fc714d,SPY,buy,market,fill,1,gtc,0.0,1,stock,565.0999755859375,100.0,0.0
2024-09-18 09:30:00-04:00,MyStrategy,a3588080ddb74d7ebff58e18b8d2ebf3,SPY,buy,market,new,1,gtc,0.0,1,stock,,,
2024-09-18 09:30:00-04:00,MyStrategy,a3588080ddb74d7ebff58e18b8d2ebf3,SPY,buy,market,fill,1,gtc,0.0,1,stock,563.739990234375,100.0,0.0
2024-09-18 12:30:00-04:00,MyStrategy,7aa312ba09c04332934f804a93926217,SPY,buy,market,new,1,gtc,0.0,1,stock,,,
2024-09-18 12:30:00-04:00,MyStrategy,7aa312ba09c04332934f804a93926217,SPY,buy,market,fill,1,gtc,0.0,1,stock,563.739990234375,100.0,0.0
2024-09-18 15:30:00-04:00,MyStrategy,be2b283755984d94a1a431b6acc0d90c,SPY,buy,market,new,1,gtc,0.0,1,stock,,,
2024-09-18 15:30:00-04:00,MyStrategy,be2b283755984d94a1a431b6acc0d90c,SPY,buy,market,fill,1,gtc,0.0,1,stock,563.739990234375,100.0,0.0
2024-09-19 09:30:00-04:00,MyStrategy,9090605ef2ee44bc886d77ea80a3b082,SPY,buy,market,new,1,gtc,0.0,1,stock,,,
2024-09-19 09:30:00-04:00,MyStrategy,9090605ef2ee44bc886d77ea80a3b082,SPY,buy,market,fill,1,gtc,0.0,1,stock,571.010009765625,100.0,0.0
2024-09-19 12:30:00-04:00,MyStrategy,c2aee7e623944e548bbb33e341ad0306,SPY,buy,market,new,1,gtc,0.0,1,stock,,,
2024-09-19 12:30:00-04:00,MyStrategy,c2aee7e623944e548bbb33e341ad0306,SPY,buy,market,fill,1,gtc,0.0,1,stock,571.010009765625,100.0,0.0
2024-09-19 15:30:00-04:00,MyStrategy,9fddded0ffc7453390ab0e646b34c7d5,SPY,buy,market,new,1,gtc,0.0,1,stock,,,
2024-09-19 15:30:00-04:00,MyStrategy,9fddded0ffc7453390ab0e646b34c7d5,SPY,buy,market,fill,1,gtc,0.0,1,stock,571.010009765625,100.0,0.0
2024-09-20 09:30:00-04:00,MyStrategy,2eab328761bb419d9b95e30e02c8bc6b,SPY,buy,market,new,1,gtc,0.0,1,stock,,,
2024-09-20 09:30:00-04:00,MyStrategy,2eab328761bb419d9b95e30e02c8bc6b,SPY,buy,market,fill,1,gtc,0.0,1,stock,567.8400268554688,100.0,0.0
2024-09-20 12:30:00-04:00,MyStrategy,fe52c3de5d0646fab30bac3775610092,SPY,buy,market,new,1,gtc,0.0,1,stock,,,
2024-09-20 12:30:00-04:00,MyStrategy,fe52c3de5d0646fab30bac3775610092,SPY,buy,market,fill,1,gtc,0.0,1,stock,567.8400268554688,100.0,0.0
2024-09-20 15:30:00-04:00,MyStrategy,94e042d39f9e4282bb1e9d2f92e9d283,SPY,buy,market,new,1,gtc,0.0,1,stock,,,
2024-09-20 15:30:00-04:00,MyStrategy,94e042d39f9e4282bb1e9d2f92e9d283,SPY,buy,market,fill,1,gtc,0.0,1,stock,567.8400268554688,100.0,0.0
2024-09-23 09:30:00-04:00,MyStrategy,f2f11fdb5f944d86bab9a3f024a41127,SPY,buy,market,new,1,gtc,0.0,1,stock,,,
2024-09-23 09:30:00-04:00,MyStrategy,f2f11fdb5f944d86bab9a3f024a41127,SPY,buy,market,fill,1,gtc,0.0,1,stock,569.3400268554688,100.0,0.0
2024-09-23 12:30:00-04:00,MyStrategy,00e9964553964b879ab3c483850b7e7b,SPY,buy,market,new,1,gtc,0.0,1,stock,,,
2024-09-23 12:30:00-04:00,MyStrategy,00e9964553964b879ab3c483850b7e7b,SPY,buy,market,fill,1,gtc,0.0,1,stock,569.3400268554688,100.0,0.0
2024-09-23 15:30:00-04:00,MyStrategy,fa0f01bfe5644adab8b45ab55ce15b72,SPY,buy,market,new,1,gtc,0.0,1,stock,,,
2024-09-23 15:30:00-04:00,MyStrategy,fa0f01bfe5644adab8b45ab55ce15b72,SPY,buy,market,fill,1,gtc,0.0,1,stock,569.3400268554688,100.0,0.0
2024-09-24 09:30:00-04:00,MyStrategy,00d077c409f84961be8cbe5aaa1539b1,SPY,buy,market,new,1,gtc,0.0,1,stock,,,
2024-09-24 09:30:00-04:00,MyStrategy,00d077c409f84961be8cbe5aaa1539b1,SPY,buy,market,fill,1,gtc,0.0,1,stock,570.47998046875,100.0,0.0
2024-09-24 12:30:00-04:00,MyStrategy,354a8758f0234899a509b19f0de97fca,SPY,buy,market,new,1,gtc,0.0,1,stock,,,
2024-09-24 12:30:00-04:00,MyStrategy,354a8758f0234899a509b19f0de97fca,SPY,buy,market,fill,1,gtc,0.0,1,stock,570.47998046875,100.0,0.0
2024-09-24 15:30:00-04:00,MyStrategy,c4b59a9dd9104db6ba74fdfe421116b7,SPY,buy,market,new,1,gtc,0.0,1,stock,,,
2024-09-24 15:30:00-04:00,MyStrategy,c4b59a9dd9104db6ba74fdfe421116b7,SPY,buy,market,fill,1,gtc,0.0,1,stock,570.47998046875,100.0,0.0
2024-09-25 09:30:00-04:00,MyStrategy,7e3136f54acd490cb542f15e6070b102,SPY,buy,market,new,1,gtc,0.0,1,stock,,,
2024-09-25 09:30:00-04:00,MyStrategy,7e3136f54acd490cb542f15e6070b102,SPY,buy,market,fill,1,gtc,0.0,1,stock,571.1400146484375,100.0,0.0
2024-09-25 12:30:00-04:00,MyStrategy,646b3904f06b4c6cadd842c73c656ec3,SPY,buy,market,new,1,gtc,0.0,1,stock,,,
2024-09-25 12:30:00-04:00,MyStrategy,646b3904f06b4c6cadd842c73c656ec3,SPY,buy,market,fill,1,gtc,0.0,1,stock,571.1400146484375,100.0,0.0
2024-09-25 15:30:00-04:00,MyStrategy,de2a52ef56794ce8a2e16d3c990efd4e,SPY,buy,market,new,1,gtc,0.0,1,stock,,,
2024-09-25 15:30:00-04:00,MyStrategy,de2a52ef56794ce8a2e16d3c990efd4e,SPY,buy,market,fill,1,gtc,0.0,1,stock,571.1400146484375,100.0,0.0
2024-09-26 09:30:00-04:00,MyStrategy,3aeea24cf3104b14afb20edfcbd5b573,SPY,buy,market,new,1,gtc,0.0,1,stock,,,
2024-09-26 09:30:00-04:00,MyStrategy,3aeea24cf3104b14afb20edfcbd5b573,SPY,buy,market,fill,1,gtc,0.0,1,stock,574.3800048828125,100.0,0.0
2024-09-26 12:30:00-04:00,MyStrategy,f01c7cad1db145ae8b52fb1262cc4850,SPY,buy,market,new,1,gtc,0.0,1,stock,,,
2024-09-26 12:30:00-04:00,MyStrategy,f01c7cad1db145ae8b52fb1262cc4850,SPY,buy,market,fill,1,gtc,0.0,1,stock,574.3800048828125,100.0,0.0
2024-09-26 15:30:00-04:00,MyStrategy,149bfcf34f41498ba9062f69c3fb9a3e,SPY,buy,market,new,1,gtc,0.0,1,stock,,,
2024-09-26 15:30:00-04:00,MyStrategy,149bfcf34f41498ba9062f69c3fb9a3e,SPY,buy,market,fill,1,gtc,0.0,1,stock,574.3800048828125,100.0,0.0
2024-09-27 09:30:00-04:00,MyStrategy,b2b1bb11ed694039b6157f83501dd787,SPY,buy,market,new,1,gtc,0.0,1,stock,,,
2024-09-27 09:30:00-04:00,MyStrategy,b2b1bb11ed694039b6157f83501dd787,SPY,buy,market,fill,1,gtc,0.0,1,stock,573.3900146484375,100.0,0.0
2024-09-27 12:30:00-04:00,MyStrategy,548cb17055ac44c483556934161ce43d,SPY,buy,market,new,1,gtc,0.0,1,stock,,,
2024-09-27 12:30:00-04:00,MyStrategy,548cb17055ac44c483556934161ce43d,SPY,buy,market,fill,1,gtc,0.0,1,stock,573.3900146484375,100.0,0.0
2024-09-27 15:30:00-04:00,MyStrategy,38ddaa49b55f44a39cead716d5b8230c,SPY,buy,market,new,1,gtc,0.0,1,stock,,,
2024-09-27 15:30:00-04:00,MyStrategy,38ddaa49b55f44a39cead716d5b8230c,SPY,buy,market,fill,1,gtc,0.0,1,stock,573.3900146484375,100.0,0.0
2024-09-30 09:30:00-04:00,MyStrategy,45e22cfe8c37468f960f76af50b019ed,SPY,buy,market,new,1,gtc,0.0,1,stock,,,
2024-09-30 09:30:00-04:00,MyStrategy,45e22cfe8c37468f960f76af50b019ed,SPY,buy,market,fill,1,gtc,0.0,1,stock,570.4199829101562,100.0,0.0
2024-09-30 12:30:00-04:00,MyStrategy,2d1a706cde40490fa00993806f5907c1,SPY,buy,market,new,1,gtc,0.0,1,stock,,,
2024-09-30 12:30:00-04:00,MyStrategy,2d1a706cde40490fa00993806f5907c1,SPY,buy,market,fill,1,gtc,0.0,1,stock,570.4199829101562,100.0,0.0
2024-09-30 15:30:00-04:00,MyStrategy,ef220a7f8e7947fd8f20c5cc6953a317,SPY,buy,market,new,1,gtc,0.0,1,stock,,,
2024-09-30 15:30:00-04:00,MyStrategy,ef220a7f8e7947fd8f20c5cc6953a317,SPY,buy,market,fill,1,gtc,0.0,1,stock,570.4199829101562,100.0,0.0
2024-10-01 09:30:00-04:00,MyStrategy,1919fb7fae4c4b679a7a633748ad02e8,SPY,buy,market,new,1,gtc,0.0,1,stock,,,
2024-10-01 09:30:00-04:00,MyStrategy,1919fb7fae4c4b679a7a633748ad02e8,SPY,buy,market,fill,1,gtc,0.0,1,stock,573.4000244140625,100.0,0.0
2024-10-01 12:30:00-04:00,MyStrategy,70609597bcac4ddaadf7407cf9d813e5,SPY,buy,market,new,1,gtc,0.0,1,stock,,,
2024-10-01 12:30:00-04:00,MyStrategy,70609597bcac4ddaadf7407cf9d813e5,SPY,buy,market,fill,1,gtc,0.0,1,stock,573.4000244140625,100.0,0.0
2024-10-01 15:30:00-04:00,MyStrategy,ea85be8e522a43c4b3bef42c59504b0b,SPY,buy,market,new,1,gtc,0.0,1,stock,,,
2024-10-01 15:30:00-04:00,MyStrategy,ea85be8e522a43c4b3bef42c59504b0b,SPY,buy,market,fill,1,gtc,0.0,1,stock,573.4000244140625,100.0,0.0
2024-10-02 09:30:00-04:00,MyStrategy,0379719939594939a9772b9a9cac4a85,SPY,buy,market,new,1,gtc,0.0,1,stock,,,
2024-10-02 09:30:00-04:00,MyStrategy,0379719939594939a9772b9a9cac4a85,SPY,buy,market,fill,1,gtc,0.0,1,stock,567.7100219726562,100.0,0.0
2024-10-02 12:30:00-04:00,MyStrategy,de598be8d3804f1fb98a11000b598dee,SPY,buy,market,new,1,gtc,0.0,1,stock,,,
2024-10-02 12:30:00-04:00,MyStrategy,de598be8d3804f1fb98a11000b598dee,SPY,buy,market,fill,1,gtc,0.0,1,stock,567.7100219726562,100.0,0.0
2024-10-02 15:30:00-04:00,MyStrategy,1bee8b39c1c1408093a5039354200e37,SPY,buy,market,new,1,gtc,0.0,1,stock,,,
2024-10-02 15:30:00-04:00,MyStrategy,1bee8b39c1c1408093a5039354200e37,SPY,buy,market,fill,1,gtc,0.0,1,stock,567.7100219726562,100.0,0.0
2024-10-03 09:30:00-04:00,MyStrategy,40dbd99968574ef1ae779c950c183474,SPY,buy,market,new,1,gtc,0.0,1,stock,,,
2024-10-03 09:30:00-04:00,MyStrategy,40dbd99968574ef1ae779c950c183474,SPY,buy,market,fill,1,gtc,0.0,1,stock,567.3599853515625,100.0,0.0
2024-10-03 12:30:00-04:00,MyStrategy,bb42d81c729a4ae48894114c258bd2a6,SPY,buy,market,new,1,gtc,0.0,1,stock,,,
2024-10-03 12:30:00-04:00,MyStrategy,bb42d81c729a4ae48894114c258bd2a6,SPY,buy,market,fill,1,gtc,0.0,1,stock,567.3599853515625,100.0,0.0
2024-10-03 15:30:00-04:00,MyStrategy,5d3a846100a94a108daebf86fb64b510,SPY,buy,market,new,1,gtc,0.0,1,stock,,,
2024-10-03 15:30:00-04:00,MyStrategy,5d3a846100a94a108daebf86fb64b510,SPY,buy,market,fill,1,gtc,0.0,1,stock,567.3599853515625,100.0,0.0
2024-10-04 09:30:00-04:00,MyStrategy,1b7f2609d9584b5689bcde48acee833a,SPY,buy,market,new,1,gtc,0.0,1,stock,,,
2024-10-04 09:30:00-04:00,MyStrategy,1b7f2609d9584b5689bcde48acee833a,SPY,buy,market,fill,1,gtc,0.0,1,stock,572.3499755859375,100.0,0.0
2024-10-04 12:30:00-04:00,MyStrategy,2b14c65b7d7c46e79cb3b8bebaf7ccdf,SPY,buy,market,new,1,gtc,0.0,1,stock,,,
2024-10-04 12:30:00-04:00,MyStrategy,2b14c65b7d7c46e79cb3b8bebaf7ccdf,SPY,buy,market,fill,1,gtc,0.0,1,stock,572.3499755859375,100.0,0.0
2024-10-04 15:30:00-04:00,MyStrategy,eae0d898450742a58a0ee5236ac48b0b,SPY,buy,market,new,1,gtc,0.0,1,stock,,,
2024-10-04 15:30:00-04:00,MyStrategy,eae0d898450742a58a0ee5236ac48b0b,SPY,buy,market,fill,1,gtc,0.0,1,stock,572.3499755859375,100.0,0.0
2024-10-07 09:30:00-04:00,MyStrategy,00a6cf2f56894b1293483d5360086f55,SPY,buy,market,new,1,gtc,0.0,1,stock,,,
2024-10-07 09:30:00-04:00,MyStrategy,00a6cf2f56894b1293483d5360086f55,SPY,buy,market,fill,1,gtc,0.0,1,stock,571.2999877929688,100.0,0.0
2024-10-07 12:30:00-04:00,MyStrategy,1a04ab50d7274d13b43a8930a8426e81,SPY,buy,market,new,1,gtc,0.0,1,stock,,,
2024-10-07 12:30:00-04:00,MyStrategy,1a04ab50d7274d13b43a8930a8426e81,SPY,buy,market,fill,1,gtc,0.0,1,stock,571.2999877929688,100.0,0.0
2024-10-07 15:30:00-04:00,MyStrategy,afdec31c8c25426787c2d88fc3bc4f98,SPY,buy,market,new,1,gtc,0.0,1,stock,,,
2024-10-07 15:30:00-04:00,MyStrategy,afdec31c8c25426787c2d88fc3bc4f98,SPY,buy,market,fill,1,gtc,0.0,1,stock,571.2999877929688,100.0,0.0
2024-10-08 09:30:00-04:00,MyStrategy,959ee6817ac44e879c0573dcee5707c6,SPY,buy,market,new,1,gtc,0.0,1,stock,,,
2024-10-08 09:30:00-04:00,MyStrategy,959ee6817ac44e879c0573dcee5707c6,SPY,buy,market,fill,1,gtc,0.0,1,stock,570.4199829101562,100.0,0.0
2024-10-08 12:30:00-04:00,MyStrategy,b75a41f9c2054dada43262108b20c54e,SPY,buy,market,new,1,gtc,0.0,1,stock,,,
2024-10-08 12:30:00-04:00,MyStrategy,b75a41f9c2054dada43262108b20c54e,SPY,buy,market,fill,1,gtc,0.0,1,stock,570.4199829101562,100.0,0.0
2024-10-08 15:30:00-04:00,MyStrategy,3c71c819c55a40409ad9ac19cbe09adf,SPY,buy,market,new,1,gtc,0.0,1,stock,,,
2024-10-08 15:30:00-04:00,MyStrategy,3c71c819c55a40409ad9ac19cbe09adf,SPY,buy,market,fill,1,gtc,0.0,1,stock,570.4199829101562,100.0,0.0
2024-10-09 09:30:00-04:00,MyStrategy,2574d157df5f43daadd7de4c62489027,SPY,buy,market,new,1,gtc,0.0,1,stock,,,
2024-10-09 09:30:00-04:00,MyStrategy,2574d157df5f43daadd7de4c62489027,SPY,buy,market,fill,1,gtc,0.0,1,stock,573.1599731445312,100.0,0.0
2024-10-09 12:30:00-04:00,MyStrategy,ab582bf3d87f4eac9e06ee5fd6c765a4,SPY,buy,market,new,1,gtc,0.0,1,stock,,,
2024-10-09 12:30:00-04:00,MyStrategy,ab582bf3d87f4eac9e06ee5fd6c765a4,SPY,buy,market,fill,1,gtc,0.0,1,stock,573.1599731445312,100.0,0.0
2024-10-09 15:30:00-04:00,MyStrategy,90b48d967aee45e4884622e764b5c781,SPY,buy,market,new,1,gtc,0.0,1,stock,,,
2024-10-09 15:30:00-04:00,MyStrategy,90b48d967aee45e4884622e764b5c781,SPY,buy,market,fill,1,gtc,0.0,1,stock,573.1599731445312,100.0,0.0
2024-10-10 09:30:00-04:00,MyStrategy,572503771ecc4990ba4493a3f69dbdd7,SPY,buy,market,new,1,gtc,0.0,1,stock,,,
2024-10-10 09:30:00-04:00,MyStrategy,572503771ecc4990ba4493a3f69dbdd7,SPY,buy,market,fill,1,gtc,0.0,1,stock,575.77001953125,100.0,0.0
2024-10-10 12:30:00-04:00,MyStrategy,3e92d03d0c7a487a9cc131c6d63861da,SPY,buy,market,new,1,gtc,0.0,1,stock,,,
2024-10-10 12:30:00-04:00,MyStrategy,3e92d03d0c7a487a9cc131c6d63861da,SPY,buy,market,fill,1,gtc,0.0,1,stock,575.77001953125,100.0,0.0
2024-10-10 15:30:00-04:00,MyStrategy,fcb6aab760354bdf877eece4a5480b7c,SPY,buy,market,new,1,gtc,0.0,1,stock,,,
2024-10-10 15:30:00-04:00,MyStrategy,fcb6aab760354bdf877eece4a5480b7c,SPY,buy,market,fill,1,gtc,0.0,1,stock,575.77001953125,100.0,0.0
2024-10-11 09:30:00-04:00,MyStrategy,ba6a57fc1e784c0297f44a0fb80dfcbe,SPY,buy,market,new,1,gtc,0.0,1,stock,,,
2024-10-11 09:30:00-04:00,MyStrategy,ba6a57fc1e784c0297f44a0fb80dfcbe,SPY,buy,market,fill,1,gtc,0.0,1,stock,576.0499877929688,100.0,0.0
2024-10-11 12:30:00-04:00,MyStrategy,04fba414be8c48a6a253071c2f63c9f3,SPY,buy,market,new,1,gtc,0.0,1,stock,,,
2024-10-11 12:30:00-04:00,MyStrategy,04fba414be8c48a6a253071c2f63c9f3,SPY,buy,market,fill,1,gtc,0.0,1,stock,576.0499877929688,100.0,0.0
2024-10-11 15:30:00-04:00,MyStrategy,a3946a713e3545bf9794ab1709f7f9ff,SPY,buy,market,new,1,gtc,0.0,1,stock,,,
2024-10-11 15:30:00-04:00,MyStrategy,a3946a713e3545bf9794ab1709f7f9ff,SPY,buy,market,fill,1,gtc,0.0,1,stock,576.0499877929688,100.0,0.0
2024-10-14 09:30:00-04:00,MyStrategy,74fe77caf0634169a62a4b3d414b7fe6,SPY,buy,market,new,1,gtc,0.0,1,stock,,,
2024-10-14 09:30:00-04:00,MyStrategy,74fe77caf0634169a62a4b3d414b7fe6,SPY,buy,market,fill,1,gtc,0.0,1,stock,581.219970703125,100.0,0.0
2024-10-14 12:30:00-04:00,MyStrategy,3d82f9ba0b1b4cd593fcaccef3d82a8d,SPY,buy,market,new,1,gtc,0.0,1,stock,,,
2024-10-14 12:30:00-04:00,MyStrategy,3d82f9ba0b1b4cd593fcaccef3d82a8d,SPY,buy,market,fill,1,gtc,0.0,1,stock,581.219970703125,100.0,0.0
2024-10-14 15:30:00-04:00,MyStrategy,75e1098e9ae5499aa72e5cf96dab20ac,SPY,buy,market,new,1,gtc,0.0,1,stock,,,
2024-10-14 15:30:00-04:00,MyStrategy,75e1098e9ae5499aa72e5cf96dab20ac,SPY,buy,market,fill,1,gtc,0.0,1,stock,581.219970703125,100.0,0.0
2024-10-15 09:30:00-04:00,MyStrategy,4a76d21b01b746f3bff3a1ce5be6cc22,SPY,buy,market,new,1,gtc,0.0,1,stock,,,
2024-10-15 09:30:00-04:00,MyStrategy,4a76d21b01b746f3bff3a1ce5be6cc22,SPY,buy,market,fill,1,gtc,0.0,1,stock,584.5900268554688,100.0,0.0
2024-10-15 12:30:00-04:00,MyStrategy,6d76e388b6fc43e8aa9049588cb2628a,SPY,buy,market,new,1,gtc,0.0,1,stock,,,
2024-10-15 12:30:00-04:00,MyStrategy,6d76e388b6fc43e8aa9049588cb2628a,SPY,buy,market,fill,1,gtc,0.0,1,stock,584.5900268554688,100.0,0.0
2024-10-15 15:30:00-04:00,MyStrategy,bd76b590a5844096baa15e474e3b7269,SPY,buy,market,new,1,gtc,0.0,1,stock,,,
2024-10-15 15:30:00-04:00,MyStrategy,bd76b590a5844096baa15e474e3b7269,SPY,buy,market,fill,1,gtc,0.0,1,stock,584.5900268554688,100.0,0.0
2024-10-16 09:30:00-04:00,MyStrategy,c5b0eae4c61f4e61b2581750f968a751,SPY,buy,market,new,1,gtc,0.0,1,stock,,,
2024-10-16 09:30:00-04:00,MyStrategy,c5b0eae4c61f4e61b2581750f968a751,SPY,buy,market,fill,1,gtc,0.0,1,stock,579.780029296875,100.0,0.0
2024-10-16 12:30:00-04:00,MyStrategy,e99d8a6f82904d7c818d133bea5dee2c,SPY,buy,market,new,1,gtc,0.0,1,stock,,,
2024-10-16 12:30:00-04:00,MyStrategy,e99d8a6f82904d7c818d133bea5dee2c,SPY,buy,market,fill,1,gtc,0.0,1,stock,579.780029296875,100.0,0.0
2024-10-16 15:30:00-04:00,MyStrategy,44ea312005ad410eb51e7dfc7f82d260,SPY,buy,market,new,1,gtc,0.0,1,stock,,,
2024-10-16 15:30:00-04:00,MyStrategy,44ea312005ad410eb51e7dfc7f82d260,SPY,buy,market,fill,1,gtc,0.0,1,stock,579.780029296875,100.0,0.0
2024-10-17 09:30:00-04:00,MyStrategy,96dacf4abecd460cb2979e4824a889af,SPY,buy,market,new,1,gtc,0.0,1,stock,,,
2024-10-17 09:30:00-04:00,MyStrategy,96dacf4abecd460cb2979e4824a889af,SPY,buy,market,fill,1,gtc,0.0,1,stock,585.9099731445312,100.0,0.0
2024-10-17 12:30:00-04:00,MyStrategy,e25d5322614e4ddea22e6c533d5f8414,SPY,buy,market,new,1,gtc,0.0,1,stock,,,
2024-10-17 12:30:00-04:00,MyStrategy,e25d5322614e4ddea22e6c533d5f8414,SPY,buy,market,fill,1,gtc,0.0,1,stock,585.9099731445312,100.0,0.0
2024-10-17 15:30:00-04:00,MyStrategy,ff0827df548b414cacb171556c2cdaca,SPY,buy,market,new,1,gtc,0.0,1,stock,,,
2024-10-17 15:30:00-04:00,MyStrategy,ff0827df548b414cacb171556c2cdaca,SPY,buy,market,fill,1,gtc,0.0,1,stock,585.9099731445312,100.0,0.0
2024-10-18 09:30:00-04:00,MyStrategy,4e948a1fd18b4bc7a7baa0f9e35ccd76,SPY,buy,market,new,1,gtc,0.0,1,stock,,,
2024-10-18 09:30:00-04:00,MyStrategy,4e948a1fd18b4bc7a7baa0f9e35ccd76,SPY,buy,market,fill,1,gtc,0.0,1,stock,584.0700073242188,100.0,0.0
2024-10-18 12:30:00-04:00,MyStrategy,2005152f759e4f28bc6db0d648a6abf5,SPY,buy,market,new,1,gtc,0.0,1,stock,,,
2024-10-18 12:30:00-04:00,MyStrategy,2005152f759e4f28bc6db0d648a6abf5,SPY,buy,market,fill,1,gtc,0.0,1,stock,584.0700073242188,100.0,0.0
2024-10-18 15:30:00-04:00,MyStrategy,ba5ed6cfbd8e4b21959b3e9ed3be00a3,SPY,buy,market,new,1,gtc,0.0,1,stock,,,
2024-10-18 15:30:00-04:00,MyStrategy,ba5ed6cfbd8e4b21959b3e9ed3be00a3,SPY,buy,market,fill,1,gtc,0.0,1,stock,584.0700073242188,100.0,0.0
2024-10-21 09:30:00-04:00,MyStrategy,9f1973098a0b4ee29ea4068a697c1a28,SPY,buy,market,new,1,gtc,0.0,1,stock,,,
2024-10-21 09:30:00-04:00,MyStrategy,9f1973098a0b4ee29ea4068a697c1a28,SPY,buy,market,fill,1,gtc,0.0,1,stock,583.8499755859375,100.0,0.0
2024-10-21 12:30:00-04:00,MyStrategy,5a8f74d89a4347bea42d4a345e2d1f6c,SPY,buy,market,new,1,gtc,0.0,1,stock,,,
2024-10-21 12:30:00-04:00,MyStrategy,5a8f74d89a4347bea42d4a345e2d1f6c,SPY,buy,market,fill,1,gtc,0.0,1,stock,583.8499755859375,100.0,0.0
2024-10-21 15:30:00-04:00,MyStrategy,29f27ffc25b145b8bbb63e431906106f,SPY,buy,market,new,1,gtc,0.0,1,stock,,,
2024-10-21 15:30:00-04:00,MyStrategy,29f27ffc25b145b8bbb63e431906106f,SPY,buy,market,fill,1,gtc,0.0,1,stock,583.8499755859375,100.0,0.0
2024-10-22 09:30:00-04:00,MyStrategy,38ff304700de4f40aeac6b2605201f4e,SPY,buy,market,new,1,gtc,0.0,1,stock,,,
2024-10-22 09:30:00-04:00,MyStrategy,38ff304700de4f40aeac6b2605201f4e,SPY,buy,market,fill,1,gtc,0.0,1,stock,581.0499877929688,100.0,0.0
2024-10-22 12:30:00-04:00,MyStrategy,62141bac48f442edad70a3e1c67e9c8a,SPY,buy,market,new,1,gtc,0.0,1,stock,,,
2024-10-22 12:30:00-04:00,MyStrategy,62141bac48f442edad70a3e1c67e9c8a,SPY,buy,market,fill,1,gtc,0.0,1,stock,581.0499877929688,100.0,0.0
2024-10-22 15:30:00-04:00,MyStrategy,d38571b0dfc941f99e9b99ebb03a0be3,SPY,buy,market,new,1,gtc,0.0,1,stock,,,
2024-10-22 15:30:00-04:00,MyStrategy,d38571b0dfc941f99e9b99ebb03a0be3,SPY,buy,market,fill,1,gtc,0.0,1,stock,581.0499877929688,100.0,0.0
2024-10-23 09:30:00-04:00,MyStrategy,6b0b44d131ad4490a2f194a24701c15f,SPY,buy,market,new,1,gtc,0.0,1,stock,,,
2024-10-23 09:30:00-04:00,MyStrategy,6b0b44d131ad4490a2f194a24701c15f,SPY,buy,market,fill,1,gtc,0.0,1,stock,581.260009765625,100.0,0.0
2024-10-23 12:30:00-04:00,MyStrategy,05aa78a8d70f424bb5f4a948e678d6cb,SPY,buy,market,new,1,gtc,0.0,1,stock,,,
2024-10-23 12:30:00-04:00,MyStrategy,05aa78a8d70f424bb5f4a948e678d6cb,SPY,buy,market,fill,1,gtc,0.0,1,stock,581.260009765625,100.0,0.0
2024-10-23 15:30:00-04:00,MyStrategy,d59ada91d7cd4667952b64ea56a97278,SPY,buy,market,new,1,gtc,0.0,1,stock,,,
2024-10-23 15:30:00-04:00,MyStrategy,d59ada91d7cd4667952b64ea56a97278,SPY,buy,market,fill,1,gtc,0.0,1,stock,581.260009765625,100.0,0.0
2024-10-24 09:30:00-04:00,MyStrategy,c2fcabee8a5d4517b1c6b953a8a6f6d6,SPY,buy,market,new,1,gtc,0.0,1,stock,,,
2024-10-24 09:30:00-04:00,MyStrategy,c2fcabee8a5d4517b1c6b953a8a6f6d6,SPY,buy,market,fill,1,gtc,0.0,1,stock,579.97998046875,100.0,0.0
2024-10-24 12:30:00-04:00,MyStrategy,e091d0951d7f4577ab5b1c20ef3a384e,SPY,buy,market,new,1,gtc,0.0,1,stock,,,
2024-10-24 12:30:00-04:00,MyStrategy,e091d0951d7f4577ab5b1c20ef3a384e,SPY,buy,market,fill,1,gtc,0.0,1,stock,579.97998046875,100.0,0.0
2024-10-24 15:30:00-04:00,MyStrategy,c64b36cb78844673bb2f8f6a2bcf51a4,SPY,buy,market,new,1,gtc,0.0,1,stock,,,
2024-10-24 15:30:00-04:00,MyStrategy,c64b36cb78844673bb2f8f6a2bcf51a4,SPY,buy,market,fill,1,gtc,0.0,1,stock,579.97998046875,100.0,0.0
2024-10-25 09:30:00-04:00,MyStrategy,613255a4985c46c2a082260815b88dbf,SPY,buy,market,new,1,gtc,0.0,1,stock,,,
2024-10-25 09:30:00-04:00,MyStrategy,613255a4985c46c2a082260815b88dbf,SPY,buy,market,fill,1,gtc,0.0,1,stock,581.510009765625,100.0,0.0
2024-10-25 12:30:00-04:00,MyStrategy,9ec9561c13704429a7641638f7213bc9,SPY,buy,market,new,1,gtc,0.0,1,stock,,,
2024-10-25 12:30:00-04:00,MyStrategy,9ec9561c13704429a7641638f7213bc9,SPY,buy,market,fill,1,gtc,0.0,1,stock,581.510009765625,100.0,0.0
2024-10-25 15:30:00-04:00,MyStrategy,04087374e5c24716bdca6510a3f87fc2,SPY,buy,market,new,1,gtc,0.0,1,stock,,,
2024-10-25 15:30:00-04:00,MyStrategy,04087374e5c24716bdca6510a3f87fc2,SPY,buy,market,fill,1,gtc,0.0,1,stock,581.510009765625,100.0,0.0
2024-10-28 09:30:00-04:00,MyStrategy,2b2befe484dd4534b27a233dc10d8f16,SPY,buy,market,new,1,gtc,0.0,1,stock,,,
2024-10-28 09:30:00-04:00,MyStrategy,2b2befe484dd4534b27a233dc10d8f16,SPY,buy,market,fill,1,gtc,0.0,1,stock,582.5800170898438,100.0,0.0
2024-10-28 12:30:00-04:00,MyStrategy,179b4d6476a14e58a74098f1572df22a,SPY,buy,market,new,1,gtc,0.0,1,stock,,,
2024-10-28 12:30:00-04:00,MyStrategy,179b4d6476a14e58a74098f1572df22a,SPY,buy,market,fill,1,gtc,0.0,1,stock,582.5800170898438,100.0,0.0
2024-10-28 15:30:00-04:00,MyStrategy,b16832894f6c4046a20b819594f2c4ef,SPY,buy,market,new,1,gtc,0.0,1,stock,,,
2024-10-28 15:30:00-04:00,MyStrategy,b16832894f6c4046a20b819594f2c4ef,SPY,buy,market,fill,1,gtc,0.0,1,stock,582.5800170898438,100.0,0.0
2024-10-29 09:30:00-04:00,MyStrategy,0d5c714f781e4d8980cbe9af608f00d5,SPY,buy,market,new,1,gtc,0.0,1,stock,,,
2024-10-29 09:30:00-04:00,MyStrategy,0d5c714f781e4d8980cbe9af608f00d5,SPY,buy,market,fill,1,gtc,0.0,1,stock,579.8499755859375,100.0,0.0
2024-10-29 12:30:00-04:00,MyStrategy,a4e7f2b9f73d4b7a94222d2e4a5607ee,SPY,buy,market,new,1,gtc,0.0,1,stock,,,
2024-10-29 12:30:00-04:00,MyStrategy,a4e7f2b9f73d4b7a94222d2e4a5607ee,SPY,buy,market,fill,1,gtc,0.0,1,stock,579.8499755859375,100.0,0.0
2024-10-29 15:30:00-04:00,MyStrategy,f1160e7bfdc64eb082a6c79a955c1cec,SPY,buy,market,new,1,gtc,0.0,1,stock,,,
2024-10-29 15:30:00-04:00,MyStrategy,f1160e7bfdc64eb082a6c79a955c1cec,SPY,buy,market,fill,1,gtc,0.0,1,stock,579.8499755859375,100.0,0.0
2024-10-30 09:30:00-04:00,MyStrategy,ad8a16031dc04d34bcfb0c82a05a6f97,SPY,buy,market,new,1,gtc,0.0,1,stock,,,
2024-10-30 09:30:00-04:00,MyStrategy,ad8a16031dc04d34bcfb0c82a05a6f97,SPY,buy,market,fill,1,gtc,0.0,1,stock,581.2899780273438,100.0,0.0
2024-10-30 12:30:00-04:00,MyStrategy,b094f9cf8da94e3d848a8c8db971ecf0,SPY,buy,market,new,1,gtc,0.0,1,stock,,,
2024-10-30 12:30:00-04:00,MyStrategy,b094f9cf8da94e3d848a8c8db971ecf0,SPY,buy,market,fill,1,gtc,0.0,1,stock,581.2899780273438,100.0,0.0
2024-10-30 15:30:00-04:00,MyStrategy,f720c59216dc4498bd1248ef13182614,SPY,buy,market,new,1,gtc,0.0,1,stock,,,
2024-10-30 15:30:00-04:00,MyStrategy,f720c59216dc4498bd1248ef13182614,SPY,buy,market,fill,1,gtc,0.0,1,stock,581.2899780273438,100.0,0.0
2024-10-31 09:30:00-04:00,MyStrategy,05a9f9d5746443d2920d68a50cdb9765,SPY,buy,market,new,1,gtc,0.0,1,stock,,,
2024-10-31 09:30:00-04:00,MyStrategy,05a9f9d5746443d2920d68a50cdb9765,SPY,buy,market,fill,1,gtc,0.0,1,stock,575.5599975585938,100.0,0.0
2024-10-31 12:30:00-04:00,MyStrategy,b63f82a089c346eab90e4fb3a70344b8,SPY,buy,market,new,1,gtc,0.0,1,stock,,,
2024-10-31 12:30:00-04:00,MyStrategy,b63f82a089c346eab90e4fb3a70344b8,SPY,buy,market,fill,1,gtc,0.0,1,stock,575.5599975585938,100.0,0.0
2024-10-31 15:30:00-04:00,MyStrategy,4f794fd7269140f09fe0cc3fe1a14458,SPY,buy,market,new,1,gtc,0.0,1,stock,,,
2024-10-31 15:30:00-04:00,MyStrategy,4f794fd7269140f09fe0cc3fe1a14458,SPY,buy,market,fill,1,gtc,0.0,1,stock,575.5599975585938,100.0,0.0
2024-11-01 09:30:00-04:00,MyStrategy,cf913d91b73b4d47bfff183afcd717c4,SPY,buy,market,new,1,gtc,0.0,1,stock,,,
2024-11-01 09:30:00-04:00,MyStrategy,cf913d91b73b4d47bfff183afcd717c4,SPY,buy,market,fill,1,gtc,0.0,1,stock,571.3200073242188,100.0,0.0
2024-11-01 12:30:00-04:00,MyStrategy,a72b84ef6b234293bbdebd1df5b4fe80,SPY,buy,market,new,1,gtc,0.0,1,stock,,,
2024-11-01 12:30:00-04:00,MyStrategy,a72b84ef6b234293bbdebd1df5b4fe80,SPY,buy,market,fill,1,gtc,0.0,1,stock,571.3200073242188,100.0,0.0
2024-11-01 15:30:00-04:00,MyStrategy,7c85d164b1344dbfa7aedcab72b0f133,SPY,buy,market,new,1,gtc,0.0,1,stock,,,
2024-11-01 15:30:00-04:00,MyStrategy,7c85d164b1344dbfa7aedcab72b0f133,SPY,buy,market,fill,1,gtc,0.0,1,stock,571.3200073242188,100.0,0.0
2024-11-04 09:30:00-05:00,MyStrategy,23687d5e304f4e428ebbeaee799cb91f,SPY,buy,market,new,1,gtc,0.0,1,stock,,,
2024-11-04 09:30:00-05:00,MyStrategy,23687d5e304f4e428ebbeaee799cb91f,SPY,buy,market,fill,1,gtc,0.0,1,stock,571.1799926757812,100.0,0.0
2024-11-04 12:30:00-05:00,MyStrategy,01753e7e9591432bb29a39fefcd8d8f3,SPY,buy,market,new,1,gtc,0.0,1,stock,,,
2024-11-04 12:30:00-05:00,MyStrategy,01753e7e9591432bb29a39fefcd8d8f3,SPY,buy,market,fill,1,gtc,0.0,1,stock,571.1799926757812,100.0,0.0
2024-11-04 15:30:00-05:00,MyStrategy,0e48cdd2d053455daeffb34834f63df1,SPY,buy,market,new,1,gtc,0.0,1,stock,,,
2024-11-04 15:30:00-05:00,MyStrategy,0e48cdd2d053455daeffb34834f63df1,SPY,buy,market,fill,1,gtc,0.0,1,stock,571.1799926757812,100.0,0.0
2024-11-05 09:30:00-05:00,MyStrategy,f14b72abce0747008b4cb05014abeb7d,SPY,buy,market,new,1,gtc,0.0,1,stock,,,
2024-11-05 09:30:00-05:00,MyStrategy,f14b72abce0747008b4cb05014abeb7d,SPY,buy,market,fill,1,gtc,0.0,1,stock,570.739990234375,100.0,0.0
2024-11-05 12:30:00-05:00,MyStrategy,e0ce9fcfb4984698bb3328a2946c50de,SPY,buy,market,new,1,gtc,0.0,1,stock,,,
2024-11-05 12:30:00-05:00,MyStrategy,e0ce9fcfb4984698bb3328a2946c50de,SPY,buy,market,fill,1,gtc,0.0,1,stock,570.739990234375,100.0,0.0
2024-11-05 15:30:00-05:00,MyStrategy,431789bb847d428e8988b5b36345f5e3,SPY,buy,market,new,1,gtc,0.0,1,stock,,,
2024-11-05 15:30:00-05:00,MyStrategy,431789bb847d428e8988b5b36345f5e3,SPY,buy,market,fill,1,gtc,0.0,1,stock,570.739990234375,100.0,0.0
2024-11-06 09:30:00-05:00,MyStrategy,93ddf1335cb640cb835fa34fd84808b2,SPY,buy,market,new,1,gtc,0.0,1,stock,,,
2024-11-06 09:30:00-05:00,MyStrategy,93ddf1335cb640cb835fa34fd84808b2,SPY,buy,market,fill,1,gtc,0.0,1,stock,589.2000122070312,100.0,0.0
2024-11-06 12:30:00-05:00,MyStrategy,c70f781a10594c0f8962ab17c2e2bc76,SPY,buy,market,new,1,gtc,0.0,1,stock,,,
2024-11-06 12:30:00-05:00,MyStrategy,c70f781a10594c0f8962ab17c2e2bc76,SPY,buy,market,fill,1,gtc,0.0,1,stock,589.2000122070312,100.0,0.0
2024-11-06 15:30:00-05:00,MyStrategy,d5f4cd7663af44eca9a3737a92d77e80,SPY,buy,market,new,1,gtc,0.0,1,stock,,,
2024-11-06 15:30:00-05:00,MyStrategy,d5f4cd7663af44eca9a3737a92d77e80,SPY,buy,market,fill,1,gtc,0.0,1,stock,589.2000122070312,100.0,0.0
2024-11-07 09:30:00-05:00,MyStrategy,87b0a12ef0a74ec3a4fdcd849c99e2ec,SPY,buy,market,new,1,gtc,0.0,1,stock,,,
2024-11-07 09:30:00-05:00,MyStrategy,87b0a12ef0a74ec3a4fdcd849c99e2ec,SPY,buy,market,fill,1,gtc,0.0,1,stock,593.0800170898438,100.0,0.0
2024-11-07 12:30:00-05:00,MyStrategy,36460ccf923f4c318eae980f8e428306,SPY,buy,market,new,1,gtc,0.0,1,stock,,,
2024-11-07 12:30:00-05:00,MyStrategy,36460ccf923f4c318eae980f8e428306,SPY,buy,market,fill,1,gtc,0.0,1,stock,593.0800170898438,100.0,0.0
2024-11-07 15:30:00-05:00,MyStrategy,b5d74d462cd24537b65aa76339242f1d,SPY,buy,market,new,1,gtc,0.0,1,stock,,,
2024-11-07 15:30:00-05:00,MyStrategy,b5d74d462cd24537b65aa76339242f1d,SPY,buy,market,fill,1,gtc,0.0,1,stock,593.0800170898438,100.0,0.0
2024-11-08 09:30:00-05:00,MyStrategy,e3ed99eec76f470885874ac9269f8365,SPY,buy,market,new,1,gtc,0.0,1,stock,,,
2024-11-08 09:30:00-05:00,MyStrategy,e3ed99eec76f470885874ac9269f8365,SPY,buy,market,fill,1,gtc,0.0,1,stock,596.1699829101562,100.0,0.0
2024-11-08 12:30:00-05:00,MyStrategy,b3d716b1e26243748392471dd691870d,SPY,buy,market,new,1,gtc,0.0,1,stock,,,
2024-11-08 12:30:00-05:00,MyStrategy,b3d716b1e26243748392471dd691870d,SPY,buy,market,fill,1,gtc,0.0,1,stock,596.1699829101562,100.0,0.0
2024-11-08 15:30:00-05:00,MyStrategy,4c5b006eca3a4ad4bb4f8fa7b555f6bd,SPY,buy,market,new,1,gtc,0.0,1,stock,,,
2024-11-08 15:30:00-05:00,MyStrategy,4c5b006eca3a4ad4bb4f8fa7b555f6bd,SPY,buy,market,fill,1,gtc,0.0,1,stock,596.1699829101562,100.0,0.0
2024-11-11 09:30:00-05:00,MyStrategy,408dc7c00ccf4fca9fd48606e598bffb,SPY,buy,market,new,1,gtc,0.0,1,stock,,,
2024-11-11 09:30:00-05:00,MyStrategy,408dc7c00ccf4fca9fd48606e598bffb,SPY,buy,market,fill,1,gtc,0.0,1,stock,599.8099975585938,100.0,0.0
2024-11-11 12:30:00-05:00,MyStrategy,f734740a4e764512aadbdde097d09a78,SPY,buy,market,new,1,gtc,0.0,1,stock,,,
2024-11-11 12:30:00-05:00,MyStrategy,f734740a4e764512aadbdde097d09a78,SPY,buy,market,fill,1,gtc,0.0,1,stock,599.8099975585938,100.0,0.0
2024-11-11 15:30:00-05:00,MyStrategy,cedb2161b6174ed1bfc8dc867250cd9e,SPY,buy,market,new,1,gtc,0.0,1,stock,,,
2024-11-11 15:30:00-05:00,MyStrategy,cedb2161b6174ed1bfc8dc867250cd9e,SPY,buy,market,fill,1,gtc,0.0,1,stock,599.8099975585938,100.0,0.0
2024-11-12 09:30:00-05:00,MyStrategy,fd3feee8a90e4d53894d18183fac6a14,SPY,buy,market,new,1,gtc,0.0,1,stock,,,
2024-11-12 09:30:00-05:00,MyStrategy,fd3feee8a90e4d53894d18183fac6a14,SPY,buy,market,fill,1,gtc,0.0,1,stock,598.6799926757812,100.0,0.0
2024-11-12 12:30:00-05:00,MyStrategy,bc743e56963f494293aaa1b49d0df801,SPY,buy,market,new,1,gtc,0.0,1,stock,,,
2024-11-12 12:30:00-05:00,MyStrategy,bc743e56963f494293aaa1b49d0df801,SPY,buy,market,fill,1,gtc,0.0,1,stock,598.6799926757812,100.0,0.0
2024-11-12 15:30:00-05:00,MyStrategy,9f59343e7b564c84be1f756998006a55,SPY,buy,market,new,1,gtc,0.0,1,stock,,,
2024-11-12 15:30:00-05:00,MyStrategy,9f59343e7b564c84be1f756998006a55,SPY,buy,market,fill,1,gtc,0.0,1,stock,598.6799926757812,100.0,0.0
2024-11-13 09:30:00-05:00,MyStrategy,10233dcc6da645d8b4a0acfb3f865156,SPY,buy,market,new,1,gtc,0.0,1,stock,,,
2024-11-13 09:30:00-05:00,MyStrategy,10233dcc6da645d8b4a0acfb3f865156,SPY,buy,market,fill,1,gtc,0.0,1,stock,597.3699951171875,100.0,0.0
2024-11-13 12:30:00-05:00,MyStrategy,8518738fd62f4a338dc9434e48be4155,SPY,buy,market,new,1,gtc,0.0,1,stock,,,
2024-11-13 12:30:00-05:00,MyStrategy,8518738fd62f4a338dc9434e48be4155,SPY,buy,market,fill,1,gtc,0.0,1,stock,597.3699951171875,100.0,0.0
2024-11-13 15:30:00-05:00,MyStrategy,0becfa58c2cd449ab8fc4b90717ae8a7,SPY,buy,market,new,1,gtc,0.0,1,stock,,,
2024-11-13 15:30:00-05:00,MyStrategy,0becfa58c2cd449ab8fc4b90717ae8a7,SPY,buy,market,fill,1,gtc,0.0,1,stock,597.3699951171875,100.0,0.0
2024-11-14 09:30:00-05:00,MyStrategy,a3533b82e91b42a7bc62bb876bddd10b,SPY,buy,market,new,1,gtc,0.0,1,stock,,,
2024-11-14 09:30:00-05:00,MyStrategy,a3533b82e91b42a7bc62bb876bddd10b,SPY,buy,market,fill,1,gtc,0.0,1,stock,597.3200073242188,100.0,0.0
2024-11-14 12:30:00-05:00,MyStrategy,a8f1607c6c8644689079251fbf8bd53a,SPY,buy,market,new,1,gtc,0.0,1,stock,,,
2024-11-14 12:30:00-05:00,MyStrategy,a8f1607c6c8644689079251fbf8bd53a,SPY,buy,market,fill,1,gtc,0.0,1,stock,597.3200073242188,100.0,0.0
2024-11-14 15:30:00-05:00,MyStrategy,1c0c909b83eb43e0b4a018b865f732c4,SPY,buy,market,new,1,gtc,0.0,1,stock,,,
2024-11-14 15:30:00-05:00,MyStrategy,1c0c909b83eb43e0b4a018b865f732c4,SPY,buy,market,fill,1,gtc,0.0,1,stock,597.3200073242188,100.0,0.0
2024-11-15 09:30:00-05:00,MyStrategy,ac9ad32c31b54f99bc73ced60295bd6d,SPY,buy,market,new,1,gtc,0.0,1,stock,,,
2024-11-15 09:30:00-05:00,MyStrategy,ac9ad32c31b54f99bc73ced60295bd6d,SPY,buy,market,fill,1,gtc,0.0,1,stock,589.719970703125,100.0,0.0
2024-11-15 12:30:00-05:00,MyStrategy,a14587a8a56f497aaaad84934a05b5a6,SPY,buy,market,new,1,gtc,0.0,1,stock,,,
2024-11-15 12:30:00-05:00,MyStrategy,a14587a8a56f497aaaad84934a05b5a6,SPY,buy,market,fill,1,gtc,0.0,1,stock,589.719970703125,100.0,0.0
2024-11-15 15:30:00-05:00,MyStrategy,97aa980eb37747ce9236555447241038,SPY,buy,market,new,1,gtc,0.0,1,stock,,,
2024-11-15 15:30:00-05:00,MyStrategy,97aa980eb37747ce9236555447241038,SPY,buy,market,fill,1,gtc,0.0,1,stock,589.719970703125,100.0,0.0
2024-11-18 09:30:00-05:00,MyStrategy,25a81b1f6b3b4602bdebdd63be353060,SPY,buy,market,new,1,gtc,0.0,1,stock,,,
2024-11-18 09:30:00-05:00,MyStrategy,25a81b1f6b3b4602bdebdd63be353060,SPY,buy,market,fill,1,gtc,0.0,1,stock,586.219970703125,100.0,0.0
2024-11-18 12:30:00-05:00,MyStrategy,8fbe8f6bfc36433fbb11da01a009f7e4,SPY,buy,market,new,1,gtc,0.0,1,stock,,,
2024-11-18 12:30:00-05:00,MyStrategy,8fbe8f6bfc36433fbb11da01a009f7e4,SPY,buy,market,fill,1,gtc,0.0,1,stock,586.219970703125,100.0,0.0
2024-11-18 15:30:00-05:00,MyStrategy,c079dfaf27c343d28b646d43e93555fc,SPY,buy,market,new,1,gtc,0.0,1,stock,,,
2024-11-18 15:30:00-05:00,MyStrategy,c079dfaf27c343d28b646d43e93555fc,SPY,buy,market,fill,1,gtc,0.0,1,stock,586.219970703125,100.0,0.0
2024-11-19 09:30:00-05:00,MyStrategy,4ca98a83596b41e49f0fa87a5da6eb0f,SPY,buy,market,new,1,gtc,0.0,1,stock,,,
2024-11-19 09:30:00-05:00,MyStrategy,4ca98a83596b41e49f0fa87a5da6eb0f,SPY,buy,market,fill,1,gtc,0.0,1,stock,584.7100219726562,100.0,0.0
2024-11-19 12:30:00-05:00,MyStrategy,552dd62c331f4b2e971a6163f3b97ded,SPY,buy,market,new,1,gtc,0.0,1,stock,,,
2024-11-19 12:30:00-05:00,MyStrategy,552dd62c331f4b2e971a6163f3b97ded,SPY,buy,market,fill,1,gtc,0.0,1,stock,584.7100219726562,100.0,0.0
2024-11-19 15:30:00-05:00,MyStrategy,88338b6d531247e28342a8bfbb38cdc1,SPY,buy,market,new,1,gtc,0.0,1,stock,,,
2024-11-19 15:30:00-05:00,MyStrategy,88338b6d531247e28342a8bfbb38cdc1,SPY,buy,market,fill,1,gtc,0.0,1,stock,584.7100219726562,100.0,0.0
2024-11-20 09:30:00-05:00,MyStrategy,1cdb9bc77d1a41c9b96b8953e5f1f390,SPY,buy,market,new,1,gtc,0.0,1,stock,,,
2024-11-20 09:30:00-05:00,MyStrategy,1cdb9bc77d1a41c9b96b8953e5f1f390,SPY,buy,market,fill,1,gtc,0.0,1,stock,590.3800048828125,100.0,0.0
2024-11-20 12:30:00-05:00,MyStrategy,fca9905b8d2f49ea8ba1d41b60fd11e7,SPY,buy,market,new,1,gtc,0.0,1,stock,,,
2024-11-20 12:30:00-05:00,MyStrategy,fca9905b8d2f49ea8ba1d41b60fd11e7,SPY,buy,market,fill,1,gtc,0.0,1,stock,590.3800048828125,100.0,0.0
2024-11-20 15:30:00-05:00,MyStrategy,dacba80848124058b61e50533e46fa7e,SPY,buy,market,new,1,gtc,0.0,1,stock,,,
2024-11-20 15:30:00-05:00,MyStrategy,dacba80848124058b61e50533e46fa7e,SPY,buy,market,fill,1,gtc,0.0,1,stock,590.3800048828125,100.0,0.0
2024-11-21 09:30:00-05:00,MyStrategy,86fb5502f17546ac8c49766b9ed01cdf,SPY,buy,market,new,1,gtc,0.0,1,stock,,,
2024-11-21 09:30:00-05:00,MyStrategy,86fb5502f17546ac8c49766b9ed01cdf,SPY,buy,market,fill,1,gtc,0.0,1,stock,593.4000244140625,100.0,0.0
2024-11-21 12:30:00-05:00,MyStrategy,62db0704f73247338cf987c3661b4a85,SPY,buy,market,new,1,gtc,0.0,1,stock,,,
2024-11-21 12:30:00-05:00,MyStrategy,62db0704f73247338cf987c3661b4a85,SPY,buy,market,fill,1,gtc,0.0,1,stock,593.4000244140625,100.0,0.0
2024-11-21 15:30:00-05:00,MyStrategy,c873d14bcada42f0a7d75036d62b7821,SPY,buy,market,new,1,gtc,0.0,1,stock,,,
2024-11-21 15:30:00-05:00,MyStrategy,c873d14bcada42f0a7d75036d62b7821,SPY,buy,market,fill,1,gtc,0.0,1,stock,593.4000244140625,100.0,0.0
2024-11-22 09:30:00-05:00,MyStrategy,068066cf1de84dcdac39f39647010cad,SPY,buy,market,new,1,gtc,0.0,1,stock,,,
2024-11-22 09:30:00-05:00,MyStrategy,068066cf1de84dcdac39f39647010cad,SPY,buy,market,fill,1,gtc,0.0,1,stock,593.6599731445312,100.0,0.0
2024-11-22 12:30:00-05:00,MyStrategy,a319615af1e346ecba424818224dade5,SPY,buy,market,new,1,gtc,0.0,1,stock,,,
2024-11-22 12:30:00-05:00,MyStrategy,a319615af1e346ecba424818224dade5,SPY,buy,market,fill,1,gtc,0.0,1,stock,593.6599731445312,100.0,0.0
2024-11-22 15:30:00-05:00,MyStrategy,d3c40e0989ea4e128cab25d80ad38ead,SPY,buy,market,new,1,gtc,0.0,1,stock,,,
2024-11-22 15:30:00-05:00,MyStrategy,d3c40e0989ea4e128cab25d80ad38ead,SPY,buy,market,fill,1,gtc,0.0,1,stock,593.6599731445312,100.0,0.0
2024-11-25 09:30:00-05:00,MyStrategy,3a0e49dee9e24f75be012f3ed0d6354e,SPY,buy,market,new,1,gtc,0.0,1,stock,,,
2024-11-25 09:30:00-05:00,MyStrategy,3a0e49dee9e24f75be012f3ed0d6354e,SPY,buy,market,fill,1,gtc,0.0,1,stock,599.52001953125,100.0,0.0
2024-11-25 12:30:00-05:00,MyStrategy,4e6d0d6fbbf74cb0b5aeb8293401e283,SPY,buy,market,new,1,gtc,0.0,1,stock,,,
2024-11-25 12:30:00-05:00,MyStrategy,4e6d0d6fbbf74cb0b5aeb8293401e283,SPY,buy,market,fill,1,gtc,0.0,1,stock,599.52001953125,100.0,0.0
2024-11-25 15:30:00-05:00,MyStrategy,fb3c2109143b4a3f8a5fd0e1b0a6621d,SPY,buy,market,new,1,gtc,0.0,1,stock,,,
2024-11-25 15:30:00-05:00,MyStrategy,fb3c2109143b4a3f8a5fd0e1b0a6621d,SPY,buy,market,fill,1,gtc,0.0,1,stock,599.52001953125,100.0,0.0
2024-11-26 09:30:00-05:00,MyStrategy,b6c6516136a449d586c7293a322fca1a,SPY,buy,market,new,1,gtc,0.0,1,stock,,,
2024-11-26 09:30:00-05:00,MyStrategy,b6c6516136a449d586c7293a322fca1a,SPY,buy,market,fill,1,gtc,0.0,1,stock,598.7999877929688,100.0,0.0
2024-11-26 12:30:00-05:00,MyStrategy,875a8cf7de3c48a6a5b5afc1d31005aa,SPY,buy,market,new,1,gtc,0.0,1,stock,,,
2024-11-26 12:30:00-05:00,MyStrategy,875a8cf7de3c48a6a5b5afc1d31005aa,SPY,buy,market,fill,1,gtc,0.0,1,stock,598.7999877929688,100.0,0.0
2024-11-26 15:30:00-05:00,MyStrategy,711dda19d1fd4f9b898bda45b8301ffa,SPY,buy,market,new,1,gtc,0.0,1,stock,,,
2024-11-26 15:30:00-05:00,MyStrategy,711dda19d1fd4f9b898bda45b8301ffa,SPY,buy,market,fill,1,gtc,0.0,1,stock,598.7999877929688,100.0,0.0
2024-11-27 09:30:00-05:00,MyStrategy,156f6b0b72294feb9d579a0383aab798,SPY,buy,market,new,1,gtc,0.0,1,stock,,,
2024-11-27 09:30:00-05:00,MyStrategy,156f6b0b72294feb9d579a0383aab798,SPY,buy,market,fill,1,gtc,0.0,1,stock,600.4600219726562,100.0,0.0
2024-11-27 12:30:00-05:00,MyStrategy,ff8a68599bf649d8b2a8222ca5bd1cb7,SPY,buy,market,new,1,gtc,0.0,1,stock,,,
2024-11-27 12:30:00-05:00,MyStrategy,ff8a68599bf649d8b2a8222ca5bd1cb7,SPY,buy,market,fill,1,gtc,0.0,1,stock,600.4600219726562,100.0,0.0
2024-11-27 15:30:00-05:00,MyStrategy,4432fe0e8b584fa787c224542fb5f77f,SPY,buy,market,new,1,gtc,0.0,1,stock,,,
2024-11-27 15:30:00-05:00,MyStrategy,4432fe0e8b584fa787c224542fb5f77f,SPY,buy,market,fill,1,gtc,0.0,1,stock,600.4600219726562,100.0,0.0
2024-11-29 09:30:00-05:00,MyStrategy,4115200c6f28443fbb3b4ce7e7866b61,SPY,buy,market,new,1,gtc,0.0,1,stock,,,
2024-11-29 09:30:00-05:00,MyStrategy,4115200c6f28443fbb3b4ce7e7866b61,SPY,buy,market,fill,1,gtc,0.0,1,stock,599.6599731445312,100.0,0.0
2024-11-29 12:30:00-05:00,MyStrategy,f19d28a06e494fdeaac2f4c4e48ecb33,SPY,buy,market,new,1,gtc,0.0,1,stock,,,
2024-11-29 12:30:00-05:00,MyStrategy,f19d28a06e494fdeaac2f4c4e48ecb33,SPY,buy,market,fill,1,gtc,0.0,1,stock,599.6599731445312,100.0,0.0
2024-12-02 09:30:00-05:00,MyStrategy,48c2969b22ee47428eb2dfab85239c76,SPY,buy,market,new,1,gtc,0.0,1,stock,,,
2024-12-02 09:30:00-05:00,MyStrategy,48c2969b22ee47428eb2dfab85239c76,SPY,buy,market,fill,1,gtc,0.0,1,stock,602.969970703125,100.0,0.0
2024-12-02 12:30:00-05:00,MyStrategy,5a6bde4180214703b6a4eb41213ca3c3,SPY,buy,market,new,1,gtc,0.0,1,stock,,,
2024-12-02 12:30:00-05:00,MyStrategy,5a6bde4180214703b6a4eb41213ca3c3,SPY,buy,market,fill,1,gtc,0.0,1,stock,602.969970703125,100.0,0.0
2024-12-02 15:30:00-05:00,MyStrategy,04a11438a50643eabb8998c540ec568e,SPY,buy,market,new,1,gtc,0.0,1,stock,,,
2024-12-02 15:30:00-05:00,MyStrategy,04a11438a50643eabb8998c540ec568e,SPY,buy,market,fill,1,gtc,0.0,1,stock,602.969970703125,100.0,0.0
2024-12-03 09:30:00-05:00,MyStrategy,aae195a83b9a4fff879ccbe6331b9bbe,SPY,buy,market,new,1,gtc,0.0,1,stock,,,
2024-12-03 09:30:00-05:00,MyStrategy,aae195a83b9a4fff879ccbe6331b9bbe,SPY,buy,market,fill,1,gtc,0.0,1,stock,603.3900146484375,100.0,0.0
2024-12-03 12:30:00-05:00,MyStrategy,d7c8237f32274199a341d0e6188f8e9c,SPY,buy,market,new,1,gtc,0.0,1,stock,,,
2024-12-03 12:30:00-05:00,MyStrategy,d7c8237f32274199a341d0e6188f8e9c,SPY,buy,market,fill,1,gtc,0.0,1,stock,603.3900146484375,100.0,0.0
2024-12-03 15:30:00-05:00,MyStrategy,fcbeeae47526439abf2b6a635238a281,SPY,buy,market,new,1,gtc,0.0,1,stock,,,
2024-12-03 15:30:00-05:00,MyStrategy,fcbeeae47526439abf2b6a635238a281,SPY,buy,market,fill,1,gtc,0.0,1,stock,603.3900146484375,100.0,0.0
2024-12-04 09:30:00-05:00,MyStrategy,1df5f6cc8d804f328a716c82dd33fcbf,SPY,buy,market,new,1,gtc,0.0,1,stock,,,
2024-12-04 09:30:00-05:00,MyStrategy,1df5f6cc8d804f328a716c82dd33fcbf,SPY,buy,market,fill,1,gtc,0.0,1,stock,605.6300048828125,100.0,0.0
2024-12-04 12:30:00-05:00,MyStrategy,0ddd3415fc2744ff97582fc04ec842a4,SPY,buy,market,new,1,gtc,0.0,1,stock,,,
2024-12-04 12:30:00-05:00,MyStrategy,0ddd3415fc2744ff97582fc04ec842a4,SPY,buy,market,fill,1,gtc,0.0,1,stock,605.6300048828125,100.0,0.0
2024-12-04 15:30:00-05:00,MyStrategy,a83ca3153c83484a9d2dc17e035d04cb,SPY,buy,market,new,1,gtc,0.0,1,stock,,,
2024-12-04 15:30:00-05:00,MyStrategy,a83ca3153c83484a9d2dc17e035d04cb,SPY,buy,market,fill,1,gtc,0.0,1,stock,605.6300048828125,100.0,0.0
2024-12-05 09:30:00-05:00,MyStrategy,718b52167edc4bd597dcef1b2f0ba971,SPY,buy,market,new,1,gtc,0.0,1,stock,,,
2024-12-05 09:30:00-05:00,MyStrategy,718b52167edc4bd597dcef1b2f0ba971,SPY,buy,market,fill,1,gtc,0.0,1,stock,607.6599731445312,100.0,0.0
2024-12-05 12:30:00-05:00,MyStrategy,abfa17a647ff4cf09faec64f680caf85,SPY,buy,market,new,1,gtc,0.0,1,stock,,,
2024-12-05 12:30:00-05:00,MyStrategy,abfa17a647ff4cf09faec64f680caf85,SPY,buy,market,fill,1,gtc,0.0,1,stock,607.6599731445312,100.0,0.0
2024-12-05 15:30:00-05:00,MyStrategy,a816196e3e634d43afb533d372e3f10f,SPY,buy,market,new,1,gtc,0.0,1,stock,,,
2024-12-05 15:30:00-05:00,MyStrategy,a816196e3e634d43afb533d372e3f10f,SPY,buy,market,fill,1,gtc,0.0,1,stock,607.6599731445312,100.0,0.0
2024-12-06 09:30:00-05:00,MyStrategy,64b5f79c80154b63abda0bf2725b3817,SPY,buy,market,new,1,gtc,0.0,1,stock,,,
2024-12-06 09:30:00-05:00,MyStrategy,64b5f79c80154b63abda0bf2725b3817,SPY,buy,market,fill,1,gtc,0.0,1,stock,607.4400024414062,100.0,0.0
2024-12-06 12:30:00-05:00,MyStrategy,be7615996d054b26b5819c2416116909,SPY,buy,market,new,1,gtc,0.0,1,stock,,,
2024-12-06 12:30:00-05:00,MyStrategy,be7615996d054b26b5819c2416116909,SPY,buy,market,fill,1,gtc,0.0,1,stock,607.4400024414062,100.0,0.0
2024-12-06 15:30:00-05:00,MyStrategy,4b26593ac131449f9d8ec3c022de7e02,SPY,buy,market,new,1,gtc,0.0,1,stock,,,
2024-12-06 15:30:00-05:00,MyStrategy,4b26593ac131449f9d8ec3c022de7e02,SPY,buy,market,fill,1,gtc,0.0,1,stock,607.4400024414062,100.0,0.0
2024-12-09 09:30:00-05:00,MyStrategy,5a3692ed0b1d4e469de1a90e8310123e,SPY,buy,market,new,1,gtc,0.0,1,stock,,,
2024-12-09 09:30:00-05:00,MyStrategy,5a3692ed0b1d4e469de1a90e8310123e,SPY,buy,market,fill,1,gtc,0.0,1,stock,607.6900024414062,100.0,0.0
2024-12-09 12:30:00-05:00,MyStrategy,506793e3d2c340ac886e77cc7150b717,SPY,buy,market,new,1,gtc,0.0,1,stock,,,
2024-12-09 12:30:00-05:00,MyStrategy,506793e3d2c340ac886e77cc7150b717,SPY,buy,market,fill,1,gtc,0.0,1,stock,607.6900024414062,100.0,0.0
2024-12-09 15:30:00-05:00,MyStrategy,e4f4f231eb3d48dca4ab5172846c43d8,SPY,buy,market,new,1,gtc,0.0,1,stock,,,
2024-12-09 15:30:00-05:00,MyStrategy,e4f4f231eb3d48dca4ab5172846c43d8,SPY,buy,market,fill,1,gtc,0.0,1,stock,607.6900024414062,100.0,0.0
2024-12-10 09:30:00-05:00,MyStrategy,772dc17fa6d3499eafef7afaab702c9e,SPY,buy,market,new,1,gtc,0.0,1,stock,,,
2024-12-10 09:30:00-05:00,MyStrategy,772dc17fa6d3499eafef7afaab702c9e,SPY,buy,market,fill,1,gtc,0.0,1,stock,605.3699951171875,100.0,0.0
2024-12-10 12:30:00-05:00,MyStrategy,b06c45c16eea4a3fb2ad397938c8a6d2,SPY,buy,market,new,1,gtc,0.0,1,stock,,,
2024-12-10 12:30:00-05:00,MyStrategy,b06c45c16eea4a3fb2ad397938c8a6d2,SPY,buy,market,fill,1,gtc,0.0,1,stock,605.3699951171875,100.0,0.0
2024-12-10 15:30:00-05:00,MyStrategy,2ba330fcf92d4a40b015eafbc1c228e6,SPY,buy,market,new,1,gtc,0.0,1,stock,,,
2024-12-10 15:30:00-05:00,MyStrategy,2ba330fcf92d4a40b015eafbc1c228e6,SPY,buy,market,fill,1,gtc,0.0,1,stock,605.3699951171875,100.0,0.0
2024-12-11 09:30:00-05:00,MyStrategy,5fce74365eaf4d67bc9bfcfdf6dd1af7,SPY,buy,market,new,1,gtc,0.0,1,stock,,,
2024-12-11 09:30:00-05:00,MyStrategy,5fce74365eaf4d67bc9bfcfdf6dd1af7,SPY,buy,market,fill,1,gtc,0.0,1,stock,605.780029296875,100.0,0.0
2024-12-11 12:30:00-05:00,MyStrategy,b21159440540417cb1155f9e7b016be6,SPY,buy,market,new,1,gtc,0.0,1,stock,,,
2024-12-11 12:30:00-05:00,MyStrategy,b21159440540417cb1155f9e7b016be6,SPY,buy,market,fill,1,gtc,0.0,1,stock,605.780029296875,100.0,0.0
2024-12-11 15:30:00-05:00,MyStrategy,13dad04a1f0a41a69c0e9823742939d8,SPY,buy,market,new,1,gtc,0.0,1,stock,,,
2024-12-11 15:30:00-05:00,MyStrategy,13dad04a1f0a41a69c0e9823742939d8,SPY,buy,market,fill,1,gtc,0.0,1,stock,605.780029296875,100.0,0.0
2024-12-12 09:30:00-05:00,MyStrategy,f8fa84b8fc7149a8a4bcdaaad04e86f4,SPY,buy,market,new,1,gtc,0.0,1,stock,,,
2024-12-12 09:30:00-05:00,MyStrategy,f8fa84b8fc7149a8a4bcdaaad04e86f4,SPY,buy,market,fill,1,gtc,0.0,1,stock,606.5800170898438,100.0,0.0
2024-12-12 12:30:00-05:00,MyStrategy,b7a03cd77c714af58ba7ec6c189449c0,SPY,buy,market,new,1,gtc,0.0,1,stock,,,
2024-12-12 12:30:00-05:00,MyStrategy,b7a03cd77c714af58ba7ec6c189449c0,SPY,buy,market,fill,1,gtc,0.0,1,stock,606.5800170898438,100.0,0.0
2024-12-12 15:30:00-05:00,MyStrategy,65a4488ce98b4353846327ec3f6b9b71,SPY,buy,market,new,1,gtc,0.0,1,stock,,,
2024-12-12 15:30:00-05:00,MyStrategy,65a4488ce98b4353846327ec3f6b9b71,SPY,buy,market,fill,1,gtc,0.0,1,stock,606.5800170898438,100.0,0.0
2024-12-13 09:30:00-05:00,MyStrategy,c0b5c3ea4c8644b6a696b6fd4ad9afbe,SPY,buy,market,new,1,gtc,0.0,1,stock,,,
2024-12-13 09:30:00-05:00,MyStrategy,c0b5c3ea4c8644b6a696b6fd4ad9afbe,SPY,buy,market,fill,1,gtc,0.0,1,stock,606.4000244140625,100.0,0.0
2024-12-13 12:30:00-05:00,MyStrategy,3a30a0ed529344dc8cf1b8d31a5c0537,SPY,buy,market,new,1,gtc,0.0,1,stock,,,
2024-12-13 12:30:00-05:00,MyStrategy,3a30a0ed529344dc8cf1b8d31a5c0537,SPY,buy,market,fill,1,gtc,0.0,1,stock,606.4000244140625,100.0,0.0
2024-12-13 15:30:00-05:00,MyStrategy,26400d36b2d84ebfa007d454f7210ce7,SPY,buy,market,new,1,gtc,0.0,1,stock,,,
2024-12-13 15:30:00-05:00,MyStrategy,26400d36b2d84ebfa007d454f7210ce7,SPY,buy,market,fill,1,gtc,0.0,1,stock,606.4000244140625,100.0,0.0
2024-12-16 09:30:00-05:00,MyStrategy,c5e386917b074184afcf2a0d6263b617,SPY,buy,market,new,1,gtc,0.0,1,stock,,,
2024-12-16 09:30:00-05:00,MyStrategy,c5e386917b074184afcf2a0d6263b617,SPY,buy,market,fill,1,gtc,0.0,1,stock,606.0,100.0,0.0
2024-12-16 12:30:00-05:00,MyStrategy,d1dc5f6e7a2c442bb18f544e49a90347,SPY,buy,market,new,1,gtc,0.0,1,stock,,,
2024-12-16 12:30:00-05:00,MyStrategy,d1dc5f6e7a2c442bb18f544e49a90347,SPY,buy,market,fill,1,gtc,0.0,1,stock,606.0,100.0,0.0
2024-12-16 15:30:00-05:00,MyStrategy,29b80a67650f4f94a6c694eab15c51e3,SPY,buy,market,new,1,gtc,0.0,1,stock,,,
2024-12-16 15:30:00-05:00,MyStrategy,29b80a67650f4f94a6c694eab15c51e3,SPY,buy,market,fill,1,gtc,0.0,1,stock,606.0,100.0,0.0
2024-12-17 09:30:00-05:00,MyStrategy,0ca4c247101d4592a1b1b821c5826509,SPY,buy,market,new,1,gtc,0.0,1,stock,,,
2024-12-17 09:30:00-05:00,MyStrategy,0ca4c247101d4592a1b1b821c5826509,SPY,buy,market,fill,1,gtc,0.0,1,stock,604.1900024414062,100.0,0.0
2024-12-17 12:30:00-05:00,MyStrategy,51f60ce87ff74306a7f7ed8b2bcad986,SPY,buy,market,new,1,gtc,0.0,1,stock,,,
2024-12-17 12:30:00-05:00,MyStrategy,51f60ce87ff74306a7f7ed8b2bcad986,SPY,buy,market,fill,1,gtc,0.0,1,stock,604.1900024414062,100.0,0.0
2024-12-17 15:30:00-05:00,MyStrategy,68beef93ca0c4669af7d5228d2e4432e,SPY,buy,market,new,1,gtc,0.0,1,stock,,,
2024-12-17 15:30:00-05:00,MyStrategy,68beef93ca0c4669af7d5228d2e4432e,SPY,buy,market,fill,1,gtc,0.0,1,stock,604.1900024414062,100.0,0.0
2024-12-18 09:30:00-05:00,MyStrategy,be5f74ef4e824436882992089e5f477e,SPY,buy,market,new,1,gtc,0.0,1,stock,,,
2024-12-18 09:30:00-05:00,MyStrategy,be5f74ef4e824436882992089e5f477e,SPY,buy,market,fill,1,gtc,0.0,1,stock,603.97998046875,100.0,0.0
2024-12-18 12:30:00-05:00,MyStrategy,4b538a6e5dc04c7ab2624c372ba1671a,SPY,buy,market,new,1,gtc,0.0,1,stock,,,
2024-12-18 12:30:00-05:00,MyStrategy,4b538a6e5dc04c7ab2624c372ba1671a,SPY,buy,market,fill,1,gtc,0.0,1,stock,603.97998046875,100.0,0.0
2024-12-18 15:30:00-05:00,MyStrategy,9f3d82f3e6e34a5c919a1dbde5618fc1,SPY,buy,market,new,1,gtc,0.0,1,stock,,,
2024-12-18 15:30:00-05:00,MyStrategy,9f3d82f3e6e34a5c919a1dbde5618fc1,SPY,buy,market,fill,1,gtc,0.0,1,stock,603.97998046875,100.0,0.0
2024-12-19 09:30:00-05:00,MyStrategy,03fe26ca2f6748ada764d9d3b222d241,SPY,buy,market,new,1,gtc,0.0,1,stock,,,
2024-12-19 09:30:00-05:00,MyStrategy,03fe26ca2f6748ada764d9d3b222d241,SPY,buy,market,fill,1,gtc,0.0,1,stock,591.3599853515625,100.0,0.0
2024-12-19 12:30:00-05:00,MyStrategy,feb4ad0860314dfd985755c16ffb23d5,SPY,buy,market,new,1,gtc,0.0,1,stock,,,
2024-12-19 12:30:00-05:00,MyStrategy,feb4ad0860314dfd985755c16ffb23d5,SPY,buy,market,fill,1,gtc,0.0,1,stock,591.3599853515625,100.0,0.0
2024-12-19 15:30:00-05:00,MyStrategy,487a65d079ef45918a01e0ebb38596c0,SPY,buy,market,new,1,gtc,0.0,1,stock,,,
2024-12-19 15:30:00-05:00,MyStrategy,487a65d079ef45918a01e0ebb38596c0,SPY,buy,market,fill,1,gtc,0.0,1,stock,591.3599853515625,100.0,0.0
2024-12-20 09:30:00-05:00,MyStrategy,e08197e3d5494158974ec21d0b965c95,SPY,buy,market,new,1,gtc,0.0,1,stock,,,
2024-12-20 09:30:00-05:00,MyStrategy,e08197e3d5494158974ec21d0b965c95,SPY,buy,market,fill,1,gtc,0.0,1,stock,581.77001953125,100.0,0.0
2024-12-20 12:30:00-05:00,MyStrategy,2af281a0a5f444b5a76dcb085390dd96,SPY,buy,market,new,1,gtc,0.0,1,stock,,,
2024-12-20 12:30:00-05:00,MyStrategy,2af281a0a5f444b5a76dcb085390dd96,SPY,buy,market,fill,1,gtc,0.0,1,stock,581.77001953125,100.0,0.0
2024-12-20 15:30:00-05:00,MyStrategy,7f790e822fbf4771aaf5f739f42e7f78,SPY,buy,market,new,1,gtc,0.0,1,stock,,,
2024-12-20 15:30:00-05:00,MyStrategy,7f790e822fbf4771aaf5f739f42e7f78,SPY,buy,market,fill,1,gtc,0.0,1,stock,581.77001953125,100.0,0.0
2024-12-23 09:30:00-05:00,MyStrategy,c9340abdbee8442986e980cc307ee6bd,SPY,buy,market,new,1,gtc,0.0,1,stock,,,
2024-12-23 09:30:00-05:00,MyStrategy,c9340abdbee8442986e980cc307ee6bd,SPY,buy,market,fill,1,gtc,0.0,1,stock,590.8900146484375,100.0,0.0
2024-12-23 12:30:00-05:00,MyStrategy,b7d654b641a949aba8d0058a297c29ce,SPY,buy,market,new,1,gtc,0.0,1,stock,,,
2024-12-23 12:30:00-05:00,MyStrategy,b7d654b641a949aba8d0058a297c29ce,SPY,buy,market,fill,1,gtc,0.0,1,stock,590.8900146484375,100.0,0.0
2024-12-23 15:30:00-05:00,MyStrategy,7a543669385445c1bde784da43d29425,SPY,buy,market,new,1,gtc,0.0,1,stock,,,
2024-12-23 15:30:00-05:00,MyStrategy,7a543669385445c1bde784da43d29425,SPY,buy,market,fill,1,gtc,0.0,1,stock,590.8900146484375,100.0,0.0
2024-12-24 09:30:00-05:00,MyStrategy,7fd3508389fc499fac365f88d4bfdf57,SPY,buy,market,new,1,gtc,0.0,1,stock,,,
2024-12-24 09:30:00-05:00,MyStrategy,7fd3508389fc499fac365f88d4bfdf57,SPY,buy,market,fill,1,gtc,0.0,1,stock,596.0599975585938,100.0,0.0
2024-12-24 12:30:00-05:00,MyStrategy,caa7dcce98db4e80886573d1a1c71c28,SPY,buy,market,new,1,gtc,0.0,1,stock,,,
2024-12-24 12:30:00-05:00,MyStrategy,caa7dcce98db4e80886573d1a1c71c28,SPY,buy,market,fill,1,gtc,0.0,1,stock,596.0599975585938,100.0,0.0
2024-12-26 09:30:00-05:00,MyStrategy,73a630dedd61422e97964a89326adb7c,SPY,buy,market,new,1,gtc,0.0,1,stock,,,
2024-12-26 09:30:00-05:00,MyStrategy,73a630dedd61422e97964a89326adb7c,SPY,buy,market,fill,1,gtc,0.0,1,stock,599.5,100.0,0.0
2024-12-26 12:30:00-05:00,MyStrategy,bb1d792cb78d43f08b4bf02aa9b788d1,SPY,buy,market,new,1,gtc,0.0,1,stock,,,
2024-12-26 12:30:00-05:00,MyStrategy,bb1d792cb78d43f08b4bf02aa9b788d1,SPY,buy,market,fill,1,gtc,0.0,1,stock,599.5,100.0,0.0
2024-12-26 15:30:00-05:00,MyStrategy,5e9d7e19e62448c8bedd6d030fcc77cc,SPY,buy,market,new,1,gtc,0.0,1,stock,,,
2024-12-26 15:30:00-05:00,MyStrategy,5e9d7e19e62448c8bedd6d030fcc77cc,SPY,buy,market,fill,1,gtc,0.0,1,stock,599.5,100.0,0.0
2024-12-27 09:30:00-05:00,MyStrategy,48426c306ff049c792c1e83368d9aedb,SPY,buy,market,new,1,gtc,0.0,1,stock,,,
2024-12-27 09:30:00-05:00,MyStrategy,48426c306ff049c792c1e83368d9aedb,SPY,buy,market,fill,1,gtc,0.0,1,stock,597.5399780273438,100.0,0.0
2024-12-27 12:30:00-05:00,MyStrategy,3b41395932f945d4b6c9a3b817c6df6a,SPY,buy,market,new,1,gtc,0.0,1,stock,,,
2024-12-27 12:30:00-05:00,MyStrategy,3b41395932f945d4b6c9a3b817c6df6a,SPY,buy,market,fill,1,gtc,0.0,1,stock,597.5399780273438,100.0,0.0
2024-12-27 15:30:00-05:00,MyStrategy,3ff55e6832014ebd865acafff7092368,SPY,buy,market,new,1,gtc,0.0,1,stock,,,
2024-12-27 15:30:00-05:00,MyStrategy,3ff55e6832014ebd865acafff7092368,SPY,buy,market,fill,1,gtc,0.0,1,stock,597.5399780273438,100.0,0.0
2024-12-30 09:30:00-05:00,MyStrategy,13cd0079704147868a6da4cc6bd94eb2,SPY,buy,market,new,1,gtc,0.0,1,stock,,,
2024-12-30 09:30:00-05:00,MyStrategy,13cd0079704147868a6da4cc6bd94eb2,SPY,buy,market,fill,1,gtc,0.0,1,stock,587.8900146484375,100.0,0.0
2024-12-30 12:30:00-05:00,MyStrategy,4881e902ca6943fdb945998dc0020e01,SPY,buy,market,new,1,gtc,0.0,1,stock,,,
2024-12-30 12:30:00-05:00,MyStrategy,4881e902ca6943fdb945998dc0020e01,SPY,buy,market,fill,1,gtc,0.0,1,stock,587.8900146484375,100.0,0.0
2024-12-30 15:30:00-05:00,MyStrategy,b6fb68956d194e889b2bbcadc2c878cd,SPY,buy,market,new,1,gtc,0.0,1,stock,,,
2024-12-30 15:30:00-05:00,MyStrategy,b6fb68956d194e889b2bbcadc2c878cd,SPY,buy,market,fill,1,gtc,0.0,1,stock,587.8900146484375,100.0,0.0
