datetime,portfolio_value,cash,positions,return
2024-01-02 08:30:00-05:00,100000.0,100000.0,[],
2024-01-02 09:30:00-05:00,100000.0,100000.0,[],0.0
2024-01-02 09:30:00-05:00,100000.0,100000.0,[],0.0
2024-01-02 12:30:00-05:00,100000.0,99527.83999633789,"[{'asset': SPY, 'quantity': 1.0}]",0.0
2024-01-02 15:30:00-05:00,100000.0,99055.67999267578,"[{'asset': SPY, 'quantity': 2.0}]",0.0
2024-01-02 18:30:00-05:00,100000.0,98583.51998901367,"[{'asset': SPY, 'quantity': 3.0}]",0.0
2024-01-02 18:25:00-05:00,100000.0,98583.51998901367,"[{'asset': SPY, 'quantity': 3.0}]",0.0
2024-01-03 08:30:00-05:00,99994.80996704102,98583.51998901367,"[{'asset': SPY, 'quantity': 3.0}]",-5.1900329589793515e-05
2024-01-03 09:30:00-05:00,99994.80996704102,98583.51998901367,"[{'asset': SPY, 'quantity': 3.0}]",0.0
2024-01-03 09:30:00-05:00,99994.80996704102,98583.51998901367,"[{'asset': SPY, 'quantity': 3.0}]",0.0
2024-01-03 12:30:00-05:00,99994.80996704102,98113.08999633789,"[{'asset': SPY, 'quantity': 4.0}]",0.0
2024-01-03 15:30:00-05:00,99994.80996704102,97642.66000366211,"[{'asset': SPY, 'quantity': 5.0}]",0.0
2024-01-03 18:30:00-05:00,99994.80996704102,97172.23001098633,"[{'asset': SPY, 'quantity': 6.0}]",0.0
2024-01-03 18:25:00-05:00,99994.80996704102,97172.23001098633,"[{'asset': SPY, 'quantity': 6.0}]",0.0
2024-01-04 08:30:00-05:00,99982.02993774414,97172.23001098633,"[{'asset': SPY, 'quantity': 6.0}]",-0.0001278069261902992
2024-01-04 09:30:00-05:00,99982.02993774414,97172.23001098633,"[{'asset': SPY, 'quantity': 6.0}]",0.0
2024-01-04 09:30:00-05:00,99982.02993774414,97172.23001098633,"[{'asset': SPY, 'quantity': 6.0}]",0.0
2024-01-04 12:30:00-05:00,99982.02993774414,96703.93002319336,"[{'asset': SPY, 'quantity': 7.0}]",0.0
2024-01-04 15:30:00-05:00,99982.02993774414,96235.63003540039,"[{'asset': SPY, 'quantity': 8.0}]",0.0
2024-01-04 18:30:00-05:00,99982.02993774414,95767.33004760742,"[{'asset': SPY, 'quantity': 9.0}]",0.0
2024-01-04 18:25:00-05:00,99982.02993774414,95767.33004760742,"[{'asset': SPY, 'quantity': 9.0}]",0.0
2024-01-05 08:30:00-05:00,99974.7399597168,95767.33004760742,"[{'asset': SPY, 'quantity': 9.0}]",-7.291288276389807e-05
2024-01-05 09:30:00-05:00,99974.7399597168,95767.33004760742,"[{'asset': SPY, 'quantity': 9.0}]",0.0
2024-01-05 09:30:00-05:00,99974.7399597168,95767.33004760742,"[{'asset': SPY, 'quantity': 9.0}]",0.0
2024-01-05 12:30:00-05:00,99974.7399597168,95299.84005737305,"[{'asset': SPY, 'quantity': 10.0}]",0.0
2024-01-05 15:30:00-05:00,99974.7399597168,94832.35006713867,"[{'asset': SPY, 'quantity': 11.0}]",0.0
2024-01-05 18:30:00-05:00,99974.7399597168,94364.8600769043,"[{'asset': SPY, 'quantity': 12.0}]",0.0
2024-01-05 18:25:00-05:00,99974.7399597168,94364.8600769043,"[{'asset': SPY, 'quantity': 12.0}]",0.0
2024-01-08 08:30:00-05:00,99986.01998901367,94364.8600769043,"[{'asset': SPY, 'quantity': 12.0}]",0.00011282879356744324
2024-01-08 09:30:00-05:00,99986.01998901367,94364.8600769043,"[{'asset': SPY, 'quantity': 12.0}]",0.0
2024-01-08 09:30:00-05:00,99986.01998901367,94364.8600769043,"[{'asset': SPY, 'quantity': 12.0}]",0.0
2024-01-08 12:30:00-05:00,99986.01998901367,93896.43008422852,"[{'asset': SPY, 'quantity': 13.0}]",0.0
2024-01-08 15:30:00-05:00,99986.01998901367,93428.00009155273,"[{'asset': SPY, 'quantity': 14.0}]",0.0
2024-01-08 18:30:00-05:00,99986.01998901367,92959.57009887695,"[{'asset': SPY, 'quantity': 15.0}]",0.0
2024-01-08 18:25:00-05:00,99986.01998901367,92959.57009887695,"[{'asset': SPY, 'quantity': 15.0}]",0.0
2024-01-09 08:30:00-05:00,100037.62002563477,92959.57009887695,"[{'asset': SPY, 'quantity': 15.0}]",0.0005160725132049571
2024-01-09 09:30:00-05:00,100037.62002563477,92959.57009887695,"[{'asset': SPY, 'quantity': 15.0}]",0.0
2024-01-09 09:30:00-05:00,100037.62002563477,92959.57009887695,"[{'asset': SPY, 'quantity': 15.0}]",0.0
2024-01-09 12:30:00-05:00,100037.62002563477,92487.70010375977,"[{'asset': SPY, 'quantity': 16.0}]",0.0
2024-01-09 15:30:00-05:00,100037.62002563477,92015.83010864258,"[{'asset': SPY, 'quantity': 17.0}]",0.0
2024-01-09 18:30:00-05:00,100037.62002563477,91543.96011352539,"[{'asset': SPY, 'quantity': 18.0}]",0.0
2024-01-09 18:25:00-05:00,100037.62002563477,91543.96011352539,"[{'asset': SPY, 'quantity': 18.0}]",0.0
2024-01-10 08:30:00-05:00,100078.84017944336,91543.96011352539,"[{'asset': SPY, 'quantity': 18.0}]",0.0004120465260772921
2024-01-10 09:30:00-05:00,100078.84017944336,91543.96011352539,"[{'asset': SPY, 'quantity': 18.0}]",0.0
2024-01-10 09:30:00-05:00,100078.84017944336,91543.96011352539,"[{'asset': SPY, 'quantity': 18.0}]",0.0
2024-01-10 12:30:00-05:00,100078.84017944336,91069.80010986328,"[{'asset': SPY, 'quantity': 19.0}]",0.0
2024-01-10 15:30:00-05:00,100078.84017944336,90595.64010620117,"[{'asset': SPY, 'quantity': 20.0}]",0.0
2024-01-10 18:30:00-05:00,100078.84017944336,90121.48010253906,"[{'asset': SPY, 'quantity': 21.0}]",0.0
2024-01-10 18:25:00-05:00,100078.84017944336,90121.48010253906,"[{'asset': SPY, 'quantity': 21.0}]",0.0
2024-01-11 08:30:00-05:00,100150.87002563477,90121.48010253906,"[{'asset': SPY, 'quantity': 21.0}]",0.0007197310246827016
2024-01-11 09:30:00-05:00,100150.87002563477,90121.48010253906,"[{'asset': SPY, 'quantity': 21.0}]",0.0
2024-01-11 09:30:00-05:00,100150.87002563477,90121.48010253906,"[{'asset': SPY, 'quantity': 21.0}]",0.0
2024-01-11 12:30:00-05:00,100150.87002563477,89643.89010620117,"[{'asset': SPY, 'quantity': 22.0}]",0.0
2024-01-11 15:30:00-05:00,100150.87002563477,89166.30010986328,"[{'asset': SPY, 'quantity': 23.0}]",0.0
2024-01-11 18:30:00-05:00,100150.87002563477,88688.71011352539,"[{'asset': SPY, 'quantity': 24.0}]",0.0
2024-01-11 18:25:00-05:00,100150.87002563477,88688.71011352539,"[{'asset': SPY, 'quantity': 24.0}]",0.0
2024-01-12 08:30:00-05:00,100156.87002563477,88688.71011352539,"[{'asset': SPY, 'quantity': 24.0}]",5.990961434942932e-05
2024-01-12 09:30:00-05:00,100156.87002563477,88688.71011352539,"[{'asset': SPY, 'quantity': 24.0}]",0.0
2024-01-12 09:30:00-05:00,100156.87002563477,88688.71011352539,"[{'asset': SPY, 'quantity': 24.0}]",0.0
2024-01-12 12:30:00-05:00,100156.87002563477,88210.8701171875,"[{'asset': SPY, 'quantity': 25.0}]",0.0
2024-01-12 15:30:00-05:00,100156.87002563477,87733.03012084961,"[{'asset': SPY, 'quantity': 26.0}]",0.0
2024-01-12 18:30:00-05:00,100156.87002563477,87255.19012451172,"[{'asset': SPY, 'quantity': 27.0}]",0.0
2024-01-12 18:25:00-05:00,100156.87002563477,87255.19012451172,"[{'asset': SPY, 'quantity': 27.0}]",0.0
2024-01-16 08:30:00-05:00,100087.2103881836,87255.19012451172,"[{'asset': SPY, 'quantity': 27.0}]",-0.0006955053351141993
2024-01-16 09:30:00-05:00,100087.2103881836,87255.19012451172,"[{'asset': SPY, 'quantity': 27.0}]",0.0
2024-01-16 09:30:00-05:00,100087.2103881836,87255.19012451172,"[{'asset': SPY, 'quantity': 27.0}]",0.0
2024-01-16 12:30:00-05:00,100087.2103881836,86779.9301147461,"[{'asset': SPY, 'quantity': 28.0}]",0.0
2024-01-16 15:30:00-05:00,100087.2103881836,86304.67010498047,"[{'asset': SPY, 'quantity': 29.0}]",0.0
2024-01-16 18:30:00-05:00,100087.2103881836,85829.41009521484,"[{'asset': SPY, 'quantity': 30.0}]",0.0
2024-01-16 18:25:00-05:00,100087.2103881836,85829.41009521484,"[{'asset': SPY, 'quantity': 30.0}]",0.0
2024-01-17 08:30:00-05:00,99984.0103149414,85829.41009521484,"[{'asset': SPY, 'quantity': 30.0}]",-0.0010311015047970162
2024-01-17 09:30:00-05:00,99984.0103149414,85829.41009521484,"[{'asset': SPY, 'quantity': 30.0}]",0.0
2024-01-17 09:30:00-05:00,99984.0103149414,85829.41009521484,"[{'asset': SPY, 'quantity': 30.0}]",0.0
2024-01-17 12:30:00-05:00,99984.0103149414,85357.59008789062,"[{'asset': SPY, 'quantity': 31.0}]",0.0
2024-01-17 15:30:00-05:00,99984.0103149414,84885.7700805664,"[{'asset': SPY, 'quantity': 32.0}]",0.0
2024-01-17 18:30:00-05:00,99984.0103149414,84413.95007324219,"[{'asset': SPY, 'quantity': 33.0}]",0.0
2024-01-17 18:25:00-05:00,99984.0103149414,84413.95007324219,"[{'asset': SPY, 'quantity': 33.0}]",0.0
2024-01-18 08:30:00-05:00,100056.28039550781,84413.95007324219,"[{'asset': SPY, 'quantity': 33.0}]",0.0007228163817269984
2024-01-18 09:30:00-05:00,100056.28039550781,84413.95007324219,"[{'asset': SPY, 'quantity': 33.0}]",0.0
2024-01-18 09:30:00-05:00,100056.28039550781,84413.95007324219,"[{'asset': SPY, 'quantity': 33.0}]",0.0
2024-01-18 12:30:00-05:00,100056.28039550781,83939.94006347656,"[{'asset': SPY, 'quantity': 34.0}]",0.0
2024-01-18 15:30:00-05:00,100056.28039550781,83465.93005371094,"[{'asset': SPY, 'quantity': 35.0}]",0.0
2024-01-18 18:30:00-05:00,100056.28039550781,82991.92004394531,"[{'asset': SPY, 'quantity': 36.0}]",0.0
2024-01-18 18:25:00-05:00,100056.28039550781,82991.92004394531,"[{'asset': SPY, 'quantity': 36.0}]",0.0
2024-01-19 08:30:00-05:00,100187.31982421875,82991.92004394531,"[{'asset': SPY, 'quantity': 36.0}]",0.0013096572068536094
2024-01-19 09:30:00-05:00,100187.31982421875,82991.92004394531,"[{'asset': SPY, 'quantity': 36.0}]",0.0
2024-01-19 09:30:00-05:00,100187.31982421875,82991.92004394531,"[{'asset': SPY, 'quantity': 36.0}]",0.0
2024-01-19 12:30:00-05:00,100187.31982421875,82514.27005004883,"[{'asset': SPY, 'quantity': 37.0}]",0.0
2024-01-19 15:30:00-05:00,100187.31982421875,82036.62005615234,"[{'asset': SPY, 'quantity': 38.0}]",0.0
2024-01-19 18:30:00-05:00,100187.31982421875,81558.97006225586,"[{'asset': SPY, 'quantity': 39.0}]",0.0
2024-01-19 18:25:00-05:00,100187.31982421875,81558.97006225586,"[{'asset': SPY, 'quantity': 39.0}]",0.0
2024-01-22 08:30:00-05:00,100435.36044311523,81558.97006225586,"[{'asset': SPY, 'quantity': 39.0}]",0.002475768583605875
2024-01-22 09:30:00-05:00,100435.36044311523,81558.97006225586,"[{'asset': SPY, 'quantity': 39.0}]",0.0
2024-01-22 09:30:00-05:00,100435.36044311523,81558.97006225586,"[{'asset': SPY, 'quantity': 39.0}]",0.0
2024-01-22 12:30:00-05:00,100435.36044311523,81074.96005249023,"[{'asset': SPY, 'quantity': 40.0}]",0.0
2024-01-22 15:30:00-05:00,100435.36044311523,80590.95004272461,"[{'asset': SPY, 'quantity': 41.0}]",0.0
2024-01-22 18:30:00-05:00,100435.36044311523,80106.94003295898,"[{'asset': SPY, 'quantity': 42.0}]",0.0
2024-01-22 18:25:00-05:00,100435.36044311523,80106.94003295898,"[{'asset': SPY, 'quantity': 42.0}]",0.0
2024-01-23 08:30:00-05:00,100435.36044311523,80106.94003295898,"[{'asset': SPY, 'quantity': 42.0}]",0.0
2024-01-23 09:30:00-05:00,100435.36044311523,80106.94003295898,"[{'asset': SPY, 'quantity': 42.0}]",0.0
2024-01-23 09:30:00-05:00,100435.36044311523,80106.94003295898,"[{'asset': SPY, 'quantity': 42.0}]",0.0
2024-01-23 12:30:00-05:00,100435.36044311523,79622.93002319336,"[{'asset': SPY, 'quantity': 43.0}]",0.0
2024-01-23 15:30:00-05:00,100435.36044311523,79138.92001342773,"[{'asset': SPY, 'quantity': 44.0}]",0.0
2024-01-23 18:30:00-05:00,100435.36044311523,78654.91000366211,"[{'asset': SPY, 'quantity': 45.0}]",0.0
2024-01-23 18:25:00-05:00,100435.36044311523,78654.91000366211,"[{'asset': SPY, 'quantity': 45.0}]",0.0
2024-01-24 08:30:00-05:00,100606.35989379883,78654.91000366211,"[{'asset': SPY, 'quantity': 45.0}]",0.0017025821376968064
2024-01-24 09:30:00-05:00,100606.35989379883,78654.91000366211,"[{'asset': SPY, 'quantity': 45.0}]",0.0
2024-01-24 09:30:00-05:00,100606.35989379883,78654.91000366211,"[{'asset': SPY, 'quantity': 45.0}]",0.0
2024-01-24 12:30:00-05:00,100606.35989379883,78167.10000610352,"[{'asset': SPY, 'quantity': 46.0}]",0.0
2024-01-24 15:30:00-05:00,100606.35989379883,77679.29000854492,"[{'asset': SPY, 'quantity': 47.0}]",0.0
2024-01-24 18:30:00-05:00,100606.35989379883,77191.48001098633,"[{'asset': SPY, 'quantity': 48.0}]",0.0
2024-01-24 18:25:00-05:00,100606.35989379883,77191.48001098633,"[{'asset': SPY, 'quantity': 48.0}]",0.0
2024-01-25 08:30:00-05:00,100595.31936645508,77191.48001098633,"[{'asset': SPY, 'quantity': 48.0}]",-0.00010973985496942618
2024-01-25 09:30:00-05:00,100595.31936645508,77191.48001098633,"[{'asset': SPY, 'quantity': 48.0}]",0.0
2024-01-25 09:30:00-05:00,100595.31936645508,77191.48001098633,"[{'asset': SPY, 'quantity': 48.0}]",0.0
2024-01-25 12:30:00-05:00,100595.31936645508,76703.90002441406,"[{'asset': SPY, 'quantity': 49.0}]",0.0
2024-01-25 15:30:00-05:00,100595.31936645508,76216.3200378418,"[{'asset': SPY, 'quantity': 50.0}]",0.0
2024-01-25 18:30:00-05:00,100595.31936645508,75728.74005126953,"[{'asset': SPY, 'quantity': 51.0}]",0.0
2024-01-25 18:25:00-05:00,100595.31936645508,75728.74005126953,"[{'asset': SPY, 'quantity': 51.0}]",0.0
2024-01-26 08:30:00-05:00,100595.82986450195,75728.74005126953,"[{'asset': SPY, 'quantity': 51.0}]",5.074769383828226e-06
2024-01-26 09:30:00-05:00,100595.82986450195,75728.74005126953,"[{'asset': SPY, 'quantity': 51.0}]",0.0
2024-01-26 09:30:00-05:00,100595.82986450195,75728.74005126953,"[{'asset': SPY, 'quantity': 51.0}]",0.0
2024-01-26 12:30:00-05:00,100595.82986450195,75241.15005493164,"[{'asset': SPY, 'quantity': 52.0}]",0.0
2024-01-26 15:30:00-05:00,100595.82986450195,74753.56005859375,"[{'asset': SPY, 'quantity': 53.0}]",0.0
2024-01-26 18:30:00-05:00,100595.82986450195,74265.97006225586,"[{'asset': SPY, 'quantity': 54.0}]",0.0
2024-01-26 18:25:00-05:00,100595.82986450195,74265.97006225586,"[{'asset': SPY, 'quantity': 54.0}]",0.0
2024-01-29 08:30:00-05:00,100603.39065551758,74265.97006225586,"[{'asset': SPY, 'quantity': 54.0}]",7.516008392993712e-05
2024-01-29 09:30:00-05:00,100603.39065551758,74265.97006225586,"[{'asset': SPY, 'quantity': 54.0}]",0.0
2024-01-29 09:30:00-05:00,100603.39065551758,74265.97006225586,"[{'asset': SPY, 'quantity': 54.0}]",0.0
2024-01-29 12:30:00-05:00,100603.39065551758,73778.24005126953,"[{'asset': SPY, 'quantity': 55.0}]",0.0
2024-01-29 15:30:00-05:00,100603.39065551758,73290.5100402832,"[{'asset': SPY, 'quantity': 56.0}]",0.0
2024-01-29 18:30:00-05:00,100603.39065551758,72802.78002929688,"[{'asset': SPY, 'quantity': 57.0}]",0.0
2024-01-29 18:25:00-05:00,100603.39065551758,72802.78002929688,"[{'asset': SPY, 'quantity': 57.0}]",0.0
2024-01-30 08:30:00-05:00,100764.69989013672,72802.78002929688,"[{'asset': SPY, 'quantity': 57.0}]",0.0016034174749783858
2024-01-30 09:30:00-05:00,100764.69989013672,72802.78002929688,"[{'asset': SPY, 'quantity': 57.0}]",0.0
2024-01-30 09:30:00-05:00,100764.69989013672,72802.78002929688,"[{'asset': SPY, 'quantity': 57.0}]",0.0
2024-01-30 12:30:00-05:00,100764.69989013672,72312.22003173828,"[{'asset': SPY, 'quantity': 58.0}]",0.0
2024-01-30 15:30:00-05:00,100764.69989013672,71821.66003417969,"[{'asset': SPY, 'quantity': 59.0}]",0.0
2024-01-30 18:30:00-05:00,100764.69989013672,71331.1000366211,"[{'asset': SPY, 'quantity': 60.0}]",0.0
2024-01-30 18:25:00-05:00,100764.69989013672,71331.1000366211,"[{'asset': SPY, 'quantity': 60.0}]",0.0
2024-01-31 08:30:00-05:00,100648.29974365234,71331.1000366211,"[{'asset': SPY, 'quantity': 60.0}]",-0.0011551678972029356
2024-01-31 09:30:00-05:00,100648.29974365234,71331.1000366211,"[{'asset': SPY, 'quantity': 60.0}]",0.0
2024-01-31 09:30:00-05:00,100648.29974365234,71331.1000366211,"[{'asset': SPY, 'quantity': 60.0}]",0.0
2024-01-31 12:30:00-05:00,100648.29974365234,70842.4800415039,"[{'asset': SPY, 'quantity': 61.0}]",0.0
2024-01-31 15:30:00-05:00,100648.29974365234,70353.86004638672,"[{'asset': SPY, 'quantity': 62.0}]",0.0
2024-01-31 18:30:00-05:00,100648.29974365234,69865.24005126953,"[{'asset': SPY, 'quantity': 63.0}]",0.0
2024-01-31 18:25:00-05:00,100648.29974365234,69865.24005126953,"[{'asset': SPY, 'quantity': 63.0}]",0.0
2024-02-01 08:30:00-05:00,100396.93035888672,69865.24005126953,"[{'asset': SPY, 'quantity': 63.0}]",-0.0024975025450588717
2024-02-01 09:30:00-05:00,100396.93035888672,69865.24005126953,"[{'asset': SPY, 'quantity': 63.0}]",0.0
2024-02-01 09:30:00-05:00,100396.93035888672,69865.24005126953,"[{'asset': SPY, 'quantity': 63.0}]",0.0
2024-02-01 12:30:00-05:00,100396.93035888672,69380.61004638672,"[{'asset': SPY, 'quantity': 64.0}]",0.0
2024-02-01 15:30:00-05:00,100396.93035888672,68895.9800415039,"[{'asset': SPY, 'quantity': 65.0}]",0.0
2024-02-01 18:30:00-05:00,100396.93035888672,68411.3500366211,"[{'asset': SPY, 'quantity': 66.0}]",0.0
2024-02-01 18:25:00-05:00,100396.93035888672,68411.3500366211,"[{'asset': SPY, 'quantity': 66.0}]",0.0
2024-02-02 08:30:00-05:00,100728.24963378906,68411.3500366211,"[{'asset': SPY, 'quantity': 66.0}]",0.003300093675354221
2024-02-02 09:30:00-05:00,100728.24963378906,68411.3500366211,"[{'asset': SPY, 'quantity': 66.0}]",0.0
2024-02-02 09:30:00-05:00,100728.24963378906,68411.3500366211,"[{'asset': SPY, 'quantity': 66.0}]",0.0
2024-02-02 12:30:00-05:00,100728.24963378906,67921.70004272461,"[{'asset': SPY, 'quantity': 67.0}]",0.0
2024-02-02 15:30:00-05:00,100728.24963378906,67432.05004882812,"[{'asset': SPY, 'quantity': 68.0}]",0.0
2024-02-02 18:30:00-05:00,100728.24963378906,66942.40005493164,"[{'asset': SPY, 'quantity': 69.0}]",0.0
2024-02-02 18:25:00-05:00,100728.24963378906,66942.40005493164,"[{'asset': SPY, 'quantity': 69.0}]",0.0
2024-02-05 08:30:00-05:00,101007.7008972168,66942.40005493164,"[{'asset': SPY, 'quantity': 69.0}]",0.0027743087410305733
2024-02-05 09:30:00-05:00,101007.7008972168,66942.40005493164,"[{'asset': SPY, 'quantity': 69.0}]",0.0
2024-02-05 09:30:00-05:00,101007.7008972168,66942.40005493164,"[{'asset': SPY, 'quantity': 69.0}]",0.0
2024-02-05 12:30:00-05:00,101007.7008972168,66448.70004272461,"[{'asset': SPY, 'quantity': 70.0}]",0.0
2024-02-05 15:30:00-05:00,101007.7008972168,65955.00003051758,"[{'asset': SPY, 'quantity': 71.0}]",0.0
2024-02-05 18:30:00-05:00,101007.7008972168,65461.30001831055,"[{'asset': SPY, 'quantity': 72.0}]",0.0
2024-02-05 18:25:00-05:00,101007.7008972168,65461.30001831055,"[{'asset': SPY, 'quantity': 72.0}]",0.0
2024-02-06 08:30:00-05:00,100994.73922729492,65461.30001831055,"[{'asset': SPY, 'quantity': 72.0}]",-0.00012832358133829658
2024-02-06 09:30:00-05:00,100994.73922729492,65461.30001831055,"[{'asset': SPY, 'quantity': 72.0}]",0.0
2024-02-06 09:30:00-05:00,100994.73922729492,65461.30001831055,"[{'asset': SPY, 'quantity': 72.0}]",0.0
2024-02-06 12:30:00-05:00,100994.73922729492,64967.780029296875,"[{'asset': SPY, 'quantity': 73.0}]",0.0
2024-02-06 15:30:00-05:00,100994.73922729492,64474.2600402832,"[{'asset': SPY, 'quantity': 74.0}]",0.0
2024-02-06 18:30:00-05:00,100994.73922729492,63980.74005126953,"[{'asset': SPY, 'quantity': 75.0}]",0.0
2024-02-06 18:25:00-05:00,100994.73922729492,63980.74005126953,"[{'asset': SPY, 'quantity': 75.0}]",0.0
2024-02-07 08:30:00-05:00,101202.49069213867,63980.74005126953,"[{'asset': SPY, 'quantity': 75.0}]",0.0020570523418670383
2024-02-07 09:30:00-05:00,101202.49069213867,63980.74005126953,"[{'asset': SPY, 'quantity': 75.0}]",0.0
2024-02-07 09:30:00-05:00,101202.49069213867,63980.74005126953,"[{'asset': SPY, 'quantity': 75.0}]",0.0
2024-02-07 12:30:00-05:00,101202.49069213867,63484.45004272461,"[{'asset': SPY, 'quantity': 76.0}]",0.0
2024-02-07 15:30:00-05:00,101202.49069213867,62988.16003417969,"[{'asset': SPY, 'quantity': 77.0}]",0.0
2024-02-07 18:30:00-05:00,101202.49069213867,62491.870025634766,"[{'asset': SPY, 'quantity': 78.0}]",0.0
2024-02-07 18:25:00-05:00,101202.49069213867,62491.870025634766,"[{'asset': SPY, 'quantity': 78.0}]",0.0
2024-02-08 08:30:00-05:00,101343.67050170898,62491.870025634766,"[{'asset': SPY, 'quantity': 78.0}]",0.0013950230730959134
2024-02-08 09:30:00-05:00,101343.67050170898,62491.870025634766,"[{'asset': SPY, 'quantity': 78.0}]",0.0
2024-02-08 09:30:00-05:00,101343.67050170898,62491.870025634766,"[{'asset': SPY, 'quantity': 78.0}]",0.0
2024-02-08 12:30:00-05:00,101343.67050170898,61993.77001953125,"[{'asset': SPY, 'quantity': 79.0}]",0.0
2024-02-08 15:30:00-05:00,101343.67050170898,61495.670013427734,"[{'asset': SPY, 'quantity': 80.0}]",0.0
2024-02-08 18:30:00-05:00,101343.67050170898,60997.57000732422,"[{'asset': SPY, 'quantity': 81.0}]",0.0
2024-02-08 18:25:00-05:00,101343.67050170898,60997.57000732422,"[{'asset': SPY, 'quantity': 81.0}]",0.0
2024-02-09 08:30:00-05:00,101403.60971069336,60997.57000732422,"[{'asset': SPY, 'quantity': 81.0}]",0.0005914450176083275
2024-02-09 09:30:00-05:00,101403.60971069336,60997.57000732422,"[{'asset': SPY, 'quantity': 81.0}]",0.0
2024-02-09 09:30:00-05:00,101403.60971069336,60997.57000732422,"[{'asset': SPY, 'quantity': 81.0}]",0.0
2024-02-09 12:30:00-05:00,101403.60971069336,60498.73001098633,"[{'asset': SPY, 'quantity': 82.0}]",0.0
2024-02-09 15:30:00-05:00,101403.60971069336,59999.89001464844,"[{'asset': SPY, 'quantity': 83.0}]",0.0
2024-02-09 18:30:00-05:00,101403.60971069336,59501.05001831055,"[{'asset': SPY, 'quantity': 84.0}]",0.0
2024-02-09 18:25:00-05:00,101403.60971069336,59501.05001831055,"[{'asset': SPY, 'quantity': 84.0}]",0.0
2024-02-12 08:30:00-05:00,101599.33114624023,59501.05001831055,"[{'asset': SPY, 'quantity': 84.0}]",0.0019301229621437876
2024-02-12 09:30:00-05:00,101599.33114624023,59501.05001831055,"[{'asset': SPY, 'quantity': 84.0}]",0.0
2024-02-12 09:30:00-05:00,101599.33114624023,59501.05001831055,"[{'asset': SPY, 'quantity': 84.0}]",0.0
2024-02-12 12:30:00-05:00,101599.33114624023,58999.88000488281,"[{'asset': SPY, 'quantity': 85.0}]",0.0
2024-02-12 15:30:00-05:00,101599.33114624023,58498.70999145508,"[{'asset': SPY, 'quantity': 86.0}]",0.0
2024-02-12 18:30:00-05:00,101599.33114624023,57997.539978027344,"[{'asset': SPY, 'quantity': 87.0}]",0.0
2024-02-12 18:25:00-05:00,101599.33114624023,57997.539978027344,"[{'asset': SPY, 'quantity': 87.0}]",0.0
2024-02-13 08:30:00-05:00,101021.64987182617,57997.539978027344,"[{'asset': SPY, 'quantity': 87.0}]",-0.005685876746398644
2024-02-13 09:30:00-05:00,101021.64987182617,57997.539978027344,"[{'asset': SPY, 'quantity': 87.0}]",0.0
2024-02-13 09:30:00-05:00,101021.64987182617,57997.539978027344,"[{'asset': SPY, 'quantity': 87.0}]",0.0
2024-02-13 12:30:00-05:00,101021.64987182617,57503.00997924805,"[{'asset': SPY, 'quantity': 88.0}]",0.0
2024-02-13 15:30:00-05:00,101021.64987182617,57008.47998046875,"[{'asset': SPY, 'quantity': 89.0}]",0.0
2024-02-13 18:30:00-05:00,101021.64987182617,56513.94998168945,"[{'asset': SPY, 'quantity': 90.0}]",0.0
2024-02-13 18:25:00-05:00,101021.64987182617,56513.94998168945,"[{'asset': SPY, 'quantity': 90.0}]",0.0
2024-02-14 08:30:00-05:00,101225.05075073242,56513.94998168945,"[{'asset': SPY, 'quantity': 90.0}]",0.0020134384972361197
2024-02-14 09:30:00-05:00,101225.05075073242,56513.94998168945,"[{'asset': SPY, 'quantity': 90.0}]",0.0
2024-02-14 09:30:00-05:00,101225.05075073242,56513.94998168945,"[{'asset': SPY, 'quantity': 90.0}]",0.0
2024-02-14 12:30:00-05:00,101225.05075073242,56017.15997314453,"[{'asset': SPY, 'quantity': 91.0}]",0.0
2024-02-14 15:30:00-05:00,101225.05075073242,55520.36996459961,"[{'asset': SPY, 'quantity': 92.0}]",0.0
2024-02-14 18:30:00-05:00,101225.05075073242,55023.57995605469,"[{'asset': SPY, 'quantity': 93.0}]",0.0
2024-02-14 18:25:00-05:00,101225.05075073242,55023.57995605469,"[{'asset': SPY, 'quantity': 93.0}]",0.0
2024-02-15 08:30:00-05:00,101457.55075073242,55023.57995605469,"[{'asset': SPY, 'quantity': 93.0}]",0.002296862271499611
2024-02-15 09:30:00-05:00,101457.55075073242,55023.57995605469,"[{'asset': SPY, 'quantity': 93.0}]",0.0
2024-02-15 09:30:00-05:00,101457.55075073242,55023.57995605469,"[{'asset': SPY, 'quantity': 93.0}]",0.0
2024-02-15 12:30:00-05:00,101457.55075073242,54524.289947509766,"[{'asset': SPY, 'quantity': 94.0}]",0.0
2024-02-15 15:30:00-05:00,101457.55075073242,54024.999938964844,"[{'asset': SPY, 'quantity': 95.0}]",0.0
2024-02-15 18:30:00-05:00,101457.55075073242,53525.70993041992,"[{'asset': SPY, 'quantity': 96.0}]",0.0
2024-02-15 18:25:00-05:00,101457.55075073242,53525.70993041992,"[{'asset': SPY, 'quantity': 96.0}]",0.0
2024-02-16 08:30:00-05:00,101688.91110229492,53525.70993041992,"[{'asset': SPY, 'quantity': 96.0}]",0.0022803660235295453
2024-02-16 09:30:00-05:00,101688.91110229492,53525.70993041992,"[{'asset': SPY, 'quantity': 96.0}]",0.0
2024-02-16 09:30:00-05:00,101688.91110229492,53525.70993041992,"[{'asset': SPY, 'quantity': 96.0}]",0.0
2024-02-16 12:30:00-05:00,101688.91110229492,53024.00991821289,"[{'asset': SPY, 'quantity': 97.0}]",0.0
2024-02-16 15:30:00-05:00,101688.91110229492,52522.30990600586,"[{'asset': SPY, 'quantity': 98.0}]",0.0
2024-02-16 18:30:00-05:00,101688.91110229492,52020.60989379883,"[{'asset': SPY, 'quantity': 99.0}]",0.0
2024-02-16 18:25:00-05:00,101688.91110229492,52020.60989379883,"[{'asset': SPY, 'quantity': 99.0}]",0.0
2024-02-20 08:30:00-05:00,101294.89001464844,52020.60989379883,"[{'asset': SPY, 'quantity': 99.0}]",-0.00387476946478571
2024-02-20 09:30:00-05:00,101294.89001464844,52020.60989379883,"[{'asset': SPY, 'quantity': 99.0}]",0.0
2024-02-20 09:30:00-05:00,101294.89001464844,52020.60989379883,"[{'asset': SPY, 'quantity': 99.0}]",0.0
2024-02-20 12:30:00-05:00,101294.89001464844,51522.889892578125,"[{'asset': SPY, 'quantity': 100.0}]",0.0
2024-02-20 15:30:00-05:00,101294.89001464844,51025.16989135742,"[{'asset': SPY, 'quantity': 101.0}]",0.0
2024-02-20 18:30:00-05:00,101294.89001464844,50527.44989013672,"[{'asset': SPY, 'quantity': 102.0}]",0.0
2024-02-20 18:25:00-05:00,101294.89001464844,50527.44989013672,"[{'asset': SPY, 'quantity': 102.0}]",0.0
2024-02-21 08:30:00-05:00,101060.29125976562,50527.44989013672,"[{'asset': SPY, 'quantity': 102.0}]",-0.002315997922983981
2024-02-21 09:30:00-05:00,101060.29125976562,50527.44989013672,"[{'asset': SPY, 'quantity': 102.0}]",0.0
2024-02-21 09:30:00-05:00,101060.29125976562,50527.44989013672,"[{'asset': SPY, 'quantity': 102.0}]",0.0
2024-02-21 12:30:00-05:00,101060.29125976562,50032.029876708984,"[{'asset': SPY, 'quantity': 103.0}]",0.0
2024-02-21 15:30:00-05:00,101060.29125976562,49536.60986328125,"[{'asset': SPY, 'quantity': 104.0}]",0.0
2024-02-21 18:30:00-05:00,101060.29125976562,49041.189849853516,"[{'asset': SPY, 'quantity': 105.0}]",0.0
2024-02-21 18:25:00-05:00,101060.29125976562,49041.189849853516,"[{'asset': SPY, 'quantity': 105.0}]",0.0
2024-02-22 08:30:00-05:00,101962.24087524414,49041.189849853516,"[{'asset': SPY, 'quantity': 105.0}]",0.008924866574549384
2024-02-22 09:30:00-05:00,101962.24087524414,49041.189849853516,"[{'asset': SPY, 'quantity': 105.0}]",0.0
2024-02-22 09:30:00-05:00,101962.24087524414,49041.189849853516,"[{'asset': SPY, 'quantity': 105.0}]",0.0
2024-02-22 12:30:00-05:00,101962.24087524414,48537.17984008789,"[{'asset': SPY, 'quantity': 106.0}]",0.0
2024-02-22 15:30:00-05:00,101962.24087524414,48033.169830322266,"[{'asset': SPY, 'quantity': 107.0}]",0.0
2024-02-22 18:30:00-05:00,101962.24087524414,47529.15982055664,"[{'asset': SPY, 'quantity': 108.0}]",0.0
2024-02-22 18:25:00-05:00,101962.24087524414,47529.15982055664,"[{'asset': SPY, 'quantity': 108.0}]",0.0
2024-02-23 08:30:00-05:00,102530.3186340332,47529.15982055664,"[{'asset': SPY, 'quantity': 108.0}]",0.005571452274024891
2024-02-23 09:30:00-05:00,102530.3186340332,47529.15982055664,"[{'asset': SPY, 'quantity': 108.0}]",0.0
2024-02-23 09:30:00-05:00,102530.3186340332,47529.15982055664,"[{'asset': SPY, 'quantity': 108.0}]",0.0
2024-02-23 12:30:00-05:00,102530.3186340332,47019.88983154297,"[{'asset': SPY, 'quantity': 109.0}]",0.0
2024-02-23 15:30:00-05:00,102530.3186340332,46510.6198425293,"[{'asset': SPY, 'quantity': 110.0}]",0.0
2024-02-23 18:30:00-05:00,102530.3186340332,46001.349853515625,"[{'asset': SPY, 'quantity': 111.0}]",0.0
2024-02-23 18:25:00-05:00,102530.3186340332,46001.349853515625,"[{'asset': SPY, 'quantity': 111.0}]",0.0
2024-02-26 08:30:00-05:00,102422.64849853516,46001.349853515625,"[{'asset': SPY, 'quantity': 111.0}]",-0.0010501297268211696
2024-02-26 09:30:00-05:00,102422.64849853516,46001.349853515625,"[{'asset': SPY, 'quantity': 111.0}]",0.0
2024-02-26 09:30:00-05:00,102422.64849853516,46001.349853515625,"[{'asset': SPY, 'quantity': 111.0}]",0.0
2024-02-26 12:30:00-05:00,102422.64849853516,45493.049865722656,"[{'asset': SPY, 'quantity': 112.0}]",0.0
2024-02-26 15:30:00-05:00,102422.64849853516,44984.74987792969,"[{'asset': SPY, 'quantity': 113.0}]",0.0
2024-02-26 18:30:00-05:00,102422.64849853516,44476.44989013672,"[{'asset': SPY, 'quantity': 114.0}]",0.0
2024-02-26 18:25:00-05:00,102422.64849853516,44476.44989013672,"[{'asset': SPY, 'quantity': 114.0}]",0.0
2024-02-27 08:30:00-05:00,102240.25128173828,44476.44989013672,"[{'asset': SPY, 'quantity': 114.0}]",-0.001780828942335777
2024-02-27 09:30:00-05:00,102240.25128173828,44476.44989013672,"[{'asset': SPY, 'quantity': 114.0}]",0.0
2024-02-27 09:30:00-05:00,102240.25128173828,44476.44989013672,"[{'asset': SPY, 'quantity': 114.0}]",0.0
2024-02-27 12:30:00-05:00,102240.25128173828,43969.74987792969,"[{'asset': SPY, 'quantity': 115.0}]",0.0
2024-02-27 15:30:00-05:00,102240.25128173828,43463.049865722656,"[{'asset': SPY, 'quantity': 116.0}]",0.0
2024-02-27 18:30:00-05:00,102240.25128173828,42956.349853515625,"[{'asset': SPY, 'quantity': 117.0}]",0.0
2024-02-27 18:25:00-05:00,102240.25128173828,42956.349853515625,"[{'asset': SPY, 'quantity': 117.0}]",0.0
2024-02-28 08:30:00-05:00,102079.9582824707,42956.349853515625,"[{'asset': SPY, 'quantity': 117.0}]",-0.0015678071724009035
2024-02-28 09:30:00-05:00,102079.9582824707,42956.349853515625,"[{'asset': SPY, 'quantity': 117.0}]",0.0
2024-02-28 09:30:00-05:00,102079.9582824707,42956.349853515625,"[{'asset': SPY, 'quantity': 117.0}]",0.0
2024-02-28 12:30:00-05:00,102079.9582824707,42451.01986694336,"[{'asset': SPY, 'quantity': 118.0}]",0.0
2024-02-28 15:30:00-05:00,102079.9582824707,41945.689880371094,"[{'asset': SPY, 'quantity': 119.0}]",0.0
2024-02-28 18:30:00-05:00,102079.9582824707,41440.35989379883,"[{'asset': SPY, 'quantity': 120.0}]",0.0
2024-02-28 18:25:00-05:00,102079.9582824707,41440.35989379883,"[{'asset': SPY, 'quantity': 120.0}]",0.0
2024-02-29 08:30:00-05:00,102408.76077270508,41440.35989379883,"[{'asset': SPY, 'quantity': 120.0}]",0.0032210288460789993
2024-02-29 09:30:00-05:00,102408.76077270508,41440.35989379883,"[{'asset': SPY, 'quantity': 120.0}]",0.0
2024-02-29 09:30:00-05:00,102408.76077270508,41440.35989379883,"[{'asset': SPY, 'quantity': 120.0}]",0.0
2024-02-29 12:30:00-05:00,102408.76077270508,40932.28988647461,"[{'asset': SPY, 'quantity': 121.0}]",0.0
2024-02-29 15:30:00-05:00,102408.76077270508,40424.21987915039,"[{'asset': SPY, 'quantity': 122.0}]",0.0
2024-02-29 18:30:00-05:00,102408.76077270508,39916.14987182617,"[{'asset': SPY, 'quantity': 123.0}]",0.0
2024-02-29 18:25:00-05:00,102408.76077270508,39916.14987182617,"[{'asset': SPY, 'quantity': 123.0}]",0.0
2024-03-01 08:30:00-05:00,102520.69122314453,39916.14987182617,"[{'asset': SPY, 'quantity': 123.0}]",0.001092977296033082
2024-03-01 09:30:00-05:00,102520.69122314453,39916.14987182617,"[{'asset': SPY, 'quantity': 123.0}]",0.0
2024-03-01 09:30:00-05:00,102520.69122314453,39916.14987182617,"[{'asset': SPY, 'quantity': 123.0}]",0.0
2024-03-01 12:30:00-05:00,102520.69122314453,39407.169860839844,"[{'asset': SPY, 'quantity': 124.0}]",0.0
2024-03-01 15:30:00-05:00,102520.69122314453,38898.189849853516,"[{'asset': SPY, 'quantity': 125.0}]",0.0
2024-03-01 18:30:00-05:00,102520.69122314453,38389.20983886719,"[{'asset': SPY, 'quantity': 126.0}]",0.0
2024-03-01 18:25:00-05:00,102520.69122314453,38389.20983886719,"[{'asset': SPY, 'quantity': 126.0}]",0.0
2024-03-04 08:30:00-05:00,102904.99353027344,38389.20983886719,"[{'asset': SPY, 'quantity': 126.0}]",0.003748534101203349
2024-03-04 09:30:00-05:00,102904.99353027344,38389.20983886719,"[{'asset': SPY, 'quantity': 126.0}]",0.0
2024-03-04 09:30:00-05:00,102904.99353027344,38389.20983886719,"[{'asset': SPY, 'quantity': 126.0}]",0.0
2024-03-04 12:30:00-05:00,102904.99353027344,37877.17980957031,"[{'asset': SPY, 'quantity': 127.0}]",0.0
2024-03-04 15:30:00-05:00,102904.99353027344,37365.14978027344,"[{'asset': SPY, 'quantity': 128.0}]",0.0
2024-03-04 18:30:00-05:00,102904.99353027344,36853.11975097656,"[{'asset': SPY, 'quantity': 129.0}]",0.0
2024-03-04 18:25:00-05:00,102904.99353027344,36853.11975097656,"[{'asset': SPY, 'quantity': 129.0}]",0.0
2024-03-05 08:30:00-05:00,102674.07849121094,36853.11975097656,"[{'asset': SPY, 'quantity': 129.0}]",-0.0022439633990606334
2024-03-05 09:30:00-05:00,102674.07849121094,36853.11975097656,"[{'asset': SPY, 'quantity': 129.0}]",0.0
2024-03-05 09:30:00-05:00,102674.07849121094,36853.11975097656,"[{'asset': SPY, 'quantity': 129.0}]",0.0
2024-03-05 12:30:00-05:00,102674.07849121094,36342.87976074219,"[{'asset': SPY, 'quantity': 130.0}]",0.0
2024-03-05 15:30:00-05:00,102674.07849121094,35832.63977050781,"[{'asset': SPY, 'quantity': 131.0}]",0.0
2024-03-05 18:30:00-05:00,102674.07849121094,35322.39978027344,"[{'asset': SPY, 'quantity': 132.0}]",0.0
2024-03-05 18:25:00-05:00,102674.07849121094,35322.39978027344,"[{'asset': SPY, 'quantity': 132.0}]",0.0
2024-03-06 08:30:00-05:00,102714.99816894531,35322.39978027344,"[{'asset': SPY, 'quantity': 132.0}]",0.0003985395178187634
2024-03-06 09:30:00-05:00,102714.99816894531,35322.39978027344,"[{'asset': SPY, 'quantity': 132.0}]",0.0
2024-03-06 09:30:00-05:00,102714.99816894531,35322.39978027344,"[{'asset': SPY, 'quantity': 132.0}]",0.0
2024-03-06 12:30:00-05:00,102714.99816894531,34811.84979248047,"[{'asset': SPY, 'quantity': 133.0}]",0.0
2024-03-06 15:30:00-05:00,102714.99816894531,34301.2998046875,"[{'asset': SPY, 'quantity': 134.0}]",0.0
2024-03-06 18:30:00-05:00,102714.99816894531,33790.74981689453,"[{'asset': SPY, 'quantity': 135.0}]",0.0
2024-03-06 18:25:00-05:00,102714.99816894531,33790.74981689453,"[{'asset': SPY, 'quantity': 135.0}]",0.0
2024-03-07 08:30:00-05:00,103064.6517944336,33790.74981689453,"[{'asset': SPY, 'quantity': 135.0}]",0.0034041146056700278
2024-03-07 09:30:00-05:00,103064.6517944336,33790.74981689453,"[{'asset': SPY, 'quantity': 135.0}]",0.0
2024-03-07 09:30:00-05:00,103064.6517944336,33790.74981689453,"[{'asset': SPY, 'quantity': 135.0}]",0.0
2024-03-07 12:30:00-05:00,103064.6517944336,33277.609802246094,"[{'asset': SPY, 'quantity': 136.0}]",0.0
2024-03-07 15:30:00-05:00,103064.6517944336,32764.469787597656,"[{'asset': SPY, 'quantity': 137.0}]",0.0
2024-03-07 18:30:00-05:00,103064.6517944336,32251.32977294922,"[{'asset': SPY, 'quantity': 138.0}]",0.0
2024-03-07 18:25:00-05:00,103064.6517944336,32251.32977294922,"[{'asset': SPY, 'quantity': 138.0}]",0.0
2024-03-08 08:30:00-05:00,103384.81280517578,32251.32977294922,"[{'asset': SPY, 'quantity': 138.0}]",0.0031064094737423
2024-03-08 09:30:00-05:00,103384.81280517578,32251.32977294922,"[{'asset': SPY, 'quantity': 138.0}]",0.0
2024-03-08 09:30:00-05:00,103384.81280517578,32251.32977294922,"[{'asset': SPY, 'quantity': 138.0}]",0.0
2024-03-08 12:30:00-05:00,103384.81280517578,31735.869750976562,"[{'asset': SPY, 'quantity': 139.0}]",0.0
2024-03-08 15:30:00-05:00,103384.81280517578,31220.409729003906,"[{'asset': SPY, 'quantity': 140.0}]",0.0
2024-03-08 18:30:00-05:00,103384.81280517578,30704.94970703125,"[{'asset': SPY, 'quantity': 141.0}]",0.0
2024-03-08 18:25:00-05:00,103384.81280517578,30704.94970703125,"[{'asset': SPY, 'quantity': 141.0}]",0.0
2024-03-11 08:30:00-04:00,102682.63125610352,30704.94970703125,"[{'asset': SPY, 'quantity': 141.0}]",-0.006791921656766897
2024-03-11 09:30:00-04:00,102682.63125610352,30704.94970703125,"[{'asset': SPY, 'quantity': 141.0}]",0.0
2024-03-11 09:30:00-04:00,102682.63125610352,30704.94970703125,"[{'asset': SPY, 'quantity': 141.0}]",0.0
2024-03-11 12:30:00-04:00,102682.63125610352,30194.469696044922,"[{'asset': SPY, 'quantity': 142.0}]",0.0
2024-03-11 15:30:00-04:00,102682.63125610352,29683.989685058594,"[{'asset': SPY, 'quantity': 143.0}]",0.0
2024-03-11 18:30:00-04:00,102682.63125610352,29173.509674072266,"[{'asset': SPY, 'quantity': 144.0}]",0.0
2024-03-11 18:25:00-04:00,102682.63125610352,29173.509674072266,"[{'asset': SPY, 'quantity': 144.0}]",0.0
2024-03-12 08:30:00-04:00,103110.31143188477,29173.509674072266,"[{'asset': SPY, 'quantity': 144.0}]",0.004165068332876665
2024-03-12 09:30:00-04:00,103110.31143188477,29173.509674072266,"[{'asset': SPY, 'quantity': 144.0}]",0.0
2024-03-12 09:30:00-04:00,103110.31143188477,29173.509674072266,"[{'asset': SPY, 'quantity': 144.0}]",0.0
2024-03-12 12:30:00-04:00,103110.31143188477,28660.059661865234,"[{'asset': SPY, 'quantity': 145.0}]",0.0
2024-03-12 15:30:00-04:00,103110.31143188477,28146.609649658203,"[{'asset': SPY, 'quantity': 146.0}]",0.0
2024-03-12 18:30:00-04:00,103110.31143188477,27633.159637451172,"[{'asset': SPY, 'quantity': 147.0}]",0.0
2024-03-12 18:25:00-04:00,103110.31143188477,27633.159637451172,"[{'asset': SPY, 'quantity': 147.0}]",0.0
2024-03-13 08:30:00-04:00,103648.32748413086,27633.159637451172,"[{'asset': SPY, 'quantity': 147.0}]",0.005217868560134287
2024-03-13 09:30:00-04:00,103648.32748413086,27633.159637451172,"[{'asset': SPY, 'quantity': 147.0}]",0.0
2024-03-13 09:30:00-04:00,103648.32748413086,27633.159637451172,"[{'asset': SPY, 'quantity': 147.0}]",0.0
2024-03-13 12:30:00-04:00,103648.32748413086,27116.04965209961,"[{'asset': SPY, 'quantity': 148.0}]",0.0
2024-03-13 15:30:00-04:00,103648.32748413086,26598.939666748047,"[{'asset': SPY, 'quantity': 149.0}]",0.0
2024-03-13 18:30:00-04:00,103648.32748413086,26081.829681396484,"[{'asset': SPY, 'quantity': 150.0}]",0.0
2024-03-13 18:25:00-04:00,103648.32748413086,26081.829681396484,"[{'asset': SPY, 'quantity': 150.0}]",0.0
2024-03-14 08:30:00-04:00,103627.32528686523,26081.829681396484,"[{'asset': SPY, 'quantity': 150.0}]",-0.0002026293889676456
2024-03-14 09:30:00-04:00,103627.32528686523,26081.829681396484,"[{'asset': SPY, 'quantity': 150.0}]",0.0
2024-03-14 09:30:00-04:00,103627.32528686523,26081.829681396484,"[{'asset': SPY, 'quantity': 150.0}]",0.0
2024-03-14 12:30:00-04:00,103627.32528686523,25564.85971069336,"[{'asset': SPY, 'quantity': 151.0}]",0.0
2024-03-14 15:30:00-04:00,103627.32528686523,25047.889739990234,"[{'asset': SPY, 'quantity': 152.0}]",0.0
2024-03-14 18:30:00-04:00,103627.32528686523,24530.91976928711,"[{'asset': SPY, 'quantity': 153.0}]",0.0
2024-03-14 18:25:00-04:00,103627.32528686523,24530.91976928711,"[{'asset': SPY, 'quantity': 153.0}]",0.0
2024-03-15 08:30:00-04:00,102593.04846191406,24530.91976928711,"[{'asset': SPY, 'quantity': 153.0}]",-0.009980734541666925
2024-03-15 09:30:00-04:00,102593.04846191406,24530.91976928711,"[{'asset': SPY, 'quantity': 153.0}]",0.0
2024-03-15 09:30:00-04:00,102593.04846191406,24530.91976928711,"[{'asset': SPY, 'quantity': 153.0}]",0.0
2024-03-15 12:30:00-04:00,102593.04846191406,24020.70977783203,"[{'asset': SPY, 'quantity': 154.0}]",0.0
2024-03-15 15:30:00-04:00,102593.04846191406,23510.499786376953,"[{'asset': SPY, 'quantity': 155.0}]",0.0
2024-03-15 18:30:00-04:00,102593.04846191406,23000.289794921875,"[{'asset': SPY, 'quantity': 156.0}]",0.0
2024-03-15 18:25:00-04:00,102593.04846191406,23000.289794921875,"[{'asset': SPY, 'quantity': 156.0}]",0.0
2024-03-18 08:30:00-04:00,103433.10979492188,23249.109794921875,"[{'asset': SPY, 'quantity': 156.0}]",0.008188287077946388
2024-03-18 09:30:00-04:00,103433.10979492188,23249.109794921875,"[{'asset': SPY, 'quantity': 156.0}]",0.0
2024-03-18 09:30:00-04:00,103433.10979492188,23249.109794921875,"[{'asset': SPY, 'quantity': 156.0}]",0.0
2024-03-18 12:30:00-04:00,103433.10979492188,22735.109794921875,"[{'asset': SPY, 'quantity': 157.0}]",0.0
2024-03-18 15:30:00-04:00,103433.10979492188,22221.109794921875,"[{'asset': SPY, 'quantity': 158.0}]",0.0
2024-03-18 18:30:00-04:00,103433.10979492188,21707.109794921875,"[{'asset': SPY, 'quantity': 159.0}]",0.0
2024-03-18 18:25:00-04:00,103433.10979492188,21707.109794921875,"[{'asset': SPY, 'quantity': 159.0}]",0.0
2024-03-19 08:30:00-04:00,103138.96367675782,21707.109794921875,"[{'asset': SPY, 'quantity': 159.0}]",-0.002843829396092512
2024-03-19 09:30:00-04:00,103138.96367675782,21707.109794921875,"[{'asset': SPY, 'quantity': 159.0}]",0.0
2024-03-19 09:30:00-04:00,103138.96367675782,21707.109794921875,"[{'asset': SPY, 'quantity': 159.0}]",0.0
2024-03-19 12:30:00-04:00,103138.96367675782,21194.959770507812,"[{'asset': SPY, 'quantity': 160.0}]",0.0
2024-03-19 15:30:00-04:00,103138.96367675782,20682.80974609375,"[{'asset': SPY, 'quantity': 161.0}]",0.0
2024-03-19 18:30:00-04:00,103138.96367675782,20170.659721679687,"[{'asset': SPY, 'quantity': 162.0}]",0.0
2024-03-19 18:25:00-04:00,103138.96367675782,20170.659721679687,"[{'asset': SPY, 'quantity': 162.0}]",0.0
2024-03-20 08:30:00-04:00,103725.4028857422,20170.659721679687,"[{'asset': SPY, 'quantity': 162.0}]",0.005685913335548909
2024-03-20 09:30:00-04:00,103725.4028857422,20170.659721679687,"[{'asset': SPY, 'quantity': 162.0}]",0.0
2024-03-20 09:30:00-04:00,103725.4028857422,20170.659721679687,"[{'asset': SPY, 'quantity': 162.0}]",0.0
2024-03-20 12:30:00-04:00,103725.4028857422,19654.889702148437,"[{'asset': SPY, 'quantity': 163.0}]",0.0
2024-03-20 15:30:00-04:00,103725.4028857422,19139.119682617187,"[{'asset': SPY, 'quantity': 164.0}]",0.0
2024-03-20 18:30:00-04:00,103725.4028857422,18623.349663085937,"[{'asset': SPY, 'quantity': 165.0}]",0.0
2024-03-20 18:25:00-04:00,103725.4028857422,18623.349663085937,"[{'asset': SPY, 'quantity': 165.0}]",0.0
2024-03-21 08:30:00-04:00,104982.70208007813,18623.349663085937,"[{'asset': SPY, 'quantity': 165.0}]",0.01212142020524043
2024-03-21 09:30:00-04:00,104982.70208007813,18623.349663085937,"[{'asset': SPY, 'quantity': 165.0}]",0.0
2024-03-21 09:30:00-04:00,104982.70208007813,18623.349663085937,"[{'asset': SPY, 'quantity': 165.0}]",0.0
2024-03-21 12:30:00-04:00,104982.70208007813,18099.9596484375,"[{'asset': SPY, 'quantity': 166.0}]",0.0
2024-03-21 15:30:00-04:00,104982.70208007813,17576.569633789062,"[{'asset': SPY, 'quantity': 167.0}]",0.0
2024-03-21 18:30:00-04:00,104982.70208007813,17053.179619140625,"[{'asset': SPY, 'quantity': 168.0}]",0.0
2024-03-21 18:25:00-04:00,104982.70208007813,17053.179619140625,"[{'asset': SPY, 'quantity': 168.0}]",0.0
2024-03-22 08:30:00-04:00,104767.65715820313,17053.179619140625,"[{'asset': SPY, 'quantity': 168.0}]",-0.002048384330124886
2024-03-22 09:30:00-04:00,104767.65715820313,17053.179619140625,"[{'asset': SPY, 'quantity': 168.0}]",0.0
2024-03-22 09:30:00-04:00,104767.65715820313,17053.179619140625,"[{'asset': SPY, 'quantity': 168.0}]",0.0
2024-03-22 12:30:00-04:00,104767.65715820313,16531.069633789062,"[{'asset': SPY, 'quantity': 169.0}]",0.0
2024-03-22 15:30:00-04:00,104767.65715820313,16008.9596484375,"[{'asset': SPY, 'quantity': 170.0}]",0.0
2024-03-22 18:30:00-04:00,104767.65715820313,15486.849663085937,"[{'asset': SPY, 'quantity': 171.0}]",0.0
2024-03-22 18:25:00-04:00,104767.65715820313,15486.849663085937,"[{'asset': SPY, 'quantity': 171.0}]",0.0
2024-03-25 08:30:00-04:00,104372.6475756836,15486.849663085937,"[{'asset': SPY, 'quantity': 171.0}]",-0.0037703389885206384
2024-03-25 09:30:00-04:00,104372.6475756836,15486.849663085937,"[{'asset': SPY, 'quantity': 171.0}]",0.0
2024-03-25 09:30:00-04:00,104372.6475756836,15486.849663085937,"[{'asset': SPY, 'quantity': 171.0}]",0.0
2024-03-25 12:30:00-04:00,104372.6475756836,14967.049675292968,"[{'asset': SPY, 'quantity': 172.0}]",0.0
2024-03-25 15:30:00-04:00,104372.6475756836,14447.2496875,"[{'asset': SPY, 'quantity': 173.0}]",0.0
2024-03-25 18:30:00-04:00,104372.6475756836,13927.449699707031,"[{'asset': SPY, 'quantity': 174.0}]",0.0
2024-03-25 18:25:00-04:00,104372.6475756836,13927.449699707031,"[{'asset': SPY, 'quantity': 174.0}]",0.0
2024-03-26 08:30:00-04:00,104621.46630126954,13927.449699707031,"[{'asset': SPY, 'quantity': 174.0}]",0.002383945711499802
2024-03-26 09:30:00-04:00,104621.46630126954,13927.449699707031,"[{'asset': SPY, 'quantity': 174.0}]",0.0
2024-03-26 09:30:00-04:00,104621.46630126954,13927.449699707031,"[{'asset': SPY, 'quantity': 174.0}]",0.0
2024-03-26 12:30:00-04:00,104621.46630126954,13406.219719238281,"[{'asset': SPY, 'quantity': 175.0}]",0.0
2024-03-26 15:30:00-04:00,104621.46630126954,12884.989738769531,"[{'asset': SPY, 'quantity': 176.0}]",0.0
2024-03-26 18:30:00-04:00,104621.46630126954,12363.759758300781,"[{'asset': SPY, 'quantity': 177.0}]",0.0
2024-03-26 18:25:00-04:00,104621.46630126954,12363.759758300781,"[{'asset': SPY, 'quantity': 177.0}]",0.0
2024-03-27 08:30:00-04:00,104706.43364746094,12363.759758300781,"[{'asset': SPY, 'quantity': 177.0}]",0.0008121406552143995
2024-03-27 09:30:00-04:00,104706.43364746094,12363.759758300781,"[{'asset': SPY, 'quantity': 177.0}]",0.0
2024-03-27 09:30:00-04:00,104706.43364746094,12363.759758300781,"[{'asset': SPY, 'quantity': 177.0}]",0.0
2024-03-27 12:30:00-04:00,104706.43364746094,11842.049736328125,"[{'asset': SPY, 'quantity': 178.0}]",0.0
2024-03-27 15:30:00-04:00,104706.43364746094,11320.339714355468,"[{'asset': SPY, 'quantity': 179.0}]",0.0
2024-03-27 18:30:00-04:00,104706.43364746094,10798.629692382812,"[{'asset': SPY, 'quantity': 180.0}]",0.0
2024-03-27 18:25:00-04:00,104706.43364746094,10798.629692382812,"[{'asset': SPY, 'quantity': 180.0}]",0.0
2024-03-28 08:30:00-04:00,104976.43364746094,10798.629692382812,"[{'asset': SPY, 'quantity': 180.0}]",0.0025786381084191845
2024-03-28 09:30:00-04:00,104976.43364746094,10798.629692382812,"[{'asset': SPY, 'quantity': 180.0}]",0.0
2024-03-28 09:30:00-04:00,104976.43364746094,10798.629692382812,"[{'asset': SPY, 'quantity': 180.0}]",0.0
2024-03-28 12:30:00-04:00,104976.43364746094,10275.419670410156,"[{'asset': SPY, 'quantity': 181.0}]",0.0
2024-03-28 15:30:00-04:00,104976.43364746094,9752.2096484375,"[{'asset': SPY, 'quantity': 182.0}]",0.0
2024-03-28 18:30:00-04:00,104976.43364746094,9228.999626464843,"[{'asset': SPY, 'quantity': 183.0}]",0.0
2024-03-28 18:25:00-04:00,104976.43364746094,9228.999626464843,"[{'asset': SPY, 'quantity': 183.0}]",0.0
2024-04-01 08:30:00-04:00,105089.89275390626,9228.999626464843,"[{'asset': SPY, 'quantity': 183.0}]",0.001080805496082471
2024-04-01 09:30:00-04:00,105089.89275390626,9228.999626464843,"[{'asset': SPY, 'quantity': 183.0}]",0.0
2024-04-01 09:30:00-04:00,105089.89275390626,9228.999626464843,"[{'asset': SPY, 'quantity': 183.0}]",0.0
2024-04-01 12:30:00-04:00,105089.89275390626,8705.169609375,"[{'asset': SPY, 'quantity': 184.0}]",0.0
2024-04-01 15:30:00-04:00,105089.89275390626,8181.339592285156,"[{'asset': SPY, 'quantity': 185.0}]",0.0
2024-04-01 18:30:00-04:00,105089.89275390626,7657.509575195312,"[{'asset': SPY, 'quantity': 186.0}]",0.0
2024-04-01 18:25:00-04:00,105089.89275390626,7657.509575195312,"[{'asset': SPY, 'quantity': 186.0}]",0.0
2024-04-02 08:30:00-04:00,104050.14775878907,7657.509575195312,"[{'asset': SPY, 'quantity': 186.0}]",-0.009893862938389342
2024-04-02 09:30:00-04:00,104050.14775878907,7657.509575195312,"[{'asset': SPY, 'quantity': 186.0}]",0.0
2024-04-02 09:30:00-04:00,104050.14775878907,7657.509575195312,"[{'asset': SPY, 'quantity': 186.0}]",0.0
2024-04-02 12:30:00-04:00,104050.14775878907,7139.269584960937,"[{'asset': SPY, 'quantity': 187.0}]",0.0
2024-04-02 15:30:00-04:00,104050.14775878907,6621.029594726562,"[{'asset': SPY, 'quantity': 188.0}]",0.0
2024-04-02 18:30:00-04:00,104050.14775878907,6102.789604492187,"[{'asset': SPY, 'quantity': 189.0}]",0.0
2024-04-02 18:25:00-04:00,104050.14775878907,6102.789604492187,"[{'asset': SPY, 'quantity': 189.0}]",0.0
2024-04-03 08:30:00-04:00,103951.86406738282,6102.789604492187,"[{'asset': SPY, 'quantity': 189.0}]",-0.0009445800272585014
2024-04-03 09:30:00-04:00,103951.86406738282,6102.789604492187,"[{'asset': SPY, 'quantity': 189.0}]",0.0
2024-04-03 09:30:00-04:00,103951.86406738282,6102.789604492187,"[{'asset': SPY, 'quantity': 189.0}]",0.0
2024-04-03 12:30:00-04:00,103951.86406738282,5585.069633789062,"[{'asset': SPY, 'quantity': 190.0}]",0.0
2024-04-03 15:30:00-04:00,103951.86406738282,5067.349663085937,"[{'asset': SPY, 'quantity': 191.0}]",0.0
2024-04-03 18:30:00-04:00,103951.86406738282,4549.629692382812,"[{'asset': SPY, 'quantity': 192.0}]",0.0
2024-04-03 18:25:00-04:00,103951.86406738282,4549.629692382812,"[{'asset': SPY, 'quantity': 192.0}]",0.0
2024-04-04 08:30:00-04:00,105065.47344238282,4549.629692382812,"[{'asset': SPY, 'quantity': 192.0}]",0.010712740795856712
2024-04-04 09:30:00-04:00,105065.47344238282,4549.629692382812,"[{'asset': SPY, 'quantity': 192.0}]",0.0
2024-04-04 09:30:00-04:00,105065.47344238282,4549.629692382812,"[{'asset': SPY, 'quantity': 192.0}]",0.0
2024-04-04 12:30:00-04:00,105065.47344238282,4026.109672851562,"[{'asset': SPY, 'quantity': 193.0}]",0.0
2024-04-04 15:30:00-04:00,105065.47344238282,3502.589653320312,"[{'asset': SPY, 'quantity': 194.0}]",0.0
2024-04-04 18:30:00-04:00,105065.47344238282,2979.069633789062,"[{'asset': SPY, 'quantity': 195.0}]",0.0
2024-04-04 18:25:00-04:00,105065.47344238282,2979.069633789062,"[{'asset': SPY, 'quantity': 195.0}]",0.0
2024-04-05 08:30:00-04:00,103298.77391845704,2979.069633789062,"[{'asset': SPY, 'quantity': 195.0}]",-0.016815224507550797
2024-04-05 09:30:00-04:00,103298.77391845704,2979.069633789062,"[{'asset': SPY, 'quantity': 195.0}]",0.0
2024-04-05 09:30:00-04:00,103298.77391845704,2979.069633789062,"[{'asset': SPY, 'quantity': 195.0}]",0.0
2024-04-05 12:30:00-04:00,103298.77391845704,2464.609611816406,"[{'asset': SPY, 'quantity': 196.0}]",0.0
2024-04-05 15:30:00-04:00,103298.77391845704,1950.1495898437497,"[{'asset': SPY, 'quantity': 197.0}]",0.0
2024-04-05 18:30:00-04:00,103298.77391845704,1435.6895678710935,"[{'asset': SPY, 'quantity': 198.0}]",0.0
2024-04-05 18:25:00-04:00,103298.77391845704,1435.6895678710935,"[{'asset': SPY, 'quantity': 198.0}]",0.0
2024-04-08 08:30:00-04:00,104227.39440185548,1435.6895678710935,"[{'asset': SPY, 'quantity': 198.0}]",0.008989656393516121
2024-04-08 09:30:00-04:00,104227.39440185548,1435.6895678710935,"[{'asset': SPY, 'quantity': 198.0}]",0.0
2024-04-08 09:30:00-04:00,104227.39440185548,1435.6895678710935,"[{'asset': SPY, 'quantity': 198.0}]",0.0
2024-04-08 12:30:00-04:00,104227.39440185548,916.539543457031,"[{'asset': SPY, 'quantity': 199.0}]",0.0
2024-04-08 15:30:00-04:00,104227.39440185548,397.38951904296846,"[{'asset': SPY, 'quantity': 200.0}]",0.0
2024-04-08 18:30:00-04:00,104227.39440185548,-121.76050537109404,"[{'asset': SPY, 'quantity': 201.0}]",0.0
2024-04-08 18:25:00-04:00,104227.39440185548,-121.76050537109404,"[{'asset': SPY, 'quantity': 201.0}]",0.0
2024-04-09 08:30:00-04:00,104498.73949462891,-121.76050537109404,"[{'asset': SPY, 'quantity': 201.0}]",0.0026033951470305627
2024-04-09 09:30:00-04:00,104498.73949462891,-121.76050537109404,"[{'asset': SPY, 'quantity': 201.0}]",0.0
2024-04-09 09:30:00-04:00,104498.73949462891,-121.76050537109404,"[{'asset': SPY, 'quantity': 201.0}]",0.0
2024-04-09 12:30:00-04:00,104498.73949462891,-642.260505371094,"[{'asset': SPY, 'quantity': 202.0}]",0.0
2024-04-09 15:30:00-04:00,104498.73949462891,-1162.760505371094,"[{'asset': SPY, 'quantity': 203.0}]",0.0
2024-04-09 18:30:00-04:00,104498.73949462891,-1683.260505371094,"[{'asset': SPY, 'quantity': 204.0}]",0.0
2024-04-09 18:25:00-04:00,104498.73949462891,-1683.260505371094,"[{'asset': SPY, 'quantity': 204.0}]",0.0
2024-04-10 08:30:00-04:00,103066.65551025391,-1683.260505371094,"[{'asset': SPY, 'quantity': 204.0}]",-0.013704318265471582
2024-04-10 09:30:00-04:00,103066.65551025391,-1683.260505371094,"[{'asset': SPY, 'quantity': 204.0}]",0.0
2024-04-10 09:30:00-04:00,103066.65551025391,-1683.260505371094,"[{'asset': SPY, 'quantity': 204.0}]",0.0
2024-04-10 12:30:00-04:00,103066.65551025391,-2196.740485839844,"[{'asset': SPY, 'quantity': 205.0}]",0.0
2024-04-10 15:30:00-04:00,103066.65551025391,-2710.220466308594,"[{'asset': SPY, 'quantity': 206.0}]",0.0
2024-04-10 18:30:00-04:00,103066.65551025391,-3223.700446777344,"[{'asset': SPY, 'quantity': 207.0}]",0.0
2024-04-10 18:25:00-04:00,103066.65551025391,-3223.700446777344,"[{'asset': SPY, 'quantity': 207.0}]",0.0
2024-04-11 08:30:00-04:00,103522.05803710938,-3223.700446777344,"[{'asset': SPY, 'quantity': 207.0}]",0.004418524348160036
2024-04-11 09:30:00-04:00,103522.05803710938,-3223.700446777344,"[{'asset': SPY, 'quantity': 207.0}]",0.0
2024-04-11 09:30:00-04:00,103522.05803710938,-3223.700446777344,"[{'asset': SPY, 'quantity': 207.0}]",0.0
2024-04-11 12:30:00-04:00,103522.05803710938,-3739.3804394531253,"[{'asset': SPY, 'quantity': 208.0}]",0.0
2024-04-11 15:30:00-04:00,103522.05803710938,-4255.0604321289065,"[{'asset': SPY, 'quantity': 209.0}]",0.0
2024-04-11 18:30:00-04:00,103522.05803710938,-4770.740424804688,"[{'asset': SPY, 'quantity': 210.0}]",0.0
2024-04-11 18:25:00-04:00,103522.05803710938,-4770.740424804688,"[{'asset': SPY, 'quantity': 210.0}]",0.0
2024-04-12 08:30:00-04:00,103246.9585498047,-4770.740424804688,"[{'asset': SPY, 'quantity': 210.0}]",-0.0026573997128812588
2024-04-12 09:30:00-04:00,103246.9585498047,-4770.740424804688,"[{'asset': SPY, 'quantity': 210.0}]",0.0
2024-04-12 09:30:00-04:00,103246.9585498047,-4770.740424804688,"[{'asset': SPY, 'quantity': 210.0}]",0.0
2024-04-12 12:30:00-04:00,103246.9585498047,-5285.110419921875,"[{'asset': SPY, 'quantity': 211.0}]",0.0
2024-04-12 15:30:00-04:00,103246.9585498047,-5799.480415039063,"[{'asset': SPY, 'quantity': 212.0}]",0.0
2024-04-12 18:30:00-04:00,103246.9585498047,-6313.85041015625,"[{'asset': SPY, 'quantity': 213.0}]",0.0
2024-04-12 18:25:00-04:00,103246.9585498047,-6313.85041015625,"[{'asset': SPY, 'quantity': 213.0}]",0.0
2024-04-15 08:30:00-04:00,103408.84062988282,-6313.85041015625,"[{'asset': SPY, 'quantity': 213.0}]",0.0015679113685469481
2024-04-15 09:30:00-04:00,103408.84062988282,-6313.85041015625,"[{'asset': SPY, 'quantity': 213.0}]",0.0
2024-04-15 09:30:00-04:00,103408.84062988282,-6313.85041015625,"[{'asset': SPY, 'quantity': 213.0}]",0.0
2024-04-15 12:30:00-04:00,103408.84062988282,-6828.980415039063,"[{'asset': SPY, 'quantity': 214.0}]",0.0
2024-04-15 15:30:00-04:00,103408.84062988282,-7344.110419921875,"[{'asset': SPY, 'quantity': 215.0}]",0.0
2024-04-15 18:30:00-04:00,103408.84062988282,-7859.240424804688,"[{'asset': SPY, 'quantity': 216.0}]",0.0
2024-04-15 18:25:00-04:00,103408.84062988282,-7859.240424804688,"[{'asset': SPY, 'quantity': 216.0}]",0.0
2024-04-16 08:30:00-04:00,101207.80010253907,-7859.240424804688,"[{'asset': SPY, 'quantity': 216.0}]",-0.021284839032492786
2024-04-16 09:30:00-04:00,101207.80010253907,-7859.240424804688,"[{'asset': SPY, 'quantity': 216.0}]",0.0
2024-04-16 09:30:00-04:00,101207.80010253907,-7859.240424804688,"[{'asset': SPY, 'quantity': 216.0}]",0.0
2024-04-16 12:30:00-04:00,101207.80010253907,-8364.180427246094,"[{'asset': SPY, 'quantity': 217.0}]",0.0
2024-04-16 15:30:00-04:00,101207.80010253907,-8869.1204296875,"[{'asset': SPY, 'quantity': 218.0}]",0.0
2024-04-16 18:30:00-04:00,101207.80010253907,-9374.060432128907,"[{'asset': SPY, 'quantity': 219.0}]",0.0
2024-04-16 18:25:00-04:00,101207.80010253907,-9374.060432128907,"[{'asset': SPY, 'quantity': 219.0}]",0.0
2024-04-17 08:30:00-04:00,101450.88689453126,-9374.060432128907,"[{'asset': SPY, 'quantity': 219.0}]",0.0024018582732348026
2024-04-17 09:30:00-04:00,101450.88689453126,-9374.060432128907,"[{'asset': SPY, 'quantity': 219.0}]",0.0
2024-04-17 09:30:00-04:00,101450.88689453126,-9374.060432128907,"[{'asset': SPY, 'quantity': 219.0}]",0.0
2024-04-17 12:30:00-04:00,101450.88689453126,-9880.110419921875,"[{'asset': SPY, 'quantity': 220.0}]",0.0
2024-04-17 15:30:00-04:00,101450.88689453126,-10386.160407714844,"[{'asset': SPY, 'quantity': 221.0}]",0.0
2024-04-17 18:30:00-04:00,101450.88689453126,-10892.210395507813,"[{'asset': SPY, 'quantity': 222.0}]",0.0
2024-04-17 18:25:00-04:00,101450.88689453126,-10892.210395507813,"[{'asset': SPY, 'quantity': 222.0}]",0.0
2024-04-18 08:30:00-04:00,100547.35204345704,-10892.210395507813,"[{'asset': SPY, 'quantity': 222.0}]",-0.008906130628641429
2024-04-18 09:30:00-04:00,100547.35204345704,-10892.210395507813,"[{'asset': SPY, 'quantity': 222.0}]",0.0
2024-04-18 09:30:00-04:00,100547.35204345704,-10892.210395507813,"[{'asset': SPY, 'quantity': 222.0}]",0.0
2024-04-18 12:30:00-04:00,100547.35204345704,-11394.190406494141,"[{'asset': SPY, 'quantity': 223.0}]",0.0
2024-04-18 15:30:00-04:00,100547.35204345704,-11896.170417480469,"[{'asset': SPY, 'quantity': 224.0}]",0.0
2024-04-18 18:30:00-04:00,100547.35204345704,-12398.150428466797,"[{'asset': SPY, 'quantity': 225.0}]",0.0
2024-04-18 18:25:00-04:00,100547.35204345704,-12398.150428466797,"[{'asset': SPY, 'quantity': 225.0}]",0.0
2024-04-19 08:30:00-04:00,99975.85012084962,-12398.150428466797,"[{'asset': SPY, 'quantity': 225.0}]",-0.005683908238184321
2024-04-19 09:30:00-04:00,99975.85012084962,-12398.150428466797,"[{'asset': SPY, 'quantity': 225.0}]",0.0
2024-04-19 09:30:00-04:00,99975.85012084962,-12398.150428466797,"[{'asset': SPY, 'quantity': 225.0}]",0.0
2024-04-19 12:30:00-04:00,99975.85012084962,-12897.590430908203,"[{'asset': SPY, 'quantity': 226.0}]",0.0
2024-04-19 15:30:00-04:00,99975.85012084962,-13397.03043334961,"[{'asset': SPY, 'quantity': 227.0}]",0.0
2024-04-19 18:30:00-04:00,99975.85012084962,-13896.470435791016,"[{'asset': SPY, 'quantity': 228.0}]",0.0
2024-04-19 18:25:00-04:00,99975.85012084962,-13896.470435791016,"[{'asset': SPY, 'quantity': 228.0}]",0.0
2024-04-22 08:30:00-04:00,99608.76650268555,-13896.470435791016,"[{'asset': SPY, 'quantity': 228.0}]",-0.003671722898283325
2024-04-22 09:30:00-04:00,99608.76650268555,-13896.470435791016,"[{'asset': SPY, 'quantity': 228.0}]",0.0
2024-04-22 09:30:00-04:00,99608.76650268555,-13896.470435791016,"[{'asset': SPY, 'quantity': 228.0}]",0.0
2024-04-22 12:30:00-04:00,99608.76650268555,-14394.300422363282,"[{'asset': SPY, 'quantity': 229.0}]",0.0
2024-04-22 15:30:00-04:00,99608.76650268555,-14892.130408935547,"[{'asset': SPY, 'quantity': 230.0}]",0.0
2024-04-22 18:30:00-04:00,99608.76650268555,-15389.960395507813,"[{'asset': SPY, 'quantity': 231.0}]",0.0
2024-04-22 18:25:00-04:00,99608.76650268555,-15389.960395507813,"[{'asset': SPY, 'quantity': 231.0}]",0.0
2024-04-23 08:30:00-04:00,100521.21932250977,-15389.960395507813,"[{'asset': SPY, 'quantity': 231.0}]",0.009160366620940108
2024-04-23 09:30:00-04:00,100521.21932250977,-15389.960395507813,"[{'asset': SPY, 'quantity': 231.0}]",0.0
2024-04-23 09:30:00-04:00,100521.21932250977,-15389.960395507813,"[{'asset': SPY, 'quantity': 231.0}]",0.0
2024-04-23 12:30:00-04:00,100521.21932250977,-15891.74039428711,"[{'asset': SPY, 'quantity': 232.0}]",0.0
2024-04-23 15:30:00-04:00,100521.21932250977,-16393.520393066407,"[{'asset': SPY, 'quantity': 233.0}]",0.0
2024-04-23 18:30:00-04:00,100521.21932250977,-16895.300391845703,"[{'asset': SPY, 'quantity': 234.0}]",0.0
2024-04-23 18:25:00-04:00,100521.21932250977,-16895.300391845703,"[{'asset': SPY, 'quantity': 234.0}]",0.0
2024-04-24 08:30:00-04:00,101639.73903686524,-16895.300391845703,"[{'asset': SPY, 'quantity': 234.0}]",0.011127200026959772
2024-04-24 09:30:00-04:00,101639.73903686524,-16895.300391845703,"[{'asset': SPY, 'quantity': 234.0}]",0.0
2024-04-24 09:30:00-04:00,101639.73903686524,-16895.300391845703,"[{'asset': SPY, 'quantity': 234.0}]",0.0
2024-04-24 12:30:00-04:00,101639.73903686524,-17401.860389404297,"[{'asset': SPY, 'quantity': 235.0}]",0.0
2024-04-24 15:30:00-04:00,101639.73903686524,-17908.42038696289,"[{'asset': SPY, 'quantity': 236.0}]",0.0
2024-04-24 18:30:00-04:00,101639.73903686524,-18414.980384521485,"[{'asset': SPY, 'quantity': 237.0}]",0.0
2024-04-24 18:25:00-04:00,101639.73903686524,-18414.980384521485,"[{'asset': SPY, 'quantity': 237.0}]",0.0
2024-04-25 08:30:00-04:00,99890.67787963868,-18414.980384521485,"[{'asset': SPY, 'quantity': 237.0}]",-0.01720843809518413
2024-04-25 09:30:00-04:00,99890.67787963868,-18414.980384521485,"[{'asset': SPY, 'quantity': 237.0}]",0.0
2024-04-25 09:30:00-04:00,99890.67787963868,-18414.980384521485,"[{'asset': SPY, 'quantity': 237.0}]",0.0
2024-04-25 12:30:00-04:00,99890.67787963868,-18914.160377197266,"[{'asset': SPY, 'quantity': 238.0}]",0.0
2024-04-25 15:30:00-04:00,99890.67787963868,-19413.340369873047,"[{'asset': SPY, 'quantity': 239.0}]",0.0
2024-04-25 18:30:00-04:00,99890.67787963868,-19912.52036254883,"[{'asset': SPY, 'quantity': 240.0}]",0.0
2024-04-25 18:25:00-04:00,99890.67787963868,-19912.52036254883,"[{'asset': SPY, 'quantity': 240.0}]",0.0
2024-04-26 08:30:00-04:00,101611.48110229493,-19912.52036254883,"[{'asset': SPY, 'quantity': 240.0}]",0.01722686500065307
2024-04-26 09:30:00-04:00,101611.48110229493,-19912.52036254883,"[{'asset': SPY, 'quantity': 240.0}]",0.0
2024-04-26 09:30:00-04:00,101611.48110229493,-19912.52036254883,"[{'asset': SPY, 'quantity': 240.0}]",0.0
2024-04-26 12:30:00-04:00,101611.48110229493,-20418.870368652344,"[{'asset': SPY, 'quantity': 241.0}]",0.0
2024-04-26 15:30:00-04:00,101611.48110229493,-20925.22037475586,"[{'asset': SPY, 'quantity': 242.0}]",0.0
2024-04-26 18:30:00-04:00,101611.48110229493,-21431.570380859375,"[{'asset': SPY, 'quantity': 243.0}]",0.0
2024-04-26 18:25:00-04:00,101611.48110229493,-21431.570380859375,"[{'asset': SPY, 'quantity': 243.0}]",0.0
2024-04-29 08:30:00-04:00,102520.29872924805,-21431.570380859375,"[{'asset': SPY, 'quantity': 243.0}]",0.008944044679736418
2024-04-29 09:30:00-04:00,102520.29872924805,-21431.570380859375,"[{'asset': SPY, 'quantity': 243.0}]",0.0
2024-04-29 09:30:00-04:00,102520.29872924805,-21431.570380859375,"[{'asset': SPY, 'quantity': 243.0}]",0.0
2024-04-29 12:30:00-04:00,102520.29872924805,-21941.660377197266,"[{'asset': SPY, 'quantity': 244.0}]",0.0
2024-04-29 15:30:00-04:00,102520.29872924805,-22451.750373535157,"[{'asset': SPY, 'quantity': 245.0}]",0.0
2024-04-29 18:30:00-04:00,102520.29872924805,-22961.840369873047,"[{'asset': SPY, 'quantity': 246.0}]",0.0
2024-04-29 18:25:00-04:00,102520.29872924805,-22961.840369873047,"[{'asset': SPY, 'quantity': 246.0}]",0.0
2024-04-30 08:30:00-04:00,102143.91902954102,-22961.840369873047,"[{'asset': SPY, 'quantity': 246.0}]",-0.0036712700252760078
2024-04-30 09:30:00-04:00,102143.91902954102,-22961.840369873047,"[{'asset': SPY, 'quantity': 246.0}]",0.0
2024-04-30 09:30:00-04:00,102143.91902954102,-22961.840369873047,"[{'asset': SPY, 'quantity': 246.0}]",0.0
2024-04-30 12:30:00-04:00,102143.91902954102,-23470.40036743164,"[{'asset': SPY, 'quantity': 247.0}]",0.0
2024-04-30 15:30:00-04:00,102143.91902954102,-23978.960364990235,"[{'asset': SPY, 'quantity': 248.0}]",0.0
2024-04-30 18:30:00-04:00,102143.91902954102,-24487.52036254883,"[{'asset': SPY, 'quantity': 249.0}]",0.0
2024-04-30 18:25:00-04:00,102143.91902954102,-24487.52036254883,"[{'asset': SPY, 'quantity': 249.0}]",0.0
2024-05-01 08:30:00-04:00,100356.10085327149,-24487.52036254883,"[{'asset': SPY, 'quantity': 249.0}]",-0.01750293305030204
2024-05-01 09:30:00-04:00,100356.10085327149,-24487.52036254883,"[{'asset': SPY, 'quantity': 249.0}]",0.0
2024-05-01 09:30:00-04:00,100356.10085327149,-24487.52036254883,"[{'asset': SPY, 'quantity': 249.0}]",0.0
2024-05-01 12:30:00-04:00,100356.10085327149,-24988.90036743164,"[{'asset': SPY, 'quantity': 250.0}]",0.0
2024-05-01 15:30:00-04:00,100356.10085327149,-25490.280372314453,"[{'asset': SPY, 'quantity': 251.0}]",0.0
2024-05-01 18:30:00-04:00,100356.10085327149,-25991.660377197266,"[{'asset': SPY, 'quantity': 252.0}]",0.0
2024-05-01 18:25:00-04:00,100356.10085327149,-25991.660377197266,"[{'asset': SPY, 'quantity': 252.0}]",0.0
2024-05-02 08:30:00-04:00,101054.1380847168,-25991.660377197266,"[{'asset': SPY, 'quantity': 252.0}]",0.006955603351568085
2024-05-02 09:30:00-04:00,101054.1380847168,-25991.660377197266,"[{'asset': SPY, 'quantity': 252.0}]",0.0
2024-05-02 09:30:00-04:00,101054.1380847168,-25991.660377197266,"[{'asset': SPY, 'quantity': 252.0}]",0.0
2024-05-02 12:30:00-04:00,101054.1380847168,-26495.81037109375,"[{'asset': SPY, 'quantity': 253.0}]",0.0
2024-05-02 15:30:00-04:00,101054.1380847168,-26999.960364990235,"[{'asset': SPY, 'quantity': 254.0}]",0.0
2024-05-02 18:30:00-04:00,101054.1380847168,-27504.11035888672,"[{'asset': SPY, 'quantity': 255.0}]",0.0
2024-05-02 18:25:00-04:00,101054.1380847168,-27504.11035888672,"[{'asset': SPY, 'quantity': 255.0}]",0.0
2024-05-03 08:30:00-04:00,102841.69057495118,-27504.11035888672,"[{'asset': SPY, 'quantity': 255.0}]",0.017689057807170894
2024-05-03 09:30:00-04:00,102841.69057495118,-27504.11035888672,"[{'asset': SPY, 'quantity': 255.0}]",0.0
2024-05-03 09:30:00-04:00,102841.69057495118,-27504.11035888672,"[{'asset': SPY, 'quantity': 255.0}]",0.0
2024-05-03 12:30:00-04:00,102841.69057495118,-28015.27036254883,"[{'asset': SPY, 'quantity': 256.0}]",0.0
2024-05-03 15:30:00-04:00,102841.69057495118,-28526.430366210938,"[{'asset': SPY, 'quantity': 257.0}]",0.0
2024-05-03 18:30:00-04:00,102841.69057495118,-29037.590369873047,"[{'asset': SPY, 'quantity': 258.0}]",0.0
2024-05-03 18:25:00-04:00,102841.69057495118,-29037.590369873047,"[{'asset': SPY, 'quantity': 258.0}]",0.0
2024-05-06 08:30:00-04:00,103509.90963012696,-29037.590369873047,"[{'asset': SPY, 'quantity': 258.0}]",0.006497550277907882
2024-05-06 09:30:00-04:00,103509.90963012696,-29037.590369873047,"[{'asset': SPY, 'quantity': 258.0}]",0.0
2024-05-06 09:30:00-04:00,103509.90963012696,-29037.590369873047,"[{'asset': SPY, 'quantity': 258.0}]",0.0
2024-05-06 12:30:00-04:00,103509.90963012696,-29551.340369873047,"[{'asset': SPY, 'quantity': 259.0}]",0.0
2024-05-06 15:30:00-04:00,103509.90963012696,-30065.090369873047,"[{'asset': SPY, 'quantity': 260.0}]",0.0
2024-05-06 18:30:00-04:00,103509.90963012696,-30578.840369873047,"[{'asset': SPY, 'quantity': 261.0}]",0.0
2024-05-06 18:25:00-04:00,103509.90963012696,-30578.840369873047,"[{'asset': SPY, 'quantity': 261.0}]",0.0
2024-05-07 08:30:00-04:00,104504.31899291993,-30578.840369873047,"[{'asset': SPY, 'quantity': 261.0}]",0.009606900115614936
2024-05-07 09:30:00-04:00,104504.31899291993,-30578.840369873047,"[{'asset': SPY, 'quantity': 261.0}]",0.0
2024-05-07 09:30:00-04:00,104504.31899291993,-30578.840369873047,"[{'asset': SPY, 'quantity': 261.0}]",0.0
2024-05-07 12:30:00-04:00,104504.31899291993,-31096.40036743164,"[{'asset': SPY, 'quantity': 262.0}]",0.0
2024-05-07 15:30:00-04:00,104504.31899291993,-31613.960364990235,"[{'asset': SPY, 'quantity': 263.0}]",0.0
2024-05-07 18:30:00-04:00,104504.31899291993,-32131.52036254883,"[{'asset': SPY, 'quantity': 264.0}]",0.0
2024-05-07 18:25:00-04:00,104504.31899291993,-32131.52036254883,"[{'asset': SPY, 'quantity': 264.0}]",0.0
2024-05-08 08:30:00-04:00,103897.12221557618,-32131.52036254883,"[{'asset': SPY, 'quantity': 264.0}]",-0.005810255338680181
2024-05-08 09:30:00-04:00,103897.12221557618,-32131.52036254883,"[{'asset': SPY, 'quantity': 264.0}]",0.0
2024-05-08 09:30:00-04:00,103897.12221557618,-32131.52036254883,"[{'asset': SPY, 'quantity': 264.0}]",0.0
2024-05-08 12:30:00-04:00,103897.12221557618,-32646.780372314453,"[{'asset': SPY, 'quantity': 265.0}]",0.0
2024-05-08 15:30:00-04:00,103897.12221557618,-33162.04038208008,"[{'asset': SPY, 'quantity': 266.0}]",0.0
2024-05-08 18:30:00-04:00,103897.12221557618,-33677.3003918457,"[{'asset': SPY, 'quantity': 267.0}]",0.0
2024-05-08 18:25:00-04:00,103897.12221557618,-33677.3003918457,"[{'asset': SPY, 'quantity': 267.0}]",0.0
2024-05-09 08:30:00-04:00,104463.16091186524,-33677.3003918457,"[{'asset': SPY, 'quantity': 267.0}]",0.00544806905348727
2024-05-09 09:30:00-04:00,104463.16091186524,-33677.3003918457,"[{'asset': SPY, 'quantity': 267.0}]",0.0
2024-05-09 09:30:00-04:00,104463.16091186524,-33677.3003918457,"[{'asset': SPY, 'quantity': 267.0}]",0.0
2024-05-09 12:30:00-04:00,104463.16091186524,-34194.680396728516,"[{'asset': SPY, 'quantity': 268.0}]",0.0
2024-05-09 15:30:00-04:00,104463.16091186524,-34712.06040161133,"[{'asset': SPY, 'quantity': 269.0}]",0.0
2024-05-09 18:30:00-04:00,104463.16091186524,-35229.44040649414,"[{'asset': SPY, 'quantity': 270.0}]",0.0
2024-05-09 18:25:00-04:00,104463.16091186524,-35229.44040649414,"[{'asset': SPY, 'quantity': 270.0}]",0.0
2024-05-10 08:30:00-04:00,105659.25893432618,-35229.44040649414,"[{'asset': SPY, 'quantity': 270.0}]",0.011449950509061058
2024-05-10 09:30:00-04:00,105659.25893432618,-35229.44040649414,"[{'asset': SPY, 'quantity': 270.0}]",0.0
2024-05-10 09:30:00-04:00,105659.25893432618,-35229.44040649414,"[{'asset': SPY, 'quantity': 270.0}]",0.0
2024-05-10 12:30:00-04:00,105659.25893432618,-35751.250404052735,"[{'asset': SPY, 'quantity': 271.0}]",0.0
2024-05-10 15:30:00-04:00,105659.25893432618,-36273.06040161133,"[{'asset': SPY, 'quantity': 272.0}]",0.0
2024-05-10 18:30:00-04:00,105659.25893432618,-36794.87039916992,"[{'asset': SPY, 'quantity': 273.0}]",0.0
2024-05-10 18:25:00-04:00,105659.25893432618,-36794.87039916992,"[{'asset': SPY, 'quantity': 273.0}]",0.0
2024-05-13 08:30:00-04:00,105864.00893432618,-36794.87039916992,"[{'asset': SPY, 'quantity': 273.0}]",0.0019378330121286869
2024-05-13 09:30:00-04:00,105864.00893432618,-36794.87039916992,"[{'asset': SPY, 'quantity': 273.0}]",0.0
2024-05-13 09:30:00-04:00,105864.00893432618,-36794.87039916992,"[{'asset': SPY, 'quantity': 273.0}]",0.0
2024-05-13 12:30:00-04:00,105864.00893432618,-37317.430396728516,"[{'asset': SPY, 'quantity': 274.0}]",0.0
2024-05-13 15:30:00-04:00,105864.00893432618,-37839.99039428711,"[{'asset': SPY, 'quantity': 275.0}]",0.0
2024-05-13 18:30:00-04:00,105864.00893432618,-38362.5503918457,"[{'asset': SPY, 'quantity': 276.0}]",0.0
2024-05-13 18:25:00-04:00,105864.00893432618,-38362.5503918457,"[{'asset': SPY, 'quantity': 276.0}]",0.0
2024-05-14 08:30:00-04:00,105463.80556518555,-38362.5503918457,"[{'asset': SPY, 'quantity': 276.0}]",-0.003780353428603833
2024-05-14 09:30:00-04:00,105463.80556518555,-38362.5503918457,"[{'asset': SPY, 'quantity': 276.0}]",0.0
2024-05-14 09:30:00-04:00,105463.80556518555,-38362.5503918457,"[{'asset': SPY, 'quantity': 276.0}]",0.0
2024-05-14 12:30:00-04:00,105463.80556518555,-38883.660377197266,"[{'asset': SPY, 'quantity': 277.0}]",0.0
2024-05-14 15:30:00-04:00,105463.80556518555,-39404.77036254883,"[{'asset': SPY, 'quantity': 278.0}]",0.0
2024-05-14 18:30:00-04:00,105463.80556518555,-39925.88034790039,"[{'asset': SPY, 'quantity': 279.0}]",0.0
2024-05-14 18:25:00-04:00,105463.80556518555,-39925.88034790039,"[{'asset': SPY, 'quantity': 279.0}]",0.0
2024-05-15 08:30:00-04:00,106780.69442016602,-39925.88034790039,"[{'asset': SPY, 'quantity': 279.0}]",0.012486642672556725
2024-05-15 09:30:00-04:00,106780.69442016602,-39925.88034790039,"[{'asset': SPY, 'quantity': 279.0}]",0.0
2024-05-15 09:30:00-04:00,106780.69442016602,-39925.88034790039,"[{'asset': SPY, 'quantity': 279.0}]",0.0
2024-05-15 12:30:00-04:00,106780.69442016602,-40451.710364990235,"[{'asset': SPY, 'quantity': 280.0}]",0.0
2024-05-15 15:30:00-04:00,106780.69442016602,-40977.54038208008,"[{'asset': SPY, 'quantity': 281.0}]",0.0
2024-05-15 18:30:00-04:00,106780.69442016602,-41503.37039916992,"[{'asset': SPY, 'quantity': 282.0}]",0.0
2024-05-15 18:25:00-04:00,106780.69442016602,-41503.37039916992,"[{'asset': SPY, 'quantity': 282.0}]",0.0
2024-05-16 08:30:00-04:00,107922.79097778321,-41503.37039916992,"[{'asset': SPY, 'quantity': 282.0}]",0.01069572139251318
2024-05-16 09:30:00-04:00,107922.79097778321,-41503.37039916992,"[{'asset': SPY, 'quantity': 282.0}]",0.0
2024-05-16 09:30:00-04:00,107922.79097778321,-41503.37039916992,"[{'asset': SPY, 'quantity': 282.0}]",0.0
2024-05-16 12:30:00-04:00,107922.79097778321,-42033.250404052735,"[{'asset': SPY, 'quantity': 283.0}]",0.0
2024-05-16 15:30:00-04:00,107922.79097778321,-42563.13040893555,"[{'asset': SPY, 'quantity': 284.0}]",0.0
2024-05-16 18:30:00-04:00,107922.79097778321,-43093.01041381836,"[{'asset': SPY, 'quantity': 285.0}]",0.0
2024-05-16 18:25:00-04:00,107922.79097778321,-43093.01041381836,"[{'asset': SPY, 'quantity': 285.0}]",0.0
2024-05-17 08:30:00-04:00,107617.83889038087,-43093.01041381836,"[{'asset': SPY, 'quantity': 285.0}]",-0.002825650491795728
2024-05-17 09:30:00-04:00,107617.83889038087,-43093.01041381836,"[{'asset': SPY, 'quantity': 285.0}]",0.0
2024-05-17 09:30:00-04:00,107617.83889038087,-43093.01041381836,"[{'asset': SPY, 'quantity': 285.0}]",0.0
2024-05-17 12:30:00-04:00,107617.83889038087,-43621.82041137695,"[{'asset': SPY, 'quantity': 286.0}]",0.0
2024-05-17 15:30:00-04:00,107617.83889038087,-44150.63040893555,"[{'asset': SPY, 'quantity': 287.0}]",0.0
2024-05-17 18:30:00-04:00,107617.83889038087,-44679.44040649414,"[{'asset': SPY, 'quantity': 288.0}]",0.0
2024-05-17 18:25:00-04:00,107617.83889038087,-44679.44040649414,"[{'asset': SPY, 'quantity': 288.0}]",0.0
2024-05-20 08:30:00-04:00,107836.72170288087,-44679.44040649414,"[{'asset': SPY, 'quantity': 288.0}]",0.0020338896855469635
2024-05-20 09:30:00-04:00,107836.72170288087,-44679.44040649414,"[{'asset': SPY, 'quantity': 288.0}]",0.0
2024-05-20 09:30:00-04:00,107836.72170288087,-44679.44040649414,"[{'asset': SPY, 'quantity': 288.0}]",0.0
2024-05-20 12:30:00-04:00,107836.72170288087,-45209.01041381836,"[{'asset': SPY, 'quantity': 289.0}]",0.0
2024-05-20 15:30:00-04:00,107836.72170288087,-45738.58042114258,"[{'asset': SPY, 'quantity': 290.0}]",0.0
2024-05-20 18:30:00-04:00,107836.72170288087,-46268.1504284668,"[{'asset': SPY, 'quantity': 291.0}]",0.0
2024-05-20 18:25:00-04:00,107836.72170288087,-46268.1504284668,"[{'asset': SPY, 'quantity': 291.0}]",0.0
2024-05-21 08:30:00-04:00,107752.33809692384,-46268.1504284668,"[{'asset': SPY, 'quantity': 291.0}]",-0.0007825127157474743
2024-05-21 09:30:00-04:00,107752.33809692384,-46268.1504284668,"[{'asset': SPY, 'quantity': 291.0}]",0.0
2024-05-21 09:30:00-04:00,107752.33809692384,-46268.1504284668,"[{'asset': SPY, 'quantity': 291.0}]",0.0
2024-05-21 12:30:00-04:00,107752.33809692384,-46797.43045776367,"[{'asset': SPY, 'quantity': 292.0}]",0.0
2024-05-21 15:30:00-04:00,107752.33809692384,-47326.71048706055,"[{'asset': SPY, 'quantity': 293.0}]",0.0
2024-05-21 18:30:00-04:00,107752.33809692384,-47855.99051635742,"[{'asset': SPY, 'quantity': 294.0}]",0.0
2024-05-21 18:25:00-04:00,107752.33809692384,-47855.99051635742,"[{'asset': SPY, 'quantity': 294.0}]",0.0
2024-05-22 08:30:00-04:00,108155.11666137696,-47855.99051635742,"[{'asset': SPY, 'quantity': 294.0}]",0.0037380030128981723
2024-05-22 09:30:00-04:00,108155.11666137696,-47855.99051635742,"[{'asset': SPY, 'quantity': 294.0}]",0.0
2024-05-22 09:30:00-04:00,108155.11666137696,-47855.99051635742,"[{'asset': SPY, 'quantity': 294.0}]",0.0
2024-05-22 12:30:00-04:00,108155.11666137696,-48386.640540771485,"[{'asset': SPY, 'quantity': 295.0}]",0.0
2024-05-22 15:30:00-04:00,108155.11666137696,-48917.29056518555,"[{'asset': SPY, 'quantity': 296.0}]",0.0
2024-05-22 18:30:00-04:00,108155.11666137696,-49447.94058959961,"[{'asset': SPY, 'quantity': 297.0}]",0.0
2024-05-22 18:25:00-04:00,108155.11666137696,-49447.94058959961,"[{'asset': SPY, 'quantity': 297.0}]",0.0
2024-05-23 08:30:00-04:00,108841.1859362793,-49447.94058959961,"[{'asset': SPY, 'quantity': 297.0}]",0.00634338250542843
2024-05-23 09:30:00-04:00,108841.1859362793,-49447.94058959961,"[{'asset': SPY, 'quantity': 297.0}]",0.0
2024-05-23 09:30:00-04:00,108841.1859362793,-49447.94058959961,"[{'asset': SPY, 'quantity': 297.0}]",0.0
2024-05-23 12:30:00-04:00,108841.1859362793,-49980.900611572266,"[{'asset': SPY, 'quantity': 298.0}]",0.0
2024-05-23 15:30:00-04:00,108841.1859362793,-50513.86063354492,"[{'asset': SPY, 'quantity': 299.0}]",0.0
2024-05-23 18:30:00-04:00,108841.1859362793,-51046.82065551758,"[{'asset': SPY, 'quantity': 300.0}]",0.0
2024-05-23 18:25:00-04:00,108841.1859362793,-51046.82065551758,"[{'asset': SPY, 'quantity': 300.0}]",0.0
2024-05-24 08:30:00-04:00,107308.17202026368,-51046.82065551758,"[{'asset': SPY, 'quantity': 300.0}]",-0.014084869645881293
2024-05-24 09:30:00-04:00,107308.17202026368,-51046.82065551758,"[{'asset': SPY, 'quantity': 300.0}]",0.0
2024-05-24 09:30:00-04:00,107308.17202026368,-51046.82065551758,"[{'asset': SPY, 'quantity': 300.0}]",0.0
2024-05-24 12:30:00-04:00,107308.17202026368,-51574.670631103516,"[{'asset': SPY, 'quantity': 301.0}]",0.0
2024-05-24 15:30:00-04:00,107308.17202026368,-52102.52060668945,"[{'asset': SPY, 'quantity': 302.0}]",0.0
2024-05-24 18:30:00-04:00,107308.17202026368,-52630.37058227539,"[{'asset': SPY, 'quantity': 303.0}]",0.0
2024-05-24 18:25:00-04:00,107308.17202026368,-52630.37058227539,"[{'asset': SPY, 'quantity': 303.0}]",0.0
2024-05-28 08:30:00-04:00,108041.44533569337,-52630.37058227539,"[{'asset': SPY, 'quantity': 303.0}]",0.006833340850231018
2024-05-28 09:30:00-04:00,108041.44533569337,-52630.37058227539,"[{'asset': SPY, 'quantity': 303.0}]",0.0
2024-05-28 09:30:00-04:00,108041.44533569337,-52630.37058227539,"[{'asset': SPY, 'quantity': 303.0}]",0.0
2024-05-28 12:30:00-04:00,108041.44533569337,-53160.64060180664,"[{'asset': SPY, 'quantity': 304.0}]",0.0
2024-05-28 15:30:00-04:00,108041.44533569337,-53690.91062133789,"[{'asset': SPY, 'quantity': 305.0}]",0.0
2024-05-28 18:30:00-04:00,108041.44533569337,-54221.18064086914,"[{'asset': SPY, 'quantity': 306.0}]",0.0
2024-05-28 18:25:00-04:00,108041.44533569337,-54221.18064086914,"[{'asset': SPY, 'quantity': 306.0}]",0.0
2024-05-29 08:30:00-04:00,106636.89711791993,-54221.18064086914,"[{'asset': SPY, 'quantity': 306.0}]",-0.013000087266598404
2024-05-29 09:30:00-04:00,106636.89711791993,-54221.18064086914,"[{'asset': SPY, 'quantity': 306.0}]",0.0
2024-05-29 09:30:00-04:00,106636.89711791993,-54221.18064086914,"[{'asset': SPY, 'quantity': 306.0}]",0.0
2024-05-29 12:30:00-04:00,106636.89711791993,-54746.86063354492,"[{'asset': SPY, 'quantity': 307.0}]",0.0
2024-05-29 15:30:00-04:00,106636.89711791993,-55272.5406262207,"[{'asset': SPY, 'quantity': 308.0}]",0.0
2024-05-29 18:30:00-04:00,106636.89711791993,-55798.220618896485,"[{'asset': SPY, 'quantity': 309.0}]",0.0
2024-05-29 18:25:00-04:00,106636.89711791993,-55798.220618896485,"[{'asset': SPY, 'quantity': 309.0}]",0.0
2024-05-30 08:30:00-04:00,106278.46541625977,-55798.220618896485,"[{'asset': SPY, 'quantity': 309.0}]",-0.0033612352886055463
2024-05-30 09:30:00-04:00,106278.46541625977,-55798.220618896485,"[{'asset': SPY, 'quantity': 309.0}]",0.0
2024-05-30 09:30:00-04:00,106278.46541625977,-55798.220618896485,"[{'asset': SPY, 'quantity': 309.0}]",0.0
2024-05-30 12:30:00-04:00,106278.46541625977,-56322.740638427735,"[{'asset': SPY, 'quantity': 310.0}]",0.0
2024-05-30 15:30:00-04:00,106278.46541625977,-56847.260657958985,"[{'asset': SPY, 'quantity': 311.0}]",0.0
2024-05-30 18:30:00-04:00,106278.46541625977,-57371.780677490235,"[{'asset': SPY, 'quantity': 312.0}]",0.0
2024-05-30 18:25:00-04:00,106278.46541625977,-57371.780677490235,"[{'asset': SPY, 'quantity': 312.0}]",0.0
2024-05-31 08:30:00-04:00,105988.30770141602,-57371.780677490235,"[{'asset': SPY, 'quantity': 312.0}]",-0.0027301647018264097
2024-05-31 09:30:00-04:00,105988.30770141602,-57371.780677490235,"[{'asset': SPY, 'quantity': 312.0}]",0.0
2024-05-31 09:30:00-04:00,105988.30770141602,-57371.780677490235,"[{'asset': SPY, 'quantity': 312.0}]",0.0
2024-05-31 12:30:00-04:00,105988.30770141602,-57895.3707043457,"[{'asset': SPY, 'quantity': 313.0}]",0.0
2024-05-31 15:30:00-04:00,105988.30770141602,-58418.96073120117,"[{'asset': SPY, 'quantity': 314.0}]",0.0
2024-05-31 18:30:00-04:00,105988.30770141602,-58942.55075805664,"[{'asset': SPY, 'quantity': 315.0}]",0.0
2024-05-31 18:25:00-04:00,105988.30770141602,-58942.55075805664,"[{'asset': SPY, 'quantity': 315.0}]",0.0
2024-06-03 08:30:00-04:00,107698.75539428712,-58942.55075805664,"[{'asset': SPY, 'quantity': 315.0}]",0.016138079095381563
2024-06-03 09:30:00-04:00,107698.75539428712,-58942.55075805664,"[{'asset': SPY, 'quantity': 315.0}]",0.0
2024-06-03 09:30:00-04:00,107698.75539428712,-58942.55075805664,"[{'asset': SPY, 'quantity': 315.0}]",0.0
2024-06-03 12:30:00-04:00,107698.75539428712,-59471.57077758789,"[{'asset': SPY, 'quantity': 316.0}]",0.0
2024-06-03 15:30:00-04:00,107698.75539428712,-60000.59079711914,"[{'asset': SPY, 'quantity': 317.0}]",0.0
2024-06-03 18:30:00-04:00,107698.75539428712,-60529.61081665039,"[{'asset': SPY, 'quantity': 318.0}]",0.0
2024-06-03 18:25:00-04:00,107698.75539428712,-60529.61081665039,"[{'asset': SPY, 'quantity': 318.0}]",0.0
2024-06-04 08:30:00-04:00,106884.6761706543,-60529.61081665039,"[{'asset': SPY, 'quantity': 318.0}]",-0.007558854516493296
2024-06-04 09:30:00-04:00,106884.6761706543,-60529.61081665039,"[{'asset': SPY, 'quantity': 318.0}]",0.0
2024-06-04 09:30:00-04:00,106884.6761706543,-60529.61081665039,"[{'asset': SPY, 'quantity': 318.0}]",0.0
2024-06-04 12:30:00-04:00,106884.6761706543,-61056.07083862305,"[{'asset': SPY, 'quantity': 319.0}]",0.0
2024-06-04 15:30:00-04:00,106884.6761706543,-61582.5308605957,"[{'asset': SPY, 'quantity': 320.0}]",0.0
2024-06-04 18:30:00-04:00,106884.6761706543,-62108.99088256836,"[{'asset': SPY, 'quantity': 321.0}]",0.0
2024-06-04 18:25:00-04:00,106884.6761706543,-62108.99088256836,"[{'asset': SPY, 'quantity': 321.0}]",0.0
2024-06-05 08:30:00-04:00,108268.1853869629,-62108.99088256836,"[{'asset': SPY, 'quantity': 321.0}]",0.01294394356492834
2024-06-05 09:30:00-04:00,108268.1853869629,-62108.99088256836,"[{'asset': SPY, 'quantity': 321.0}]",0.0
2024-06-05 09:30:00-04:00,108268.1853869629,-62108.99088256836,"[{'asset': SPY, 'quantity': 321.0}]",0.0
2024-06-05 12:30:00-04:00,108268.1853869629,-62639.76090209961,"[{'asset': SPY, 'quantity': 322.0}]",0.0
2024-06-05 15:30:00-04:00,108268.1853869629,-63170.53092163086,"[{'asset': SPY, 'quantity': 323.0}]",0.0
2024-06-05 18:30:00-04:00,108268.1853869629,-63701.30094116211,"[{'asset': SPY, 'quantity': 324.0}]",0.0
2024-06-05 18:25:00-04:00,108268.1853869629,-63701.30094116211,"[{'asset': SPY, 'quantity': 324.0}]",0.0
2024-06-06 08:30:00-04:00,109632.2127307129,-63701.30094116211,"[{'asset': SPY, 'quantity': 324.0}]",0.012598597998801031
2024-06-06 09:30:00-04:00,109632.2127307129,-63701.30094116211,"[{'asset': SPY, 'quantity': 324.0}]",0.0
2024-06-06 09:30:00-04:00,109632.2127307129,-63701.30094116211,"[{'asset': SPY, 'quantity': 324.0}]",0.0
2024-06-06 12:30:00-04:00,109632.2127307129,-64236.28092163086,"[{'asset': SPY, 'quantity': 325.0}]",0.0
2024-06-06 15:30:00-04:00,109632.2127307129,-64771.26090209961,"[{'asset': SPY, 'quantity': 326.0}]",0.0
2024-06-06 18:30:00-04:00,109632.2127307129,-65306.24088256836,"[{'asset': SPY, 'quantity': 327.0}]",0.0
2024-06-06 18:25:00-04:00,109632.2127307129,-65306.24088256836,"[{'asset': SPY, 'quantity': 327.0}]",0.0
2024-06-07 08:30:00-04:00,109200.57033569337,-65306.24088256836,"[{'asset': SPY, 'quantity': 327.0}]",-0.003937185834967716
2024-06-07 09:30:00-04:00,109200.57033569337,-65306.24088256836,"[{'asset': SPY, 'quantity': 327.0}]",0.0
2024-06-07 09:30:00-04:00,109200.57033569337,-65306.24088256836,"[{'asset': SPY, 'quantity': 327.0}]",0.0
2024-06-07 12:30:00-04:00,109200.57033569337,-65839.90085571288,"[{'asset': SPY, 'quantity': 328.0}]",0.0
2024-06-07 15:30:00-04:00,109200.57033569337,-66373.56082885741,"[{'asset': SPY, 'quantity': 329.0}]",0.0
2024-06-07 18:30:00-04:00,109200.57033569337,-66907.22080200195,"[{'asset': SPY, 'quantity': 330.0}]",0.0
2024-06-07 18:25:00-04:00,109200.57033569337,-66907.22080200195,"[{'asset': SPY, 'quantity': 330.0}]",0.0
2024-06-10 08:30:00-04:00,109042.17678100587,-66907.22080200195,"[{'asset': SPY, 'quantity': 330.0}]",-0.0014504828518805413
2024-06-10 09:30:00-04:00,109042.17678100587,-66907.22080200195,"[{'asset': SPY, 'quantity': 330.0}]",0.0
2024-06-10 09:30:00-04:00,109042.17678100587,-66907.22080200195,"[{'asset': SPY, 'quantity': 330.0}]",0.0
2024-06-10 12:30:00-04:00,109042.17678100587,-67440.40079467773,"[{'asset': SPY, 'quantity': 331.0}]",0.0
2024-06-10 15:30:00-04:00,109042.17678100587,-67973.58078735351,"[{'asset': SPY, 'quantity': 332.0}]",0.0
2024-06-10 18:30:00-04:00,109042.17678100587,-68506.76078002929,"[{'asset': SPY, 'quantity': 333.0}]",0.0
2024-06-10 18:25:00-04:00,109042.17678100587,-68506.76078002929,"[{'asset': SPY, 'quantity': 333.0}]",0.0
2024-06-11 08:30:00-04:00,109338.55165893555,-68506.76078002929,"[{'asset': SPY, 'quantity': 333.0}]",0.0027179838726523187
2024-06-11 09:30:00-04:00,109338.55165893555,-68506.76078002929,"[{'asset': SPY, 'quantity': 333.0}]",0.0
2024-06-11 09:30:00-04:00,109338.55165893555,-68506.76078002929,"[{'asset': SPY, 'quantity': 333.0}]",0.0
2024-06-11 12:30:00-04:00,109338.55165893555,-69040.83078735351,"[{'asset': SPY, 'quantity': 334.0}]",0.0
2024-06-11 15:30:00-04:00,109338.55165893555,-69574.90079467773,"[{'asset': SPY, 'quantity': 335.0}]",0.0
2024-06-11 18:30:00-04:00,109338.55165893555,-70108.97080200195,"[{'asset': SPY, 'quantity': 336.0}]",0.0
2024-06-11 18:25:00-04:00,109338.55165893555,-70108.97080200195,"[{'asset': SPY, 'quantity': 336.0}]",0.0
2024-06-12 08:30:00-04:00,111878.71083862305,-70108.97080200195,"[{'asset': SPY, 'quantity': 336.0}]",0.02323205439570053
2024-06-12 09:30:00-04:00,111878.71083862305,-70108.97080200195,"[{'asset': SPY, 'quantity': 336.0}]",0.0
2024-06-12 09:30:00-04:00,111878.71083862305,-70108.97080200195,"[{'asset': SPY, 'quantity': 336.0}]",0.0
2024-06-12 12:30:00-04:00,111878.71083862305,-70650.60080688476,"[{'asset': SPY, 'quantity': 337.0}]",0.0
2024-06-12 15:30:00-04:00,111878.71083862305,-71192.23081176757,"[{'asset': SPY, 'quantity': 338.0}]",0.0
2024-06-12 18:30:00-04:00,111878.71083862305,-71733.86081665038,"[{'asset': SPY, 'quantity': 339.0}]",0.0
2024-06-12 18:25:00-04:00,111878.71083862305,-71733.86081665038,"[{'asset': SPY, 'quantity': 339.0}]",0.0
2024-06-13 08:30:00-04:00,112393.9974597168,-71733.86081665038,"[{'asset': SPY, 'quantity': 339.0}]",0.004605761160735966
2024-06-13 09:30:00-04:00,112393.9974597168,-71733.86081665038,"[{'asset': SPY, 'quantity': 339.0}]",0.0
2024-06-13 09:30:00-04:00,112393.9974597168,-71733.86081665038,"[{'asset': SPY, 'quantity': 339.0}]",0.0
2024-06-13 12:30:00-04:00,112393.9974597168,-72277.01084106445,"[{'asset': SPY, 'quantity': 340.0}]",0.0
2024-06-13 15:30:00-04:00,112393.9974597168,-72820.16086547851,"[{'asset': SPY, 'quantity': 341.0}]",0.0
2024-06-13 18:30:00-04:00,112393.9974597168,-73363.31088989257,"[{'asset': SPY, 'quantity': 342.0}]",0.0
2024-06-13 18:25:00-04:00,112393.9974597168,-73363.31088989257,"[{'asset': SPY, 'quantity': 342.0}]",0.0
2024-06-14 08:30:00-04:00,111617.6507800293,-73363.31088989257,"[{'asset': SPY, 'quantity': 342.0}]",-0.006907367806414655
2024-06-14 09:30:00-04:00,111617.6507800293,-73363.31088989257,"[{'asset': SPY, 'quantity': 342.0}]",0.0
2024-06-14 09:30:00-04:00,111617.6507800293,-73363.31088989257,"[{'asset': SPY, 'quantity': 342.0}]",0.0
2024-06-14 12:30:00-04:00,111617.6507800293,-73904.19089477538,"[{'asset': SPY, 'quantity': 343.0}]",0.0
2024-06-14 15:30:00-04:00,111617.6507800293,-74445.0708996582,"[{'asset': SPY, 'quantity': 344.0}]",0.0
2024-06-14 18:30:00-04:00,111617.6507800293,-74985.95090454101,"[{'asset': SPY, 'quantity': 345.0}]",0.0
2024-06-14 18:25:00-04:00,111617.6507800293,-74985.95090454101,"[{'asset': SPY, 'quantity': 345.0}]",0.0
2024-06-17 08:30:00-04:00,112031.65499145509,-74985.95090454101,"[{'asset': SPY, 'quantity': 345.0}]",0.00370912851625671
2024-06-17 09:30:00-04:00,112031.65499145509,-74985.95090454101,"[{'asset': SPY, 'quantity': 345.0}]",0.0
2024-06-17 09:30:00-04:00,112031.65499145509,-74985.95090454101,"[{'asset': SPY, 'quantity': 345.0}]",0.0
2024-06-17 12:30:00-04:00,112031.65499145509,-75528.03092163085,"[{'asset': SPY, 'quantity': 346.0}]",0.0
2024-06-17 15:30:00-04:00,112031.65499145509,-76070.1109387207,"[{'asset': SPY, 'quantity': 347.0}]",0.0
2024-06-17 18:30:00-04:00,112031.65499145509,-76612.19095581054,"[{'asset': SPY, 'quantity': 348.0}]",0.0
2024-06-17 18:25:00-04:00,112031.65499145509,-76612.19095581054,"[{'asset': SPY, 'quantity': 348.0}]",0.0
2024-06-18 08:30:00-04:00,113799.47969848634,-76612.19095581054,"[{'asset': SPY, 'quantity': 348.0}]",0.015779689295548627
2024-06-18 09:30:00-04:00,113799.47969848634,-76612.19095581054,"[{'asset': SPY, 'quantity': 348.0}]",0.0
2024-06-18 09:30:00-04:00,113799.47969848634,-76612.19095581054,"[{'asset': SPY, 'quantity': 348.0}]",0.0
2024-06-18 12:30:00-04:00,113799.47969848634,-77159.35092895507,"[{'asset': SPY, 'quantity': 349.0}]",0.0
2024-06-18 15:30:00-04:00,113799.47969848634,-77706.5109020996,"[{'asset': SPY, 'quantity': 350.0}]",0.0
2024-06-18 18:30:00-04:00,113799.47969848634,-78253.67087524413,"[{'asset': SPY, 'quantity': 351.0}]",0.0
2024-06-18 18:25:00-04:00,113799.47969848634,-78253.67087524413,"[{'asset': SPY, 'quantity': 351.0}]",0.0
2024-06-20 08:30:00-04:00,114599.76998168946,-78253.67087524413,"[{'asset': SPY, 'quantity': 351.0}]",0.007032459949056991
2024-06-20 09:30:00-04:00,114599.76998168946,-78253.67087524413,"[{'asset': SPY, 'quantity': 351.0}]",0.0
2024-06-20 09:30:00-04:00,114599.76998168946,-78253.67087524413,"[{'asset': SPY, 'quantity': 351.0}]",0.0
2024-06-20 12:30:00-04:00,114599.76998168946,-78803.11087768554,"[{'asset': SPY, 'quantity': 352.0}]",0.0
2024-06-20 15:30:00-04:00,114599.76998168946,-79352.55088012695,"[{'asset': SPY, 'quantity': 353.0}]",0.0
2024-06-20 18:30:00-04:00,114599.76998168946,-79901.99088256835,"[{'asset': SPY, 'quantity': 354.0}]",0.0
2024-06-20 18:25:00-04:00,114599.76998168946,-79901.99088256835,"[{'asset': SPY, 'quantity': 354.0}]",0.0
2024-06-21 08:30:00-04:00,112815.61776000977,-79901.99088256835,"[{'asset': SPY, 'quantity': 354.0}]",-0.015568549762052353
2024-06-21 09:30:00-04:00,112815.61776000977,-79901.99088256835,"[{'asset': SPY, 'quantity': 354.0}]",0.0
2024-06-21 09:30:00-04:00,112815.61776000977,-79901.99088256835,"[{'asset': SPY, 'quantity': 354.0}]",0.0
2024-06-21 12:30:00-04:00,112815.61776000977,-80446.39090698241,"[{'asset': SPY, 'quantity': 355.0}]",0.0
2024-06-21 15:30:00-04:00,112815.61776000977,-80990.79093139648,"[{'asset': SPY, 'quantity': 356.0}]",0.0
2024-06-21 18:30:00-04:00,112815.61776000977,-81535.19095581054,"[{'asset': SPY, 'quantity': 357.0}]",0.0
2024-06-21 18:25:00-04:00,112815.61776000977,-81535.19095581054,"[{'asset': SPY, 'quantity': 357.0}]",0.0
2024-06-24 08:30:00-04:00,113418.58814526368,-80907.22795581054,"[{'asset': SPY, 'quantity': 357.0}]",0.0053447421307979415
2024-06-24 09:30:00-04:00,113418.58814526368,-80907.22795581054,"[{'asset': SPY, 'quantity': 357.0}]",0.0
2024-06-24 09:30:00-04:00,113418.58814526368,-80907.22795581054,"[{'asset': SPY, 'quantity': 357.0}]",0.0
2024-06-24 12:30:00-04:00,113418.58814526368,-81451.55797290038,"[{'asset': SPY, 'quantity': 358.0}]",0.0
2024-06-24 15:30:00-04:00,113418.58814526368,-81995.88798999022,"[{'asset': SPY, 'quantity': 359.0}]",0.0
2024-06-24 18:30:00-04:00,113418.58814526368,-82540.21800708007,"[{'asset': SPY, 'quantity': 360.0}]",0.0
2024-06-24 18:25:00-04:00,113418.58814526368,-82540.21800708007,"[{'asset': SPY, 'quantity': 360.0}]",0.0
2024-06-25 08:30:00-04:00,113296.17847729493,-82540.21800708007,"[{'asset': SPY, 'quantity': 360.0}]",-0.0010792734239644108
2024-06-25 09:30:00-04:00,113296.17847729493,-82540.21800708007,"[{'asset': SPY, 'quantity': 360.0}]",0.0
2024-06-25 09:30:00-04:00,113296.17847729493,-82540.21800708007,"[{'asset': SPY, 'quantity': 360.0}]",0.0
2024-06-25 12:30:00-04:00,113296.17847729493,-83084.20799731444,"[{'asset': SPY, 'quantity': 361.0}]",0.0
2024-06-25 15:30:00-04:00,113296.17847729493,-83628.19798754882,"[{'asset': SPY, 'quantity': 362.0}]",0.0
2024-06-25 18:30:00-04:00,113296.17847729493,-84172.1879777832,"[{'asset': SPY, 'quantity': 363.0}]",0.0
2024-06-25 18:25:00-04:00,113296.17847729493,-84172.1879777832,"[{'asset': SPY, 'quantity': 363.0}]",0.0
2024-06-26 08:30:00-04:00,113187.28290844728,-84172.1879777832,"[{'asset': SPY, 'quantity': 363.0}]",-0.0009611583577771032
2024-06-26 09:30:00-04:00,113187.28290844728,-84172.1879777832,"[{'asset': SPY, 'quantity': 363.0}]",0.0
2024-06-26 09:30:00-04:00,113187.28290844728,-84172.1879777832,"[{'asset': SPY, 'quantity': 363.0}]",0.0
2024-06-26 12:30:00-04:00,113187.28290844728,-84715.8779802246,"[{'asset': SPY, 'quantity': 364.0}]",0.0
2024-06-26 15:30:00-04:00,113187.28290844728,-85259.567982666,"[{'asset': SPY, 'quantity': 365.0}]",0.0
2024-06-26 18:30:00-04:00,113187.28290844728,-85803.25798510741,"[{'asset': SPY, 'quantity': 366.0}]",0.0
2024-06-26 18:25:00-04:00,113187.28290844728,-85803.25798510741,"[{'asset': SPY, 'quantity': 366.0}]",0.0
2024-06-27 08:30:00-04:00,113802.16022778321,-85803.25798510741,"[{'asset': SPY, 'quantity': 366.0}]",0.005432388723680903
2024-06-27 09:30:00-04:00,113802.16022778321,-85803.25798510741,"[{'asset': SPY, 'quantity': 366.0}]",0.0
2024-06-27 09:30:00-04:00,113802.16022778321,-85803.25798510741,"[{'asset': SPY, 'quantity': 366.0}]",0.0
2024-06-27 12:30:00-04:00,113802.16022778321,-86348.6279802246,"[{'asset': SPY, 'quantity': 367.0}]",0.0
2024-06-27 15:30:00-04:00,113802.16022778321,-86893.99797534179,"[{'asset': SPY, 'quantity': 368.0}]",0.0
2024-06-27 18:30:00-04:00,113802.16022778321,-87439.36797045897,"[{'asset': SPY, 'quantity': 369.0}]",0.0
2024-06-27 18:25:00-04:00,113802.16022778321,-87439.36797045897,"[{'asset': SPY, 'quantity': 369.0}]",0.0
2024-06-28 08:30:00-04:00,114462.66211987306,-87439.36797045897,"[{'asset': SPY, 'quantity': 369.0}]",0.005803948631271982
2024-06-28 09:30:00-04:00,114462.66211987306,-87439.36797045897,"[{'asset': SPY, 'quantity': 369.0}]",0.0
2024-06-28 09:30:00-04:00,114462.66211987306,-87439.36797045897,"[{'asset': SPY, 'quantity': 369.0}]",0.0
2024-06-28 12:30:00-04:00,114462.66211987306,-87986.5279436035,"[{'asset': SPY, 'quantity': 370.0}]",0.0
2024-06-28 15:30:00-04:00,114462.66211987306,-88533.68791674804,"[{'asset': SPY, 'quantity': 371.0}]",0.0
2024-06-28 18:30:00-04:00,114462.66211987306,-89080.84788989257,"[{'asset': SPY, 'quantity': 372.0}]",0.0
2024-06-28 18:25:00-04:00,114462.66211987306,-89080.84788989257,"[{'asset': SPY, 'quantity': 372.0}]",0.0
2024-07-01 08:30:00-04:00,113893.51392651368,-89080.84788989257,"[{'asset': SPY, 'quantity': 372.0}]",-0.0049723480375052365
2024-07-01 09:30:00-04:00,113893.51392651368,-89080.84788989257,"[{'asset': SPY, 'quantity': 372.0}]",0.0
2024-07-01 09:30:00-04:00,113893.51392651368,-89080.84788989257,"[{'asset': SPY, 'quantity': 372.0}]",0.0
2024-07-01 12:30:00-04:00,113893.51392651368,-89626.47789477538,"[{'asset': SPY, 'quantity': 373.0}]",0.0
2024-07-01 15:30:00-04:00,113893.51392651368,-90172.1078996582,"[{'asset': SPY, 'quantity': 374.0}]",0.0
2024-07-01 18:30:00-04:00,113893.51392651368,-90717.737904541,"[{'asset': SPY, 'quantity': 375.0}]",0.0
2024-07-01 18:25:00-04:00,113893.51392651368,-90717.737904541,"[{'asset': SPY, 'quantity': 375.0}]",0.0
2024-07-02 08:30:00-04:00,113169.76667309571,-90717.737904541,"[{'asset': SPY, 'quantity': 375.0}]",-0.0063545958717626805
2024-07-02 09:30:00-04:00,113169.76667309571,-90717.737904541,"[{'asset': SPY, 'quantity': 375.0}]",0.0
2024-07-02 09:30:00-04:00,113169.76667309571,-90717.737904541,"[{'asset': SPY, 'quantity': 375.0}]",0.0
2024-07-02 12:30:00-04:00,113169.76667309571,-91261.43791674804,"[{'asset': SPY, 'quantity': 376.0}]",0.0
2024-07-02 15:30:00-04:00,113169.76667309571,-91805.13792895507,"[{'asset': SPY, 'quantity': 377.0}]",0.0
2024-07-02 18:30:00-04:00,113169.76667309571,-92348.8379411621,"[{'asset': SPY, 'quantity': 378.0}]",0.0
2024-07-02 18:25:00-04:00,113169.76667309571,-92348.8379411621,"[{'asset': SPY, 'quantity': 378.0}]",0.0
2024-07-03 08:30:00-04:00,115055.98298168946,-92348.8379411621,"[{'asset': SPY, 'quantity': 378.0}]",0.016667139679118703
2024-07-03 09:30:00-04:00,115055.98298168946,-92348.8379411621,"[{'asset': SPY, 'quantity': 378.0}]",0.0
2024-07-03 09:30:00-04:00,115055.98298168946,-92348.8379411621,"[{'asset': SPY, 'quantity': 378.0}]",0.0
2024-07-03 12:30:00-04:00,115055.98298168946,-92897.5279436035,"[{'asset': SPY, 'quantity': 379.0}]",0.0
2024-07-03 15:30:00-04:00,115055.98298168946,-93446.21794604491,"[{'asset': SPY, 'quantity': 380.0}]",0.0
2024-07-03 15:25:00-04:00,115055.98298168946,-93446.21794604491,"[{'asset': SPY, 'quantity': 380.0}]",0.0
2024-07-05 08:30:00-04:00,116226.38947583009,-93446.21794604491,"[{'asset': SPY, 'quantity': 380.0}]",0.010172495717383878
2024-07-05 09:30:00-04:00,116226.38947583009,-93446.21794604491,"[{'asset': SPY, 'quantity': 380.0}]",0.0
2024-07-05 09:30:00-04:00,116226.38947583009,-93446.21794604491,"[{'asset': SPY, 'quantity': 380.0}]",0.0
2024-07-05 12:30:00-04:00,116226.38947583009,-93997.98796557616,"[{'asset': SPY, 'quantity': 381.0}]",0.0
2024-07-05 15:30:00-04:00,116226.38947583009,-94549.75798510741,"[{'asset': SPY, 'quantity': 382.0}]",0.0
2024-07-05 18:30:00-04:00,116226.38947583009,-95101.52800463866,"[{'asset': SPY, 'quantity': 383.0}]",0.0
2024-07-05 18:25:00-04:00,116226.38947583009,-95101.52800463866,"[{'asset': SPY, 'quantity': 383.0}]",0.0
2024-07-08 08:30:00-04:00,117631.99293041993,-95101.52800463866,"[{'asset': SPY, 'quantity': 383.0}]",0.012093668752242825
2024-07-08 09:30:00-04:00,117631.99293041993,-95101.52800463866,"[{'asset': SPY, 'quantity': 383.0}]",0.0
2024-07-08 09:30:00-04:00,117631.99293041993,-95101.52800463866,"[{'asset': SPY, 'quantity': 383.0}]",0.0
2024-07-08 12:30:00-04:00,117631.99293041993,-95656.96800708007,"[{'asset': SPY, 'quantity': 384.0}]",0.0
2024-07-08 15:30:00-04:00,117631.99293041993,-96212.40800952147,"[{'asset': SPY, 'quantity': 385.0}]",0.0
2024-07-08 18:30:00-04:00,117631.99293041993,-96767.84801196288,"[{'asset': SPY, 'quantity': 386.0}]",0.0
2024-07-08 18:25:00-04:00,117631.99293041993,-96767.84801196288,"[{'asset': SPY, 'quantity': 386.0}]",0.0
2024-07-09 08:30:00-04:00,117948.51575756837,-96767.84801196288,"[{'asset': SPY, 'quantity': 386.0}]",0.0026907886133975545
2024-07-09 09:30:00-04:00,117948.51575756837,-96767.84801196288,"[{'asset': SPY, 'quantity': 386.0}]",0.0
2024-07-09 09:30:00-04:00,117948.51575756837,-96767.84801196288,"[{'asset': SPY, 'quantity': 386.0}]",0.0
2024-07-09 12:30:00-04:00,117948.51575756837,-97324.1080217285,"[{'asset': SPY, 'quantity': 387.0}]",0.0
2024-07-09 15:30:00-04:00,117948.51575756837,-97880.36803149413,"[{'asset': SPY, 'quantity': 388.0}]",0.0
2024-07-09 18:30:00-04:00,117948.51575756837,-98436.62804125976,"[{'asset': SPY, 'quantity': 389.0}]",0.0
2024-07-09 18:25:00-04:00,117948.51575756837,-98436.62804125976,"[{'asset': SPY, 'quantity': 389.0}]",0.0
2024-07-10 08:30:00-04:00,118263.60480786134,-98436.62804125976,"[{'asset': SPY, 'quantity': 389.0}]",0.002671411744939567
2024-07-10 09:30:00-04:00,118263.60480786134,-98436.62804125976,"[{'asset': SPY, 'quantity': 389.0}]",0.0
2024-07-10 09:30:00-04:00,118263.60480786134,-98436.62804125976,"[{'asset': SPY, 'quantity': 389.0}]",0.0
2024-07-10 12:30:00-04:00,118263.60480786134,-98993.69804858397,"[{'asset': SPY, 'quantity': 390.0}]",0.0
2024-07-10 15:30:00-04:00,118263.60480786134,-99550.7680559082,"[{'asset': SPY, 'quantity': 391.0}]",0.0
2024-07-10 18:30:00-04:00,118263.60480786134,-100107.83806323241,"[{'asset': SPY, 'quantity': 392.0}]",0.0
2024-07-10 18:25:00-04:00,118263.60480786134,-100107.83806323241,"[{'asset': SPY, 'quantity': 392.0}]",0.0
2024-07-11 08:30:00-04:00,119976.64289379884,-100107.83806323241,"[{'asset': SPY, 'quantity': 392.0}]",0.014484913500824037
2024-07-11 09:30:00-04:00,119976.64289379884,-100107.83806323241,"[{'asset': SPY, 'quantity': 392.0}]",0.0
2024-07-11 09:30:00-04:00,119976.64289379884,-100107.83806323241,"[{'asset': SPY, 'quantity': 392.0}]",0.0
2024-07-11 12:30:00-04:00,119976.64289379884,-100669.27806567382,"[{'asset': SPY, 'quantity': 393.0}]",0.0
2024-07-11 15:30:00-04:00,119976.64289379884,-101230.71806811522,"[{'asset': SPY, 'quantity': 394.0}]",0.0
2024-07-11 18:30:00-04:00,119976.64289379884,-101792.15807055663,"[{'asset': SPY, 'quantity': 395.0}]",0.0
2024-07-11 18:25:00-04:00,119976.64289379884,-101792.15807055663,"[{'asset': SPY, 'quantity': 395.0}]",0.0
2024-07-12 08:30:00-04:00,118471.6938581543,-101792.15807055663,"[{'asset': SPY, 'quantity': 395.0}]",-0.012543683498267955
2024-07-12 09:30:00-04:00,118471.6938581543,-101792.15807055663,"[{'asset': SPY, 'quantity': 395.0}]",0.0
2024-07-12 09:30:00-04:00,118471.6938581543,-101792.15807055663,"[{'asset': SPY, 'quantity': 395.0}]",0.0
2024-07-12 12:30:00-04:00,118471.6938581543,-102349.78807543944,"[{'asset': SPY, 'quantity': 396.0}]",0.0
2024-07-12 15:30:00-04:00,118471.6938581543,-102907.41808032226,"[{'asset': SPY, 'quantity': 397.0}]",0.0
2024-07-12 18:30:00-04:00,118471.6938581543,-103465.04808520507,"[{'asset': SPY, 'quantity': 398.0}]",0.0
2024-07-12 18:25:00-04:00,118471.6938581543,-103465.04808520507,"[{'asset': SPY, 'quantity': 398.0}]",0.0
2024-07-15 08:30:00-04:00,120222.90357495118,-103465.04808520507,"[{'asset': SPY, 'quantity': 398.0}]",0.014781671973843835
2024-07-15 09:30:00-04:00,120222.90357495118,-103465.04808520507,"[{'asset': SPY, 'quantity': 398.0}]",0.0
2024-07-15 09:30:00-04:00,120222.90357495118,-103465.04808520507,"[{'asset': SPY, 'quantity': 398.0}]",0.0
2024-07-15 12:30:00-04:00,120222.90357495118,-104027.07811450194,"[{'asset': SPY, 'quantity': 399.0}]",0.0
2024-07-15 15:30:00-04:00,120222.90357495118,-104589.10814379882,"[{'asset': SPY, 'quantity': 400.0}]",0.0
2024-07-15 18:30:00-04:00,120222.90357495118,-105151.1381730957,"[{'asset': SPY, 'quantity': 401.0}]",0.0
2024-07-15 18:25:00-04:00,120222.90357495118,-105151.1381730957,"[{'asset': SPY, 'quantity': 401.0}]",0.0
2024-07-16 08:30:00-04:00,120559.7298688965,-105151.1381730957,"[{'asset': SPY, 'quantity': 401.0}]",0.0028016815758846736
2024-07-16 09:30:00-04:00,120559.7298688965,-105151.1381730957,"[{'asset': SPY, 'quantity': 401.0}]",0.0
2024-07-16 09:30:00-04:00,120559.7298688965,-105151.1381730957,"[{'asset': SPY, 'quantity': 401.0}]",0.0
2024-07-16 12:30:00-04:00,120559.7298688965,-105714.00816821288,"[{'asset': SPY, 'quantity': 402.0}]",0.0
2024-07-16 15:30:00-04:00,120559.7298688965,-106276.87816333007,"[{'asset': SPY, 'quantity': 403.0}]",0.0
2024-07-16 18:30:00-04:00,120559.7298688965,-106839.74815844726,"[{'asset': SPY, 'quantity': 404.0}]",0.0
2024-07-16 18:25:00-04:00,120559.7298688965,-106839.74815844726,"[{'asset': SPY, 'quantity': 404.0}]",0.0
2024-07-17 08:30:00-04:00,118915.44690991212,-106839.74815844726,"[{'asset': SPY, 'quantity': 404.0}]",-0.013638741234510587
2024-07-17 09:30:00-04:00,118915.44690991212,-106839.74815844726,"[{'asset': SPY, 'quantity': 404.0}]",0.0
2024-07-17 09:30:00-04:00,118915.44690991212,-106839.74815844726,"[{'asset': SPY, 'quantity': 404.0}]",0.0
2024-07-17 12:30:00-04:00,118915.44690991212,-107398.54814624022,"[{'asset': SPY, 'quantity': 405.0}]",0.0
2024-07-17 15:30:00-04:00,118915.44690991212,-107957.3481340332,"[{'asset': SPY, 'quantity': 406.0}]",0.0
2024-07-17 18:30:00-04:00,118915.44690991212,-108516.14812182616,"[{'asset': SPY, 'quantity': 407.0}]",0.0
2024-07-17 18:25:00-04:00,118915.44690991212,-108516.14812182616,"[{'asset': SPY, 'quantity': 407.0}]",0.0
2024-07-18 08:30:00-04:00,118797.42585278321,-108516.14812182616,"[{'asset': SPY, 'quantity': 407.0}]",-0.0009924787754304054
2024-07-18 09:30:00-04:00,118797.42585278321,-108516.14812182616,"[{'asset': SPY, 'quantity': 407.0}]",0.0
2024-07-18 09:30:00-04:00,118797.42585278321,-108516.14812182616,"[{'asset': SPY, 'quantity': 407.0}]",0.0
2024-07-18 12:30:00-04:00,118797.42585278321,-109074.65813159179,"[{'asset': SPY, 'quantity': 408.0}]",0.0
2024-07-18 15:30:00-04:00,118797.42585278321,-109633.16814135741,"[{'asset': SPY, 'quantity': 409.0}]",0.0
2024-07-18 18:30:00-04:00,118797.42585278321,-110191.67815112304,"[{'asset': SPY, 'quantity': 410.0}]",0.0
2024-07-18 18:25:00-04:00,118797.42585278321,-110191.67815112304,"[{'asset': SPY, 'quantity': 410.0}]",0.0
2024-07-19 08:30:00-04:00,116300.51484204103,-110191.67815112304,"[{'asset': SPY, 'quantity': 410.0}]",-0.02101822487160976
2024-07-19 09:30:00-04:00,116300.51484204103,-110191.67815112304,"[{'asset': SPY, 'quantity': 410.0}]",0.0
2024-07-19 09:30:00-04:00,116300.51484204103,-110191.67815112304,"[{'asset': SPY, 'quantity': 410.0}]",0.0
2024-07-19 12:30:00-04:00,116300.51484204103,-110744.0981340332,"[{'asset': SPY, 'quantity': 411.0}]",0.0
2024-07-19 15:30:00-04:00,116300.51484204103,-111296.51811694335,"[{'asset': SPY, 'quantity': 412.0}]",0.0
2024-07-19 18:30:00-04:00,116300.51484204103,-111848.9380998535,"[{'asset': SPY, 'quantity': 413.0}]",0.0
2024-07-19 18:25:00-04:00,116300.51484204103,-111848.9380998535,"[{'asset': SPY, 'quantity': 413.0}]",0.0
2024-07-22 08:30:00-04:00,116540.0619001465,-111848.9380998535,"[{'asset': SPY, 'quantity': 413.0}]",0.002059724829514442
2024-07-22 09:30:00-04:00,116540.0619001465,-111848.9380998535,"[{'asset': SPY, 'quantity': 413.0}]",0.0
2024-07-22 09:30:00-04:00,116540.0619001465,-111848.9380998535,"[{'asset': SPY, 'quantity': 413.0}]",0.0
2024-07-22 12:30:00-04:00,116540.0619001465,-112401.9380998535,"[{'asset': SPY, 'quantity': 414.0}]",0.0
2024-07-22 15:30:00-04:00,116540.0619001465,-112954.9380998535,"[{'asset': SPY, 'quantity': 415.0}]",0.0
2024-07-22 18:30:00-04:00,116540.0619001465,-113507.9380998535,"[{'asset': SPY, 'quantity': 416.0}]",0.0
2024-07-22 18:25:00-04:00,116540.0619001465,-113507.9380998535,"[{'asset': SPY, 'quantity': 416.0}]",0.0
2024-07-23 08:30:00-04:00,117180.6927595215,-113507.9380998535,"[{'asset': SPY, 'quantity': 416.0}]",0.005497087001068435
2024-07-23 09:30:00-04:00,117180.6927595215,-113507.9380998535,"[{'asset': SPY, 'quantity': 416.0}]",0.0
2024-07-23 09:30:00-04:00,117180.6927595215,-113507.9380998535,"[{'asset': SPY, 'quantity': 416.0}]",0.0
2024-07-23 12:30:00-04:00,117180.6927595215,-114062.47807788085,"[{'asset': SPY, 'quantity': 417.0}]",0.0
2024-07-23 15:30:00-04:00,117180.6927595215,-114617.0180559082,"[{'asset': SPY, 'quantity': 418.0}]",0.0
2024-07-23 18:30:00-04:00,117180.6927595215,-115171.55803393554,"[{'asset': SPY, 'quantity': 419.0}]",0.0
2024-07-23 18:25:00-04:00,117180.6927595215,-115171.55803393554,"[{'asset': SPY, 'quantity': 419.0}]",0.0
2024-07-24 08:30:00-04:00,114800.77582836915,-115171.55803393554,"[{'asset': SPY, 'quantity': 419.0}]",-0.020309804244257323
2024-07-24 09:30:00-04:00,114800.77582836915,-115171.55803393554,"[{'asset': SPY, 'quantity': 419.0}]",0.0
2024-07-24 09:30:00-04:00,114800.77582836915,-115171.55803393554,"[{'asset': SPY, 'quantity': 419.0}]",0.0
2024-07-24 12:30:00-04:00,114800.77582836915,-115720.4180192871,"[{'asset': SPY, 'quantity': 420.0}]",0.0
2024-07-24 15:30:00-04:00,114800.77582836915,-116269.27800463866,"[{'asset': SPY, 'quantity': 421.0}]",0.0
2024-07-24 18:30:00-04:00,114800.77582836915,-116818.13798999022,"[{'asset': SPY, 'quantity': 422.0}]",0.0
2024-07-24 18:25:00-04:00,114800.77582836915,-116818.13798999022,"[{'asset': SPY, 'quantity': 422.0}]",0.0
2024-07-25 08:30:00-04:00,111631.5517072754,-116818.13798999022,"[{'asset': SPY, 'quantity': 422.0}]",-0.02760629532531944
2024-07-25 09:30:00-04:00,111631.5517072754,-116818.13798999022,"[{'asset': SPY, 'quantity': 422.0}]",0.0
2024-07-25 09:30:00-04:00,111631.5517072754,-116818.13798999022,"[{'asset': SPY, 'quantity': 422.0}]",0.0
2024-07-25 12:30:00-04:00,111631.5517072754,-117359.48796557616,"[{'asset': SPY, 'quantity': 423.0}]",0.0
2024-07-25 15:30:00-04:00,111631.5517072754,-117900.8379411621,"[{'asset': SPY, 'quantity': 424.0}]",0.0
2024-07-25 18:30:00-04:00,111631.5517072754,-118442.18791674804,"[{'asset': SPY, 'quantity': 425.0}]",0.0
2024-07-25 18:25:00-04:00,111631.5517072754,-118442.18791674804,"[{'asset': SPY, 'quantity': 425.0}]",0.0
2024-07-26 08:30:00-04:00,112026.82453442384,-118442.18791674804,"[{'asset': SPY, 'quantity': 425.0}]",0.0035408701312773516
2024-07-26 09:30:00-04:00,112026.82453442384,-118442.18791674804,"[{'asset': SPY, 'quantity': 425.0}]",0.0
2024-07-26 09:30:00-04:00,112026.82453442384,-118442.18791674804,"[{'asset': SPY, 'quantity': 425.0}]",0.0
2024-07-26 12:30:00-04:00,112026.82453442384,-118984.46794604491,"[{'asset': SPY, 'quantity': 426.0}]",0.0
2024-07-26 15:30:00-04:00,112026.82453442384,-119526.74797534179,"[{'asset': SPY, 'quantity': 427.0}]",0.0
2024-07-26 18:30:00-04:00,112026.82453442384,-120069.02800463866,"[{'asset': SPY, 'quantity': 428.0}]",0.0
2024-07-26 18:25:00-04:00,112026.82453442384,-120069.02800463866,"[{'asset': SPY, 'quantity': 428.0}]",0.0
2024-07-29 08:30:00-04:00,113627.54035473634,-120069.02800463866,"[{'asset': SPY, 'quantity': 428.0}]",0.014288683330666352
2024-07-29 09:30:00-04:00,113627.54035473634,-120069.02800463866,"[{'asset': SPY, 'quantity': 428.0}]",0.0
2024-07-29 09:30:00-04:00,113627.54035473634,-120069.02800463866,"[{'asset': SPY, 'quantity': 428.0}]",0.0
2024-07-29 12:30:00-04:00,113627.54035473634,-120615.04802416991,"[{'asset': SPY, 'quantity': 429.0}]",0.0
2024-07-29 15:30:00-04:00,113627.54035473634,-121161.06804370116,"[{'asset': SPY, 'quantity': 430.0}]",0.0
2024-07-29 18:30:00-04:00,113627.54035473634,-121707.08806323241,"[{'asset': SPY, 'quantity': 431.0}]",0.0
2024-07-29 18:25:00-04:00,113627.54035473634,-121707.08806323241,"[{'asset': SPY, 'quantity': 431.0}]",0.0
2024-07-30 08:30:00-04:00,113730.97614575196,-121707.08806323241,"[{'asset': SPY, 'quantity': 431.0}]",0.0009103056415082911
2024-07-30 09:30:00-04:00,113730.97614575196,-121707.08806323241,"[{'asset': SPY, 'quantity': 431.0}]",0.0
2024-07-30 09:30:00-04:00,113730.97614575196,-121707.08806323241,"[{'asset': SPY, 'quantity': 431.0}]",0.0
2024-07-30 12:30:00-04:00,113730.97614575196,-122253.34807299804,"[{'asset': SPY, 'quantity': 432.0}]",0.0
2024-07-30 15:30:00-04:00,113730.97614575196,-122799.60808276366,"[{'asset': SPY, 'quantity': 433.0}]",0.0
2024-07-30 18:30:00-04:00,113730.97614575196,-123345.86809252929,"[{'asset': SPY, 'quantity': 434.0}]",0.0
2024-07-30 18:25:00-04:00,113730.97614575196,-123345.86809252929,"[{'asset': SPY, 'quantity': 434.0}]",0.0
2024-07-31 08:30:00-04:00,114911.44343090821,-123345.86809252929,"[{'asset': SPY, 'quantity': 434.0}]",0.010379470265369228
2024-07-31 09:30:00-04:00,114911.44343090821,-123345.86809252929,"[{'asset': SPY, 'quantity': 434.0}]",0.0
2024-07-31 09:30:00-04:00,114911.44343090821,-123345.86809252929,"[{'asset': SPY, 'quantity': 434.0}]",0.0
2024-07-31 12:30:00-04:00,114911.44343090821,-123894.84807299804,"[{'asset': SPY, 'quantity': 435.0}]",0.0
2024-07-31 15:30:00-04:00,114911.44343090821,-124443.82805346679,"[{'asset': SPY, 'quantity': 436.0}]",0.0
2024-07-31 18:30:00-04:00,114911.44343090821,-124992.80803393554,"[{'asset': SPY, 'quantity': 437.0}]",0.0
2024-07-31 18:25:00-04:00,114911.44343090821,-124992.80803393554,"[{'asset': SPY, 'quantity': 437.0}]",0.0
2024-08-01 08:30:00-04:00,116480.28516674806,-124992.80803393554,"[{'asset': SPY, 'quantity': 437.0}]",0.013652615344468488
2024-08-01 09:30:00-04:00,116480.28516674806,-124992.80803393554,"[{'asset': SPY, 'quantity': 437.0}]",0.0
2024-08-01 09:30:00-04:00,116480.28516674806,-124992.80803393554,"[{'asset': SPY, 'quantity': 437.0}]",0.0
2024-08-01 12:30:00-04:00,116480.28516674806,-125545.37804125976,"[{'asset': SPY, 'quantity': 438.0}]",0.0
2024-08-01 15:30:00-04:00,116480.28516674806,-126097.94804858397,"[{'asset': SPY, 'quantity': 439.0}]",0.0
2024-08-01 18:30:00-04:00,116480.28516674806,-126650.5180559082,"[{'asset': SPY, 'quantity': 440.0}]",0.0
2024-08-01 18:25:00-04:00,116480.28516674806,-126650.5180559082,"[{'asset': SPY, 'quantity': 440.0}]",0.0
2024-08-02 08:30:00-04:00,109079.4819440918,-126650.5180559082,"[{'asset': SPY, 'quantity': 440.0}]",-0.0635369600277127
2024-08-02 09:30:00-04:00,109079.4819440918,-126650.5180559082,"[{'asset': SPY, 'quantity': 440.0}]",0.0
2024-08-02 09:30:00-04:00,109079.4819440918,-126650.5180559082,"[{'asset': SPY, 'quantity': 440.0}]",0.0
2024-08-02 12:30:00-04:00,109079.4819440918,-127186.2680559082,"[{'asset': SPY, 'quantity': 441.0}]",0.0
2024-08-02 15:30:00-04:00,109079.4819440918,-127722.0180559082,"[{'asset': SPY, 'quantity': 442.0}]",0.0
2024-08-02 18:30:00-04:00,109079.4819440918,-128257.7680559082,"[{'asset': SPY, 'quantity': 443.0}]",0.0
2024-08-02 18:25:00-04:00,109079.4819440918,-128257.7680559082,"[{'asset': SPY, 'quantity': 443.0}]",0.0
2024-08-05 08:30:00-04:00,98398.75843334962,-128257.7680559082,"[{'asset': SPY, 'quantity': 443.0}]",-0.09791688886289851
2024-08-05 09:30:00-04:00,98398.75843334962,-128257.7680559082,"[{'asset': SPY, 'quantity': 443.0}]",0.0
2024-08-05 09:30:00-04:00,98398.75843334962,-128257.7680559082,"[{'asset': SPY, 'quantity': 443.0}]",0.0
2024-08-05 12:30:00-04:00,98398.75843334962,-128769.40807055663,"[{'asset': SPY, 'quantity': 444.0}]",0.0
2024-08-05 15:30:00-04:00,98398.75843334962,-129281.04808520507,"[{'asset': SPY, 'quantity': 445.0}]",0.0
2024-08-05 18:30:00-04:00,98398.75843334962,-129792.6880998535,"[{'asset': SPY, 'quantity': 446.0}]",0.0
2024-08-05 18:25:00-04:00,98398.75843334962,-129792.6880998535,"[{'asset': SPY, 'quantity': 446.0}]",0.0
2024-08-06 08:30:00-04:00,101779.41883374024,-129792.6880998535,"[{'asset': SPY, 'quantity': 446.0}]",0.0343567383797887
2024-08-06 09:30:00-04:00,101779.41883374024,-129792.6880998535,"[{'asset': SPY, 'quantity': 446.0}]",0.0
2024-08-06 09:30:00-04:00,101779.41883374024,-129792.6880998535,"[{'asset': SPY, 'quantity': 446.0}]",0.0
2024-08-06 12:30:00-04:00,101779.41883374024,-130311.90807055663,"[{'asset': SPY, 'quantity': 447.0}]",0.0
2024-08-06 15:30:00-04:00,101779.41883374024,-130831.12804125976,"[{'asset': SPY, 'quantity': 448.0}]",0.0
2024-08-06 18:30:00-04:00,101779.41883374023,-131350.3480119629,"[{'asset': SPY, 'quantity': 449.0}]",-1.1102230246251565e-16
2024-08-06 18:25:00-04:00,101779.41883374023,-131350.3480119629,"[{'asset': SPY, 'quantity': 449.0}]",0.0
2024-08-07 08:30:00-04:00,105932.66883374023,-131350.3480119629,"[{'asset': SPY, 'quantity': 449.0}]",0.04080638352616717
2024-08-07 09:30:00-04:00,105932.66883374023,-131350.3480119629,"[{'asset': SPY, 'quantity': 449.0}]",0.0
2024-08-07 09:30:00-04:00,105932.66883374023,-131350.3480119629,"[{'asset': SPY, 'quantity': 449.0}]",0.0
2024-08-07 12:30:00-04:00,105932.66883374023,-131878.81798266602,"[{'asset': SPY, 'quantity': 450.0}]",0.0
2024-08-07 15:30:00-04:00,105932.66883374023,-132407.28795336914,"[{'asset': SPY, 'quantity': 451.0}]",0.0
2024-08-07 18:30:00-04:00,105932.66883374023,-132935.75792407227,"[{'asset': SPY, 'quantity': 452.0}]",0.0
2024-08-07 18:25:00-04:00,105932.66883374023,-132935.75792407227,"[{'asset': SPY, 'quantity': 452.0}]",0.0
2024-08-08 08:30:00-04:00,103871.54993725586,-132935.75792407227,"[{'asset': SPY, 'quantity': 452.0}]",-0.0194568768933715
2024-08-08 09:30:00-04:00,103871.54993725586,-132935.75792407227,"[{'asset': SPY, 'quantity': 452.0}]",0.0
2024-08-08 09:30:00-04:00,103871.54993725586,-132935.75792407227,"[{'asset': SPY, 'quantity': 452.0}]",0.0
2024-08-08 12:30:00-04:00,103871.54993725586,-133459.6678972168,"[{'asset': SPY, 'quantity': 453.0}]",0.0
2024-08-08 15:30:00-04:00,103871.54993725586,-133983.57787036133,"[{'asset': SPY, 'quantity': 454.0}]",0.0
2024-08-08 18:30:00-04:00,103871.54993725586,-134507.48784350586,"[{'asset': SPY, 'quantity': 455.0}]",0.0
2024-08-08 18:25:00-04:00,103871.54993725586,-134507.48784350586,"[{'asset': SPY, 'quantity': 455.0}]",0.0
2024-08-09 08:30:00-04:00,106556.06104565429,-134507.48784350586,"[{'asset': SPY, 'quantity': 455.0}]",0.025844527303386045
2024-08-09 09:30:00-04:00,106556.06104565429,-134507.48784350586,"[{'asset': SPY, 'quantity': 455.0}]",0.0
2024-08-09 09:30:00-04:00,106556.06104565429,-134507.48784350586,"[{'asset': SPY, 'quantity': 455.0}]",0.0
2024-08-09 12:30:00-04:00,106556.06104565429,-135037.29784106446,"[{'asset': SPY, 'quantity': 456.0}]",0.0
2024-08-09 15:30:00-04:00,106556.06104565429,-135567.10783862305,"[{'asset': SPY, 'quantity': 457.0}]",0.0
2024-08-09 18:30:00-04:00,106556.06104565429,-136096.91783618164,"[{'asset': SPY, 'quantity': 458.0}]",0.0
2024-08-09 18:25:00-04:00,106556.06104565429,-136096.91783618164,"[{'asset': SPY, 'quantity': 458.0}]",0.0
2024-08-12 08:30:00-04:00,108571.27222729492,-136096.91783618164,"[{'asset': SPY, 'quantity': 458.0}]",0.018912215427869583
2024-08-12 09:30:00-04:00,108571.27222729492,-136096.91783618164,"[{'asset': SPY, 'quantity': 458.0}]",0.0
2024-08-12 09:30:00-04:00,108571.27222729492,-136096.91783618164,"[{'asset': SPY, 'quantity': 458.0}]",0.0
2024-08-12 12:30:00-04:00,108571.27222729492,-136631.1278581543,"[{'asset': SPY, 'quantity': 459.0}]",0.0
2024-08-12 15:30:00-04:00,108571.27222729492,-137165.33788012696,"[{'asset': SPY, 'quantity': 460.0}]",0.0
2024-08-12 18:30:00-04:00,108571.27222729492,-137699.5479020996,"[{'asset': SPY, 'quantity': 461.0}]",0.0
2024-08-12 18:25:00-04:00,108571.27222729492,-137699.5479020996,"[{'asset': SPY, 'quantity': 461.0}]",0.0
2024-08-13 08:30:00-04:00,109640.79560375976,-137699.5479020996,"[{'asset': SPY, 'quantity': 461.0}]",0.009850887389675211
2024-08-13 09:30:00-04:00,109640.79560375976,-137699.5479020996,"[{'asset': SPY, 'quantity': 461.0}]",0.0
2024-08-13 09:30:00-04:00,109640.79560375976,-137699.5479020996,"[{'asset': SPY, 'quantity': 461.0}]",0.0
2024-08-13 12:30:00-04:00,109640.79560375976,-138236.0779313965,"[{'asset': SPY, 'quantity': 462.0}]",0.0
2024-08-13 15:30:00-04:00,109640.79560375976,-138772.60796069336,"[{'asset': SPY, 'quantity': 463.0}]",0.0
2024-08-13 18:30:00-04:00,109640.79560375976,-139309.13798999024,"[{'asset': SPY, 'quantity': 464.0}]",0.0
2024-08-13 18:25:00-04:00,109640.79560375976,-139309.13798999024,"[{'asset': SPY, 'quantity': 464.0}]",0.0
2024-08-14 08:30:00-04:00,112573.25068188476,-139309.13798999024,"[{'asset': SPY, 'quantity': 464.0}]",0.02674602151486427
2024-08-14 09:30:00-04:00,112573.25068188476,-139309.13798999024,"[{'asset': SPY, 'quantity': 464.0}]",0.0
2024-08-14 09:30:00-04:00,112573.25068188476,-139309.13798999024,"[{'asset': SPY, 'quantity': 464.0}]",0.0
2024-08-14 12:30:00-04:00,112573.25068188476,-139851.98796557618,"[{'asset': SPY, 'quantity': 465.0}]",0.0
2024-08-14 15:30:00-04:00,112573.25068188476,-140394.8379411621,"[{'asset': SPY, 'quantity': 466.0}]",0.0
2024-08-14 18:30:00-04:00,112573.25068188476,-140937.68791674805,"[{'asset': SPY, 'quantity': 467.0}]",0.0
2024-08-14 18:25:00-04:00,112573.25068188476,-140937.68791674805,"[{'asset': SPY, 'quantity': 467.0}]",0.0
2024-08-15 08:30:00-04:00,115678.81208325195,-140937.68791674805,"[{'asset': SPY, 'quantity': 467.0}]",0.027587027846810885
2024-08-15 09:30:00-04:00,115678.81208325195,-140937.68791674805,"[{'asset': SPY, 'quantity': 467.0}]",0.0
2024-08-15 09:30:00-04:00,115678.81208325195,-140937.68791674805,"[{'asset': SPY, 'quantity': 467.0}]",0.0
2024-08-15 12:30:00-04:00,115678.81208325195,-141487.18791674805,"[{'asset': SPY, 'quantity': 468.0}]",0.0
2024-08-15 15:30:00-04:00,115678.81208325195,-142036.68791674805,"[{'asset': SPY, 'quantity': 469.0}]",0.0
2024-08-15 18:30:00-04:00,115678.81208325195,-142586.18791674805,"[{'asset': SPY, 'quantity': 470.0}]",0.0
2024-08-15 18:25:00-04:00,115678.81208325195,-142586.18791674805,"[{'asset': SPY, 'quantity': 470.0}]",0.0
2024-08-16 08:30:00-04:00,116581.20405102539,-142586.18791674805,"[{'asset': SPY, 'quantity': 470.0}]",0.007800840547394383
2024-08-16 09:30:00-04:00,116581.20405102539,-142586.18791674805,"[{'asset': SPY, 'quantity': 470.0}]",0.0
2024-08-16 09:30:00-04:00,116581.20405102539,-142586.18791674805,"[{'asset': SPY, 'quantity': 470.0}]",0.0
2024-08-16 12:30:00-04:00,116581.20405102539,-143137.6078996582,"[{'asset': SPY, 'quantity': 471.0}]",0.0
2024-08-16 15:30:00-04:00,116581.20405102539,-143689.02788256836,"[{'asset': SPY, 'quantity': 472.0}]",0.0
2024-08-16 18:30:00-04:00,116581.20405102539,-144240.44786547852,"[{'asset': SPY, 'quantity': 473.0}]",0.0
2024-08-16 18:25:00-04:00,116581.20405102539,-144240.44786547852,"[{'asset': SPY, 'quantity': 473.0}]",0.0
2024-08-19 08:30:00-04:00,118146.83289624023,-144240.44786547852,"[{'asset': SPY, 'quantity': 473.0}]",0.013429513427649864
2024-08-19 09:30:00-04:00,118146.83289624023,-144240.44786547852,"[{'asset': SPY, 'quantity': 473.0}]",0.0
2024-08-19 09:30:00-04:00,118146.83289624023,-144240.44786547852,"[{'asset': SPY, 'quantity': 473.0}]",0.0
2024-08-19 12:30:00-04:00,118146.83289624023,-144795.17784594727,"[{'asset': SPY, 'quantity': 474.0}]",0.0
2024-08-19 15:30:00-04:00,118146.83289624023,-145349.90782641602,"[{'asset': SPY, 'quantity': 475.0}]",0.0
2024-08-19 18:30:00-04:00,118146.83289624023,-145904.63780688477,"[{'asset': SPY, 'quantity': 476.0}]",0.0
2024-08-19 18:25:00-04:00,118146.83289624023,-145904.63780688477,"[{'asset': SPY, 'quantity': 476.0}]",0.0
2024-08-20 08:30:00-04:00,120250.77381420898,-145904.63780688477,"[{'asset': SPY, 'quantity': 476.0}]",0.017807848643869084
2024-08-20 09:30:00-04:00,120250.77381420898,-145904.63780688477,"[{'asset': SPY, 'quantity': 476.0}]",0.0
2024-08-20 09:30:00-04:00,120250.77381420898,-145904.63780688477,"[{'asset': SPY, 'quantity': 476.0}]",0.0
2024-08-20 12:30:00-04:00,120250.77381420898,-146463.78783129883,"[{'asset': SPY, 'quantity': 477.0}]",0.0
2024-08-20 15:30:00-04:00,120250.77381420898,-147022.9378557129,"[{'asset': SPY, 'quantity': 478.0}]",0.0
2024-08-20 18:30:00-04:00,120250.77381420898,-147582.08788012696,"[{'asset': SPY, 'quantity': 479.0}]",0.0
2024-08-20 18:25:00-04:00,120250.77381420898,-147582.08788012696,"[{'asset': SPY, 'quantity': 479.0}]",0.0
2024-08-21 08:30:00-04:00,120547.75147534179,-147582.08788012696,"[{'asset': SPY, 'quantity': 479.0}]",0.0024696528073211432
2024-08-21 09:30:00-04:00,120547.75147534179,-147582.08788012696,"[{'asset': SPY, 'quantity': 479.0}]",0.0
2024-08-21 09:30:00-04:00,120547.75147534179,-147582.08788012696,"[{'asset': SPY, 'quantity': 479.0}]",0.0
2024-08-21 12:30:00-04:00,120547.75147534179,-148141.8578996582,"[{'asset': SPY, 'quantity': 480.0}]",0.0
2024-08-21 15:30:00-04:00,120547.75147534179,-148701.62791918946,"[{'asset': SPY, 'quantity': 481.0}]",0.0
2024-08-21 18:30:00-04:00,120547.75147534179,-149261.3979387207,"[{'asset': SPY, 'quantity': 482.0}]",0.0
2024-08-21 18:25:00-04:00,120547.75147534179,-149261.3979387207,"[{'asset': SPY, 'quantity': 482.0}]",0.0
2024-08-22 08:30:00-04:00,121892.52088452148,-149261.3979387207,"[{'asset': SPY, 'quantity': 482.0}]",0.011155491435730136
2024-08-22 09:30:00-04:00,121892.52088452148,-149261.3979387207,"[{'asset': SPY, 'quantity': 482.0}]",0.0
2024-08-22 09:30:00-04:00,121892.52088452148,-149261.3979387207,"[{'asset': SPY, 'quantity': 482.0}]",0.0
2024-08-22 12:30:00-04:00,121892.52088452148,-149823.9579362793,"[{'asset': SPY, 'quantity': 483.0}]",0.0
2024-08-22 15:30:00-04:00,121892.52088452148,-150386.5179338379,"[{'asset': SPY, 'quantity': 484.0}]",0.0
2024-08-22 18:30:00-04:00,121892.52088452148,-150949.0779313965,"[{'asset': SPY, 'quantity': 485.0}]",0.0
2024-08-22 18:25:00-04:00,121892.52088452148,-150949.0779313965,"[{'asset': SPY, 'quantity': 485.0}]",0.0
2024-08-23 08:30:00-04:00,120422.98627758789,-150949.0779313965,"[{'asset': SPY, 'quantity': 485.0}]",-0.012055986669812224
2024-08-23 09:30:00-04:00,120422.98627758789,-150949.0779313965,"[{'asset': SPY, 'quantity': 485.0}]",0.0
2024-08-23 09:30:00-04:00,120422.98627758789,-150949.0779313965,"[{'asset': SPY, 'quantity': 485.0}]",0.0
2024-08-23 12:30:00-04:00,120422.98627758789,-151508.60796069336,"[{'asset': SPY, 'quantity': 486.0}]",0.0
2024-08-23 15:30:00-04:00,120422.98627758789,-152068.13798999024,"[{'asset': SPY, 'quantity': 487.0}]",0.0
2024-08-23 18:30:00-04:00,120422.98627758789,-152627.6680192871,"[{'asset': SPY, 'quantity': 488.0}]",0.0
2024-08-23 18:25:00-04:00,120422.98627758789,-152627.6680192871,"[{'asset': SPY, 'quantity': 488.0}]",0.0
2024-08-26 08:30:00-04:00,122204.16840649414,-152627.6680192871,"[{'asset': SPY, 'quantity': 488.0}]",0.014791047655971834
2024-08-26 09:30:00-04:00,122204.16840649414,-152627.6680192871,"[{'asset': SPY, 'quantity': 488.0}]",0.0
2024-08-26 09:30:00-04:00,122204.16840649414,-152627.6680192871,"[{'asset': SPY, 'quantity': 488.0}]",0.0
2024-08-26 12:30:00-04:00,122204.16840649414,-153190.8480119629,"[{'asset': SPY, 'quantity': 489.0}]",0.0
2024-08-26 15:30:00-04:00,122204.16840649414,-153754.02800463868,"[{'asset': SPY, 'quantity': 490.0}]",0.0
2024-08-26 18:30:00-04:00,122204.16840649414,-154317.20799731446,"[{'asset': SPY, 'quantity': 491.0}]",0.0
2024-08-26 18:25:00-04:00,122204.16840649414,-154317.20799731446,"[{'asset': SPY, 'quantity': 491.0}]",0.0
2024-08-27 08:30:00-04:00,120392.37720776367,-154317.20799731446,"[{'asset': SPY, 'quantity': 491.0}]",-0.014825936155498542
2024-08-27 09:30:00-04:00,120392.37720776367,-154317.20799731446,"[{'asset': SPY, 'quantity': 491.0}]",0.0
2024-08-27 09:30:00-04:00,120392.37720776367,-154317.20799731446,"[{'asset': SPY, 'quantity': 491.0}]",0.0
2024-08-27 12:30:00-04:00,120392.37720776367,-154876.69798754883,"[{'asset': SPY, 'quantity': 492.0}]",0.0
2024-08-27 15:30:00-04:00,120392.37720776367,-155436.1879777832,"[{'asset': SPY, 'quantity': 493.0}]",0.0
2024-08-27 18:30:00-04:00,120392.37720776367,-155995.67796801758,"[{'asset': SPY, 'quantity': 494.0}]",0.0
2024-08-27 18:25:00-04:00,120392.37720776367,-155995.67796801758,"[{'asset': SPY, 'quantity': 494.0}]",0.0
2024-08-28 08:30:00-04:00,121242.0728864746,-155995.67796801758,"[{'asset': SPY, 'quantity': 494.0}]",0.00705771991896631
2024-08-28 09:30:00-04:00,121242.0728864746,-155995.67796801758,"[{'asset': SPY, 'quantity': 494.0}]",0.0
2024-08-28 09:30:00-04:00,121242.0728864746,-155995.67796801758,"[{'asset': SPY, 'quantity': 494.0}]",0.0
2024-08-28 12:30:00-04:00,121242.0728864746,-156556.88798999024,"[{'asset': SPY, 'quantity': 495.0}]",0.0
2024-08-28 15:30:00-04:00,121242.0728864746,-157118.0980119629,"[{'asset': SPY, 'quantity': 496.0}]",0.0
2024-08-28 18:30:00-04:00,121242.0728864746,-157679.30803393555,"[{'asset': SPY, 'quantity': 497.0}]",0.0
2024-08-28 18:25:00-04:00,121242.0728864746,-157679.30803393555,"[{'asset': SPY, 'quantity': 497.0}]",0.0
2024-08-29 08:30:00-04:00,120794.76075268554,-157679.30803393555,"[{'asset': SPY, 'quantity': 497.0}]",-0.0036894134448518523
2024-08-29 09:30:00-04:00,120794.76075268554,-157679.30803393555,"[{'asset': SPY, 'quantity': 497.0}]",0.0
2024-08-29 09:30:00-04:00,120794.76075268554,-157679.30803393555,"[{'asset': SPY, 'quantity': 497.0}]",0.0
2024-08-29 12:30:00-04:00,120794.76075268554,-158239.61803149414,"[{'asset': SPY, 'quantity': 498.0}]",0.0
2024-08-29 15:30:00-04:00,120794.76075268554,-158799.92802905274,"[{'asset': SPY, 'quantity': 499.0}]",0.0
2024-08-29 18:30:00-04:00,120794.76075268554,-159360.23802661133,"[{'asset': SPY, 'quantity': 500.0}]",0.0
2024-08-29 18:25:00-04:00,120794.76075268554,-159360.23802661133,"[{'asset': SPY, 'quantity': 500.0}]",0.0
2024-08-30 08:30:00-04:00,121024.77173901367,-159360.23802661133,"[{'asset': SPY, 'quantity': 500.0}]",0.001904147041601023
2024-08-30 09:30:00-04:00,121024.77173901367,-159360.23802661133,"[{'asset': SPY, 'quantity': 500.0}]",0.0
2024-08-30 09:30:00-04:00,121024.77173901367,-159360.23802661133,"[{'asset': SPY, 'quantity': 500.0}]",0.0
2024-08-30 12:30:00-04:00,121024.77173901367,-159921.00804614258,"[{'asset': SPY, 'quantity': 501.0}]",0.0
2024-08-30 15:30:00-04:00,121024.77173901367,-160481.77806567383,"[{'asset': SPY, 'quantity': 502.0}]",0.0
2024-08-30 18:30:00-04:00,121024.77173901367,-161042.54808520508,"[{'asset': SPY, 'quantity': 503.0}]",0.0
2024-08-30 18:25:00-04:00,121024.77173901367,-161042.54808520508,"[{'asset': SPY, 'quantity': 503.0}]",0.0
2024-09-03 08:30:00-04:00,120873.84717846679,-161042.54808520508,"[{'asset': SPY, 'quantity': 503.0}]",-0.0012470551142400588
2024-09-03 09:30:00-04:00,120873.84717846679,-161042.54808520508,"[{'asset': SPY, 'quantity': 503.0}]",0.0
2024-09-03 09:30:00-04:00,120873.84717846679,-161042.54808520508,"[{'asset': SPY, 'quantity': 503.0}]",0.0
2024-09-03 12:30:00-04:00,120873.84717846679,-161603.0180559082,"[{'asset': SPY, 'quantity': 504.0}]",0.0
2024-09-03 15:30:00-04:00,120873.84717846679,-162163.48802661133,"[{'asset': SPY, 'quantity': 505.0}]",0.0
2024-09-03 18:30:00-04:00,120873.84717846679,-162723.95799731446,"[{'asset': SPY, 'quantity': 506.0}]",0.0
2024-09-03 18:25:00-04:00,120873.84717846679,-162723.95799731446,"[{'asset': SPY, 'quantity': 506.0}]",0.0
2024-09-04 08:30:00-04:00,115677.24817944336,-162723.95799731446,"[{'asset': SPY, 'quantity': 506.0}]",-0.04299192191136936
2024-09-04 09:30:00-04:00,115677.24817944336,-162723.95799731446,"[{'asset': SPY, 'quantity': 506.0}]",0.0
2024-09-04 09:30:00-04:00,115677.24817944336,-162723.95799731446,"[{'asset': SPY, 'quantity': 506.0}]",0.0
2024-09-04 12:30:00-04:00,115677.24817944336,-163274.1580095215,"[{'asset': SPY, 'quantity': 507.0}]",0.0
2024-09-04 15:30:00-04:00,115677.24817944336,-163824.35802172852,"[{'asset': SPY, 'quantity': 508.0}]",0.0
2024-09-04 18:30:00-04:00,115677.24817944336,-164374.55803393555,"[{'asset': SPY, 'quantity': 509.0}]",0.0
2024-09-04 18:25:00-04:00,115677.24817944336,-164374.55803393555,"[{'asset': SPY, 'quantity': 509.0}]",0.0
2024-09-05 08:30:00-04:00,116028.45942211914,-164374.55803393555,"[{'asset': SPY, 'quantity': 509.0}]",0.0030361306843240676
2024-09-05 09:30:00-04:00,116028.45942211914,-164374.55803393555,"[{'asset': SPY, 'quantity': 509.0}]",0.0
2024-09-05 09:30:00-04:00,116028.45942211914,-164374.55803393555,"[{'asset': SPY, 'quantity': 509.0}]",0.0
2024-09-05 12:30:00-04:00,116028.45942211914,-164925.448048584,"[{'asset': SPY, 'quantity': 510.0}]",0.0
2024-09-05 15:30:00-04:00,116028.45942211914,-165476.33806323243,"[{'asset': SPY, 'quantity': 511.0}]",0.0
2024-09-05 18:30:00-04:00,116028.45942211914,-166027.22807788086,"[{'asset': SPY, 'quantity': 512.0}]",0.0
2024-09-05 18:25:00-04:00,116028.45942211914,-166027.22807788086,"[{'asset': SPY, 'quantity': 512.0}]",0.0
2024-09-06 08:30:00-04:00,115542.05317211914,-166027.22807788086,"[{'asset': SPY, 'quantity': 512.0}]",-0.004192128831344899
2024-09-06 09:30:00-04:00,115542.05317211914,-166027.22807788086,"[{'asset': SPY, 'quantity': 512.0}]",0.0
2024-09-06 09:30:00-04:00,115542.05317211914,-166027.22807788086,"[{'asset': SPY, 'quantity': 512.0}]",0.0
2024-09-06 12:30:00-04:00,115542.05317211914,-166577.16808032227,"[{'asset': SPY, 'quantity': 513.0}]",0.0
2024-09-06 15:30:00-04:00,115542.05317211914,-167127.10808276368,"[{'asset': SPY, 'quantity': 514.0}]",0.0
2024-09-06 18:30:00-04:00,115542.05317211914,-167677.04808520508,"[{'asset': SPY, 'quantity': 515.0}]",0.0
2024-09-06 18:25:00-04:00,115542.05317211914,-167677.04808520508,"[{'asset': SPY, 'quantity': 515.0}]",0.0
2024-09-09 08:30:00-04:00,112817.7144880371,-167677.04808520508,"[{'asset': SPY, 'quantity': 515.0}]",-0.023578762963677558
2024-09-09 09:30:00-04:00,112817.7144880371,-167677.04808520508,"[{'asset': SPY, 'quantity': 515.0}]",0.0
2024-09-09 09:30:00-04:00,112817.7144880371,-167677.04808520508,"[{'asset': SPY, 'quantity': 515.0}]",0.0
2024-09-09 12:30:00-04:00,112817.7144880371,-168221.69810961914,"[{'asset': SPY, 'quantity': 516.0}]",0.0
2024-09-09 15:30:00-04:00,112817.7144880371,-168766.3481340332,"[{'asset': SPY, 'quantity': 517.0}]",0.0
2024-09-09 18:30:00-04:00,112817.7144880371,-169310.99815844727,"[{'asset': SPY, 'quantity': 518.0}]",0.0
2024-09-09 18:25:00-04:00,112817.7144880371,-169310.99815844727,"[{'asset': SPY, 'quantity': 518.0}]",0.0
2024-09-10 08:30:00-04:00,114739.4742536621,-169310.99815844727,"[{'asset': SPY, 'quantity': 518.0}]",0.017034202246924535
2024-09-10 09:30:00-04:00,114739.4742536621,-169310.99815844727,"[{'asset': SPY, 'quantity': 518.0}]",0.0
2024-09-10 09:30:00-04:00,114739.4742536621,-169310.99815844727,"[{'asset': SPY, 'quantity': 518.0}]",0.0
2024-09-10 12:30:00-04:00,114739.4742536621,-169859.35814379883,"[{'asset': SPY, 'quantity': 519.0}]",0.0
2024-09-10 15:30:00-04:00,114739.4742536621,-170407.7181291504,"[{'asset': SPY, 'quantity': 520.0}]",0.0
2024-09-10 18:30:00-04:00,114739.4742536621,-170956.07811450196,"[{'asset': SPY, 'quantity': 521.0}]",0.0
2024-09-10 18:25:00-04:00,114739.4742536621,-170956.07811450196,"[{'asset': SPY, 'quantity': 521.0}]",0.0
2024-09-11 08:30:00-04:00,114916.62824536132,-170956.07811450196,"[{'asset': SPY, 'quantity': 521.0}]",0.0015439672601913479
2024-09-11 09:30:00-04:00,114916.62824536132,-170956.07811450196,"[{'asset': SPY, 'quantity': 521.0}]",0.0
2024-09-11 09:30:00-04:00,114916.62824536132,-170956.07811450196,"[{'asset': SPY, 'quantity': 521.0}]",0.0
2024-09-11 12:30:00-04:00,114916.62824536132,-171504.778126709,"[{'asset': SPY, 'quantity': 522.0}]",0.0
2024-09-11 15:30:00-04:00,114916.62824536132,-172053.47813891602,"[{'asset': SPY, 'quantity': 523.0}]",0.0
2024-09-11 18:30:00-04:00,114916.62824536132,-172602.17815112305,"[{'asset': SPY, 'quantity': 524.0}]",0.0
2024-09-11 18:25:00-04:00,114916.62824536132,-172602.17815112305,"[{'asset': SPY, 'quantity': 524.0}]",0.0
2024-09-12 08:30:00-04:00,118223.06696606445,-172602.17815112305,"[{'asset': SPY, 'quantity': 524.0}]",0.028772500300334736
2024-09-12 09:30:00-04:00,118223.06696606445,-172602.17815112305,"[{'asset': SPY, 'quantity': 524.0}]",0.0
2024-09-12 09:30:00-04:00,118223.06696606445,-172602.17815112305,"[{'asset': SPY, 'quantity': 524.0}]",0.0
2024-09-12 12:30:00-04:00,118223.06696606445,-173157.18816088868,"[{'asset': SPY, 'quantity': 525.0}]",0.0
2024-09-12 15:30:00-04:00,118223.06696606445,-173712.1981706543,"[{'asset': SPY, 'quantity': 526.0}]",0.0
2024-09-12 18:30:00-04:00,118223.06696606445,-174267.20818041993,"[{'asset': SPY, 'quantity': 527.0}]",0.0
2024-09-12 18:25:00-04:00,118223.06696606445,-174267.20818041993,"[{'asset': SPY, 'quantity': 527.0}]",0.0
2024-09-13 08:30:00-04:00,120699.97339916992,-174267.20818041993,"[{'asset': SPY, 'quantity': 527.0}]",0.020951126515914575
2024-09-13 09:30:00-04:00,120699.97339916992,-174267.20818041993,"[{'asset': SPY, 'quantity': 527.0}]",0.0
2024-09-13 09:30:00-04:00,120699.97339916992,-174267.20818041993,"[{'asset': SPY, 'quantity': 527.0}]",0.0
2024-09-13 12:30:00-04:00,120699.97339916992,-174826.91820239258,"[{'asset': SPY, 'quantity': 528.0}]",0.0
2024-09-13 15:30:00-04:00,120699.97339916992,-175386.62822436524,"[{'asset': SPY, 'quantity': 529.0}]",0.0
2024-09-13 18:30:00-04:00,120699.97339916992,-175946.3382463379,"[{'asset': SPY, 'quantity': 530.0}]",0.0
2024-09-13 18:25:00-04:00,120699.97339916992,-175946.3382463379,"[{'asset': SPY, 'quantity': 530.0}]",0.0
2024-09-16 08:30:00-04:00,121775.85657788086,-175946.3382463379,"[{'asset': SPY, 'quantity': 530.0}]",0.008913698556940464
2024-09-16 09:30:00-04:00,121775.85657788086,-175946.3382463379,"[{'asset': SPY, 'quantity': 530.0}]",0.0
2024-09-16 09:30:00-04:00,121775.85657788086,-175946.3382463379,"[{'asset': SPY, 'quantity': 530.0}]",0.0
2024-09-16 12:30:00-04:00,121775.85657788086,-176508.07823657227,"[{'asset': SPY, 'quantity': 531.0}]",0.0
2024-09-16 15:30:00-04:00,121775.85657788086,-177069.81822680664,"[{'asset': SPY, 'quantity': 532.0}]",0.0
2024-09-16 18:30:00-04:00,121775.85657788086,-177631.55821704102,"[{'asset': SPY, 'quantity': 533.0}]",0.0
2024-09-16 18:25:00-04:00,121775.85657788086,-177631.55821704102,"[{'asset': SPY, 'quantity': 533.0}]",0.0
2024-09-17 08:30:00-04:00,123566.72877026367,-177631.55821704102,"[{'asset': SPY, 'quantity': 533.0}]",0.014706299283860691
2024-09-17 09:30:00-04:00,123566.72877026367,-177631.55821704102,"[{'asset': SPY, 'quantity': 533.0}]",0.0
2024-09-17 09:30:00-04:00,123566.72877026367,-177631.55821704102,"[{'asset': SPY, 'quantity': 533.0}]",0.0
2024-09-17 12:30:00-04:00,123566.72877026367,-178196.65819262696,"[{'asset': SPY, 'quantity': 534.0}]",0.0
2024-09-17 15:30:00-04:00,123566.72877026367,-178761.7581682129,"[{'asset': SPY, 'quantity': 535.0}]",0.0
2024-09-17 18:30:00-04:00,123566.72877026367,-179326.85814379883,"[{'asset': SPY, 'quantity': 536.0}]",0.0
2024-09-17 18:25:00-04:00,123566.72877026367,-179326.85814379883,"[{'asset': SPY, 'quantity': 536.0}]",0.0
2024-09-18 08:30:00-04:00,122837.77662182617,-179326.85814379883,"[{'asset': SPY, 'quantity': 536.0}]",-0.0058992590941917555
2024-09-18 09:30:00-04:00,122837.77662182617,-179326.85814379883,"[{'asset': SPY, 'quantity': 536.0}]",0.0
2024-09-18 09:30:00-04:00,122837.77662182617,-179326.85814379883,"[{'asset': SPY, 'quantity': 536.0}]",0.0
2024-09-18 12:30:00-04:00,122837.77662182617,-179890.5981340332,"[{'asset': SPY, 'quantity': 537.0}]",0.0
2024-09-18 15:30:00-04:00,122837.77662182617,-180454.33812426758,"[{'asset': SPY, 'quantity': 538.0}]",0.0
2024-09-18 18:30:00-04:00,122837.77662182617,-181018.07811450196,"[{'asset': SPY, 'quantity': 539.0}]",0.0
2024-09-18 18:25:00-04:00,122837.77662182617,-181018.07811450196,"[{'asset': SPY, 'quantity': 539.0}]",0.0
2024-09-19 08:30:00-04:00,126756.31714916992,-181018.07811450196,"[{'asset': SPY, 'quantity': 539.0}]",0.031900125800937706
2024-09-19 09:30:00-04:00,126756.31714916992,-181018.07811450196,"[{'asset': SPY, 'quantity': 539.0}]",0.0
2024-09-19 09:30:00-04:00,126756.31714916992,-181018.07811450196,"[{'asset': SPY, 'quantity': 539.0}]",0.0
2024-09-19 12:30:00-04:00,126756.31714916992,-181589.08812426758,"[{'asset': SPY, 'quantity': 540.0}]",0.0
2024-09-19 15:30:00-04:00,126756.31714916992,-182160.0981340332,"[{'asset': SPY, 'quantity': 541.0}]",0.0
2024-09-19 18:30:00-04:00,126756.31714916992,-182731.10814379883,"[{'asset': SPY, 'quantity': 542.0}]",0.0
2024-09-19 18:25:00-04:00,126756.31714916992,-182731.10814379883,"[{'asset': SPY, 'quantity': 542.0}]",0.0
2024-09-20 08:30:00-04:00,125038.18641186523,-182731.10814379883,"[{'asset': SPY, 'quantity': 542.0}]",-0.013554596535672037
2024-09-20 09:30:00-04:00,125038.18641186523,-182731.10814379883,"[{'asset': SPY, 'quantity': 542.0}]",0.0
2024-09-20 09:30:00-04:00,125038.18641186523,-182731.10814379883,"[{'asset': SPY, 'quantity': 542.0}]",0.0
2024-09-20 12:30:00-04:00,125038.18641186523,-183298.9481706543,"[{'asset': SPY, 'quantity': 543.0}]",0.0
2024-09-20 15:30:00-04:00,125038.18641186523,-183866.78819750977,"[{'asset': SPY, 'quantity': 544.0}]",0.0
2024-09-20 18:30:00-04:00,125038.18641186523,-184434.62822436524,"[{'asset': SPY, 'quantity': 545.0}]",0.0
2024-09-20 18:25:00-04:00,125038.18641186523,-184434.62822436524,"[{'asset': SPY, 'quantity': 545.0}]",0.0
2024-09-23 08:30:00-04:00,126807.25641186524,-183483.05822436523,"[{'asset': SPY, 'quantity': 545.0}]",0.014148237836502542
2024-09-23 09:30:00-04:00,126807.25641186524,-183483.05822436523,"[{'asset': SPY, 'quantity': 545.0}]",0.0
2024-09-23 09:30:00-04:00,126807.25641186524,-183483.05822436523,"[{'asset': SPY, 'quantity': 545.0}]",0.0
2024-09-23 12:30:00-04:00,126807.25641186524,-184052.3982512207,"[{'asset': SPY, 'quantity': 546.0}]",0.0
2024-09-23 15:30:00-04:00,126807.25641186524,-184621.73827807617,"[{'asset': SPY, 'quantity': 547.0}]",0.0
2024-09-23 18:30:00-04:00,126807.25641186524,-185191.07830493164,"[{'asset': SPY, 'quantity': 548.0}]",0.0
2024-09-23 18:25:00-04:00,126807.25641186524,-185191.07830493164,"[{'asset': SPY, 'quantity': 548.0}]",0.0
2024-09-24 08:30:00-04:00,127431.95099194336,-185191.07830493164,"[{'asset': SPY, 'quantity': 548.0}]",0.004926331487286051
2024-09-24 09:30:00-04:00,127431.95099194336,-185191.07830493164,"[{'asset': SPY, 'quantity': 548.0}]",0.0
2024-09-24 09:30:00-04:00,127431.95099194336,-185191.07830493164,"[{'asset': SPY, 'quantity': 548.0}]",0.0
2024-09-24 12:30:00-04:00,127431.95099194336,-185761.5582854004,"[{'asset': SPY, 'quantity': 549.0}]",0.0
2024-09-24 15:30:00-04:00,127431.95099194336,-186332.03826586914,"[{'asset': SPY, 'quantity': 550.0}]",0.0
2024-09-24 18:30:00-04:00,127431.95099194336,-186902.5182463379,"[{'asset': SPY, 'quantity': 551.0}]",0.0
2024-09-24 18:25:00-04:00,127431.95099194336,-186902.5182463379,"[{'asset': SPY, 'quantity': 551.0}]",0.0
2024-09-25 08:30:00-04:00,127795.62982495117,-186902.5182463379,"[{'asset': SPY, 'quantity': 551.0}]",0.002853906184256738
2024-09-25 09:30:00-04:00,127795.62982495117,-186902.5182463379,"[{'asset': SPY, 'quantity': 551.0}]",0.0
2024-09-25 09:30:00-04:00,127795.62982495117,-186902.5182463379,"[{'asset': SPY, 'quantity': 551.0}]",0.0
2024-09-25 12:30:00-04:00,127795.62982495117,-187473.65826098633,"[{'asset': SPY, 'quantity': 552.0}]",0.0
2024-09-25 15:30:00-04:00,127795.62982495117,-188044.79827563476,"[{'asset': SPY, 'quantity': 553.0}]",0.0
2024-09-25 18:30:00-04:00,127795.62982495117,-188615.9382902832,"[{'asset': SPY, 'quantity': 554.0}]",0.0
2024-09-25 18:25:00-04:00,127795.62982495117,-188615.9382902832,"[{'asset': SPY, 'quantity': 554.0}]",0.0
2024-09-26 08:30:00-04:00,129590.58441479492,-188615.9382902832,"[{'asset': SPY, 'quantity': 554.0}]",0.014045508381643312
2024-09-26 09:30:00-04:00,129590.58441479492,-188615.9382902832,"[{'asset': SPY, 'quantity': 554.0}]",0.0
2024-09-26 09:30:00-04:00,129590.58441479492,-188615.9382902832,"[{'asset': SPY, 'quantity': 554.0}]",0.0
2024-09-26 12:30:00-04:00,129590.58441479492,-189190.318295166,"[{'asset': SPY, 'quantity': 555.0}]",0.0
2024-09-26 15:30:00-04:00,129590.58441479492,-189764.69830004883,"[{'asset': SPY, 'quantity': 556.0}]",0.0
2024-09-26 18:30:00-04:00,129590.58441479492,-190339.07830493164,"[{'asset': SPY, 'quantity': 557.0}]",0.0
2024-09-26 18:25:00-04:00,129590.58441479492,-190339.07830493164,"[{'asset': SPY, 'quantity': 557.0}]",0.0
2024-09-27 08:30:00-04:00,129039.15985424805,-190339.07830493164,"[{'asset': SPY, 'quantity': 557.0}]",-0.004255128279859188
2024-09-27 09:30:00-04:00,129039.15985424805,-190339.07830493164,"[{'asset': SPY, 'quantity': 557.0}]",0.0
2024-09-27 09:30:00-04:00,129039.15985424805,-190339.07830493164,"[{'asset': SPY, 'quantity': 557.0}]",0.0
2024-09-27 12:30:00-04:00,129039.15985424805,-190912.46831958008,"[{'asset': SPY, 'quantity': 558.0}]",0.0
2024-09-27 15:30:00-04:00,129039.15985424805,-191485.8583342285,"[{'asset': SPY, 'quantity': 559.0}]",0.0
2024-09-27 18:30:00-04:00,129039.15985424805,-192059.24834887695,"[{'asset': SPY, 'quantity': 560.0}]",0.0
2024-09-27 18:25:00-04:00,129039.15985424805,-192059.24834887695,"[{'asset': SPY, 'quantity': 560.0}]",0.0
2024-09-30 08:30:00-04:00,127375.94208081055,-192059.24834887695,"[{'asset': SPY, 'quantity': 560.0}]",-0.0128892483128078
2024-09-30 09:30:00-04:00,127375.94208081055,-192059.24834887695,"[{'asset': SPY, 'quantity': 560.0}]",0.0
2024-09-30 09:30:00-04:00,127375.94208081055,-192059.24834887695,"[{'asset': SPY, 'quantity': 560.0}]",0.0
2024-09-30 12:30:00-04:00,127375.94208081055,-192629.6683317871,"[{'asset': SPY, 'quantity': 561.0}]",0.0
2024-09-30 15:30:00-04:00,127375.94208081055,-193200.08831469726,"[{'asset': SPY, 'quantity': 562.0}]",0.0
2024-09-30 18:30:00-04:00,127375.94208081055,-193770.50829760742,"[{'asset': SPY, 'quantity': 563.0}]",0.0
2024-09-30 18:25:00-04:00,127375.94208081055,-193770.50829760742,"[{'asset': SPY, 'quantity': 563.0}]",0.0
2024-10-01 08:30:00-04:00,129053.70544750977,-193770.50829760742,"[{'asset': SPY, 'quantity': 563.0}]",0.013171744516988992
2024-10-01 09:30:00-04:00,129053.70544750977,-193770.50829760742,"[{'asset': SPY, 'quantity': 563.0}]",0.0
2024-10-01 09:30:00-04:00,129053.70544750977,-193770.50829760742,"[{'asset': SPY, 'quantity': 563.0}]",0.0
2024-10-01 12:30:00-04:00,129053.70544750977,-194343.90832202148,"[{'asset': SPY, 'quantity': 564.0}]",0.0
2024-10-01 15:30:00-04:00,129053.70544750977,-194917.30834643554,"[{'asset': SPY, 'quantity': 565.0}]",0.0
2024-10-01 18:30:00-04:00,129053.70544750977,-195490.7083708496,"[{'asset': SPY, 'quantity': 566.0}]",0.0
2024-10-01 18:25:00-04:00,129053.70544750977,-195490.7083708496,"[{'asset': SPY, 'quantity': 566.0}]",0.0
2024-10-02 08:30:00-04:00,125833.16406567383,-195490.7083708496,"[{'asset': SPY, 'quantity': 566.0}]",-0.024955047750611303
2024-10-02 09:30:00-04:00,125833.16406567383,-195490.7083708496,"[{'asset': SPY, 'quantity': 566.0}]",0.0
2024-10-02 09:30:00-04:00,125833.16406567383,-195490.7083708496,"[{'asset': SPY, 'quantity': 566.0}]",0.0
2024-10-02 12:30:00-04:00,125833.16406567383,-196058.41839282226,"[{'asset': SPY, 'quantity': 567.0}]",0.0
2024-10-02 15:30:00-04:00,125833.16406567383,-196626.12841479492,"[{'asset': SPY, 'quantity': 568.0}]",0.0
2024-10-02 18:30:00-04:00,125833.16406567383,-197193.83843676758,"[{'asset': SPY, 'quantity': 569.0}]",0.0
2024-10-02 18:25:00-04:00,125833.16406567383,-197193.83843676758,"[{'asset': SPY, 'quantity': 569.0}]",0.0
2024-10-03 08:30:00-04:00,125633.99322827149,-197193.83843676758,"[{'asset': SPY, 'quantity': 569.0}]",-0.0015828167310359964
2024-10-03 09:30:00-04:00,125633.99322827149,-197193.83843676758,"[{'asset': SPY, 'quantity': 569.0}]",0.0
2024-10-03 09:30:00-04:00,125633.99322827149,-197193.83843676758,"[{'asset': SPY, 'quantity': 569.0}]",0.0
2024-10-03 12:30:00-04:00,125633.99322827149,-197761.19842211914,"[{'asset': SPY, 'quantity': 570.0}]",0.0
2024-10-03 15:30:00-04:00,125633.99322827149,-198328.5584074707,"[{'asset': SPY, 'quantity': 571.0}]",0.0
2024-10-03 18:30:00-04:00,125633.99322827149,-198895.91839282226,"[{'asset': SPY, 'quantity': 572.0}]",0.0
2024-10-03 18:25:00-04:00,125633.99322827149,-198895.91839282226,"[{'asset': SPY, 'quantity': 572.0}]",0.0
2024-10-04 08:30:00-04:00,128488.26764233399,-198895.91839282226,"[{'asset': SPY, 'quantity': 572.0}]",0.02271896594798517
2024-10-04 09:30:00-04:00,128488.26764233399,-198895.91839282226,"[{'asset': SPY, 'quantity': 572.0}]",0.0
2024-10-04 09:30:00-04:00,128488.26764233399,-198895.91839282226,"[{'asset': SPY, 'quantity': 572.0}]",0.0
2024-10-04 12:30:00-04:00,128488.26764233399,-199468.2683684082,"[{'asset': SPY, 'quantity': 573.0}]",0.0
2024-10-04 15:30:00-04:00,128488.26764233399,-200040.61834399414,"[{'asset': SPY, 'quantity': 574.0}]",0.0
2024-10-04 18:30:00-04:00,128488.26764233399,-200612.96831958008,"[{'asset': SPY, 'quantity': 575.0}]",0.0
2024-10-04 18:25:00-04:00,128488.26764233399,-200612.96831958008,"[{'asset': SPY, 'quantity': 575.0}]",0.0
2024-10-07 08:30:00-04:00,127884.52466137696,-200612.96831958008,"[{'asset': SPY, 'quantity': 575.0}]",-0.004698817970195113
2024-10-07 09:30:00-04:00,127884.52466137696,-200612.96831958008,"[{'asset': SPY, 'quantity': 575.0}]",0.0
2024-10-07 09:30:00-04:00,127884.52466137696,-200612.96831958008,"[{'asset': SPY, 'quantity': 575.0}]",0.0
2024-10-07 12:30:00-04:00,127884.52466137696,-201184.26830737304,"[{'asset': SPY, 'quantity': 576.0}]",0.0
2024-10-07 15:30:00-04:00,127884.52466137696,-201755.568295166,"[{'asset': SPY, 'quantity': 577.0}]",0.0
2024-10-07 18:30:00-04:00,127884.52466137696,-202326.86828295898,"[{'asset': SPY, 'quantity': 578.0}]",0.0
2024-10-07 18:25:00-04:00,127884.52466137696,-202326.86828295898,"[{'asset': SPY, 'quantity': 578.0}]",0.0
2024-10-08 08:30:00-04:00,127375.88183911133,-202326.86828295898,"[{'asset': SPY, 'quantity': 578.0}]",-0.003977360228788029
2024-10-08 09:30:00-04:00,127375.88183911133,-202326.86828295898,"[{'asset': SPY, 'quantity': 578.0}]",0.0
2024-10-08 09:30:00-04:00,127375.88183911133,-202326.86828295898,"[{'asset': SPY, 'quantity': 578.0}]",0.0
2024-10-08 12:30:00-04:00,127375.88183911133,-202897.28826586914,"[{'asset': SPY, 'quantity': 579.0}]",0.0
2024-10-08 15:30:00-04:00,127375.88183911133,-203467.7082487793,"[{'asset': SPY, 'quantity': 580.0}]",0.0
2024-10-08 18:30:00-04:00,127375.88183911133,-204038.12823168945,"[{'asset': SPY, 'quantity': 581.0}]",0.0
2024-10-08 18:25:00-04:00,127375.88183911133,-204038.12823168945,"[{'asset': SPY, 'quantity': 581.0}]",0.0
2024-10-09 08:30:00-04:00,128967.8161652832,-204038.12823168945,"[{'asset': SPY, 'quantity': 581.0}]",0.01249792584896614
2024-10-09 09:30:00-04:00,128967.8161652832,-204038.12823168945,"[{'asset': SPY, 'quantity': 581.0}]",0.0
2024-10-09 09:30:00-04:00,128967.8161652832,-204038.12823168945,"[{'asset': SPY, 'quantity': 581.0}]",0.0
2024-10-09 12:30:00-04:00,128967.8161652832,-204611.28820483398,"[{'asset': SPY, 'quantity': 582.0}]",0.0
2024-10-09 15:30:00-04:00,128967.8161652832,-205184.4481779785,"[{'asset': SPY, 'quantity': 583.0}]",0.0
2024-10-09 18:30:00-04:00,128967.8161652832,-205757.60815112304,"[{'asset': SPY, 'quantity': 584.0}]",0.0
2024-10-09 18:25:00-04:00,128967.8161652832,-205757.60815112304,"[{'asset': SPY, 'quantity': 584.0}]",0.0
2024-10-10 08:30:00-04:00,130492.08325512696,-205757.60815112304,"[{'asset': SPY, 'quantity': 584.0}]",0.011818972633375946
2024-10-10 09:30:00-04:00,130492.08325512696,-205757.60815112304,"[{'asset': SPY, 'quantity': 584.0}]",0.0
2024-10-10 09:30:00-04:00,130492.08325512696,-205757.60815112304,"[{'asset': SPY, 'quantity': 584.0}]",0.0
2024-10-10 12:30:00-04:00,130492.08325512696,-206333.3781706543,"[{'asset': SPY, 'quantity': 585.0}]",0.0
2024-10-10 15:30:00-04:00,130492.08325512696,-206909.14819018554,"[{'asset': SPY, 'quantity': 586.0}]",0.0
2024-10-10 18:30:00-04:00,130492.08325512696,-207484.9182097168,"[{'asset': SPY, 'quantity': 587.0}]",0.0
2024-10-10 18:25:00-04:00,130492.08325512696,-207484.9182097168,"[{'asset': SPY, 'quantity': 587.0}]",0.0
2024-10-11 08:30:00-04:00,130656.42462475586,-207484.9182097168,"[{'asset': SPY, 'quantity': 587.0}]",0.001259397241038851
2024-10-11 09:30:00-04:00,130656.42462475586,-207484.9182097168,"[{'asset': SPY, 'quantity': 587.0}]",0.0
2024-10-11 09:30:00-04:00,130656.42462475586,-207484.9182097168,"[{'asset': SPY, 'quantity': 587.0}]",0.0
2024-10-11 12:30:00-04:00,130656.42462475586,-208060.96819750976,"[{'asset': SPY, 'quantity': 588.0}]",0.0
2024-10-11 15:30:00-04:00,130656.42462475586,-208637.01818530273,"[{'asset': SPY, 'quantity': 589.0}]",0.0
2024-10-11 18:30:00-04:00,130656.42462475586,-209213.0681730957,"[{'asset': SPY, 'quantity': 590.0}]",0.0
2024-10-11 18:25:00-04:00,130656.42462475586,-209213.0681730957,"[{'asset': SPY, 'quantity': 590.0}]",0.0
2024-10-14 08:30:00-04:00,133706.71454174805,-209213.0681730957,"[{'asset': SPY, 'quantity': 590.0}]",0.02334588540710958
2024-10-14 09:30:00-04:00,133706.71454174805,-209213.0681730957,"[{'asset': SPY, 'quantity': 590.0}]",0.0
2024-10-14 09:30:00-04:00,133706.71454174805,-209213.0681730957,"[{'asset': SPY, 'quantity': 590.0}]",0.0
2024-10-14 12:30:00-04:00,133706.71454174805,-209794.28814379883,"[{'asset': SPY, 'quantity': 591.0}]",0.0
2024-10-14 15:30:00-04:00,133706.71454174805,-210375.50811450195,"[{'asset': SPY, 'quantity': 592.0}]",0.0
2024-10-14 18:30:00-04:00,133706.71454174805,-210956.72808520508,"[{'asset': SPY, 'quantity': 593.0}]",0.0
2024-10-14 18:25:00-04:00,133706.71454174805,-210956.72808520508,"[{'asset': SPY, 'quantity': 593.0}]",0.0
2024-10-15 08:30:00-04:00,135705.1578400879,-210956.72808520508,"[{'asset': SPY, 'quantity': 593.0}]",0.014946469256903683
2024-10-15 09:30:00-04:00,135705.1578400879,-210956.72808520508,"[{'asset': SPY, 'quantity': 593.0}]",0.0
2024-10-15 09:30:00-04:00,135705.1578400879,-210956.72808520508,"[{'asset': SPY, 'quantity': 593.0}]",0.0
2024-10-15 12:30:00-04:00,135705.1578400879,-211541.31811206054,"[{'asset': SPY, 'quantity': 594.0}]",0.0
2024-10-15 15:30:00-04:00,135705.1578400879,-212125.908138916,"[{'asset': SPY, 'quantity': 595.0}]",0.0
2024-10-15 18:30:00-04:00,135705.1578400879,-212710.49816577148,"[{'asset': SPY, 'quantity': 596.0}]",0.0
2024-10-15 18:25:00-04:00,135705.1578400879,-212710.49816577148,"[{'asset': SPY, 'quantity': 596.0}]",0.0
2024-10-16 08:30:00-04:00,132838.39929516602,-212710.49816577148,"[{'asset': SPY, 'quantity': 596.0}]",-0.02112490483449425
2024-10-16 09:30:00-04:00,132838.39929516602,-212710.49816577148,"[{'asset': SPY, 'quantity': 596.0}]",0.0
2024-10-16 09:30:00-04:00,132838.39929516602,-212710.49816577148,"[{'asset': SPY, 'quantity': 596.0}]",0.0
2024-10-16 12:30:00-04:00,132838.39929516602,-213290.27819506836,"[{'asset': SPY, 'quantity': 597.0}]",0.0
2024-10-16 15:30:00-04:00,132838.39929516602,-213870.05822436523,"[{'asset': SPY, 'quantity': 598.0}]",0.0
2024-10-16 18:30:00-04:00,132838.39929516602,-214449.8382536621,"[{'asset': SPY, 'quantity': 599.0}]",0.0
2024-10-16 18:25:00-04:00,132838.39929516602,-214449.8382536621,"[{'asset': SPY, 'quantity': 599.0}]",0.0
2024-10-17 08:30:00-04:00,136510.2356599121,-214449.8382536621,"[{'asset': SPY, 'quantity': 599.0}]",0.027641377675647005
2024-10-17 09:30:00-04:00,136510.2356599121,-214449.8382536621,"[{'asset': SPY, 'quantity': 599.0}]",0.0
2024-10-17 09:30:00-04:00,136510.2356599121,-214449.8382536621,"[{'asset': SPY, 'quantity': 599.0}]",0.0
2024-10-17 12:30:00-04:00,136510.2356599121,-215035.74822680664,"[{'asset': SPY, 'quantity': 600.0}]",0.0
2024-10-17 15:30:00-04:00,136510.2356599121,-215621.65819995117,"[{'asset': SPY, 'quantity': 601.0}]",0.0
2024-10-17 18:30:00-04:00,136510.2356599121,-216207.5681730957,"[{'asset': SPY, 'quantity': 602.0}]",0.0
2024-10-17 18:25:00-04:00,136510.2356599121,-216207.5681730957,"[{'asset': SPY, 'quantity': 602.0}]",0.0
2024-10-18 08:30:00-04:00,135402.576236084,-216207.5681730957,"[{'asset': SPY, 'quantity': 602.0}]",-0.008114112604622803
2024-10-18 09:30:00-04:00,135402.576236084,-216207.5681730957,"[{'asset': SPY, 'quantity': 602.0}]",0.0
2024-10-18 09:30:00-04:00,135402.576236084,-216207.5681730957,"[{'asset': SPY, 'quantity': 602.0}]",0.0
2024-10-18 12:30:00-04:00,135402.576236084,-216791.63818041992,"[{'asset': SPY, 'quantity': 603.0}]",0.0
2024-10-18 15:30:00-04:00,135402.576236084,-217375.70818774414,"[{'asset': SPY, 'quantity': 604.0}]",0.0
2024-10-18 18:30:00-04:00,135402.576236084,-217959.77819506836,"[{'asset': SPY, 'quantity': 605.0}]",0.0
2024-10-18 18:25:00-04:00,135402.576236084,-217959.77819506836,"[{'asset': SPY, 'quantity': 605.0}]",0.0
2024-10-21 08:30:00-04:00,135269.45703442383,-217959.77819506836,"[{'asset': SPY, 'quantity': 605.0}]",-0.0009831364022797606
2024-10-21 09:30:00-04:00,135269.45703442383,-217959.77819506836,"[{'asset': SPY, 'quantity': 605.0}]",0.0
2024-10-21 09:30:00-04:00,135269.45703442383,-217959.77819506836,"[{'asset': SPY, 'quantity': 605.0}]",0.0
2024-10-21 12:30:00-04:00,135269.45703442383,-218543.6281706543,"[{'asset': SPY, 'quantity': 606.0}]",0.0
2024-10-21 15:30:00-04:00,135269.45703442383,-219127.47814624023,"[{'asset': SPY, 'quantity': 607.0}]",0.0
2024-10-21 18:30:00-04:00,135269.45703442383,-219711.32812182617,"[{'asset': SPY, 'quantity': 608.0}]",0.0
2024-10-21 18:25:00-04:00,135269.45703442383,-219711.32812182617,"[{'asset': SPY, 'quantity': 608.0}]",0.0
2024-10-22 08:30:00-04:00,133567.06445629883,-219711.32812182617,"[{'asset': SPY, 'quantity': 608.0}]",-0.01258519561952387
2024-10-22 09:30:00-04:00,133567.06445629883,-219711.32812182617,"[{'asset': SPY, 'quantity': 608.0}]",0.0
2024-10-22 09:30:00-04:00,133567.06445629883,-219711.32812182617,"[{'asset': SPY, 'quantity': 608.0}]",0.0
2024-10-22 12:30:00-04:00,133567.06445629883,-220292.37810961914,"[{'asset': SPY, 'quantity': 609.0}]",0.0
2024-10-22 15:30:00-04:00,133567.06445629883,-220873.4280974121,"[{'asset': SPY, 'quantity': 610.0}]",0.0
2024-10-22 18:30:00-04:00,133567.06445629883,-221454.47808520508,"[{'asset': SPY, 'quantity': 611.0}]",0.0
2024-10-22 18:25:00-04:00,133567.06445629883,-221454.47808520508,"[{'asset': SPY, 'quantity': 611.0}]",0.0
2024-10-23 08:30:00-04:00,133695.3878815918,-221454.47808520508,"[{'asset': SPY, 'quantity': 611.0}]",0.0009607415257295582
2024-10-23 09:30:00-04:00,133695.3878815918,-221454.47808520508,"[{'asset': SPY, 'quantity': 611.0}]",0.0
2024-10-23 09:30:00-04:00,133695.3878815918,-221454.47808520508,"[{'asset': SPY, 'quantity': 611.0}]",0.0
2024-10-23 12:30:00-04:00,133695.3878815918,-222035.7380949707,"[{'asset': SPY, 'quantity': 612.0}]",0.0
2024-10-23 15:30:00-04:00,133695.3878815918,-222616.99810473633,"[{'asset': SPY, 'quantity': 613.0}]",0.0
2024-10-23 18:30:00-04:00,133695.3878815918,-223198.25811450195,"[{'asset': SPY, 'quantity': 614.0}]",0.0
2024-10-23 18:25:00-04:00,133695.3878815918,-223198.25811450195,"[{'asset': SPY, 'quantity': 614.0}]",0.0
2024-10-24 08:30:00-04:00,132909.44989331055,-223198.25811450195,"[{'asset': SPY, 'quantity': 614.0}]",-0.005878572183636743
2024-10-24 09:30:00-04:00,132909.44989331055,-223198.25811450195,"[{'asset': SPY, 'quantity': 614.0}]",0.0
2024-10-24 09:30:00-04:00,132909.44989331055,-223198.25811450195,"[{'asset': SPY, 'quantity': 614.0}]",0.0
2024-10-24 12:30:00-04:00,132909.44989331055,-223778.2380949707,"[{'asset': SPY, 'quantity': 615.0}]",0.0
2024-10-24 15:30:00-04:00,132909.44989331055,-224358.21807543945,"[{'asset': SPY, 'quantity': 616.0}]",0.0
2024-10-24 18:30:00-04:00,132909.44989331055,-224938.1980559082,"[{'asset': SPY, 'quantity': 617.0}]",0.0
2024-10-24 18:25:00-04:00,132909.44989331055,-224938.1980559082,"[{'asset': SPY, 'quantity': 617.0}]",0.0
2024-10-25 08:30:00-04:00,133853.47796948242,-224938.1980559082,"[{'asset': SPY, 'quantity': 617.0}]",0.007102791238167594
2024-10-25 09:30:00-04:00,133853.47796948242,-224938.1980559082,"[{'asset': SPY, 'quantity': 617.0}]",0.0
2024-10-25 09:30:00-04:00,133853.47796948242,-224938.1980559082,"[{'asset': SPY, 'quantity': 617.0}]",0.0
2024-10-25 12:30:00-04:00,133853.47796948242,-225519.70806567383,"[{'asset': SPY, 'quantity': 618.0}]",0.0
2024-10-25 15:30:00-04:00,133853.47796948242,-226101.21807543945,"[{'asset': SPY, 'quantity': 619.0}]",0.0
2024-10-25 18:30:00-04:00,133853.47796948242,-226682.72808520508,"[{'asset': SPY, 'quantity': 620.0}]",0.0
2024-10-25 18:25:00-04:00,133853.47796948242,-226682.72808520508,"[{'asset': SPY, 'quantity': 620.0}]",0.0
2024-10-28 08:30:00-04:00,134516.88251049805,-226682.72808520508,"[{'asset': SPY, 'quantity': 620.0}]",0.004956199503212577
2024-10-28 09:30:00-04:00,134516.88251049805,-226682.72808520508,"[{'asset': SPY, 'quantity': 620.0}]",0.0
2024-10-28 09:30:00-04:00,134516.88251049805,-226682.72808520508,"[{'asset': SPY, 'quantity': 620.0}]",0.0
2024-10-28 12:30:00-04:00,134516.88251049805,-227265.30810229492,"[{'asset': SPY, 'quantity': 621.0}]",0.0
2024-10-28 15:30:00-04:00,134516.88251049805,-227847.88811938476,"[{'asset': SPY, 'quantity': 622.0}]",0.0
2024-10-28 18:30:00-04:00,134516.88251049805,-228430.4681364746,"[{'asset': SPY, 'quantity': 623.0}]",0.0
2024-10-28 18:25:00-04:00,134516.88251049805,-228430.4681364746,"[{'asset': SPY, 'quantity': 623.0}]",0.0
2024-10-29 08:30:00-04:00,132816.06665356446,-228430.4681364746,"[{'asset': SPY, 'quantity': 623.0}]",-0.012643883988322835
2024-10-29 09:30:00-04:00,132816.06665356446,-228430.4681364746,"[{'asset': SPY, 'quantity': 623.0}]",0.0
2024-10-29 09:30:00-04:00,132816.06665356446,-228430.4681364746,"[{'asset': SPY, 'quantity': 623.0}]",0.0
2024-10-29 12:30:00-04:00,132816.06665356446,-229010.31811206054,"[{'asset': SPY, 'quantity': 624.0}]",0.0
2024-10-29 15:30:00-04:00,132816.06665356446,-229590.16808764648,"[{'asset': SPY, 'quantity': 625.0}]",0.0
2024-10-29 18:30:00-04:00,132816.06665356446,-230170.01806323242,"[{'asset': SPY, 'quantity': 626.0}]",0.0
2024-10-29 18:25:00-04:00,132816.06665356446,-230170.01806323242,"[{'asset': SPY, 'quantity': 626.0}]",0.0
2024-10-30 08:30:00-04:00,133717.50818188477,-230170.01806323242,"[{'asset': SPY, 'quantity': 626.0}]",0.006787142181161165
2024-10-30 09:30:00-04:00,133717.50818188477,-230170.01806323242,"[{'asset': SPY, 'quantity': 626.0}]",0.0
2024-10-30 09:30:00-04:00,133717.50818188477,-230170.01806323242,"[{'asset': SPY, 'quantity': 626.0}]",0.0
2024-10-30 12:30:00-04:00,133717.50818188477,-230751.30804125976,"[{'asset': SPY, 'quantity': 627.0}]",0.0
2024-10-30 15:30:00-04:00,133717.50818188477,-231332.5980192871,"[{'asset': SPY, 'quantity': 628.0}]",0.0
2024-10-30 18:30:00-04:00,133717.50818188477,-231913.88799731445,"[{'asset': SPY, 'quantity': 629.0}]",0.0
2024-10-30 18:25:00-04:00,133717.50818188477,-231913.88799731445,"[{'asset': SPY, 'quantity': 629.0}]",0.0
2024-10-31 08:30:00-04:00,130113.35046704102,-231913.88799731445,"[{'asset': SPY, 'quantity': 629.0}]",-0.026953521373890066
2024-10-31 09:30:00-04:00,130113.35046704102,-231913.88799731445,"[{'asset': SPY, 'quantity': 629.0}]",0.0
2024-10-31 09:30:00-04:00,130113.35046704102,-231913.88799731445,"[{'asset': SPY, 'quantity': 629.0}]",0.0
2024-10-31 12:30:00-04:00,130113.35046704102,-232489.44799487304,"[{'asset': SPY, 'quantity': 630.0}]",0.0
2024-10-31 15:30:00-04:00,130113.35046704102,-233065.00799243164,"[{'asset': SPY, 'quantity': 631.0}]",0.0
2024-10-31 18:30:00-04:00,130113.35046704102,-233640.56798999023,"[{'asset': SPY, 'quantity': 632.0}]",0.0
2024-10-31 18:25:00-04:00,130113.35046704102,-233640.56798999023,"[{'asset': SPY, 'quantity': 632.0}]",0.0
2024-11-01 08:30:00-04:00,127433.67663891602,-233640.56798999023,"[{'asset': SPY, 'quantity': 632.0}]",-0.02059491834240168
2024-11-01 09:30:00-04:00,127433.67663891602,-233640.56798999023,"[{'asset': SPY, 'quantity': 632.0}]",0.0
2024-11-01 09:30:00-04:00,127433.67663891602,-233640.56798999023,"[{'asset': SPY, 'quantity': 632.0}]",0.0
2024-11-01 12:30:00-04:00,127433.67663891602,-234211.88799731445,"[{'asset': SPY, 'quantity': 633.0}]",0.0
2024-11-01 15:30:00-04:00,127433.67663891602,-234783.20800463867,"[{'asset': SPY, 'quantity': 634.0}]",0.0
2024-11-01 18:30:00-04:00,127433.67663891602,-235354.5280119629,"[{'asset': SPY, 'quantity': 635.0}]",0.0
2024-11-01 18:25:00-04:00,127433.67663891602,-235354.5280119629,"[{'asset': SPY, 'quantity': 635.0}]",0.0
2024-11-04 08:30:00-05:00,127344.7673371582,-235354.5280119629,"[{'asset': SPY, 'quantity': 635.0}]",-0.0006976907839655322
2024-11-04 09:30:00-05:00,127344.7673371582,-235354.5280119629,"[{'asset': SPY, 'quantity': 635.0}]",0.0
2024-11-04 09:30:00-05:00,127344.7673371582,-235354.5280119629,"[{'asset': SPY, 'quantity': 635.0}]",0.0
2024-11-04 12:30:00-05:00,127344.7673371582,-235925.70800463867,"[{'asset': SPY, 'quantity': 636.0}]",0.0
2024-11-04 15:30:00-05:00,127344.7673371582,-236496.88799731445,"[{'asset': SPY, 'quantity': 637.0}]",0.0
2024-11-04 18:30:00-05:00,127344.7673371582,-237068.06798999023,"[{'asset': SPY, 'quantity': 638.0}]",0.0
2024-11-04 18:25:00-05:00,127344.7673371582,-237068.06798999023,"[{'asset': SPY, 'quantity': 638.0}]",0.0
2024-11-05 08:30:00-05:00,127064.04577954102,-237068.06798999023,"[{'asset': SPY, 'quantity': 638.0}]",-0.002204421614544594
2024-11-05 09:30:00-05:00,127064.04577954102,-237068.06798999023,"[{'asset': SPY, 'quantity': 638.0}]",0.0
2024-11-05 09:30:00-05:00,127064.04577954102,-237068.06798999023,"[{'asset': SPY, 'quantity': 638.0}]",0.0
2024-11-05 12:30:00-05:00,127064.04577954102,-237638.8079802246,"[{'asset': SPY, 'quantity': 639.0}]",0.0
2024-11-05 15:30:00-05:00,127064.04577954102,-238209.54797045898,"[{'asset': SPY, 'quantity': 640.0}]",0.0
2024-11-05 18:30:00-05:00,127064.04577954102,-238780.28796069336,"[{'asset': SPY, 'quantity': 641.0}]",0.0
2024-11-05 18:25:00-05:00,127064.04577954102,-238780.28796069336,"[{'asset': SPY, 'quantity': 641.0}]",0.0
2024-11-06 08:30:00-05:00,138896.91986401367,-238780.28796069336,"[{'asset': SPY, 'quantity': 641.0}]",0.09312527404489357
2024-11-06 09:30:00-05:00,138896.91986401367,-238780.28796069336,"[{'asset': SPY, 'quantity': 641.0}]",0.0
2024-11-06 09:30:00-05:00,138896.91986401367,-238780.28796069336,"[{'asset': SPY, 'quantity': 641.0}]",0.0
2024-11-06 12:30:00-05:00,138896.91986401367,-239369.4879729004,"[{'asset': SPY, 'quantity': 642.0}]",0.0
2024-11-06 15:30:00-05:00,138896.91986401367,-239958.68798510742,"[{'asset': SPY, 'quantity': 643.0}]",0.0
2024-11-06 18:30:00-05:00,138896.91986401367,-240547.88799731445,"[{'asset': SPY, 'quantity': 644.0}]",0.0
2024-11-06 18:25:00-05:00,138896.91986401367,-240547.88799731445,"[{'asset': SPY, 'quantity': 644.0}]",0.0
2024-11-07 08:30:00-05:00,141395.64300854492,-240547.88799731445,"[{'asset': SPY, 'quantity': 644.0}]",0.017989766417985553
2024-11-07 09:30:00-05:00,141395.64300854492,-240547.88799731445,"[{'asset': SPY, 'quantity': 644.0}]",0.0
2024-11-07 09:30:00-05:00,141395.64300854492,-240547.88799731445,"[{'asset': SPY, 'quantity': 644.0}]",0.0
2024-11-07 12:30:00-05:00,141395.64300854492,-241140.9680144043,"[{'asset': SPY, 'quantity': 645.0}]",0.0
2024-11-07 15:30:00-05:00,141395.64300854492,-241734.04803149414,"[{'asset': SPY, 'quantity': 646.0}]",0.0
2024-11-07 18:30:00-05:00,141395.64300854492,-242327.12804858398,"[{'asset': SPY, 'quantity': 647.0}]",0.0
2024-11-07 18:25:00-05:00,141395.64300854492,-242327.12804858398,"[{'asset': SPY, 'quantity': 647.0}]",0.0
2024-11-08 08:30:00-05:00,143394.8508942871,-242327.12804858398,"[{'asset': SPY, 'quantity': 647.0}]",0.014139105302002575
2024-11-08 09:30:00-05:00,143394.8508942871,-242327.12804858398,"[{'asset': SPY, 'quantity': 647.0}]",0.0
2024-11-08 09:30:00-05:00,143394.8508942871,-242327.12804858398,"[{'asset': SPY, 'quantity': 647.0}]",0.0
2024-11-08 12:30:00-05:00,143394.8508942871,-242923.29803149414,"[{'asset': SPY, 'quantity': 648.0}]",0.0
2024-11-08 15:30:00-05:00,143394.8508942871,-243519.4680144043,"[{'asset': SPY, 'quantity': 649.0}]",0.0
2024-11-08 18:30:00-05:00,143394.8508942871,-244115.63799731445,"[{'asset': SPY, 'quantity': 650.0}]",0.0
2024-11-08 18:25:00-05:00,143394.8508942871,-244115.63799731445,"[{'asset': SPY, 'quantity': 650.0}]",0.0
2024-11-11 08:30:00-05:00,145760.8604157715,-244115.63799731445,"[{'asset': SPY, 'quantity': 650.0}]",0.01649996151694899
2024-11-11 09:30:00-05:00,145760.8604157715,-244115.63799731445,"[{'asset': SPY, 'quantity': 650.0}]",0.0
2024-11-11 09:30:00-05:00,145760.8604157715,-244115.63799731445,"[{'asset': SPY, 'quantity': 650.0}]",0.0
2024-11-11 12:30:00-05:00,145760.8604157715,-244715.44799487304,"[{'asset': SPY, 'quantity': 651.0}]",0.0
2024-11-11 15:30:00-05:00,145760.8604157715,-245315.25799243164,"[{'asset': SPY, 'quantity': 652.0}]",0.0
2024-11-11 18:30:00-05:00,145760.8604157715,-245915.06798999023,"[{'asset': SPY, 'quantity': 653.0}]",0.0
2024-11-11 18:25:00-05:00,145760.8604157715,-245915.06798999023,"[{'asset': SPY, 'quantity': 653.0}]",0.0
2024-11-12 08:30:00-05:00,145022.96722729492,-245915.06798999023,"[{'asset': SPY, 'quantity': 653.0}]",-0.005062354780095202
2024-11-12 09:30:00-05:00,145022.96722729492,-245915.06798999023,"[{'asset': SPY, 'quantity': 653.0}]",0.0
2024-11-12 09:30:00-05:00,145022.96722729492,-245915.06798999023,"[{'asset': SPY, 'quantity': 653.0}]",0.0
2024-11-12 12:30:00-05:00,145022.96722729492,-246513.747982666,"[{'asset': SPY, 'quantity': 654.0}]",0.0
2024-11-12 15:30:00-05:00,145022.96722729492,-247112.4279753418,"[{'asset': SPY, 'quantity': 655.0}]",0.0
2024-11-12 18:30:00-05:00,145022.96722729492,-247711.10796801758,"[{'asset': SPY, 'quantity': 656.0}]",0.0
2024-11-12 18:25:00-05:00,145022.96722729492,-247711.10796801758,"[{'asset': SPY, 'quantity': 656.0}]",0.0
2024-11-13 08:30:00-05:00,144163.60882885742,-247711.10796801758,"[{'asset': SPY, 'quantity': 656.0}]",-0.005925671049680226
2024-11-13 09:30:00-05:00,144163.60882885742,-247711.10796801758,"[{'asset': SPY, 'quantity': 656.0}]",0.0
2024-11-13 09:30:00-05:00,144163.60882885742,-247711.10796801758,"[{'asset': SPY, 'quantity': 656.0}]",0.0
2024-11-13 12:30:00-05:00,144163.60882885742,-248308.47796313476,"[{'asset': SPY, 'quantity': 657.0}]",0.0
2024-11-13 15:30:00-05:00,144163.60882885742,-248905.84795825195,"[{'asset': SPY, 'quantity': 658.0}]",0.0
2024-11-13 18:30:00-05:00,144163.60882885742,-249503.21795336914,"[{'asset': SPY, 'quantity': 659.0}]",0.0
2024-11-13 18:25:00-05:00,144163.60882885742,-249503.21795336914,"[{'asset': SPY, 'quantity': 659.0}]",0.0
2024-11-14 08:30:00-05:00,144130.66687329102,-249503.21795336914,"[{'asset': SPY, 'quantity': 659.0}]",-0.0002285039604239536
2024-11-14 09:30:00-05:00,144130.66687329102,-249503.21795336914,"[{'asset': SPY, 'quantity': 659.0}]",0.0
2024-11-14 09:30:00-05:00,144130.66687329102,-249503.21795336914,"[{'asset': SPY, 'quantity': 659.0}]",0.0
2024-11-14 12:30:00-05:00,144130.66687329102,-250100.53796069336,"[{'asset': SPY, 'quantity': 660.0}]",0.0
2024-11-14 15:30:00-05:00,144130.66687329102,-250697.85796801758,"[{'asset': SPY, 'quantity': 661.0}]",0.0
2024-11-14 18:30:00-05:00,144130.66687329102,-251295.1779753418,"[{'asset': SPY, 'quantity': 662.0}]",0.0
2024-11-14 18:25:00-05:00,144130.66687329102,-251295.1779753418,"[{'asset': SPY, 'quantity': 662.0}]",0.0
2024-11-15 08:30:00-05:00,139099.44263012696,-251295.1779753418,"[{'asset': SPY, 'quantity': 662.0}]",-0.03490738197712728
2024-11-15 09:30:00-05:00,139099.44263012696,-251295.1779753418,"[{'asset': SPY, 'quantity': 662.0}]",0.0
2024-11-15 09:30:00-05:00,139099.44263012696,-251295.1779753418,"[{'asset': SPY, 'quantity': 662.0}]",0.0
2024-11-15 12:30:00-05:00,139099.44263012696,-251884.89794604492,"[{'asset': SPY, 'quantity': 663.0}]",0.0
2024-11-15 15:30:00-05:00,139099.44263012696,-252474.61791674804,"[{'asset': SPY, 'quantity': 664.0}]",0.0
2024-11-15 18:30:00-05:00,139099.44263012696,-253064.33788745117,"[{'asset': SPY, 'quantity': 665.0}]",0.0
2024-11-15 18:25:00-05:00,139099.44263012696,-253064.33788745117,"[{'asset': SPY, 'quantity': 665.0}]",0.0
2024-11-18 08:30:00-05:00,136771.94263012696,-253064.33788745117,"[{'asset': SPY, 'quantity': 665.0}]",-0.016732633546123865
2024-11-18 09:30:00-05:00,136771.94263012696,-253064.33788745117,"[{'asset': SPY, 'quantity': 665.0}]",0.0
2024-11-18 09:30:00-05:00,136771.94263012696,-253064.33788745117,"[{'asset': SPY, 'quantity': 665.0}]",0.0
2024-11-18 12:30:00-05:00,136771.94263012696,-253650.5578581543,"[{'asset': SPY, 'quantity': 666.0}]",0.0
2024-11-18 15:30:00-05:00,136771.94263012696,-254236.77782885742,"[{'asset': SPY, 'quantity': 667.0}]",0.0
2024-11-18 18:30:00-05:00,136771.94263012696,-254822.99779956054,"[{'asset': SPY, 'quantity': 668.0}]",0.0
2024-11-18 18:25:00-05:00,136771.94263012696,-254822.99779956054,"[{'asset': SPY, 'quantity': 668.0}]",0.0
2024-11-19 08:30:00-05:00,135763.29687817383,-254822.99779956054,"[{'asset': SPY, 'quantity': 668.0}]",-0.007374653986459867
2024-11-19 09:30:00-05:00,135763.29687817383,-254822.99779956054,"[{'asset': SPY, 'quantity': 668.0}]",0.0
2024-11-19 09:30:00-05:00,135763.29687817383,-254822.99779956054,"[{'asset': SPY, 'quantity': 668.0}]",0.0
2024-11-19 12:30:00-05:00,135763.29687817383,-255407.7078215332,"[{'asset': SPY, 'quantity': 669.0}]",0.0
2024-11-19 15:30:00-05:00,135763.29687817383,-255992.41784350586,"[{'asset': SPY, 'quantity': 670.0}]",0.0
2024-11-19 18:30:00-05:00,135763.29687817383,-256577.1278654785,"[{'asset': SPY, 'quantity': 671.0}]",0.0
2024-11-19 18:25:00-05:00,135763.29687817383,-256577.1278654785,"[{'asset': SPY, 'quantity': 671.0}]",0.0
2024-11-20 08:30:00-05:00,139567.85541088867,-256577.1278654785,"[{'asset': SPY, 'quantity': 671.0}]",0.028023468936002827
2024-11-20 09:30:00-05:00,139567.85541088867,-256577.1278654785,"[{'asset': SPY, 'quantity': 671.0}]",0.0
2024-11-20 09:30:00-05:00,139567.85541088867,-256577.1278654785,"[{'asset': SPY, 'quantity': 671.0}]",0.0
2024-11-20 12:30:00-05:00,139567.85541088867,-257167.50787036133,"[{'asset': SPY, 'quantity': 672.0}]",0.0
2024-11-20 15:30:00-05:00,139567.85541088867,-257757.88787524414,"[{'asset': SPY, 'quantity': 673.0}]",0.0
2024-11-20 18:30:00-05:00,139567.85541088867,-258348.26788012695,"[{'asset': SPY, 'quantity': 674.0}]",0.0
2024-11-20 18:25:00-05:00,139567.85541088867,-258348.26788012695,"[{'asset': SPY, 'quantity': 674.0}]",0.0
2024-11-21 08:30:00-05:00,141603.34857495117,-258348.26788012695,"[{'asset': SPY, 'quantity': 674.0}]",0.014584254791835782
2024-11-21 09:30:00-05:00,141603.34857495117,-258348.26788012695,"[{'asset': SPY, 'quantity': 674.0}]",0.0
2024-11-21 09:30:00-05:00,141603.34857495117,-258348.26788012695,"[{'asset': SPY, 'quantity': 674.0}]",0.0
2024-11-21 12:30:00-05:00,141603.34857495117,-258941.667904541,"[{'asset': SPY, 'quantity': 675.0}]",0.0
2024-11-21 15:30:00-05:00,141603.34857495117,-259535.06792895508,"[{'asset': SPY, 'quantity': 676.0}]",0.0
2024-11-21 18:30:00-05:00,141603.34857495117,-260128.46795336914,"[{'asset': SPY, 'quantity': 677.0}]",0.0
2024-11-21 18:25:00-05:00,141603.34857495117,-260128.46795336914,"[{'asset': SPY, 'quantity': 677.0}]",0.0
2024-11-22 08:30:00-05:00,141779.33386547852,-260128.46795336914,"[{'asset': SPY, 'quantity': 677.0}]",0.0012428045826486933
2024-11-22 09:30:00-05:00,141779.33386547852,-260128.46795336914,"[{'asset': SPY, 'quantity': 677.0}]",0.0
2024-11-22 09:30:00-05:00,141779.33386547852,-260128.46795336914,"[{'asset': SPY, 'quantity': 677.0}]",0.0
2024-11-22 12:30:00-05:00,141779.33386547852,-260722.12792651367,"[{'asset': SPY, 'quantity': 678.0}]",0.0
2024-11-22 15:30:00-05:00,141779.33386547852,-261315.7878996582,"[{'asset': SPY, 'quantity': 679.0}]",0.0
2024-11-22 18:30:00-05:00,141779.33386547852,-261909.44787280273,"[{'asset': SPY, 'quantity': 680.0}]",0.0
2024-11-22 18:25:00-05:00,141779.33386547852,-261909.44787280273,"[{'asset': SPY, 'quantity': 680.0}]",0.0
2024-11-25 08:30:00-05:00,145764.16540844727,-261909.44787280273,"[{'asset': SPY, 'quantity': 680.0}]",0.028105870117499654
2024-11-25 09:30:00-05:00,145764.16540844727,-261909.44787280273,"[{'asset': SPY, 'quantity': 680.0}]",0.0
2024-11-25 09:30:00-05:00,145764.16540844727,-261909.44787280273,"[{'asset': SPY, 'quantity': 680.0}]",0.0
2024-11-25 12:30:00-05:00,145764.16540844727,-262508.967892334,"[{'asset': SPY, 'quantity': 681.0}]",0.0
2024-11-25 15:30:00-05:00,145764.16540844727,-263108.48791186523,"[{'asset': SPY, 'quantity': 682.0}]",0.0
2024-11-25 18:30:00-05:00,145764.16540844727,-263708.0079313965,"[{'asset': SPY, 'quantity': 683.0}]",0.0
2024-11-25 18:25:00-05:00,145764.16540844727,-263708.0079313965,"[{'asset': SPY, 'quantity': 683.0}]",0.0
2024-11-26 08:30:00-05:00,145272.38373120117,-263708.0079313965,"[{'asset': SPY, 'quantity': 683.0}]",-0.003373817397904766
2024-11-26 09:30:00-05:00,145272.38373120117,-263708.0079313965,"[{'asset': SPY, 'quantity': 683.0}]",0.0
2024-11-26 09:30:00-05:00,145272.38373120117,-263708.0079313965,"[{'asset': SPY, 'quantity': 683.0}]",0.0
2024-11-26 12:30:00-05:00,145272.38373120117,-264306.80791918945,"[{'asset': SPY, 'quantity': 684.0}]",0.0
2024-11-26 15:30:00-05:00,145272.38373120117,-264905.6079069824,"[{'asset': SPY, 'quantity': 685.0}]",0.0
2024-11-26 18:30:00-05:00,145272.38373120117,-265504.4078947754,"[{'asset': SPY, 'quantity': 686.0}]",0.0
2024-11-26 18:25:00-05:00,145272.38373120117,-265504.4078947754,"[{'asset': SPY, 'quantity': 686.0}]",0.0
2024-11-27 08:30:00-05:00,146411.1671784668,-265504.4078947754,"[{'asset': SPY, 'quantity': 686.0}]",0.007838953406125171
2024-11-27 09:30:00-05:00,146411.1671784668,-265504.4078947754,"[{'asset': SPY, 'quantity': 686.0}]",0.0
2024-11-27 09:30:00-05:00,146411.1671784668,-265504.4078947754,"[{'asset': SPY, 'quantity': 686.0}]",0.0
2024-11-27 12:30:00-05:00,146411.1671784668,-266104.86791674804,"[{'asset': SPY, 'quantity': 687.0}]",0.0
2024-11-27 15:30:00-05:00,146411.1671784668,-266705.3279387207,"[{'asset': SPY, 'quantity': 688.0}]",0.0
2024-11-27 18:30:00-05:00,146411.1671784668,-267305.78796069336,"[{'asset': SPY, 'quantity': 689.0}]",0.0
2024-11-27 18:25:00-05:00,146411.1671784668,-267305.78796069336,"[{'asset': SPY, 'quantity': 689.0}]",0.0
2024-11-29 08:30:00-05:00,145859.93353588867,-267305.78796069336,"[{'asset': SPY, 'quantity': 689.0}]",-0.0037649699350200683
2024-11-29 09:30:00-05:00,145859.93353588867,-267305.78796069336,"[{'asset': SPY, 'quantity': 689.0}]",0.0
2024-11-29 09:30:00-05:00,145859.93353588867,-267305.78796069336,"[{'asset': SPY, 'quantity': 689.0}]",0.0
2024-11-29 12:30:00-05:00,145859.93353588867,-267905.4479338379,"[{'asset': SPY, 'quantity': 690.0}]",0.0
2024-11-29 15:30:00-05:00,145859.93353588867,-268505.1079069824,"[{'asset': SPY, 'quantity': 691.0}]",0.0
2024-11-29 15:25:00-05:00,145859.93353588867,-268505.1079069824,"[{'asset': SPY, 'quantity': 691.0}]",0.0
2024-12-02 08:30:00-05:00,148147.14184887696,-268505.1079069824,"[{'asset': SPY, 'quantity': 691.0}]",0.015680853936667294
2024-12-02 09:30:00-05:00,148147.14184887696,-268505.1079069824,"[{'asset': SPY, 'quantity': 691.0}]",0.0
2024-12-02 09:30:00-05:00,148147.14184887696,-268505.1079069824,"[{'asset': SPY, 'quantity': 691.0}]",0.0
2024-12-02 12:30:00-05:00,148147.14184887696,-269108.07787768554,"[{'asset': SPY, 'quantity': 692.0}]",0.0
2024-12-02 15:30:00-05:00,148147.14184887696,-269711.04784838867,"[{'asset': SPY, 'quantity': 693.0}]",0.0
2024-12-02 18:30:00-05:00,148147.14184887696,-270314.0178190918,"[{'asset': SPY, 'quantity': 694.0}]",0.0
2024-12-02 18:25:00-05:00,148147.14184887696,-270314.0178190918,"[{'asset': SPY, 'quantity': 694.0}]",0.0
2024-12-03 08:30:00-05:00,148438.65234692383,-270314.0178190918,"[{'asset': SPY, 'quantity': 694.0}]",0.001967709227520764
2024-12-03 09:30:00-05:00,148438.65234692383,-270314.0178190918,"[{'asset': SPY, 'quantity': 694.0}]",0.0
2024-12-03 09:30:00-05:00,148438.65234692383,-270314.0178190918,"[{'asset': SPY, 'quantity': 694.0}]",0.0
2024-12-03 12:30:00-05:00,148438.65234692383,-270917.40783374023,"[{'asset': SPY, 'quantity': 695.0}]",0.0
2024-12-03 15:30:00-05:00,148438.65234692383,-271520.79784838867,"[{'asset': SPY, 'quantity': 696.0}]",0.0
2024-12-03 18:30:00-05:00,148438.65234692383,-272124.1878630371,"[{'asset': SPY, 'quantity': 697.0}]",0.0
2024-12-03 18:25:00-05:00,148438.65234692383,-272124.1878630371,"[{'asset': SPY, 'quantity': 697.0}]",0.0
2024-12-04 08:30:00-05:00,149999.9255402832,-272124.1878630371,"[{'asset': SPY, 'quantity': 697.0}]",0.010517969333960542
2024-12-04 09:30:00-05:00,149999.9255402832,-272124.1878630371,"[{'asset': SPY, 'quantity': 697.0}]",0.0
2024-12-04 09:30:00-05:00,149999.9255402832,-272124.1878630371,"[{'asset': SPY, 'quantity': 697.0}]",0.0
2024-12-04 12:30:00-05:00,149999.9255402832,-272729.8178679199,"[{'asset': SPY, 'quantity': 698.0}]",0.0
2024-12-04 15:30:00-05:00,149999.9255402832,-273335.44787280273,"[{'asset': SPY, 'quantity': 699.0}]",0.0
2024-12-04 18:30:00-05:00,149999.9255402832,-273941.07787768554,"[{'asset': SPY, 'quantity': 700.0}]",0.0
2024-12-04 18:25:00-05:00,149999.9255402832,-273941.07787768554,"[{'asset': SPY, 'quantity': 700.0}]",0.0
2024-12-05 08:30:00-05:00,151420.90332348633,-273941.07787768554,"[{'asset': SPY, 'quantity': 700.0}]",0.00947318992382784
2024-12-05 09:30:00-05:00,151420.90332348633,-273941.07787768554,"[{'asset': SPY, 'quantity': 700.0}]",0.0
2024-12-05 09:30:00-05:00,151420.90332348633,-273941.07787768554,"[{'asset': SPY, 'quantity': 700.0}]",0.0
2024-12-05 12:30:00-05:00,151420.90332348633,-274548.7378508301,"[{'asset': SPY, 'quantity': 701.0}]",0.0
2024-12-05 15:30:00-05:00,151420.90332348633,-275156.3978239746,"[{'asset': SPY, 'quantity': 702.0}]",0.0
2024-12-05 18:30:00-05:00,151420.90332348633,-275764.05779711914,"[{'asset': SPY, 'quantity': 703.0}]",0.0
2024-12-05 18:25:00-05:00,151420.90332348633,-275764.05779711914,"[{'asset': SPY, 'quantity': 703.0}]",0.0
2024-12-06 08:30:00-05:00,151266.26391918946,-275764.05779711914,"[{'asset': SPY, 'quantity': 703.0}]",-0.0010212553280475323
2024-12-06 09:30:00-05:00,151266.26391918946,-275764.05779711914,"[{'asset': SPY, 'quantity': 703.0}]",0.0
2024-12-06 09:30:00-05:00,151266.26391918946,-275764.05779711914,"[{'asset': SPY, 'quantity': 703.0}]",0.0
2024-12-06 12:30:00-05:00,151266.26391918946,-276371.49779956054,"[{'asset': SPY, 'quantity': 704.0}]",0.0
2024-12-06 15:30:00-05:00,151266.26391918946,-276978.93780200195,"[{'asset': SPY, 'quantity': 705.0}]",0.0
2024-12-06 18:30:00-05:00,151266.26391918946,-277586.37780444336,"[{'asset': SPY, 'quantity': 706.0}]",0.0
2024-12-06 18:25:00-05:00,151266.26391918946,-277586.37780444336,"[{'asset': SPY, 'quantity': 706.0}]",0.0
2024-12-09 08:30:00-05:00,151442.76391918946,-277586.37780444336,"[{'asset': SPY, 'quantity': 706.0}]",0.0011668166809111202
2024-12-09 09:30:00-05:00,151442.76391918946,-277586.37780444336,"[{'asset': SPY, 'quantity': 706.0}]",0.0
2024-12-09 09:30:00-05:00,151442.76391918946,-277586.37780444336,"[{'asset': SPY, 'quantity': 706.0}]",0.0
2024-12-09 12:30:00-05:00,151442.76391918946,-278194.06780688476,"[{'asset': SPY, 'quantity': 707.0}]",0.0
2024-12-09 15:30:00-05:00,151442.76391918946,-278801.75780932617,"[{'asset': SPY, 'quantity': 708.0}]",0.0
2024-12-09 18:30:00-05:00,151442.76391918946,-279409.4478117676,"[{'asset': SPY, 'quantity': 709.0}]",0.0
2024-12-09 18:25:00-05:00,151442.76391918946,-279409.4478117676,"[{'asset': SPY, 'quantity': 709.0}]",0.0
2024-12-10 08:30:00-05:00,149797.87872631836,-279409.4478117676,"[{'asset': SPY, 'quantity': 709.0}]",-0.010861431410145284
2024-12-10 09:30:00-05:00,149797.87872631836,-279409.4478117676,"[{'asset': SPY, 'quantity': 709.0}]",0.0
2024-12-10 09:30:00-05:00,149797.87872631836,-279409.4478117676,"[{'asset': SPY, 'quantity': 709.0}]",0.0
2024-12-10 12:30:00-05:00,149797.87872631836,-280014.81780688476,"[{'asset': SPY, 'quantity': 710.0}]",0.0
2024-12-10 15:30:00-05:00,149797.87872631836,-280620.18780200195,"[{'asset': SPY, 'quantity': 711.0}]",0.0
2024-12-10 18:30:00-05:00,149797.87872631836,-281225.55779711914,"[{'asset': SPY, 'quantity': 712.0}]",0.0
2024-12-10 18:25:00-05:00,149797.87872631836,-281225.55779711914,"[{'asset': SPY, 'quantity': 712.0}]",0.0
2024-12-11 08:30:00-05:00,150089.82306225586,-281225.55779711914,"[{'asset': SPY, 'quantity': 712.0}]",0.0019489216964874156
2024-12-11 09:30:00-05:00,150089.82306225586,-281225.55779711914,"[{'asset': SPY, 'quantity': 712.0}]",0.0
2024-12-11 09:30:00-05:00,150089.82306225586,-281225.55779711914,"[{'asset': SPY, 'quantity': 712.0}]",0.0
2024-12-11 12:30:00-05:00,150089.82306225586,-281831.337826416,"[{'asset': SPY, 'quantity': 713.0}]",0.0
2024-12-11 15:30:00-05:00,150089.82306225586,-282437.1178557129,"[{'asset': SPY, 'quantity': 714.0}]",0.0
2024-12-11 18:30:00-05:00,150089.82306225586,-283042.89788500976,"[{'asset': SPY, 'quantity': 715.0}]",0.0
2024-12-11 18:25:00-05:00,150089.82306225586,-283042.89788500976,"[{'asset': SPY, 'quantity': 715.0}]",0.0
2024-12-12 08:30:00-05:00,150661.81433422852,-283042.89788500976,"[{'asset': SPY, 'quantity': 715.0}]",0.0038109930460468178
2024-12-12 09:30:00-05:00,150661.81433422852,-283042.89788500976,"[{'asset': SPY, 'quantity': 715.0}]",0.0
2024-12-12 09:30:00-05:00,150661.81433422852,-283042.89788500976,"[{'asset': SPY, 'quantity': 715.0}]",0.0
2024-12-12 12:30:00-05:00,150661.81433422852,-283649.4779020996,"[{'asset': SPY, 'quantity': 716.0}]",0.0
2024-12-12 15:30:00-05:00,150661.81433422852,-284256.05791918945,"[{'asset': SPY, 'quantity': 717.0}]",0.0
2024-12-12 18:30:00-05:00,150661.81433422852,-284862.6379362793,"[{'asset': SPY, 'quantity': 718.0}]",0.0
2024-12-12 18:25:00-05:00,150661.81433422852,-284862.6379362793,"[{'asset': SPY, 'quantity': 718.0}]",0.0
2024-12-13 08:30:00-05:00,150532.57959301758,-284862.6379362793,"[{'asset': SPY, 'quantity': 718.0}]",-0.0008577803326079714
2024-12-13 09:30:00-05:00,150532.57959301758,-284862.6379362793,"[{'asset': SPY, 'quantity': 718.0}]",0.0
2024-12-13 09:30:00-05:00,150532.57959301758,-284862.6379362793,"[{'asset': SPY, 'quantity': 718.0}]",0.0
2024-12-13 12:30:00-05:00,150532.57959301758,-285469.03796069336,"[{'asset': SPY, 'quantity': 719.0}]",0.0
2024-12-13 15:30:00-05:00,150532.57959301758,-286075.4379851074,"[{'asset': SPY, 'quantity': 720.0}]",0.0
2024-12-13 18:30:00-05:00,150532.57959301758,-286681.8380095215,"[{'asset': SPY, 'quantity': 721.0}]",0.0
2024-12-13 18:25:00-05:00,150532.57959301758,-286681.8380095215,"[{'asset': SPY, 'quantity': 721.0}]",0.0
2024-12-16 08:30:00-05:00,150244.16199047852,-286681.8380095215,"[{'asset': SPY, 'quantity': 721.0}]",-0.0019159812667718379
2024-12-16 09:30:00-05:00,150244.16199047852,-286681.8380095215,"[{'asset': SPY, 'quantity': 721.0}]",0.0
2024-12-16 09:30:00-05:00,150244.16199047852,-286681.8380095215,"[{'asset': SPY, 'quantity': 721.0}]",0.0
2024-12-16 12:30:00-05:00,150244.16199047852,-287287.8380095215,"[{'asset': SPY, 'quantity': 722.0}]",0.0
2024-12-16 15:30:00-05:00,150244.16199047852,-287893.8380095215,"[{'asset': SPY, 'quantity': 723.0}]",0.0
2024-12-16 18:30:00-05:00,150244.16199047852,-288499.8380095215,"[{'asset': SPY, 'quantity': 724.0}]",0.0
2024-12-16 18:25:00-05:00,150244.16199047852,-288499.8380095215,"[{'asset': SPY, 'quantity': 724.0}]",0.0
2024-12-17 08:30:00-05:00,148933.72375805664,-288499.8380095215,"[{'asset': SPY, 'quantity': 724.0}]",-0.008722057583208653
2024-12-17 09:30:00-05:00,148933.72375805664,-288499.8380095215,"[{'asset': SPY, 'quantity': 724.0}]",0.0
2024-12-17 09:30:00-05:00,148933.72375805664,-288499.8380095215,"[{'asset': SPY, 'quantity': 724.0}]",0.0
2024-12-17 12:30:00-05:00,148933.72375805664,-289104.0280119629,"[{'asset': SPY, 'quantity': 725.0}]",0.0
2024-12-17 15:30:00-05:00,148933.72375805664,-289708.2180144043,"[{'asset': SPY, 'quantity': 726.0}]",0.0
2024-12-17 18:30:00-05:00,148933.72375805664,-290312.4080168457,"[{'asset': SPY, 'quantity': 727.0}]",0.0
2024-12-17 18:25:00-05:00,148933.72375805664,-290312.4080168457,"[{'asset': SPY, 'quantity': 727.0}]",0.0
2024-12-18 08:30:00-05:00,148781.03778393555,-290312.4080168457,"[{'asset': SPY, 'quantity': 727.0}]",-0.0010251940948521332
2024-12-18 09:30:00-05:00,148781.03778393555,-290312.4080168457,"[{'asset': SPY, 'quantity': 727.0}]",0.0
2024-12-18 09:30:00-05:00,148781.03778393555,-290312.4080168457,"[{'asset': SPY, 'quantity': 727.0}]",0.0
2024-12-18 12:30:00-05:00,148781.03778393555,-290916.38799731445,"[{'asset': SPY, 'quantity': 728.0}]",0.0
2024-12-18 15:30:00-05:00,148781.03778393555,-291520.3679777832,"[{'asset': SPY, 'quantity': 729.0}]",0.0
2024-12-18 18:30:00-05:00,148781.03778393555,-292124.34795825195,"[{'asset': SPY, 'quantity': 730.0}]",0.0
2024-12-18 18:25:00-05:00,148781.03778393555,-292124.34795825195,"[{'asset': SPY, 'quantity': 730.0}]",0.0
2024-12-19 08:30:00-05:00,139568.44134838867,-292124.34795825195,"[{'asset': SPY, 'quantity': 730.0}]",-0.06192050124644033
2024-12-19 09:30:00-05:00,139568.44134838867,-292124.34795825195,"[{'asset': SPY, 'quantity': 730.0}]",0.0
2024-12-19 09:30:00-05:00,139568.44134838867,-292124.34795825195,"[{'asset': SPY, 'quantity': 730.0}]",0.0
2024-12-19 12:30:00-05:00,139568.44134838867,-292715.7079436035,"[{'asset': SPY, 'quantity': 731.0}]",0.0
2024-12-19 15:30:00-05:00,139568.44134838867,-293307.0679289551,"[{'asset': SPY, 'quantity': 732.0}]",0.0
2024-12-19 18:30:00-05:00,139568.44134838867,-293898.42791430664,"[{'asset': SPY, 'quantity': 733.0}]",0.0
2024-12-19 18:25:00-05:00,139568.44134838867,-293898.42791430664,"[{'asset': SPY, 'quantity': 733.0}]",0.0
2024-12-20 08:30:00-05:00,132538.9964020996,-293898.42791430664,"[{'asset': SPY, 'quantity': 733.0}]",-0.05036557604553504
2024-12-20 09:30:00-05:00,132538.9964020996,-293898.42791430664,"[{'asset': SPY, 'quantity': 733.0}]",0.0
2024-12-20 09:30:00-05:00,132538.9964020996,-293898.42791430664,"[{'asset': SPY, 'quantity': 733.0}]",0.0
2024-12-20 12:30:00-05:00,132538.9964020996,-294480.1979338379,"[{'asset': SPY, 'quantity': 734.0}]",0.0
2024-12-20 15:30:00-05:00,132538.9964020996,-295061.96795336914,"[{'asset': SPY, 'quantity': 735.0}]",0.0
2024-12-20 18:30:00-05:00,132538.9964020996,-295643.7379729004,"[{'asset': SPY, 'quantity': 736.0}]",0.0
2024-12-20 18:25:00-05:00,132538.9964020996,-295643.7379729004,"[{'asset': SPY, 'quantity': 736.0}]",0.0
2024-12-23 08:30:00-05:00,140698.28880834964,-294196.76197290036,"[{'asset': SPY, 'quantity': 736.0}]",0.06156144702873845
2024-12-23 09:30:00-05:00,140698.28880834964,-294196.76197290036,"[{'asset': SPY, 'quantity': 736.0}]",0.0
2024-12-23 09:30:00-05:00,140698.28880834964,-294196.76197290036,"[{'asset': SPY, 'quantity': 736.0}]",0.0
2024-12-23 12:30:00-05:00,140698.28880834964,-294787.6519875488,"[{'asset': SPY, 'quantity': 737.0}]",0.0
2024-12-23 15:30:00-05:00,140698.28880834964,-295378.54200219724,"[{'asset': SPY, 'quantity': 738.0}]",0.0
2024-12-23 18:30:00-05:00,140698.28880834964,-295969.4320168457,"[{'asset': SPY, 'quantity': 739.0}]",0.0
2024-12-23 18:25:00-05:00,140698.28880834964,-295969.4320168457,"[{'asset': SPY, 'quantity': 739.0}]",0.0
2024-12-24 08:30:00-05:00,144518.9061789551,-295969.4320168457,"[{'asset': SPY, 'quantity': 739.0}]",0.027154682569094257
2024-12-24 09:30:00-05:00,144518.9061789551,-295969.4320168457,"[{'asset': SPY, 'quantity': 739.0}]",0.0
2024-12-24 09:30:00-05:00,144518.9061789551,-295969.4320168457,"[{'asset': SPY, 'quantity': 739.0}]",0.0
2024-12-24 12:30:00-05:00,144518.9061789551,-296565.49201440427,"[{'asset': SPY, 'quantity': 740.0}]",0.0
2024-12-24 15:30:00-05:00,144518.9061789551,-297161.55201196286,"[{'asset': SPY, 'quantity': 741.0}]",0.0
2024-12-24 15:25:00-05:00,144518.9061789551,-297161.55201196286,"[{'asset': SPY, 'quantity': 741.0}]",0.0
2024-12-26 08:30:00-05:00,147067.94798803714,-297161.55201196286,"[{'asset': SPY, 'quantity': 741.0}]",0.017638119997432034
2024-12-26 09:30:00-05:00,147067.94798803714,-297161.55201196286,"[{'asset': SPY, 'quantity': 741.0}]",0.0
2024-12-26 09:30:00-05:00,147067.94798803714,-297161.55201196286,"[{'asset': SPY, 'quantity': 741.0}]",0.0
2024-12-26 12:30:00-05:00,147067.94798803714,-297761.05201196286,"[{'asset': SPY, 'quantity': 742.0}]",0.0
2024-12-26 15:30:00-05:00,147067.94798803714,-298360.55201196286,"[{'asset': SPY, 'quantity': 743.0}]",0.0
2024-12-26 18:30:00-05:00,147067.94798803714,-298960.05201196286,"[{'asset': SPY, 'quantity': 744.0}]",0.0
2024-12-26 18:25:00-05:00,147067.94798803714,-298960.05201196286,"[{'asset': SPY, 'quantity': 744.0}]",0.0
2024-12-27 08:30:00-05:00,145609.6916403809,-298960.05201196286,"[{'asset': SPY, 'quantity': 744.0}]",-0.00991552794205619
2024-12-27 09:30:00-05:00,145609.6916403809,-298960.05201196286,"[{'asset': SPY, 'quantity': 744.0}]",0.0
2024-12-27 09:30:00-05:00,145609.6916403809,-298960.05201196286,"[{'asset': SPY, 'quantity': 744.0}]",0.0
2024-12-27 12:30:00-05:00,145609.6916403809,-299557.5919899902,"[{'asset': SPY, 'quantity': 745.0}]",0.0
2024-12-27 15:30:00-05:00,145609.6916403809,-300155.13196801755,"[{'asset': SPY, 'quantity': 746.0}]",0.0
2024-12-27 18:30:00-05:00,145609.6916403809,-300752.6719460449,"[{'asset': SPY, 'quantity': 747.0}]",0.0
2024-12-27 18:25:00-05:00,145609.6916403809,-300752.6719460449,"[{'asset': SPY, 'quantity': 747.0}]",0.0
2024-12-30 08:30:00-05:00,138401.16899633792,-300752.6719460449,"[{'asset': SPY, 'quantity': 747.0}]",-0.049505788816902374
2024-12-30 09:30:00-05:00,138401.16899633792,-300752.6719460449,"[{'asset': SPY, 'quantity': 747.0}]",0.0
2024-12-30 09:30:00-05:00,138401.16899633792,-300752.6719460449,"[{'asset': SPY, 'quantity': 747.0}]",0.0
2024-12-30 12:30:00-05:00,138401.16899633792,-301340.56196069333,"[{'asset': SPY, 'quantity': 748.0}]",0.0
2024-12-30 15:30:00-05:00,138401.16899633792,-301928.45197534177,"[{'asset': SPY, 'quantity': 749.0}]",0.0
2024-12-30 18:30:00-05:00,138401.16899633792,-302516.3419899902,"[{'asset': SPY, 'quantity': 750.0}]",0.0
2024-12-30 18:25:00-05:00,138401.16899633792,-302516.3419899902,"[{'asset': SPY, 'quantity': 750.0}]",0.0
