datetime,portfolio_value,cash,positions,return
2020-01-02 08:30:00-05:00,100000.0,100000.0,[],
2020-01-02 09:30:00-05:00,100000.0,100000.0,[],0.0
2020-01-02 09:30:00-05:00,100000.0,100000.0,[],0.0
2020-01-02 12:30:00-05:00,100000.0,99676.45999145508,"[{'asset': SPY, 'quantity': 1.0}]",0.0
2020-01-02 15:30:00-05:00,100000.0,99352.91998291016,"[{'asset': SPY, 'quantity': 2.0}]",0.0
2020-01-02 18:30:00-05:00,100000.0,99029.37997436523,"[{'asset': SPY, 'quantity': 3.0}]",0.0
2020-01-02 18:25:00-05:00,100000.0,99029.37997436523,"[{'asset': SPY, 'quantity': 3.0}]",0.0
2020-01-03 08:30:00-05:00,99992.85998535156,99029.37997436523,"[{'asset': SPY, 'quantity': 3.0}]",-7.140014648432391e-05
2020-01-03 09:30:00-05:00,99992.85998535156,99029.37997436523,"[{'asset': SPY, 'quantity': 3.0}]",0.0
2020-01-03 09:30:00-05:00,99992.85998535156,99029.37997436523,"[{'asset': SPY, 'quantity': 3.0}]",0.0
2020-01-03 12:30:00-05:00,99992.85998535156,98708.21997070312,"[{'asset': SPY, 'quantity': 4.0}]",0.0
2020-01-03 15:30:00-05:00,99992.85998535156,98387.05996704102,"[{'asset': SPY, 'quantity': 5.0}]",0.0
2020-01-03 18:30:00-05:00,99992.85998535156,98065.8999633789,"[{'asset': SPY, 'quantity': 6.0}]",0.0
2020-01-03 18:25:00-05:00,99992.85998535156,98065.8999633789,"[{'asset': SPY, 'quantity': 6.0}]",0.0
2020-01-06 08:30:00-05:00,99988.83990478516,98065.8999633789,"[{'asset': SPY, 'quantity': 6.0}]",-4.02036762123803e-05
2020-01-06 09:30:00-05:00,99988.83990478516,98065.8999633789,"[{'asset': SPY, 'quantity': 6.0}]",0.0
2020-01-06 09:30:00-05:00,99988.83990478516,98065.8999633789,"[{'asset': SPY, 'quantity': 6.0}]",0.0
2020-01-06 12:30:00-05:00,99988.83990478516,97745.40997314453,"[{'asset': SPY, 'quantity': 7.0}]",0.0
2020-01-06 15:30:00-05:00,99988.83990478516,97424.91998291016,"[{'asset': SPY, 'quantity': 8.0}]",0.0
2020-01-06 18:30:00-05:00,99988.83990478516,97104.42999267578,"[{'asset': SPY, 'quantity': 9.0}]",0.0
2020-01-06 18:25:00-05:00,99988.83990478516,97104.42999267578,"[{'asset': SPY, 'quantity': 9.0}]",0.0
2020-01-07 08:30:00-05:00,100011.60989379883,97104.42999267578,"[{'asset': SPY, 'quantity': 9.0}]",0.00022772530449755024
2020-01-07 09:30:00-05:00,100011.60989379883,97104.42999267578,"[{'asset': SPY, 'quantity': 9.0}]",0.0
2020-01-07 09:30:00-05:00,100011.60989379883,97104.42999267578,"[{'asset': SPY, 'quantity': 9.0}]",0.0
2020-01-07 12:30:00-05:00,100011.60989379883,96781.41000366211,"[{'asset': SPY, 'quantity': 10.0}]",0.0
2020-01-07 15:30:00-05:00,100011.60989379883,96458.39001464844,"[{'asset': SPY, 'quantity': 11.0}]",0.0
2020-01-07 18:30:00-05:00,100011.60989379883,96135.37002563477,"[{'asset': SPY, 'quantity': 12.0}]",0.0
2020-01-07 18:25:00-05:00,100011.60989379883,96135.37002563477,"[{'asset': SPY, 'quantity': 12.0}]",0.0
2020-01-08 08:30:00-05:00,100010.65005493164,96135.37002563477,"[{'asset': SPY, 'quantity': 12.0}]",-9.597274438499781e-06
2020-01-08 09:30:00-05:00,100010.65005493164,96135.37002563477,"[{'asset': SPY, 'quantity': 12.0}]",0.0
2020-01-08 09:30:00-05:00,100010.65005493164,96135.37002563477,"[{'asset': SPY, 'quantity': 12.0}]",0.0
2020-01-08 12:30:00-05:00,100010.65005493164,95812.43002319336,"[{'asset': SPY, 'quantity': 13.0}]",0.0
2020-01-08 15:30:00-05:00,100010.65005493164,95489.49002075195,"[{'asset': SPY, 'quantity': 14.0}]",0.0
2020-01-08 18:30:00-05:00,100010.65005493164,95166.55001831055,"[{'asset': SPY, 'quantity': 15.0}]",0.0
2020-01-08 18:25:00-05:00,100010.65005493164,95166.55001831055,"[{'asset': SPY, 'quantity': 15.0}]",0.0
2020-01-09 08:30:00-05:00,100058.95007324219,95166.55001831055,"[{'asset': SPY, 'quantity': 15.0}]",0.00048294874879850624
2020-01-09 09:30:00-05:00,100058.95007324219,95166.55001831055,"[{'asset': SPY, 'quantity': 15.0}]",0.0
2020-01-09 09:30:00-05:00,100058.95007324219,95166.55001831055,"[{'asset': SPY, 'quantity': 15.0}]",0.0
2020-01-09 12:30:00-05:00,100058.95007324219,94840.39001464844,"[{'asset': SPY, 'quantity': 16.0}]",0.0
2020-01-09 15:30:00-05:00,100058.95007324219,94514.23001098633,"[{'asset': SPY, 'quantity': 17.0}]",0.0
2020-01-09 18:30:00-05:00,100058.95007324219,94188.07000732422,"[{'asset': SPY, 'quantity': 18.0}]",0.0
2020-01-09 18:25:00-05:00,100058.95007324219,94188.07000732422,"[{'asset': SPY, 'quantity': 18.0}]",0.0
2020-01-10 08:30:00-05:00,100079.29016113281,94188.07000732422,"[{'asset': SPY, 'quantity': 18.0}]",0.00020328104458156027
2020-01-10 09:30:00-05:00,100079.29016113281,94188.07000732422,"[{'asset': SPY, 'quantity': 18.0}]",0.0
2020-01-10 09:30:00-05:00,100079.29016113281,94188.07000732422,"[{'asset': SPY, 'quantity': 18.0}]",0.0
2020-01-10 12:30:00-05:00,100079.29016113281,93860.7799987793,"[{'asset': SPY, 'quantity': 19.0}]",0.0
2020-01-10 15:30:00-05:00,100079.29016113281,93533.48999023438,"[{'asset': SPY, 'quantity': 20.0}]",0.0
2020-01-10 18:30:00-05:00,100079.29016113281,93206.19998168945,"[{'asset': SPY, 'quantity': 21.0}]",0.0
2020-01-10 18:25:00-05:00,100079.29016113281,93206.19998168945,"[{'asset': SPY, 'quantity': 21.0}]",0.0
2020-01-13 08:30:00-05:00,100060.39028930664,93206.19998168945,"[{'asset': SPY, 'quantity': 21.0}]",-0.00018884897960147473
2020-01-13 09:30:00-05:00,100060.39028930664,93206.19998168945,"[{'asset': SPY, 'quantity': 21.0}]",0.0
2020-01-13 09:30:00-05:00,100060.39028930664,93206.19998168945,"[{'asset': SPY, 'quantity': 21.0}]",0.0
2020-01-13 12:30:00-05:00,100060.39028930664,92879.80996704102,"[{'asset': SPY, 'quantity': 22.0}]",0.0
2020-01-13 15:30:00-05:00,100060.39028930664,92553.41995239258,"[{'asset': SPY, 'quantity': 23.0}]",0.0
2020-01-13 18:30:00-05:00,100060.39028930664,92227.02993774414,"[{'asset': SPY, 'quantity': 24.0}]",0.0
2020-01-13 18:25:00-05:00,100060.39028930664,92227.02993774414,"[{'asset': SPY, 'quantity': 24.0}]",0.0
2020-01-14 08:30:00-05:00,100086.30996704102,92227.02993774414,"[{'asset': SPY, 'quantity': 24.0}]",0.0002590403421316445
2020-01-14 09:30:00-05:00,100086.30996704102,92227.02993774414,"[{'asset': SPY, 'quantity': 24.0}]",0.0
2020-01-14 09:30:00-05:00,100086.30996704102,92227.02993774414,"[{'asset': SPY, 'quantity': 24.0}]",0.0
2020-01-14 12:30:00-05:00,100086.30996704102,91899.55993652344,"[{'asset': SPY, 'quantity': 25.0}]",0.0
2020-01-14 15:30:00-05:00,100086.30996704102,91572.08993530273,"[{'asset': SPY, 'quantity': 26.0}]",0.0
2020-01-14 18:30:00-05:00,100086.30996704102,91244.61993408203,"[{'asset': SPY, 'quantity': 27.0}]",0.0
2020-01-14 18:25:00-05:00,100086.30996704102,91244.61993408203,"[{'asset': SPY, 'quantity': 27.0}]",0.0
2020-01-15 08:30:00-05:00,100083.07009887695,91244.61993408203,"[{'asset': SPY, 'quantity': 27.0}]",-3.237074246342786e-05
2020-01-15 09:30:00-05:00,100083.07009887695,91244.61993408203,"[{'asset': SPY, 'quantity': 27.0}]",0.0
2020-01-15 09:30:00-05:00,100083.07009887695,91244.61993408203,"[{'asset': SPY, 'quantity': 27.0}]",0.0
2020-01-15 12:30:00-05:00,100083.07009887695,90917.26992797852,"[{'asset': SPY, 'quantity': 28.0}]",0.0
2020-01-15 15:30:00-05:00,100083.07009887695,90589.919921875,"[{'asset': SPY, 'quantity': 29.0}]",0.0
2020-01-15 18:30:00-05:00,100083.07009887695,90262.56991577148,"[{'asset': SPY, 'quantity': 30.0}]",0.0
2020-01-15 18:25:00-05:00,100083.07009887695,90262.56991577148,"[{'asset': SPY, 'quantity': 30.0}]",0.0
2020-01-16 08:30:00-05:00,100153.57028198242,90262.56991577148,"[{'asset': SPY, 'quantity': 30.0}]",0.0007044166714291755
2020-01-16 09:30:00-05:00,100153.57028198242,90262.56991577148,"[{'asset': SPY, 'quantity': 30.0}]",0.0
2020-01-16 09:30:00-05:00,100153.57028198242,90262.56991577148,"[{'asset': SPY, 'quantity': 30.0}]",0.0
2020-01-16 12:30:00-05:00,100153.57028198242,89932.86990356445,"[{'asset': SPY, 'quantity': 31.0}]",0.0
2020-01-16 15:30:00-05:00,100153.57028198242,89603.16989135742,"[{'asset': SPY, 'quantity': 32.0}]",0.0
2020-01-16 18:30:00-05:00,100153.57028198242,89273.46987915039,"[{'asset': SPY, 'quantity': 33.0}]",0.0
2020-01-16 18:25:00-05:00,100153.57028198242,89273.46987915039,"[{'asset': SPY, 'quantity': 33.0}]",0.0
2020-01-17 08:30:00-05:00,100219.57028198242,89273.46987915039,"[{'asset': SPY, 'quantity': 33.0}]",0.000658987990285187
2020-01-17 09:30:00-05:00,100219.57028198242,89273.46987915039,"[{'asset': SPY, 'quantity': 33.0}]",0.0
2020-01-17 09:30:00-05:00,100219.57028198242,89273.46987915039,"[{'asset': SPY, 'quantity': 33.0}]",0.0
2020-01-17 12:30:00-05:00,100219.57028198242,88941.76986694336,"[{'asset': SPY, 'quantity': 34.0}]",0.0
2020-01-17 15:30:00-05:00,100219.57028198242,88610.06985473633,"[{'asset': SPY, 'quantity': 35.0}]",0.0
2020-01-17 18:30:00-05:00,100219.57028198242,88278.3698425293,"[{'asset': SPY, 'quantity': 36.0}]",0.0
2020-01-17 18:25:00-05:00,100219.57028198242,88278.3698425293,"[{'asset': SPY, 'quantity': 36.0}]",0.0
2020-01-21 08:30:00-05:00,100190.76962280273,88278.3698425293,"[{'asset': SPY, 'quantity': 36.0}]",-0.00028737560038072374
2020-01-21 09:30:00-05:00,100190.76962280273,88278.3698425293,"[{'asset': SPY, 'quantity': 36.0}]",0.0
2020-01-21 09:30:00-05:00,100190.76962280273,88278.3698425293,"[{'asset': SPY, 'quantity': 36.0}]",0.0
2020-01-21 12:30:00-05:00,100190.76962280273,87947.46984863281,"[{'asset': SPY, 'quantity': 37.0}]",0.0
2020-01-21 15:30:00-05:00,100190.76962280273,87616.56985473633,"[{'asset': SPY, 'quantity': 38.0}]",0.0
2020-01-21 18:30:00-05:00,100190.76962280273,87285.66986083984,"[{'asset': SPY, 'quantity': 39.0}]",0.0
2020-01-21 18:25:00-05:00,100190.76962280273,87285.66986083984,"[{'asset': SPY, 'quantity': 39.0}]",0.0
2020-01-22 08:30:00-05:00,100243.02947998047,87285.66986083984,"[{'asset': SPY, 'quantity': 39.0}]",0.0005216035107273864
2020-01-22 09:30:00-05:00,100243.02947998047,87285.66986083984,"[{'asset': SPY, 'quantity': 39.0}]",0.0
2020-01-22 09:30:00-05:00,100243.02947998047,87285.66986083984,"[{'asset': SPY, 'quantity': 39.0}]",0.0
2020-01-22 12:30:00-05:00,100243.02947998047,86953.42987060547,"[{'asset': SPY, 'quantity': 40.0}]",0.0
2020-01-22 15:30:00-05:00,100243.02947998047,86621.1898803711,"[{'asset': SPY, 'quantity': 41.0}]",0.0
2020-01-22 18:30:00-05:00,100243.02947998047,86288.94989013672,"[{'asset': SPY, 'quantity': 42.0}]",0.0
2020-01-22 18:25:00-05:00,100243.02947998047,86288.94989013672,"[{'asset': SPY, 'quantity': 42.0}]",0.0
2020-01-23 08:30:00-05:00,100175.41009521484,86288.94989013672,"[{'asset': SPY, 'quantity': 42.0}]",-0.0006745544814078519
2020-01-23 09:30:00-05:00,100175.41009521484,86288.94989013672,"[{'asset': SPY, 'quantity': 42.0}]",0.0
2020-01-23 09:30:00-05:00,100175.41009521484,86288.94989013672,"[{'asset': SPY, 'quantity': 42.0}]",0.0
2020-01-23 12:30:00-05:00,100175.41009521484,85958.3198852539,"[{'asset': SPY, 'quantity': 43.0}]",0.0
2020-01-23 15:30:00-05:00,100175.41009521484,85627.6898803711,"[{'asset': SPY, 'quantity': 44.0}]",0.0
2020-01-23 18:30:00-05:00,100175.41009521484,85297.05987548828,"[{'asset': SPY, 'quantity': 45.0}]",0.0
2020-01-23 18:25:00-05:00,100175.41009521484,85297.05987548828,"[{'asset': SPY, 'quantity': 45.0}]",0.0
2020-01-24 08:30:00-05:00,100256.85998535156,85297.05987548828,"[{'asset': SPY, 'quantity': 45.0}]",0.0008130726897879192
2020-01-24 09:30:00-05:00,100256.85998535156,85297.05987548828,"[{'asset': SPY, 'quantity': 45.0}]",0.0
2020-01-24 09:30:00-05:00,100256.85998535156,85297.05987548828,"[{'asset': SPY, 'quantity': 45.0}]",0.0
2020-01-24 12:30:00-05:00,100256.85998535156,84964.61987304688,"[{'asset': SPY, 'quantity': 46.0}]",0.0
2020-01-24 15:30:00-05:00,100256.85998535156,84632.17987060547,"[{'asset': SPY, 'quantity': 47.0}]",0.0
2020-01-24 18:30:00-05:00,100256.85998535156,84299.73986816406,"[{'asset': SPY, 'quantity': 48.0}]",0.0
2020-01-24 18:25:00-05:00,100256.85998535156,84299.73986816406,"[{'asset': SPY, 'quantity': 48.0}]",0.0
2020-01-27 08:30:00-05:00,99805.17980957031,84299.73986816406,"[{'asset': SPY, 'quantity': 48.0}]",-0.0045052296256560265
2020-01-27 09:30:00-05:00,99805.17980957031,84299.73986816406,"[{'asset': SPY, 'quantity': 48.0}]",0.0
2020-01-27 09:30:00-05:00,99805.17980957031,84299.73986816406,"[{'asset': SPY, 'quantity': 48.0}]",0.0
2020-01-27 12:30:00-05:00,99805.17980957031,83976.70986938477,"[{'asset': SPY, 'quantity': 49.0}]",0.0
2020-01-27 15:30:00-05:00,99805.17980957031,83653.67987060547,"[{'asset': SPY, 'quantity': 50.0}]",0.0
2020-01-27 18:30:00-05:00,99805.17980957031,83330.64987182617,"[{'asset': SPY, 'quantity': 51.0}]",0.0
2020-01-27 18:25:00-05:00,99805.17980957031,83330.64987182617,"[{'asset': SPY, 'quantity': 51.0}]",0.0
2020-01-28 08:30:00-05:00,99908.70974731445,83330.64987182617,"[{'asset': SPY, 'quantity': 51.0}]",0.0010373202867994813
2020-01-28 09:30:00-05:00,99908.70974731445,83330.64987182617,"[{'asset': SPY, 'quantity': 51.0}]",0.0
2020-01-28 09:30:00-05:00,99908.70974731445,83330.64987182617,"[{'asset': SPY, 'quantity': 51.0}]",0.0
2020-01-28 12:30:00-05:00,99908.70974731445,83005.58987426758,"[{'asset': SPY, 'quantity': 52.0}]",0.0
2020-01-28 15:30:00-05:00,99908.70974731445,82680.52987670898,"[{'asset': SPY, 'quantity': 53.0}]",0.0
2020-01-28 18:30:00-05:00,99908.70974731445,82355.46987915039,"[{'asset': SPY, 'quantity': 54.0}]",0.0
2020-01-28 18:25:00-05:00,99908.70974731445,82355.46987915039,"[{'asset': SPY, 'quantity': 54.0}]",0.0
2020-01-29 08:30:00-05:00,100087.99014282227,82355.46987915039,"[{'asset': SPY, 'quantity': 54.0}]",0.0017944421058109228
2020-01-29 09:30:00-05:00,100087.99014282227,82355.46987915039,"[{'asset': SPY, 'quantity': 54.0}]",0.0
2020-01-29 09:30:00-05:00,100087.99014282227,82355.46987915039,"[{'asset': SPY, 'quantity': 54.0}]",0.0
2020-01-29 12:30:00-05:00,100087.99014282227,82027.08987426758,"[{'asset': SPY, 'quantity': 55.0}]",0.0
2020-01-29 15:30:00-05:00,100087.99014282227,81698.70986938477,"[{'asset': SPY, 'quantity': 56.0}]",0.0
2020-01-29 18:30:00-05:00,100087.99014282227,81370.32986450195,"[{'asset': SPY, 'quantity': 57.0}]",0.0
2020-01-29 18:25:00-05:00,100087.99014282227,81370.32986450195,"[{'asset': SPY, 'quantity': 57.0}]",0.0
2020-01-30 08:30:00-05:00,99858.84902954102,81370.32986450195,"[{'asset': SPY, 'quantity': 57.0}]",-0.002289396689395762
2020-01-30 09:30:00-05:00,99858.84902954102,81370.32986450195,"[{'asset': SPY, 'quantity': 57.0}]",0.0
2020-01-30 09:30:00-05:00,99858.84902954102,81370.32986450195,"[{'asset': SPY, 'quantity': 57.0}]",0.0
2020-01-30 12:30:00-05:00,99858.84902954102,81045.96987915039,"[{'asset': SPY, 'quantity': 58.0}]",0.0
2020-01-30 15:30:00-05:00,99858.84902954102,80721.60989379883,"[{'asset': SPY, 'quantity': 59.0}]",0.0
2020-01-30 18:30:00-05:00,99858.84902954102,80397.24990844727,"[{'asset': SPY, 'quantity': 60.0}]",0.0
2020-01-30 18:25:00-05:00,99858.84902954102,80397.24990844727,"[{'asset': SPY, 'quantity': 60.0}]",0.0
2020-01-31 08:30:00-05:00,100017.24990844727,80397.24990844727,"[{'asset': SPY, 'quantity': 60.0}]",0.0015862477932164776
2020-01-31 09:30:00-05:00,100017.24990844727,80397.24990844727,"[{'asset': SPY, 'quantity': 60.0}]",0.0
2020-01-31 09:30:00-05:00,100017.24990844727,80397.24990844727,"[{'asset': SPY, 'quantity': 60.0}]",0.0
2020-01-31 12:30:00-05:00,100017.24990844727,80070.24990844727,"[{'asset': SPY, 'quantity': 61.0}]",0.0
2020-01-31 15:30:00-05:00,100017.24990844727,79743.24990844727,"[{'asset': SPY, 'quantity': 62.0}]",0.0
2020-01-31 18:30:00-05:00,100017.24990844727,79416.24990844727,"[{'asset': SPY, 'quantity': 63.0}]",0.0
2020-01-31 18:25:00-05:00,100017.24990844727,79416.24990844727,"[{'asset': SPY, 'quantity': 63.0}]",0.0
2020-02-03 08:30:00-05:00,99787.30029296875,79416.24990844727,"[{'asset': SPY, 'quantity': 63.0}]",-0.002299099562215523
2020-02-03 09:30:00-05:00,99787.30029296875,79416.24990844727,"[{'asset': SPY, 'quantity': 63.0}]",0.0
2020-02-03 09:30:00-05:00,99787.30029296875,79416.24990844727,"[{'asset': SPY, 'quantity': 63.0}]",0.0
2020-02-03 12:30:00-05:00,99787.30029296875,79092.89990234375,"[{'asset': SPY, 'quantity': 64.0}]",0.0
2020-02-03 15:30:00-05:00,99787.30029296875,78769.54989624023,"[{'asset': SPY, 'quantity': 65.0}]",0.0
2020-02-03 18:30:00-05:00,99787.30029296875,78446.19989013672,"[{'asset': SPY, 'quantity': 66.0}]",0.0
2020-02-03 18:25:00-05:00,99787.30029296875,78446.19989013672,"[{'asset': SPY, 'quantity': 66.0}]",0.0
2020-02-04 08:30:00-05:00,100098.82037353516,78446.19989013672,"[{'asset': SPY, 'quantity': 66.0}]",0.0031218409522233426
2020-02-04 09:30:00-05:00,100098.82037353516,78446.19989013672,"[{'asset': SPY, 'quantity': 66.0}]",0.0
2020-02-04 09:30:00-05:00,100098.82037353516,78446.19989013672,"[{'asset': SPY, 'quantity': 66.0}]",0.0
2020-02-04 12:30:00-05:00,100098.82037353516,78118.1298828125,"[{'asset': SPY, 'quantity': 67.0}]",0.0
2020-02-04 15:30:00-05:00,100098.82037353516,77790.05987548828,"[{'asset': SPY, 'quantity': 68.0}]",0.0
2020-02-04 18:30:00-05:00,100098.82037353516,77461.98986816406,"[{'asset': SPY, 'quantity': 69.0}]",0.0
2020-02-04 18:25:00-05:00,100098.82037353516,77461.98986816406,"[{'asset': SPY, 'quantity': 69.0}]",0.0
2020-02-05 08:30:00-05:00,100388.61911010742,77461.98986816406,"[{'asset': SPY, 'quantity': 69.0}]",0.00289512639100864
2020-02-05 09:30:00-05:00,100388.61911010742,77461.98986816406,"[{'asset': SPY, 'quantity': 69.0}]",0.0
2020-02-05 09:30:00-05:00,100388.61911010742,77461.98986816406,"[{'asset': SPY, 'quantity': 69.0}]",0.0
2020-02-05 12:30:00-05:00,100388.61911010742,77129.71987915039,"[{'asset': SPY, 'quantity': 70.0}]",0.0
2020-02-05 15:30:00-05:00,100388.61911010742,76797.44989013672,"[{'asset': SPY, 'quantity': 71.0}]",0.0
2020-02-05 18:30:00-05:00,100388.61911010742,76465.17990112305,"[{'asset': SPY, 'quantity': 72.0}]",0.0
2020-02-05 18:25:00-05:00,100388.61911010742,76465.17990112305,"[{'asset': SPY, 'quantity': 72.0}]",0.0
2020-02-06 08:30:00-05:00,100506.70016479492,76465.17990112305,"[{'asset': SPY, 'quantity': 72.0}]",0.001176239455570105
2020-02-06 09:30:00-05:00,100506.70016479492,76465.17990112305,"[{'asset': SPY, 'quantity': 72.0}]",0.0
2020-02-06 09:30:00-05:00,100506.70016479492,76465.17990112305,"[{'asset': SPY, 'quantity': 72.0}]",0.0
2020-02-06 12:30:00-05:00,100506.70016479492,76131.26989746094,"[{'asset': SPY, 'quantity': 73.0}]",0.0
2020-02-06 15:30:00-05:00,100506.70016479492,75797.35989379883,"[{'asset': SPY, 'quantity': 74.0}]",0.0
2020-02-06 18:30:00-05:00,100506.70016479492,75463.44989013672,"[{'asset': SPY, 'quantity': 75.0}]",0.0
2020-02-06 18:25:00-05:00,100506.70016479492,75463.44989013672,"[{'asset': SPY, 'quantity': 75.0}]",0.0
2020-02-07 08:30:00-05:00,100424.95043945312,75463.44989013672,"[{'asset': SPY, 'quantity': 75.0}]",-0.000813375876511313
2020-02-07 09:30:00-05:00,100424.95043945312,75463.44989013672,"[{'asset': SPY, 'quantity': 75.0}]",0.0
2020-02-07 09:30:00-05:00,100424.95043945312,75463.44989013672,"[{'asset': SPY, 'quantity': 75.0}]",0.0
2020-02-07 12:30:00-05:00,100424.95043945312,75130.6298828125,"[{'asset': SPY, 'quantity': 76.0}]",0.0
2020-02-07 15:30:00-05:00,100424.95043945312,74797.80987548828,"[{'asset': SPY, 'quantity': 77.0}]",0.0
2020-02-07 18:30:00-05:00,100424.95043945312,74464.98986816406,"[{'asset': SPY, 'quantity': 78.0}]",0.0
2020-02-07 18:25:00-05:00,100424.95043945312,74464.98986816406,"[{'asset': SPY, 'quantity': 78.0}]",0.0
2020-02-10 08:30:00-05:00,100300.93072509766,74464.98986816406,"[{'asset': SPY, 'quantity': 78.0}]",-0.001234949221411319
2020-02-10 09:30:00-05:00,100300.93072509766,74464.98986816406,"[{'asset': SPY, 'quantity': 78.0}]",0.0
2020-02-10 09:30:00-05:00,100300.93072509766,74464.98986816406,"[{'asset': SPY, 'quantity': 78.0}]",0.0
2020-02-10 12:30:00-05:00,100300.93072509766,74133.75985717773,"[{'asset': SPY, 'quantity': 79.0}]",0.0
2020-02-10 15:30:00-05:00,100300.93072509766,73802.5298461914,"[{'asset': SPY, 'quantity': 80.0}]",0.0
2020-02-10 18:30:00-05:00,100300.93072509766,73471.29983520508,"[{'asset': SPY, 'quantity': 81.0}]",0.0
2020-02-10 18:25:00-05:00,100300.93072509766,73471.29983520508,"[{'asset': SPY, 'quantity': 81.0}]",0.0
2020-02-11 08:30:00-05:00,100700.26013183594,73471.29983520508,"[{'asset': SPY, 'quantity': 81.0}]",0.00398131307308347
2020-02-11 09:30:00-05:00,100700.26013183594,73471.29983520508,"[{'asset': SPY, 'quantity': 81.0}]",0.0
2020-02-11 09:30:00-05:00,100700.26013183594,73471.29983520508,"[{'asset': SPY, 'quantity': 81.0}]",0.0
2020-02-11 12:30:00-05:00,100700.26013183594,73135.13983154297,"[{'asset': SPY, 'quantity': 82.0}]",0.0
2020-02-11 15:30:00-05:00,100700.26013183594,72798.97982788086,"[{'asset': SPY, 'quantity': 83.0}]",0.0
2020-02-11 18:30:00-05:00,100700.26013183594,72462.81982421875,"[{'asset': SPY, 'quantity': 84.0}]",0.0
2020-02-11 18:25:00-05:00,100700.26013183594,72462.81982421875,"[{'asset': SPY, 'quantity': 84.0}]",0.0
2020-02-12 08:30:00-05:00,100756.53869628906,72462.81982421875,"[{'asset': SPY, 'quantity': 84.0}]",0.0005588720861242624
2020-02-12 09:30:00-05:00,100756.53869628906,72462.81982421875,"[{'asset': SPY, 'quantity': 84.0}]",0.0
2020-02-12 09:30:00-05:00,100756.53869628906,72462.81982421875,"[{'asset': SPY, 'quantity': 84.0}]",0.0
2020-02-12 12:30:00-05:00,100756.53869628906,72125.98983764648,"[{'asset': SPY, 'quantity': 85.0}]",0.0
2020-02-12 15:30:00-05:00,100756.53869628906,71789.15985107422,"[{'asset': SPY, 'quantity': 86.0}]",0.0
2020-02-12 18:30:00-05:00,100756.53869628906,71452.32986450195,"[{'asset': SPY, 'quantity': 87.0}]",0.0
2020-02-12 18:25:00-05:00,100756.53869628906,71452.32986450195,"[{'asset': SPY, 'quantity': 87.0}]",0.0
2020-02-13 08:30:00-05:00,100672.14859008789,71452.32986450195,"[{'asset': SPY, 'quantity': 87.0}]",-0.0008375645619937977
2020-02-13 09:30:00-05:00,100672.14859008789,71452.32986450195,"[{'asset': SPY, 'quantity': 87.0}]",0.0
2020-02-13 09:30:00-05:00,100672.14859008789,71452.32986450195,"[{'asset': SPY, 'quantity': 87.0}]",0.0
2020-02-13 12:30:00-05:00,100672.14859008789,71116.46987915039,"[{'asset': SPY, 'quantity': 88.0}]",0.0
2020-02-13 15:30:00-05:00,100672.14859008789,70780.60989379883,"[{'asset': SPY, 'quantity': 89.0}]",0.0
2020-02-13 18:30:00-05:00,100672.14859008789,70444.74990844727,"[{'asset': SPY, 'quantity': 90.0}]",0.0
2020-02-13 18:25:00-05:00,100672.14859008789,70444.74990844727,"[{'asset': SPY, 'quantity': 90.0}]",0.0
2020-02-14 08:30:00-05:00,100820.65078735352,70444.74990844727,"[{'asset': SPY, 'quantity': 90.0}]",0.001475107061341241
2020-02-14 09:30:00-05:00,100820.65078735352,70444.74990844727,"[{'asset': SPY, 'quantity': 90.0}]",0.0
2020-02-14 09:30:00-05:00,100820.65078735352,70444.74990844727,"[{'asset': SPY, 'quantity': 90.0}]",0.0
2020-02-14 12:30:00-05:00,100820.65078735352,70107.23989868164,"[{'asset': SPY, 'quantity': 91.0}]",0.0
2020-02-14 15:30:00-05:00,100820.65078735352,69769.72988891602,"[{'asset': SPY, 'quantity': 92.0}]",0.0
2020-02-14 18:30:00-05:00,100820.65078735352,69432.21987915039,"[{'asset': SPY, 'quantity': 93.0}]",0.0
2020-02-14 18:25:00-05:00,100820.65078735352,69432.21987915039,"[{'asset': SPY, 'quantity': 93.0}]",0.0
2020-02-18 08:30:00-05:00,100727.65078735352,69432.21987915039,"[{'asset': SPY, 'quantity': 93.0}]",-0.0009224300703647437
2020-02-18 09:30:00-05:00,100727.65078735352,69432.21987915039,"[{'asset': SPY, 'quantity': 93.0}]",0.0
2020-02-18 09:30:00-05:00,100727.65078735352,69432.21987915039,"[{'asset': SPY, 'quantity': 93.0}]",0.0
2020-02-18 12:30:00-05:00,100727.65078735352,69095.70986938477,"[{'asset': SPY, 'quantity': 94.0}]",0.0
2020-02-18 15:30:00-05:00,100727.65078735352,68759.19985961914,"[{'asset': SPY, 'quantity': 95.0}]",0.0
2020-02-18 18:30:00-05:00,100727.65078735352,68422.68984985352,"[{'asset': SPY, 'quantity': 96.0}]",0.0
2020-02-18 18:25:00-05:00,100727.65078735352,68422.68984985352,"[{'asset': SPY, 'quantity': 96.0}]",0.0
2020-02-19 08:30:00-05:00,100850.53067016602,68422.68984985352,"[{'asset': SPY, 'quantity': 96.0}]",0.001219922055681666
2020-02-19 09:30:00-05:00,100850.53067016602,68422.68984985352,"[{'asset': SPY, 'quantity': 96.0}]",0.0
2020-02-19 09:30:00-05:00,100850.53067016602,68422.68984985352,"[{'asset': SPY, 'quantity': 96.0}]",0.0
2020-02-19 12:30:00-05:00,100850.53067016602,68084.8998413086,"[{'asset': SPY, 'quantity': 97.0}]",0.0
2020-02-19 15:30:00-05:00,100850.53067016602,67747.10983276367,"[{'asset': SPY, 'quantity': 98.0}]",0.0
2020-02-19 18:30:00-05:00,100850.53067016602,67409.31982421875,"[{'asset': SPY, 'quantity': 99.0}]",0.0
2020-02-19 18:25:00-05:00,100850.53067016602,67409.31982421875,"[{'asset': SPY, 'quantity': 99.0}]",0.0
2020-02-20 08:30:00-05:00,100845.57885742188,67409.31982421875,"[{'asset': SPY, 'quantity': 99.0}]",-4.910051252315917e-05
2020-02-20 09:30:00-05:00,100845.57885742188,67409.31982421875,"[{'asset': SPY, 'quantity': 99.0}]",0.0
2020-02-20 09:30:00-05:00,100845.57885742188,67409.31982421875,"[{'asset': SPY, 'quantity': 99.0}]",0.0
2020-02-20 12:30:00-05:00,100845.57885742188,67071.57983398438,"[{'asset': SPY, 'quantity': 100.0}]",0.0
2020-02-20 15:30:00-05:00,100845.57885742188,66733.83984375,"[{'asset': SPY, 'quantity': 101.0}]",0.0
2020-02-20 18:30:00-05:00,100845.57885742188,66396.09985351562,"[{'asset': SPY, 'quantity': 102.0}]",0.0
2020-02-20 18:25:00-05:00,100845.57885742188,66396.09985351562,"[{'asset': SPY, 'quantity': 102.0}]",0.0
2020-02-21 08:30:00-05:00,100614.03997802734,66396.09985351562,"[{'asset': SPY, 'quantity': 102.0}]",-0.0022959745188422254
2020-02-21 09:30:00-05:00,100614.03997802734,66396.09985351562,"[{'asset': SPY, 'quantity': 102.0}]",0.0
2020-02-21 09:30:00-05:00,100614.03997802734,66396.09985351562,"[{'asset': SPY, 'quantity': 102.0}]",0.0
2020-02-21 12:30:00-05:00,100614.03997802734,66060.62985229492,"[{'asset': SPY, 'quantity': 103.0}]",0.0
2020-02-21 15:30:00-05:00,100614.03997802734,65725.15985107422,"[{'asset': SPY, 'quantity': 104.0}]",0.0
2020-02-21 18:30:00-05:00,100614.03997802734,65389.689849853516,"[{'asset': SPY, 'quantity': 105.0}]",0.0
2020-02-21 18:25:00-05:00,100614.03997802734,65389.689849853516,"[{'asset': SPY, 'quantity': 105.0}]",0.0
2020-02-24 08:30:00-05:00,99319.39138793945,65389.689849853516,"[{'asset': SPY, 'quantity': 105.0}]",-0.012867474463510442
2020-02-24 09:30:00-05:00,99319.39138793945,65389.689849853516,"[{'asset': SPY, 'quantity': 105.0}]",0.0
2020-02-24 09:30:00-05:00,99319.39138793945,65389.689849853516,"[{'asset': SPY, 'quantity': 105.0}]",0.0
2020-02-24 12:30:00-05:00,99319.39138793945,65066.54983520508,"[{'asset': SPY, 'quantity': 106.0}]",0.0
2020-02-24 15:30:00-05:00,99319.39138793945,64743.40982055664,"[{'asset': SPY, 'quantity': 107.0}]",0.0
2020-02-24 18:30:00-05:00,99319.39138793945,64420.2698059082,"[{'asset': SPY, 'quantity': 108.0}]",0.0
2020-02-24 18:25:00-05:00,99319.39138793945,64420.2698059082,"[{'asset': SPY, 'quantity': 108.0}]",0.0
2020-02-25 08:30:00-05:00,99405.79006958008,64420.2698059082,"[{'asset': SPY, 'quantity': 108.0}]",0.0008699074816431729
2020-02-25 09:30:00-05:00,99405.79006958008,64420.2698059082,"[{'asset': SPY, 'quantity': 108.0}]",0.0
2020-02-25 09:30:00-05:00,99405.79006958008,64420.2698059082,"[{'asset': SPY, 'quantity': 108.0}]",0.0
2020-02-25 12:30:00-05:00,99405.79006958008,64096.3298034668,"[{'asset': SPY, 'quantity': 109.0}]",0.0
2020-02-25 15:30:00-05:00,99405.79006958008,63772.38980102539,"[{'asset': SPY, 'quantity': 110.0}]",0.0
2020-02-25 18:30:00-05:00,99405.79006958008,63448.449798583984,"[{'asset': SPY, 'quantity': 111.0}]",0.0
2020-02-25 18:25:00-05:00,99405.79006958008,63448.449798583984,"[{'asset': SPY, 'quantity': 111.0}]",0.0
2020-02-26 08:30:00-05:00,98322.4289855957,63448.449798583984,"[{'asset': SPY, 'quantity': 111.0}]",-0.010898370036856675
2020-02-26 09:30:00-05:00,98322.4289855957,63448.449798583984,"[{'asset': SPY, 'quantity': 111.0}]",0.0
2020-02-26 09:30:00-05:00,98322.4289855957,63448.449798583984,"[{'asset': SPY, 'quantity': 111.0}]",0.0
2020-02-26 12:30:00-05:00,98322.4289855957,63134.2698059082,"[{'asset': SPY, 'quantity': 112.0}]",0.0
2020-02-26 15:30:00-05:00,98322.4289855957,62820.08981323242,"[{'asset': SPY, 'quantity': 113.0}]",0.0
2020-02-26 18:30:00-05:00,98322.4289855957,62505.90982055664,"[{'asset': SPY, 'quantity': 114.0}]",0.0
2020-02-26 18:25:00-05:00,98322.4289855957,62505.90982055664,"[{'asset': SPY, 'quantity': 114.0}]",0.0
2020-02-27 08:30:00-05:00,97328.34884643555,62505.90982055664,"[{'asset': SPY, 'quantity': 114.0}]",-0.010110410711128726
2020-02-27 09:30:00-05:00,97328.34884643555,62505.90982055664,"[{'asset': SPY, 'quantity': 114.0}]",0.0
2020-02-27 09:30:00-05:00,97328.34884643555,62505.90982055664,"[{'asset': SPY, 'quantity': 114.0}]",0.0
2020-02-27 12:30:00-05:00,97328.34884643555,62200.44982910156,"[{'asset': SPY, 'quantity': 115.0}]",0.0
2020-02-27 15:30:00-05:00,97328.34884643555,61894.989837646484,"[{'asset': SPY, 'quantity': 116.0}]",0.0
2020-02-27 18:30:00-05:00,97328.34884643555,61589.529846191406,"[{'asset': SPY, 'quantity': 117.0}]",0.0
2020-02-27 18:25:00-05:00,97328.34884643555,61589.529846191406,"[{'asset': SPY, 'quantity': 117.0}]",0.0
2020-02-28 08:30:00-05:00,95367.43127441406,61589.529846191406,"[{'asset': SPY, 'quantity': 117.0}]",-0.020147445171554423
2020-02-28 09:30:00-05:00,95367.43127441406,61589.529846191406,"[{'asset': SPY, 'quantity': 117.0}]",0.0
2020-02-28 09:30:00-05:00,95367.43127441406,61589.529846191406,"[{'asset': SPY, 'quantity': 117.0}]",0.0
2020-02-28 12:30:00-05:00,95367.43127441406,61300.829833984375,"[{'asset': SPY, 'quantity': 118.0}]",0.0
2020-02-28 15:30:00-05:00,95367.43127441406,61012.129821777344,"[{'asset': SPY, 'quantity': 119.0}]",0.0
2020-02-28 18:30:00-05:00,95367.43127441406,60723.42980957031,"[{'asset': SPY, 'quantity': 120.0}]",0.0
2020-02-28 18:25:00-05:00,95367.43127441406,60723.42980957031,"[{'asset': SPY, 'quantity': 120.0}]",0.0
2020-03-02 08:30:00-05:00,96508.62878417969,60723.42980957031,"[{'asset': SPY, 'quantity': 120.0}]",0.011966323245950594
2020-03-02 09:30:00-05:00,96508.62878417969,60723.42980957031,"[{'asset': SPY, 'quantity': 120.0}]",0.0
2020-03-02 09:30:00-05:00,96508.62878417969,60723.42980957031,"[{'asset': SPY, 'quantity': 120.0}]",0.0
2020-03-02 12:30:00-05:00,96508.62878417969,60425.219818115234,"[{'asset': SPY, 'quantity': 121.0}]",0.0
2020-03-02 15:30:00-05:00,96508.62878417969,60127.009826660156,"[{'asset': SPY, 'quantity': 122.0}]",0.0
2020-03-02 18:30:00-05:00,96508.62878417969,59828.79983520508,"[{'asset': SPY, 'quantity': 123.0}]",0.0
2020-03-02 18:25:00-05:00,96508.62878417969,59828.79983520508,"[{'asset': SPY, 'quantity': 123.0}]",0.0
2020-03-03 08:30:00-05:00,97897.29983520508,59828.79983520508,"[{'asset': SPY, 'quantity': 123.0}]",0.014389086950254537
2020-03-03 09:30:00-05:00,97897.29983520508,59828.79983520508,"[{'asset': SPY, 'quantity': 123.0}]",0.0
2020-03-03 09:30:00-05:00,97897.29983520508,59828.79983520508,"[{'asset': SPY, 'quantity': 123.0}]",0.0
2020-03-03 12:30:00-05:00,97897.29983520508,59519.29983520508,"[{'asset': SPY, 'quantity': 124.0}]",0.0
2020-03-03 15:30:00-05:00,97897.29983520508,59209.79983520508,"[{'asset': SPY, 'quantity': 125.0}]",0.0
2020-03-03 18:30:00-05:00,97897.29983520508,58900.29983520508,"[{'asset': SPY, 'quantity': 126.0}]",0.0
2020-03-03 18:25:00-05:00,97897.29983520508,58900.29983520508,"[{'asset': SPY, 'quantity': 126.0}]",0.0
2020-03-04 08:30:00-05:00,97471.4192199707,58900.29983520508,"[{'asset': SPY, 'quantity': 126.0}]",-0.004350279486270647
2020-03-04 09:30:00-05:00,97471.4192199707,58900.29983520508,"[{'asset': SPY, 'quantity': 126.0}]",0.0
2020-03-04 09:30:00-05:00,97471.4192199707,58900.29983520508,"[{'asset': SPY, 'quantity': 126.0}]",0.0
2020-03-04 12:30:00-05:00,97471.4192199707,58594.17984008789,"[{'asset': SPY, 'quantity': 127.0}]",0.0
2020-03-04 15:30:00-05:00,97471.4192199707,58288.0598449707,"[{'asset': SPY, 'quantity': 128.0}]",0.0
2020-03-04 18:30:00-05:00,97471.4192199707,57981.939849853516,"[{'asset': SPY, 'quantity': 129.0}]",0.0
2020-03-04 18:25:00-05:00,97471.4192199707,57981.939849853516,"[{'asset': SPY, 'quantity': 129.0}]",0.0
2020-03-05 08:30:00-05:00,97324.36126708984,57981.939849853516,"[{'asset': SPY, 'quantity': 129.0}]",-0.0015087289592961017
2020-03-05 09:30:00-05:00,97324.36126708984,57981.939849853516,"[{'asset': SPY, 'quantity': 129.0}]",0.0
2020-03-05 09:30:00-05:00,97324.36126708984,57981.939849853516,"[{'asset': SPY, 'quantity': 129.0}]",0.0
2020-03-05 12:30:00-05:00,97324.36126708984,57676.95983886719,"[{'asset': SPY, 'quantity': 130.0}]",0.0
2020-03-05 15:30:00-05:00,97324.36126708984,57371.97982788086,"[{'asset': SPY, 'quantity': 131.0}]",0.0
2020-03-05 18:30:00-05:00,97324.36126708984,57066.99981689453,"[{'asset': SPY, 'quantity': 132.0}]",0.0
2020-03-05 18:25:00-05:00,97324.36126708984,57066.99981689453,"[{'asset': SPY, 'quantity': 132.0}]",0.0
2020-03-06 08:30:00-05:00,95762.79901123047,57066.99981689453,"[{'asset': SPY, 'quantity': 132.0}]",-0.016044926835676154
2020-03-06 09:30:00-05:00,95762.79901123047,57066.99981689453,"[{'asset': SPY, 'quantity': 132.0}]",0.0
2020-03-06 09:30:00-05:00,95762.79901123047,57066.99981689453,"[{'asset': SPY, 'quantity': 132.0}]",0.0
2020-03-06 12:30:00-05:00,95762.79901123047,56773.84982299805,"[{'asset': SPY, 'quantity': 133.0}]",0.0
2020-03-06 15:30:00-05:00,95762.79901123047,56480.69982910156,"[{'asset': SPY, 'quantity': 134.0}]",0.0
2020-03-06 18:30:00-05:00,95762.79901123047,56187.54983520508,"[{'asset': SPY, 'quantity': 135.0}]",0.0
2020-03-06 18:25:00-05:00,95762.79901123047,56187.54983520508,"[{'asset': SPY, 'quantity': 135.0}]",0.0
2020-03-09 08:30:00-04:00,93353.04818725586,56187.54983520508,"[{'asset': SPY, 'quantity': 135.0}]",-0.025163746766549755
2020-03-09 09:30:00-04:00,93353.04818725586,56187.54983520508,"[{'asset': SPY, 'quantity': 135.0}]",0.0
2020-03-09 09:30:00-04:00,93353.04818725586,56187.54983520508,"[{'asset': SPY, 'quantity': 135.0}]",0.0
2020-03-09 12:30:00-04:00,93353.04818725586,55912.24984741211,"[{'asset': SPY, 'quantity': 136.0}]",0.0
2020-03-09 15:30:00-04:00,93353.04818725586,55636.94985961914,"[{'asset': SPY, 'quantity': 137.0}]",0.0
2020-03-09 18:30:00-04:00,93353.04818725586,55361.64987182617,"[{'asset': SPY, 'quantity': 138.0}]",0.0
2020-03-09 18:25:00-04:00,93353.04818725586,55361.64987182617,"[{'asset': SPY, 'quantity': 138.0}]",0.0
2020-03-10 08:30:00-04:00,94641.97189331055,55361.64987182617,"[{'asset': SPY, 'quantity': 138.0}]",0.013806980394140522
2020-03-10 09:30:00-04:00,94641.97189331055,55361.64987182617,"[{'asset': SPY, 'quantity': 138.0}]",0.0
2020-03-10 09:30:00-04:00,94641.97189331055,55361.64987182617,"[{'asset': SPY, 'quantity': 138.0}]",0.0
2020-03-10 12:30:00-04:00,94641.97189331055,55077.009857177734,"[{'asset': SPY, 'quantity': 139.0}]",0.0
2020-03-10 15:30:00-04:00,94641.97189331055,54792.3698425293,"[{'asset': SPY, 'quantity': 140.0}]",0.0
2020-03-10 18:30:00-04:00,94641.97189331055,54507.72982788086,"[{'asset': SPY, 'quantity': 141.0}]",0.0
2020-03-10 18:25:00-04:00,94641.97189331055,54507.72982788086,"[{'asset': SPY, 'quantity': 141.0}]",0.0
2020-03-11 08:30:00-04:00,94086.43154907227,54507.72982788086,"[{'asset': SPY, 'quantity': 141.0}]",-0.005869915145729876
2020-03-11 09:30:00-04:00,94086.43154907227,54507.72982788086,"[{'asset': SPY, 'quantity': 141.0}]",0.0
2020-03-11 09:30:00-04:00,94086.43154907227,54507.72982788086,"[{'asset': SPY, 'quantity': 141.0}]",0.0
2020-03-11 12:30:00-04:00,94086.43154907227,54227.02981567383,"[{'asset': SPY, 'quantity': 142.0}]",0.0
2020-03-11 15:30:00-04:00,94086.43154907227,53946.3298034668,"[{'asset': SPY, 'quantity': 143.0}]",0.0
2020-03-11 18:30:00-04:00,94086.43154907227,53665.629791259766,"[{'asset': SPY, 'quantity': 144.0}]",0.0
2020-03-11 18:25:00-04:00,94086.43154907227,53665.629791259766,"[{'asset': SPY, 'quantity': 144.0}]",0.0
2020-03-12 08:30:00-04:00,90529.62979125977,53665.629791259766,"[{'asset': SPY, 'quantity': 144.0}]",-0.03780355678552216
2020-03-12 09:30:00-04:00,90529.62979125977,53665.629791259766,"[{'asset': SPY, 'quantity': 144.0}]",0.0
2020-03-12 09:30:00-04:00,90529.62979125977,53665.629791259766,"[{'asset': SPY, 'quantity': 144.0}]",0.0
2020-03-12 12:30:00-04:00,90529.62979125977,53409.629791259766,"[{'asset': SPY, 'quantity': 145.0}]",0.0
2020-03-12 15:30:00-04:00,90529.62979125977,53153.629791259766,"[{'asset': SPY, 'quantity': 146.0}]",0.0
2020-03-12 18:30:00-04:00,90529.62979125977,52897.629791259766,"[{'asset': SPY, 'quantity': 147.0}]",0.0
2020-03-12 18:25:00-04:00,90529.62979125977,52897.629791259766,"[{'asset': SPY, 'quantity': 147.0}]",0.0
2020-03-13 08:30:00-04:00,91571.85925292969,52897.629791259766,"[{'asset': SPY, 'quantity': 147.0}]",0.011512578412979924
2020-03-13 09:30:00-04:00,91571.85925292969,52897.629791259766,"[{'asset': SPY, 'quantity': 147.0}]",0.0
2020-03-13 09:30:00-04:00,91571.85925292969,52897.629791259766,"[{'asset': SPY, 'quantity': 147.0}]",0.0
2020-03-13 12:30:00-04:00,91571.85925292969,52634.539794921875,"[{'asset': SPY, 'quantity': 148.0}]",0.0
2020-03-13 15:30:00-04:00,91571.85925292969,52371.449798583984,"[{'asset': SPY, 'quantity': 149.0}]",0.0
2020-03-13 18:30:00-04:00,91571.85925292969,52108.359802246094,"[{'asset': SPY, 'quantity': 150.0}]",0.0
2020-03-13 18:25:00-04:00,91571.85925292969,52108.359802246094,"[{'asset': SPY, 'quantity': 150.0}]",0.0
2020-03-16 08:30:00-04:00,88285.35870361328,52108.359802246094,"[{'asset': SPY, 'quantity': 150.0}]",-0.035889852801162414
2020-03-16 09:30:00-04:00,88285.35870361328,52108.359802246094,"[{'asset': SPY, 'quantity': 150.0}]",0.0
2020-03-16 09:30:00-04:00,88285.35870361328,52108.359802246094,"[{'asset': SPY, 'quantity': 150.0}]",0.0
2020-03-16 12:30:00-04:00,88285.35870361328,51867.17980957031,"[{'asset': SPY, 'quantity': 151.0}]",0.0
2020-03-16 15:30:00-04:00,88285.35870361328,51625.99981689453,"[{'asset': SPY, 'quantity': 152.0}]",0.0
2020-03-16 18:30:00-04:00,88285.35870361328,51384.81982421875,"[{'asset': SPY, 'quantity': 153.0}]",0.0
2020-03-16 18:25:00-04:00,88285.35870361328,51384.81982421875,"[{'asset': SPY, 'quantity': 153.0}]",0.0
2020-03-17 08:30:00-04:00,88875.93879699707,51384.81982421875,"[{'asset': SPY, 'quantity': 153.0}]",0.006689445476077749
2020-03-17 09:30:00-04:00,88875.93879699707,51384.81982421875,"[{'asset': SPY, 'quantity': 153.0}]",0.0
2020-03-17 09:30:00-04:00,88875.93879699707,51384.81982421875,"[{'asset': SPY, 'quantity': 153.0}]",0.0
2020-03-17 12:30:00-04:00,88875.93879699707,51139.77983093262,"[{'asset': SPY, 'quantity': 154.0}]",0.0
2020-03-17 15:30:00-04:00,88875.93879699707,50894.739837646484,"[{'asset': SPY, 'quantity': 155.0}]",0.0
2020-03-17 18:30:00-04:00,88875.93879699707,50649.69984436035,"[{'asset': SPY, 'quantity': 156.0}]",0.0
2020-03-17 18:25:00-04:00,88875.93879699707,50649.69984436035,"[{'asset': SPY, 'quantity': 156.0}]",0.0
2020-03-18 08:30:00-04:00,87504.69984436035,50649.69984436035,"[{'asset': SPY, 'quantity': 156.0}]",-0.015428685999804626
2020-03-18 09:30:00-04:00,87504.69984436035,50649.69984436035,"[{'asset': SPY, 'quantity': 156.0}]",0.0
2020-03-18 09:30:00-04:00,87504.69984436035,50649.69984436035,"[{'asset': SPY, 'quantity': 156.0}]",0.0
2020-03-18 12:30:00-04:00,87504.69984436035,50413.44984436035,"[{'asset': SPY, 'quantity': 157.0}]",0.0
2020-03-18 15:30:00-04:00,87504.69984436035,50177.19984436035,"[{'asset': SPY, 'quantity': 158.0}]",0.0
2020-03-18 18:30:00-04:00,87504.69984436035,49940.94984436035,"[{'asset': SPY, 'quantity': 159.0}]",0.0
2020-03-18 18:25:00-04:00,87504.69984436035,49940.94984436035,"[{'asset': SPY, 'quantity': 159.0}]",0.0
2020-03-19 08:30:00-04:00,87981.69984436035,49940.94984436035,"[{'asset': SPY, 'quantity': 159.0}]",0.0054511357772601965
2020-03-19 09:30:00-04:00,87981.69984436035,49940.94984436035,"[{'asset': SPY, 'quantity': 159.0}]",0.0
2020-03-19 09:30:00-04:00,87981.69984436035,49940.94984436035,"[{'asset': SPY, 'quantity': 159.0}]",0.0
2020-03-19 12:30:00-04:00,87981.69984436035,49701.69984436035,"[{'asset': SPY, 'quantity': 160.0}]",0.0
2020-03-19 15:30:00-04:00,87981.69984436035,49462.44984436035,"[{'asset': SPY, 'quantity': 161.0}]",0.0
2020-03-19 18:30:00-04:00,87981.69984436035,49223.19984436035,"[{'asset': SPY, 'quantity': 162.0}]",0.0
2020-03-19 18:25:00-04:00,87981.69984436035,49223.19984436035,"[{'asset': SPY, 'quantity': 162.0}]",0.0
2020-03-20 08:30:00-04:00,88513.05964660645,49223.19984436035,"[{'asset': SPY, 'quantity': 162.0}]",0.006039435509726188
2020-03-20 09:30:00-04:00,88513.05964660645,49223.19984436035,"[{'asset': SPY, 'quantity': 162.0}]",0.0
2020-03-20 09:30:00-04:00,88513.05964660645,49223.19984436035,"[{'asset': SPY, 'quantity': 162.0}]",0.0
2020-03-20 12:30:00-04:00,88513.05964660645,48980.669845581055,"[{'asset': SPY, 'quantity': 163.0}]",0.0
2020-03-20 15:30:00-04:00,88513.05964660645,48738.13984680176,"[{'asset': SPY, 'quantity': 164.0}]",0.0
2020-03-20 18:30:00-04:00,88513.05964660645,48495.60984802246,"[{'asset': SPY, 'quantity': 165.0}]",0.0
2020-03-20 18:25:00-04:00,88513.05964660645,48495.60984802246,"[{'asset': SPY, 'quantity': 165.0}]",0.0
2020-03-23 08:30:00-04:00,86378.95025085448,48727.59984802246,"[{'asset': SPY, 'quantity': 165.0}]",-0.024110672529822352
2020-03-23 09:30:00-04:00,86378.95025085448,48727.59984802246,"[{'asset': SPY, 'quantity': 165.0}]",0.0
2020-03-23 09:30:00-04:00,86378.95025085448,48727.59984802246,"[{'asset': SPY, 'quantity': 165.0}]",0.0
2020-03-23 12:30:00-04:00,86378.95025085448,48499.40984558105,"[{'asset': SPY, 'quantity': 166.0}]",0.0
2020-03-23 15:30:00-04:00,86378.95025085448,48271.21984313965,"[{'asset': SPY, 'quantity': 167.0}]",0.0
2020-03-23 18:30:00-04:00,86378.95025085448,48043.02984069824,"[{'asset': SPY, 'quantity': 168.0}]",0.0
2020-03-23 18:25:00-04:00,86378.95025085448,48043.02984069824,"[{'asset': SPY, 'quantity': 168.0}]",0.0
2020-03-24 08:30:00-04:00,87425.58953308105,48043.02984069824,"[{'asset': SPY, 'quantity': 168.0}]",0.01211683262168628
2020-03-24 09:30:00-04:00,87425.58953308105,48043.02984069824,"[{'asset': SPY, 'quantity': 168.0}]",0.0
2020-03-24 09:30:00-04:00,87425.58953308105,48043.02984069824,"[{'asset': SPY, 'quantity': 168.0}]",0.0
2020-03-24 12:30:00-04:00,87425.58953308105,47808.609842529295,"[{'asset': SPY, 'quantity': 169.0}]",0.0
2020-03-24 15:30:00-04:00,87425.58953308105,47574.18984436035,"[{'asset': SPY, 'quantity': 170.0}]",0.0
2020-03-24 18:30:00-04:00,87425.58953308105,47339.769846191404,"[{'asset': SPY, 'quantity': 171.0}]",0.0
2020-03-24 18:25:00-04:00,87425.58953308105,47339.769846191404,"[{'asset': SPY, 'quantity': 171.0}]",0.0
2020-03-25 08:30:00-04:00,89212.53901123046,47339.769846191404,"[{'asset': SPY, 'quantity': 171.0}]",0.020439661747699622
2020-03-25 09:30:00-04:00,89212.53901123046,47339.769846191404,"[{'asset': SPY, 'quantity': 171.0}]",0.0
2020-03-25 09:30:00-04:00,89212.53901123046,47339.769846191404,"[{'asset': SPY, 'quantity': 171.0}]",0.0
2020-03-25 12:30:00-04:00,89212.53901123046,47094.89985107422,"[{'asset': SPY, 'quantity': 172.0}]",0.0
2020-03-25 15:30:00-04:00,89212.53901123046,46850.02985595703,"[{'asset': SPY, 'quantity': 173.0}]",0.0
2020-03-25 18:30:00-04:00,89212.53901123046,46605.15986083984,"[{'asset': SPY, 'quantity': 174.0}]",0.0
2020-03-25 18:25:00-04:00,89212.53901123046,46605.15986083984,"[{'asset': SPY, 'quantity': 174.0}]",0.0
2020-03-26 08:30:00-04:00,90021.64060424804,46605.15986083984,"[{'asset': SPY, 'quantity': 174.0}]",0.009069370763180817
2020-03-26 09:30:00-04:00,90021.64060424804,46605.15986083984,"[{'asset': SPY, 'quantity': 174.0}]",0.0
2020-03-26 09:30:00-04:00,90021.64060424804,46605.15986083984,"[{'asset': SPY, 'quantity': 174.0}]",0.0
2020-03-26 12:30:00-04:00,90021.64060424804,46355.63985656738,"[{'asset': SPY, 'quantity': 175.0}]",0.0
2020-03-26 15:30:00-04:00,90021.64060424804,46106.11985229492,"[{'asset': SPY, 'quantity': 176.0}]",0.0
2020-03-26 18:30:00-04:00,90021.64060424804,45856.59984802246,"[{'asset': SPY, 'quantity': 177.0}]",0.0
2020-03-26 18:25:00-04:00,90021.64060424804,45856.59984802246,"[{'asset': SPY, 'quantity': 177.0}]",0.0
2020-03-27 08:30:00-04:00,90685.39060424804,45856.59984802246,"[{'asset': SPY, 'quantity': 177.0}]",0.007373227099003454
2020-03-27 09:30:00-04:00,90685.39060424804,45856.59984802246,"[{'asset': SPY, 'quantity': 177.0}]",0.0
2020-03-27 09:30:00-04:00,90685.39060424804,45856.59984802246,"[{'asset': SPY, 'quantity': 177.0}]",0.0
2020-03-27 12:30:00-04:00,90685.39060424804,45603.32984375,"[{'asset': SPY, 'quantity': 178.0}]",0.0
2020-03-27 15:30:00-04:00,90685.39060424804,45350.05983947754,"[{'asset': SPY, 'quantity': 179.0}]",0.0
2020-03-27 18:30:00-04:00,90685.39060424804,45096.789835205076,"[{'asset': SPY, 'quantity': 180.0}]",0.0
2020-03-27 18:25:00-04:00,90685.39060424804,45096.789835205076,"[{'asset': SPY, 'quantity': 180.0}]",0.0
2020-03-30 08:30:00-04:00,91122.78928588866,45096.789835205076,"[{'asset': SPY, 'quantity': 180.0}]",0.004823254095573493
2020-03-30 09:30:00-04:00,91122.78928588866,45096.789835205076,"[{'asset': SPY, 'quantity': 180.0}]",0.0
2020-03-30 09:30:00-04:00,91122.78928588866,45096.789835205076,"[{'asset': SPY, 'quantity': 180.0}]",0.0
2020-03-30 12:30:00-04:00,91122.78928588866,44841.089838256834,"[{'asset': SPY, 'quantity': 181.0}]",0.0
2020-03-30 15:30:00-04:00,91122.78928588866,44585.38984130859,"[{'asset': SPY, 'quantity': 182.0}]",0.0
2020-03-30 18:30:00-04:00,91122.78928588866,44329.68984436035,"[{'asset': SPY, 'quantity': 183.0}]",0.0
2020-03-30 18:25:00-04:00,91122.78928588866,44329.68984436035,"[{'asset': SPY, 'quantity': 183.0}]",0.0
2020-03-31 08:30:00-04:00,92012.169397583,44329.68984436035,"[{'asset': SPY, 'quantity': 183.0}]",0.009760238011415456
2020-03-31 09:30:00-04:00,92012.169397583,44329.68984436035,"[{'asset': SPY, 'quantity': 183.0}]",0.0
2020-03-31 09:30:00-04:00,92012.169397583,44329.68984436035,"[{'asset': SPY, 'quantity': 183.0}]",0.0
2020-03-31 12:30:00-04:00,92012.169397583,44069.129846801756,"[{'asset': SPY, 'quantity': 184.0}]",0.0
2020-03-31 15:30:00-04:00,92012.169397583,43808.56984924316,"[{'asset': SPY, 'quantity': 185.0}]",0.0
2020-03-31 18:30:00-04:00,92012.169397583,43548.00985168457,"[{'asset': SPY, 'quantity': 186.0}]",0.0
2020-03-31 18:25:00-04:00,92012.169397583,43548.00985168457,"[{'asset': SPY, 'quantity': 186.0}]",0.0
2020-04-01 08:30:00-04:00,89672.28905700683,43548.00985168457,"[{'asset': SPY, 'quantity': 186.0}]",-0.025430118166930638
2020-04-01 09:30:00-04:00,89672.28905700683,43548.00985168457,"[{'asset': SPY, 'quantity': 186.0}]",0.0
2020-04-01 09:30:00-04:00,89672.28905700683,43548.00985168457,"[{'asset': SPY, 'quantity': 186.0}]",0.0
2020-04-01 12:30:00-04:00,89672.28905700683,43300.02985595703,"[{'asset': SPY, 'quantity': 187.0}]",0.0
2020-04-01 15:30:00-04:00,89672.28905700683,43052.04986022949,"[{'asset': SPY, 'quantity': 188.0}]",0.0
2020-04-01 18:30:00-04:00,89672.28905700683,42804.06986450195,"[{'asset': SPY, 'quantity': 189.0}]",0.0
2020-04-01 18:25:00-04:00,89672.28905700683,42804.06986450195,"[{'asset': SPY, 'quantity': 189.0}]",0.0
2020-04-02 08:30:00-04:00,89144.98032592773,42804.06986450195,"[{'asset': SPY, 'quantity': 189.0}]",-0.005880397797628167
2020-04-02 09:30:00-04:00,89144.98032592773,42804.06986450195,"[{'asset': SPY, 'quantity': 189.0}]",0.0
2020-04-02 09:30:00-04:00,89144.98032592773,42804.06986450195,"[{'asset': SPY, 'quantity': 189.0}]",0.0
2020-04-02 12:30:00-04:00,89144.98032592773,42558.879862060545,"[{'asset': SPY, 'quantity': 190.0}]",0.0
2020-04-02 15:30:00-04:00,89144.98032592773,42313.68985961914,"[{'asset': SPY, 'quantity': 191.0}]",0.0
2020-04-02 18:30:00-04:00,89144.98032592773,42068.49985717773,"[{'asset': SPY, 'quantity': 192.0}]",0.0
2020-04-02 18:25:00-04:00,89144.98032592773,42068.49985717773,"[{'asset': SPY, 'quantity': 192.0}]",0.0
2020-04-03 08:30:00-04:00,90214.41880249023,42068.49985717773,"[{'asset': SPY, 'quantity': 192.0}]",0.01199662025447168
2020-04-03 09:30:00-04:00,90214.41880249023,42068.49985717773,"[{'asset': SPY, 'quantity': 192.0}]",0.0
2020-04-03 09:30:00-04:00,90214.41880249023,42068.49985717773,"[{'asset': SPY, 'quantity': 192.0}]",0.0
2020-04-03 12:30:00-04:00,90214.41880249023,41817.7398626709,"[{'asset': SPY, 'quantity': 193.0}]",0.0
2020-04-03 15:30:00-04:00,90214.41880249023,41566.97986816406,"[{'asset': SPY, 'quantity': 194.0}]",0.0
2020-04-03 18:30:00-04:00,90214.41880249023,41316.219873657225,"[{'asset': SPY, 'quantity': 195.0}]",0.0
2020-04-03 18:25:00-04:00,90214.41880249023,41316.219873657225,"[{'asset': SPY, 'quantity': 195.0}]",0.0
2020-04-06 08:30:00-04:00,91595.01915954589,41316.219873657225,"[{'asset': SPY, 'quantity': 195.0}]",0.015303544326747298
2020-04-06 09:30:00-04:00,91595.01915954589,41316.219873657225,"[{'asset': SPY, 'quantity': 195.0}]",0.0
2020-04-06 09:30:00-04:00,91595.01915954589,41316.219873657225,"[{'asset': SPY, 'quantity': 195.0}]",0.0
2020-04-06 12:30:00-04:00,91595.01915954589,41058.379877319334,"[{'asset': SPY, 'quantity': 196.0}]",0.0
2020-04-06 15:30:00-04:00,91595.01915954589,40800.53988098144,"[{'asset': SPY, 'quantity': 197.0}]",0.0
2020-04-06 18:30:00-04:00,91595.01915954589,40542.69988464355,"[{'asset': SPY, 'quantity': 198.0}]",0.0
2020-04-06 18:25:00-04:00,91595.01915954589,40542.69988464355,"[{'asset': SPY, 'quantity': 198.0}]",0.0
2020-04-07 08:30:00-04:00,94836.27819274901,40542.69988464355,"[{'asset': SPY, 'quantity': 198.0}]",0.03538684813807724
2020-04-07 09:30:00-04:00,94836.27819274901,40542.69988464355,"[{'asset': SPY, 'quantity': 198.0}]",0.0
2020-04-07 09:30:00-04:00,94836.27819274901,40542.69988464355,"[{'asset': SPY, 'quantity': 198.0}]",0.0
2020-04-07 12:30:00-04:00,94836.27819274901,40268.489893188475,"[{'asset': SPY, 'quantity': 199.0}]",0.0
2020-04-07 15:30:00-04:00,94836.27819274901,39994.2799017334,"[{'asset': SPY, 'quantity': 200.0}]",0.0
2020-04-07 18:30:00-04:00,94836.27819274901,39720.06991027832,"[{'asset': SPY, 'quantity': 201.0}]",0.0
2020-04-07 18:25:00-04:00,94836.27819274901,39720.06991027832,"[{'asset': SPY, 'quantity': 201.0}]",0.0
2020-04-08 08:30:00-04:00,93580.02819274901,39720.06991027832,"[{'asset': SPY, 'quantity': 201.0}]",-0.013246513084863465
2020-04-08 09:30:00-04:00,93580.02819274901,39720.06991027832,"[{'asset': SPY, 'quantity': 201.0}]",0.0
2020-04-08 09:30:00-04:00,93580.02819274901,39720.06991027832,"[{'asset': SPY, 'quantity': 201.0}]",0.0
2020-04-08 12:30:00-04:00,93580.02819274901,39452.10991882324,"[{'asset': SPY, 'quantity': 202.0}]",0.0
2020-04-08 15:30:00-04:00,93580.02819274901,39184.14992736816,"[{'asset': SPY, 'quantity': 203.0}]",0.0
2020-04-08 18:30:00-04:00,93580.02819274901,38916.189935913084,"[{'asset': SPY, 'quantity': 204.0}]",0.0
2020-04-08 18:25:00-04:00,93580.02819274901,38916.189935913084,"[{'asset': SPY, 'quantity': 204.0}]",0.0
2020-04-09 08:30:00-04:00,95542.50719665526,38916.189935913084,"[{'asset': SPY, 'quantity': 204.0}]",0.02097113071887602
2020-04-09 09:30:00-04:00,95542.50719665526,38916.189935913084,"[{'asset': SPY, 'quantity': 204.0}]",0.0
2020-04-09 09:30:00-04:00,95542.50719665526,38916.189935913084,"[{'asset': SPY, 'quantity': 204.0}]",0.0
2020-04-09 12:30:00-04:00,95542.50719665526,38638.60994934082,"[{'asset': SPY, 'quantity': 205.0}]",0.0
2020-04-09 15:30:00-04:00,95542.50719665526,38361.02996276855,"[{'asset': SPY, 'quantity': 206.0}]",0.0
2020-04-09 18:30:00-04:00,95542.50719665526,38083.44997619629,"[{'asset': SPY, 'quantity': 207.0}]",0.0
2020-04-09 18:25:00-04:00,95542.50719665526,38083.44997619629,"[{'asset': SPY, 'quantity': 207.0}]",0.0
2020-04-13 08:30:00-04:00,95451.43300842284,38083.44997619629,"[{'asset': SPY, 'quantity': 207.0}]",-0.0009532321361942486
2020-04-13 09:30:00-04:00,95451.43300842284,38083.44997619629,"[{'asset': SPY, 'quantity': 207.0}]",0.0
2020-04-13 09:30:00-04:00,95451.43300842284,38083.44997619629,"[{'asset': SPY, 'quantity': 207.0}]",0.0
2020-04-13 12:30:00-04:00,95451.43300842284,37806.30996154785,"[{'asset': SPY, 'quantity': 208.0}]",0.0
2020-04-13 15:30:00-04:00,95451.43300842284,37529.16994689941,"[{'asset': SPY, 'quantity': 209.0}]",0.0
2020-04-13 18:30:00-04:00,95451.43300842284,37252.029932250975,"[{'asset': SPY, 'quantity': 210.0}]",0.0
2020-04-13 18:25:00-04:00,95451.43300842284,37252.029932250975,"[{'asset': SPY, 'quantity': 210.0}]",0.0
2020-04-14 08:30:00-04:00,96257.83223937987,37252.029932250975,"[{'asset': SPY, 'quantity': 210.0}]",0.008448267412453303
2020-04-14 09:30:00-04:00,96257.83223937987,37252.029932250975,"[{'asset': SPY, 'quantity': 210.0}]",0.0
2020-04-14 09:30:00-04:00,96257.83223937987,37252.029932250975,"[{'asset': SPY, 'quantity': 210.0}]",0.0
2020-04-14 12:30:00-04:00,96257.83223937987,36971.04992126465,"[{'asset': SPY, 'quantity': 211.0}]",0.0
2020-04-14 15:30:00-04:00,96257.83223937987,36690.06991027832,"[{'asset': SPY, 'quantity': 212.0}]",0.0
2020-04-14 18:30:00-04:00,96257.83223937987,36409.08989929199,"[{'asset': SPY, 'quantity': 213.0}]",0.0
2020-04-14 18:25:00-04:00,96257.83223937987,36409.08989929199,"[{'asset': SPY, 'quantity': 213.0}]",0.0
2020-04-15 08:30:00-04:00,95531.50145935058,36409.08989929199,"[{'asset': SPY, 'quantity': 213.0}]",-0.007545679796974958
2020-04-15 09:30:00-04:00,95531.50145935058,36409.08989929199,"[{'asset': SPY, 'quantity': 213.0}]",0.0
2020-04-15 09:30:00-04:00,95531.50145935058,36409.08989929199,"[{'asset': SPY, 'quantity': 213.0}]",0.0
2020-04-15 12:30:00-04:00,95531.50145935058,36131.51989196777,"[{'asset': SPY, 'quantity': 214.0}]",0.0
2020-04-15 15:30:00-04:00,95531.50145935058,35853.94988464355,"[{'asset': SPY, 'quantity': 215.0}]",0.0
2020-04-15 18:30:00-04:00,95531.50145935058,35576.379877319334,"[{'asset': SPY, 'quantity': 216.0}]",0.0
2020-04-15 18:25:00-04:00,95531.50145935058,35576.379877319334,"[{'asset': SPY, 'quantity': 216.0}]",0.0
2020-04-16 08:30:00-04:00,95872.77855895995,35576.379877319334,"[{'asset': SPY, 'quantity': 216.0}]",0.003572403808125957
2020-04-16 09:30:00-04:00,95872.77855895995,35576.379877319334,"[{'asset': SPY, 'quantity': 216.0}]",0.0
2020-04-16 09:30:00-04:00,95872.77855895995,35576.379877319334,"[{'asset': SPY, 'quantity': 216.0}]",0.0
2020-04-16 12:30:00-04:00,95872.77855895995,35297.22988342285,"[{'asset': SPY, 'quantity': 217.0}]",0.0
2020-04-16 15:30:00-04:00,95872.77855895995,35018.079889526365,"[{'asset': SPY, 'quantity': 218.0}]",0.0
2020-04-16 18:30:00-04:00,95872.77855895995,34738.92989562988,"[{'asset': SPY, 'quantity': 219.0}]",0.0
2020-04-16 18:25:00-04:00,95872.77855895995,34738.92989562988,"[{'asset': SPY, 'quantity': 219.0}]",0.0
2020-04-17 08:30:00-04:00,97237.15096496581,34738.92989562988,"[{'asset': SPY, 'quantity': 219.0}]",0.014231071911270377
2020-04-17 09:30:00-04:00,97237.15096496581,34738.92989562988,"[{'asset': SPY, 'quantity': 219.0}]",0.0
2020-04-17 09:30:00-04:00,97237.15096496581,34738.92989562988,"[{'asset': SPY, 'quantity': 219.0}]",0.0
2020-04-17 12:30:00-04:00,97237.15096496581,34453.54989074707,"[{'asset': SPY, 'quantity': 220.0}]",0.0
2020-04-17 15:30:00-04:00,97237.15096496581,34168.169885864256,"[{'asset': SPY, 'quantity': 221.0}]",0.0
2020-04-17 18:30:00-04:00,97237.15096496581,33882.78988098144,"[{'asset': SPY, 'quantity': 222.0}]",0.0
2020-04-17 18:25:00-04:00,97237.15096496581,33882.78988098144,"[{'asset': SPY, 'quantity': 222.0}]",0.0
2020-04-20 08:30:00-04:00,96622.20662902831,33882.78988098144,"[{'asset': SPY, 'quantity': 222.0}]",-0.006324170647071581
2020-04-20 09:30:00-04:00,96622.20662902831,33882.78988098144,"[{'asset': SPY, 'quantity': 222.0}]",0.0
2020-04-20 09:30:00-04:00,96622.20662902831,33882.78988098144,"[{'asset': SPY, 'quantity': 222.0}]",0.0
2020-04-20 12:30:00-04:00,96622.20662902831,33600.17989562988,"[{'asset': SPY, 'quantity': 223.0}]",0.0
2020-04-20 15:30:00-04:00,96622.20662902831,33317.56991027832,"[{'asset': SPY, 'quantity': 224.0}]",0.0
2020-04-20 18:30:00-04:00,96622.20662902831,33034.959924926756,"[{'asset': SPY, 'quantity': 225.0}]",0.0
2020-04-20 18:25:00-04:00,96622.20662902831,33034.959924926756,"[{'asset': SPY, 'quantity': 225.0}]",0.0
2020-04-21 08:30:00-04:00,95299.21239685058,33034.959924926756,"[{'asset': SPY, 'quantity': 225.0}]",-0.013692444815064597
2020-04-21 09:30:00-04:00,95299.21239685058,33034.959924926756,"[{'asset': SPY, 'quantity': 225.0}]",0.0
2020-04-21 09:30:00-04:00,95299.21239685058,33034.959924926756,"[{'asset': SPY, 'quantity': 225.0}]",0.0
2020-04-21 12:30:00-04:00,95299.21239685058,32758.229913940428,"[{'asset': SPY, 'quantity': 226.0}]",0.0
2020-04-21 15:30:00-04:00,95299.21239685058,32481.4999029541,"[{'asset': SPY, 'quantity': 227.0}]",0.0
2020-04-21 18:30:00-04:00,95299.21239685058,32204.76989196777,"[{'asset': SPY, 'quantity': 228.0}]",0.0
2020-04-21 18:25:00-04:00,95299.21239685058,32204.76989196777,"[{'asset': SPY, 'quantity': 228.0}]",0.0
2020-04-22 08:30:00-04:00,95668.57128356933,32204.76989196777,"[{'asset': SPY, 'quantity': 228.0}]",0.003875781104891507
2020-04-22 09:30:00-04:00,95668.57128356933,32204.76989196777,"[{'asset': SPY, 'quantity': 228.0}]",0.0
2020-04-22 09:30:00-04:00,95668.57128356933,32204.76989196777,"[{'asset': SPY, 'quantity': 228.0}]",0.0
2020-04-22 12:30:00-04:00,95668.57128356933,31926.419885864256,"[{'asset': SPY, 'quantity': 229.0}]",0.0
2020-04-22 15:30:00-04:00,95668.57128356933,31648.06987976074,"[{'asset': SPY, 'quantity': 230.0}]",0.0
2020-04-22 18:30:00-04:00,95668.57128356933,31369.719873657225,"[{'asset': SPY, 'quantity': 231.0}]",0.0
2020-04-22 18:25:00-04:00,95668.57128356933,31369.719873657225,"[{'asset': SPY, 'quantity': 231.0}]",0.0
2020-04-23 08:30:00-04:00,96162.90761779784,31369.719873657225,"[{'asset': SPY, 'quantity': 231.0}]",0.005167175882278663
2020-04-23 09:30:00-04:00,96162.90761779784,31369.719873657225,"[{'asset': SPY, 'quantity': 231.0}]",0.0
2020-04-23 09:30:00-04:00,96162.90761779784,31369.719873657225,"[{'asset': SPY, 'quantity': 231.0}]",0.0
2020-04-23 12:30:00-04:00,96162.90761779784,31089.22988342285,"[{'asset': SPY, 'quantity': 232.0}]",0.0
2020-04-23 15:30:00-04:00,96162.90761779784,30808.739893188475,"[{'asset': SPY, 'quantity': 233.0}]",0.0
2020-04-23 18:30:00-04:00,96162.90761779784,30528.2499029541,"[{'asset': SPY, 'quantity': 234.0}]",0.0
2020-04-23 18:25:00-04:00,96162.90761779784,30528.2499029541,"[{'asset': SPY, 'quantity': 234.0}]",0.0
2020-04-24 08:30:00-04:00,96219.07247375487,30528.2499029541,"[{'asset': SPY, 'quantity': 234.0}]",0.0005840594606421057
2020-04-24 09:30:00-04:00,96219.07247375487,30528.2499029541,"[{'asset': SPY, 'quantity': 234.0}]",0.0
2020-04-24 09:30:00-04:00,96219.07247375487,30528.2499029541,"[{'asset': SPY, 'quantity': 234.0}]",0.0
2020-04-24 12:30:00-04:00,96219.07247375487,30247.51989196777,"[{'asset': SPY, 'quantity': 235.0}]",0.0
2020-04-24 15:30:00-04:00,96219.07247375487,29966.789880981443,"[{'asset': SPY, 'quantity': 236.0}]",0.0
2020-04-24 18:30:00-04:00,96219.07247375487,29686.059869995115,"[{'asset': SPY, 'quantity': 237.0}]",0.0
2020-04-24 18:25:00-04:00,96219.07247375487,29686.059869995115,"[{'asset': SPY, 'quantity': 237.0}]",0.0
2020-04-27 08:30:00-04:00,97259.49871276855,29686.059869995115,"[{'asset': SPY, 'quantity': 237.0}]",0.010813097780561831
2020-04-27 09:30:00-04:00,97259.49871276855,29686.059869995115,"[{'asset': SPY, 'quantity': 237.0}]",0.0
2020-04-27 09:30:00-04:00,97259.49871276855,29686.059869995115,"[{'asset': SPY, 'quantity': 237.0}]",0.0
2020-04-27 12:30:00-04:00,97259.49871276855,29400.939874877928,"[{'asset': SPY, 'quantity': 238.0}]",0.0
2020-04-27 15:30:00-04:00,97259.49871276855,29115.81987976074,"[{'asset': SPY, 'quantity': 239.0}]",0.0
2020-04-27 18:30:00-04:00,97259.49871276855,28830.699884643553,"[{'asset': SPY, 'quantity': 240.0}]",0.0
2020-04-27 18:25:00-04:00,97259.49871276855,28830.699884643553,"[{'asset': SPY, 'quantity': 240.0}]",0.0
2020-04-28 08:30:00-04:00,98675.4972479248,28830.699884643553,"[{'asset': SPY, 'quantity': 240.0}]",0.01455897422767971
2020-04-28 09:30:00-04:00,98675.4972479248,28830.699884643553,"[{'asset': SPY, 'quantity': 240.0}]",0.0
2020-04-28 09:30:00-04:00,98675.4972479248,28830.699884643553,"[{'asset': SPY, 'quantity': 240.0}]",0.0
2020-04-28 12:30:00-04:00,98675.4972479248,28539.67989562988,"[{'asset': SPY, 'quantity': 241.0}]",0.0
2020-04-28 15:30:00-04:00,98675.4972479248,28248.65990661621,"[{'asset': SPY, 'quantity': 242.0}]",0.0
2020-04-28 18:30:00-04:00,98675.4972479248,27957.639917602537,"[{'asset': SPY, 'quantity': 243.0}]",0.0
2020-04-28 18:25:00-04:00,98675.4972479248,27957.639917602537,"[{'asset': SPY, 'quantity': 243.0}]",0.0
2020-04-29 08:30:00-04:00,98799.42962097167,27957.639917602537,"[{'asset': SPY, 'quantity': 243.0}]",0.0012559589412100003
2020-04-29 09:30:00-04:00,98799.42962097167,27957.639917602537,"[{'asset': SPY, 'quantity': 243.0}]",0.0
2020-04-29 09:30:00-04:00,98799.42962097167,27957.639917602537,"[{'asset': SPY, 'quantity': 243.0}]",0.0
2020-04-29 12:30:00-04:00,98799.42962097167,27666.10991882324,"[{'asset': SPY, 'quantity': 244.0}]",0.0
2020-04-29 15:30:00-04:00,98799.42962097167,27374.579920043943,"[{'asset': SPY, 'quantity': 245.0}]",0.0
2020-04-29 18:30:00-04:00,98799.42962097167,27083.049921264646,"[{'asset': SPY, 'quantity': 246.0}]",0.0
2020-04-29 18:25:00-04:00,98799.42962097167,27083.049921264646,"[{'asset': SPY, 'quantity': 246.0}]",0.0
2020-04-30 08:30:00-04:00,98843.70781921386,27083.049921264646,"[{'asset': SPY, 'quantity': 246.0}]",0.0004481624885088742
2020-04-30 09:30:00-04:00,98843.70781921386,27083.049921264646,"[{'asset': SPY, 'quantity': 246.0}]",0.0
2020-04-30 09:30:00-04:00,98843.70781921386,27083.049921264646,"[{'asset': SPY, 'quantity': 246.0}]",0.0
2020-04-30 12:30:00-04:00,98843.70781921386,26791.33992980957,"[{'asset': SPY, 'quantity': 247.0}]",0.0
2020-04-30 15:30:00-04:00,98843.70781921386,26499.62993835449,"[{'asset': SPY, 'quantity': 248.0}]",0.0
2020-04-30 18:30:00-04:00,98843.70781921386,26207.919946899412,"[{'asset': SPY, 'quantity': 249.0}]",0.0
2020-04-30 18:25:00-04:00,98843.70781921386,26207.919946899412,"[{'asset': SPY, 'quantity': 249.0}]",0.0
2020-05-01 08:30:00-04:00,97250.10933898925,26207.919946899412,"[{'asset': SPY, 'quantity': 249.0}]",-0.016122406932966515
2020-05-01 09:30:00-04:00,97250.10933898925,26207.919946899412,"[{'asset': SPY, 'quantity': 249.0}]",0.0
2020-05-01 09:30:00-04:00,97250.10933898925,26207.919946899412,"[{'asset': SPY, 'quantity': 249.0}]",0.0
2020-05-01 12:30:00-04:00,97250.10933898925,25922.60994934082,"[{'asset': SPY, 'quantity': 250.0}]",0.0
2020-05-01 15:30:00-04:00,97250.10933898925,25637.299951782225,"[{'asset': SPY, 'quantity': 251.0}]",0.0
2020-05-01 18:30:00-04:00,97250.10933898925,25351.98995422363,"[{'asset': SPY, 'quantity': 252.0}]",0.0
2020-05-01 18:25:00-04:00,97250.10933898925,25351.98995422363,"[{'asset': SPY, 'quantity': 252.0}]",0.0
2020-05-04 08:30:00-04:00,96098.46749328612,25351.98995422363,"[{'asset': SPY, 'quantity': 252.0}]",-0.011842062220092653
2020-05-04 09:30:00-04:00,96098.46749328612,25351.98995422363,"[{'asset': SPY, 'quantity': 252.0}]",0.0
2020-05-04 09:30:00-04:00,96098.46749328612,25351.98995422363,"[{'asset': SPY, 'quantity': 252.0}]",0.0
2020-05-04 12:30:00-04:00,96098.46749328612,25071.249963989256,"[{'asset': SPY, 'quantity': 253.0}]",0.0
2020-05-04 15:30:00-04:00,96098.46749328612,24790.50997375488,"[{'asset': SPY, 'quantity': 254.0}]",0.0
2020-05-04 18:30:00-04:00,96098.46749328612,24509.769983520506,"[{'asset': SPY, 'quantity': 255.0}]",0.0
2020-05-04 18:25:00-04:00,96098.46749328612,24509.769983520506,"[{'asset': SPY, 'quantity': 255.0}]",0.0
2020-05-05 08:30:00-04:00,97602.97371887206,24509.769983520506,"[{'asset': SPY, 'quantity': 255.0}]",0.01565588156430331
2020-05-05 09:30:00-04:00,97602.97371887206,24509.769983520506,"[{'asset': SPY, 'quantity': 255.0}]",0.0
2020-05-05 09:30:00-04:00,97602.97371887206,24509.769983520506,"[{'asset': SPY, 'quantity': 255.0}]",0.0
2020-05-05 12:30:00-04:00,97602.97371887206,24223.12996887207,"[{'asset': SPY, 'quantity': 256.0}]",0.0
2020-05-05 15:30:00-04:00,97602.97371887206,23936.48995422363,"[{'asset': SPY, 'quantity': 257.0}]",0.0
2020-05-05 18:30:00-04:00,97602.97371887206,23649.849939575193,"[{'asset': SPY, 'quantity': 258.0}]",0.0
2020-05-05 18:25:00-04:00,97602.97371887206,23649.849939575193,"[{'asset': SPY, 'quantity': 258.0}]",0.0
2020-05-06 08:30:00-04:00,97964.17214416503,23649.849939575193,"[{'asset': SPY, 'quantity': 258.0}]",0.003700690783595695
2020-05-06 09:30:00-04:00,97964.17214416503,23649.849939575193,"[{'asset': SPY, 'quantity': 258.0}]",0.0
2020-05-06 09:30:00-04:00,97964.17214416503,23649.849939575193,"[{'asset': SPY, 'quantity': 258.0}]",0.0
2020-05-06 12:30:00-04:00,97964.17214416503,23361.80993103027,"[{'asset': SPY, 'quantity': 259.0}]",0.0
2020-05-06 15:30:00-04:00,97964.17214416503,23073.76992248535,"[{'asset': SPY, 'quantity': 260.0}]",0.0
2020-05-06 18:30:00-04:00,97964.17214416503,22785.729913940428,"[{'asset': SPY, 'quantity': 261.0}]",0.0
2020-05-06 18:25:00-04:00,97964.17214416503,22785.729913940428,"[{'asset': SPY, 'quantity': 261.0}]",0.0
2020-05-07 08:30:00-04:00,97888.47991394042,22785.729913940428,"[{'asset': SPY, 'quantity': 261.0}]",-0.000772652170358934
2020-05-07 09:30:00-04:00,97888.47991394042,22785.729913940428,"[{'asset': SPY, 'quantity': 261.0}]",0.0
2020-05-07 09:30:00-04:00,97888.47991394042,22785.729913940428,"[{'asset': SPY, 'quantity': 261.0}]",0.0
2020-05-07 12:30:00-04:00,97888.47991394042,22497.979913940428,"[{'asset': SPY, 'quantity': 262.0}]",0.0
2020-05-07 15:30:00-04:00,97888.47991394042,22210.229913940428,"[{'asset': SPY, 'quantity': 263.0}]",0.0
2020-05-07 18:30:00-04:00,97888.47991394042,21922.479913940428,"[{'asset': SPY, 'quantity': 264.0}]",0.0
2020-05-07 18:25:00-04:00,97888.47991394042,21922.479913940428,"[{'asset': SPY, 'quantity': 264.0}]",0.0
2020-05-08 08:30:00-04:00,98770.23894714355,21922.479913940428,"[{'asset': SPY, 'quantity': 264.0}]",0.00900779166229082
2020-05-08 09:30:00-04:00,98770.23894714355,21922.479913940428,"[{'asset': SPY, 'quantity': 264.0}]",0.0
2020-05-08 09:30:00-04:00,98770.23894714355,21922.479913940428,"[{'asset': SPY, 'quantity': 264.0}]",0.0
2020-05-08 12:30:00-04:00,98770.23894714355,21631.389917602537,"[{'asset': SPY, 'quantity': 265.0}]",0.0
2020-05-08 15:30:00-04:00,98770.23894714355,21340.299921264646,"[{'asset': SPY, 'quantity': 266.0}]",0.0
2020-05-08 18:30:00-04:00,98770.23894714355,21049.209924926756,"[{'asset': SPY, 'quantity': 267.0}]",0.0
2020-05-08 18:25:00-04:00,98770.23894714355,21049.209924926756,"[{'asset': SPY, 'quantity': 267.0}]",0.0
2020-05-11 08:30:00-04:00,98569.98894714355,21049.209924926756,"[{'asset': SPY, 'quantity': 267.0}]",-0.0020274325761949763
2020-05-11 09:30:00-04:00,98569.98894714355,21049.209924926756,"[{'asset': SPY, 'quantity': 267.0}]",0.0
2020-05-11 09:30:00-04:00,98569.98894714355,21049.209924926756,"[{'asset': SPY, 'quantity': 267.0}]",0.0
2020-05-11 12:30:00-04:00,98569.98894714355,20758.869928588865,"[{'asset': SPY, 'quantity': 268.0}]",0.0
2020-05-11 15:30:00-04:00,98569.98894714355,20468.529932250975,"[{'asset': SPY, 'quantity': 269.0}]",0.0
2020-05-11 18:30:00-04:00,98569.98894714355,20178.189935913084,"[{'asset': SPY, 'quantity': 270.0}]",0.0
2020-05-11 18:25:00-04:00,98569.98894714355,20178.189935913084,"[{'asset': SPY, 'quantity': 270.0}]",0.0
2020-05-12 08:30:00-04:00,99501.49224304198,20178.189935913084,"[{'asset': SPY, 'quantity': 270.0}]",0.009450171455309242
2020-05-12 09:30:00-04:00,99501.49224304198,20178.189935913084,"[{'asset': SPY, 'quantity': 270.0}]",0.0
2020-05-12 09:30:00-04:00,99501.49224304198,20178.189935913084,"[{'asset': SPY, 'quantity': 270.0}]",0.0
2020-05-12 12:30:00-04:00,99501.49224304198,19884.399927368162,"[{'asset': SPY, 'quantity': 271.0}]",0.0
2020-05-12 15:30:00-04:00,99501.49224304198,19590.60991882324,"[{'asset': SPY, 'quantity': 272.0}]",0.0
2020-05-12 18:30:00-04:00,99501.49224304198,19296.81991027832,"[{'asset': SPY, 'quantity': 273.0}]",0.0
2020-05-12 18:25:00-04:00,99501.49224304198,19296.81991027832,"[{'asset': SPY, 'quantity': 273.0}]",0.0
2020-05-13 08:30:00-04:00,97391.1992437744,19296.81991027832,"[{'asset': SPY, 'quantity': 273.0}]",-0.02120865679193018
2020-05-13 09:30:00-04:00,97391.1992437744,19296.81991027832,"[{'asset': SPY, 'quantity': 273.0}]",0.0
2020-05-13 09:30:00-04:00,97391.1992437744,19296.81991027832,"[{'asset': SPY, 'quantity': 273.0}]",0.0
2020-05-13 12:30:00-04:00,97391.1992437744,19010.759912719725,"[{'asset': SPY, 'quantity': 274.0}]",0.0
2020-05-13 15:30:00-04:00,97391.1992437744,18724.69991516113,"[{'asset': SPY, 'quantity': 275.0}]",0.0
2020-05-13 18:30:00-04:00,97391.1992437744,18438.639917602537,"[{'asset': SPY, 'quantity': 276.0}]",0.0
2020-05-13 18:25:00-04:00,97391.1992437744,18438.639917602537,"[{'asset': SPY, 'quantity': 276.0}]",0.0
2020-05-14 08:30:00-04:00,95428.84328674315,18438.639917602537,"[{'asset': SPY, 'quantity': 276.0}]",-0.020149212375128345
2020-05-14 09:30:00-04:00,95428.84328674315,18438.639917602537,"[{'asset': SPY, 'quantity': 276.0}]",0.0
2020-05-14 09:30:00-04:00,95428.84328674315,18438.639917602537,"[{'asset': SPY, 'quantity': 276.0}]",0.0
2020-05-14 12:30:00-04:00,95428.84328674315,18159.689905395506,"[{'asset': SPY, 'quantity': 277.0}]",0.0
2020-05-14 15:30:00-04:00,95428.84328674315,17880.739893188475,"[{'asset': SPY, 'quantity': 278.0}]",0.0
2020-05-14 18:30:00-04:00,95428.84328674315,17601.789880981443,"[{'asset': SPY, 'quantity': 279.0}]",0.0
2020-05-14 18:25:00-04:00,95428.84328674315,17601.789880981443,"[{'asset': SPY, 'quantity': 279.0}]",0.0
2020-05-15 08:30:00-04:00,96383.01851867675,17601.789880981443,"[{'asset': SPY, 'quantity': 279.0}]",0.00999881376604872
2020-05-15 09:30:00-04:00,96383.01851867675,17601.789880981443,"[{'asset': SPY, 'quantity': 279.0}]",0.0
2020-05-15 09:30:00-04:00,96383.01851867675,17601.789880981443,"[{'asset': SPY, 'quantity': 279.0}]",0.0
2020-05-15 12:30:00-04:00,96383.01851867675,17319.419885864256,"[{'asset': SPY, 'quantity': 280.0}]",0.0
2020-05-15 15:30:00-04:00,96383.01851867675,17037.04989074707,"[{'asset': SPY, 'quantity': 281.0}]",0.0
2020-05-15 18:30:00-04:00,96383.01851867675,16754.67989562988,"[{'asset': SPY, 'quantity': 282.0}]",0.0
2020-05-15 18:25:00-04:00,96383.01851867675,16754.67989562988,"[{'asset': SPY, 'quantity': 282.0}]",0.0
2020-05-18 08:30:00-04:00,99394.77645324706,16754.67989562988,"[{'asset': SPY, 'quantity': 282.0}]",0.03124780672838856
2020-05-18 09:30:00-04:00,99394.77645324706,16754.67989562988,"[{'asset': SPY, 'quantity': 282.0}]",0.0
2020-05-18 09:30:00-04:00,99394.77645324706,16754.67989562988,"[{'asset': SPY, 'quantity': 282.0}]",0.0
2020-05-18 12:30:00-04:00,99394.77645324706,16461.629907836912,"[{'asset': SPY, 'quantity': 283.0}]",0.0
2020-05-18 15:30:00-04:00,99394.77645324706,16168.579920043943,"[{'asset': SPY, 'quantity': 284.0}]",0.0
2020-05-18 18:30:00-04:00,99394.77645324706,15875.529932250975,"[{'asset': SPY, 'quantity': 285.0}]",0.0
2020-05-18 18:25:00-04:00,99394.77645324706,15875.529932250975,"[{'asset': SPY, 'quantity': 285.0}]",0.0
2020-05-19 08:30:00-04:00,99765.28167175292,15875.529932250975,"[{'asset': SPY, 'quantity': 285.0}]",0.0037276125740886012
2020-05-19 09:30:00-04:00,99765.28167175292,15875.529932250975,"[{'asset': SPY, 'quantity': 285.0}]",0.0
2020-05-19 09:30:00-04:00,99765.28167175292,15875.529932250975,"[{'asset': SPY, 'quantity': 285.0}]",0.0
2020-05-19 12:30:00-04:00,99765.28167175292,15581.179926147459,"[{'asset': SPY, 'quantity': 286.0}]",0.0
2020-05-19 15:30:00-04:00,99765.28167175292,15286.829920043943,"[{'asset': SPY, 'quantity': 287.0}]",0.0
2020-05-19 18:30:00-04:00,99765.28167175292,14992.479913940428,"[{'asset': SPY, 'quantity': 288.0}]",0.0
2020-05-19 18:25:00-04:00,99765.28167175292,14992.479913940428,"[{'asset': SPY, 'quantity': 288.0}]",0.0
2020-05-20 08:30:00-04:00,100188.64202331542,14992.479913940428,"[{'asset': SPY, 'quantity': 288.0}]",0.004243563937958328
2020-05-20 09:30:00-04:00,100188.64202331542,14992.479913940428,"[{'asset': SPY, 'quantity': 288.0}]",0.0
2020-05-20 09:30:00-04:00,100188.64202331542,14992.479913940428,"[{'asset': SPY, 'quantity': 288.0}]",0.0
2020-05-20 12:30:00-04:00,100188.64202331542,14696.659906616209,"[{'asset': SPY, 'quantity': 289.0}]",0.0
2020-05-20 15:30:00-04:00,100188.64202331542,14400.83989929199,"[{'asset': SPY, 'quantity': 290.0}]",0.0
2020-05-20 18:30:00-04:00,100188.64202331542,14105.019891967771,"[{'asset': SPY, 'quantity': 291.0}]",0.0
2020-05-20 18:25:00-04:00,100188.64202331542,14105.019891967771,"[{'asset': SPY, 'quantity': 291.0}]",0.0
2020-05-21 08:30:00-04:00,100470.91237854003,14105.019891967771,"[{'asset': SPY, 'quantity': 291.0}]",0.0028173887730600367
2020-05-21 09:30:00-04:00,100470.91237854003,14105.019891967771,"[{'asset': SPY, 'quantity': 291.0}]",0.0
2020-05-21 09:30:00-04:00,100470.91237854003,14105.019891967771,"[{'asset': SPY, 'quantity': 291.0}]",0.0
2020-05-21 12:30:00-04:00,100470.91237854003,13808.22988342285,"[{'asset': SPY, 'quantity': 292.0}]",0.0
2020-05-21 15:30:00-04:00,100470.91237854003,13511.439874877928,"[{'asset': SPY, 'quantity': 293.0}]",0.0
2020-05-21 18:30:00-04:00,100470.91237854003,13214.649866333006,"[{'asset': SPY, 'quantity': 294.0}]",0.0
2020-05-21 18:25:00-04:00,100470.91237854003,13214.649866333006,"[{'asset': SPY, 'quantity': 294.0}]",0.0
2020-05-22 08:30:00-04:00,99818.23201965331,13214.649866333006,"[{'asset': SPY, 'quantity': 294.0}]",-0.006496212121849143
2020-05-22 09:30:00-04:00,99818.23201965331,13214.649866333006,"[{'asset': SPY, 'quantity': 294.0}]",0.0
2020-05-22 09:30:00-04:00,99818.23201965331,13214.649866333006,"[{'asset': SPY, 'quantity': 294.0}]",0.0
2020-05-22 12:30:00-04:00,99818.23201965331,12920.079859008787,"[{'asset': SPY, 'quantity': 295.0}]",0.0
2020-05-22 15:30:00-04:00,99818.23201965331,12625.509851684568,"[{'asset': SPY, 'quantity': 296.0}]",0.0
2020-05-22 18:30:00-04:00,99818.23201965331,12330.93984436035,"[{'asset': SPY, 'quantity': 297.0}]",0.0
2020-05-22 18:25:00-04:00,99818.23201965331,12330.93984436035,"[{'asset': SPY, 'quantity': 297.0}]",0.0
2020-05-26 08:30:00-04:00,102004.14766906737,12330.93984436035,"[{'asset': SPY, 'quantity': 297.0}]",0.021898961794711846
2020-05-26 09:30:00-04:00,102004.14766906737,12330.93984436035,"[{'asset': SPY, 'quantity': 297.0}]",0.0
2020-05-26 09:30:00-04:00,102004.14766906737,12330.93984436035,"[{'asset': SPY, 'quantity': 297.0}]",0.0
2020-05-26 12:30:00-04:00,102004.14766906737,12029.009851684568,"[{'asset': SPY, 'quantity': 298.0}]",0.0
2020-05-26 15:30:00-04:00,102004.14766906737,11727.079859008787,"[{'asset': SPY, 'quantity': 299.0}]",0.0
2020-05-26 18:30:00-04:00,102004.14766906737,11425.149866333006,"[{'asset': SPY, 'quantity': 300.0}]",0.0
2020-05-26 18:25:00-04:00,102004.14766906737,11425.149866333006,"[{'asset': SPY, 'quantity': 300.0}]",0.0
2020-05-27 08:30:00-04:00,102061.14840148925,11425.149866333006,"[{'asset': SPY, 'quantity': 300.0}]",0.0005588079869731644
2020-05-27 09:30:00-04:00,102061.14840148925,11425.149866333006,"[{'asset': SPY, 'quantity': 300.0}]",0.0
2020-05-27 09:30:00-04:00,102061.14840148925,11425.149866333006,"[{'asset': SPY, 'quantity': 300.0}]",0.0
2020-05-27 12:30:00-04:00,102061.14840148925,11123.029871215818,"[{'asset': SPY, 'quantity': 301.0}]",0.0
2020-05-27 15:30:00-04:00,102061.14840148925,10820.90987609863,"[{'asset': SPY, 'quantity': 302.0}]",0.0
2020-05-27 18:30:00-04:00,102061.14840148925,10518.789880981443,"[{'asset': SPY, 'quantity': 303.0}]",0.0
2020-05-27 18:25:00-04:00,102061.14840148925,10518.789880981443,"[{'asset': SPY, 'quantity': 303.0}]",0.0
2020-05-28 08:30:00-04:00,102827.7380316162,10518.789880981443,"[{'asset': SPY, 'quantity': 303.0}]",0.007511081759645988
2020-05-28 09:30:00-04:00,102827.7380316162,10518.789880981443,"[{'asset': SPY, 'quantity': 303.0}]",0.0
2020-05-28 09:30:00-04:00,102827.7380316162,10518.789880981443,"[{'asset': SPY, 'quantity': 303.0}]",0.0
2020-05-28 12:30:00-04:00,102827.7380316162,10214.139887084959,"[{'asset': SPY, 'quantity': 304.0}]",0.0
2020-05-28 15:30:00-04:00,102827.7380316162,9909.489893188475,"[{'asset': SPY, 'quantity': 305.0}]",0.0
2020-05-28 18:30:00-04:00,102827.7380316162,9604.83989929199,"[{'asset': SPY, 'quantity': 306.0}]",0.0
2020-05-28 18:25:00-04:00,102827.7380316162,9604.83989929199,"[{'asset': SPY, 'quantity': 306.0}]",0.0
2020-05-29 08:30:00-04:00,102157.59728454589,9604.83989929199,"[{'asset': SPY, 'quantity': 306.0}]",-0.006517120379174957
2020-05-29 09:30:00-04:00,102157.59728454589,9604.83989929199,"[{'asset': SPY, 'quantity': 306.0}]",0.0
2020-05-29 09:30:00-04:00,102157.59728454589,9604.83989929199,"[{'asset': SPY, 'quantity': 306.0}]",0.0
2020-05-29 12:30:00-04:00,102157.59728454589,9302.379907836912,"[{'asset': SPY, 'quantity': 307.0}]",0.0
2020-05-29 15:30:00-04:00,102157.59728454589,8999.919916381834,"[{'asset': SPY, 'quantity': 308.0}]",0.0
2020-05-29 18:30:00-04:00,102157.59728454589,8697.459924926756,"[{'asset': SPY, 'quantity': 309.0}]",0.0
2020-05-29 18:25:00-04:00,102157.59728454589,8697.459924926756,"[{'asset': SPY, 'quantity': 309.0}]",0.0
2020-06-01 08:30:00-04:00,102516.03841613769,8697.459924926756,"[{'asset': SPY, 'quantity': 309.0}]",0.0035087075373689824
2020-06-01 09:30:00-04:00,102516.03841613769,8697.459924926756,"[{'asset': SPY, 'quantity': 309.0}]",0.0
2020-06-01 09:30:00-04:00,102516.03841613769,8697.459924926756,"[{'asset': SPY, 'quantity': 309.0}]",0.0
2020-06-01 12:30:00-04:00,102516.03841613769,8393.839929809568,"[{'asset': SPY, 'quantity': 310.0}]",0.0
2020-06-01 15:30:00-04:00,102516.03841613769,8090.219934692381,"[{'asset': SPY, 'quantity': 311.0}]",0.0
2020-06-01 18:30:00-04:00,102516.03841613769,7786.599939575193,"[{'asset': SPY, 'quantity': 312.0}]",0.0
2020-06-01 18:25:00-04:00,102516.03841613769,7786.599939575193,"[{'asset': SPY, 'quantity': 312.0}]",0.0
2020-06-02 08:30:00-04:00,103430.19613098144,7786.599939575193,"[{'asset': SPY, 'quantity': 312.0}]",0.008917216554281682
2020-06-02 09:30:00-04:00,103430.19613098144,7786.599939575193,"[{'asset': SPY, 'quantity': 312.0}]",0.0
2020-06-02 09:30:00-04:00,103430.19613098144,7786.599939575193,"[{'asset': SPY, 'quantity': 312.0}]",0.0
2020-06-02 12:30:00-04:00,103430.19613098144,7480.0499517822245,"[{'asset': SPY, 'quantity': 313.0}]",0.0
2020-06-02 15:30:00-04:00,103430.19613098144,7173.499963989256,"[{'asset': SPY, 'quantity': 314.0}]",0.0
2020-06-02 18:30:00-04:00,103430.19613098144,6866.949976196287,"[{'asset': SPY, 'quantity': 315.0}]",0.0
2020-06-02 18:25:00-04:00,103430.19613098144,6866.949976196287,"[{'asset': SPY, 'quantity': 315.0}]",0.0
2020-06-03 08:30:00-04:00,104592.5469000244,6866.949976196287,"[{'asset': SPY, 'quantity': 315.0}]",0.011238021511348562
2020-06-03 09:30:00-04:00,104592.5469000244,6866.949976196287,"[{'asset': SPY, 'quantity': 315.0}]",0.0
2020-06-03 09:30:00-04:00,104592.5469000244,6866.949976196287,"[{'asset': SPY, 'quantity': 315.0}]",0.0
2020-06-03 12:30:00-04:00,104592.5469000244,6556.709985961912,"[{'asset': SPY, 'quantity': 316.0}]",0.0
2020-06-03 15:30:00-04:00,104592.5469000244,6246.469995727537,"[{'asset': SPY, 'quantity': 317.0}]",0.0
2020-06-03 18:30:00-04:00,104592.5469000244,5936.230005493162,"[{'asset': SPY, 'quantity': 318.0}]",0.0
2020-06-03 18:25:00-04:00,104592.5469000244,5936.230005493162,"[{'asset': SPY, 'quantity': 318.0}]",0.0
2020-06-04 08:30:00-04:00,104869.20534729003,5936.230005493162,"[{'asset': SPY, 'quantity': 318.0}]",0.002645106706600009
2020-06-04 09:30:00-04:00,104869.20534729003,5936.230005493162,"[{'asset': SPY, 'quantity': 318.0}]",0.0
2020-06-04 09:30:00-04:00,104869.20534729003,5936.230005493162,"[{'asset': SPY, 'quantity': 318.0}]",0.0
2020-06-04 12:30:00-04:00,104869.20534729003,5625.1200201415995,"[{'asset': SPY, 'quantity': 319.0}]",0.0
2020-06-04 15:30:00-04:00,104869.20534729003,5314.010034790037,"[{'asset': SPY, 'quantity': 320.0}]",0.0
2020-06-04 18:30:00-04:00,104869.20534729003,5002.9000494384745,"[{'asset': SPY, 'quantity': 321.0}]",0.0
2020-06-04 18:25:00-04:00,104869.20534729003,5002.9000494384745,"[{'asset': SPY, 'quantity': 321.0}]",0.0
2020-06-05 08:30:00-04:00,106833.7335760498,5002.9000494384745,"[{'asset': SPY, 'quantity': 321.0}]",0.01873312782578962
2020-06-05 09:30:00-04:00,106833.7335760498,5002.9000494384745,"[{'asset': SPY, 'quantity': 321.0}]",0.0
2020-06-05 09:30:00-04:00,106833.7335760498,5002.9000494384745,"[{'asset': SPY, 'quantity': 321.0}]",0.0
2020-06-05 12:30:00-04:00,106833.7335760498,4685.670038452146,"[{'asset': SPY, 'quantity': 322.0}]",0.0
2020-06-05 15:30:00-04:00,106833.7335760498,4368.440027465818,"[{'asset': SPY, 'quantity': 323.0}]",0.0
2020-06-05 18:30:00-04:00,106833.7335760498,4051.21001647949,"[{'asset': SPY, 'quantity': 324.0}]",0.0
2020-06-05 18:25:00-04:00,106833.7335760498,4051.21001647949,"[{'asset': SPY, 'quantity': 324.0}]",0.0
2020-06-08 08:30:00-04:00,107802.4904119873,4051.21001647949,"[{'asset': SPY, 'quantity': 324.0}]",0.009067892729293092
2020-06-08 09:30:00-04:00,107802.4904119873,4051.21001647949,"[{'asset': SPY, 'quantity': 324.0}]",0.0
2020-06-08 09:30:00-04:00,107802.4904119873,4051.21001647949,"[{'asset': SPY, 'quantity': 324.0}]",0.0
2020-06-08 12:30:00-04:00,107802.4904119873,3730.990015258787,"[{'asset': SPY, 'quantity': 325.0}]",0.0
2020-06-08 15:30:00-04:00,107802.4904119873,3410.770014038084,"[{'asset': SPY, 'quantity': 326.0}]",0.0
2020-06-08 18:30:00-04:00,107802.4904119873,3090.550012817381,"[{'asset': SPY, 'quantity': 327.0}]",0.0
2020-06-08 18:25:00-04:00,107802.4904119873,3090.550012817381,"[{'asset': SPY, 'quantity': 327.0}]",0.0
2020-06-09 08:30:00-04:00,107828.64602111815,3090.550012817381,"[{'asset': SPY, 'quantity': 327.0}]",0.00024262527730956052
2020-06-09 09:30:00-04:00,107828.64602111815,3090.550012817381,"[{'asset': SPY, 'quantity': 327.0}]",0.0
2020-06-09 09:30:00-04:00,107828.64602111815,3090.550012817381,"[{'asset': SPY, 'quantity': 327.0}]",0.0
2020-06-09 12:30:00-04:00,107828.64602111815,2770.250025024412,"[{'asset': SPY, 'quantity': 328.0}]",0.0
2020-06-09 15:30:00-04:00,107828.64602111815,2449.9500372314433,"[{'asset': SPY, 'quantity': 329.0}]",0.0
2020-06-09 18:30:00-04:00,107828.64602111815,2129.6500494384745,"[{'asset': SPY, 'quantity': 330.0}]",0.0
2020-06-09 18:25:00-04:00,107828.64602111815,2129.6500494384745,"[{'asset': SPY, 'quantity': 330.0}]",0.0
2020-06-10 08:30:00-04:00,108198.25448059081,2129.6500494384745,"[{'asset': SPY, 'quantity': 330.0}]",0.0034277390388475215
2020-06-10 09:30:00-04:00,108198.25448059081,2129.6500494384745,"[{'asset': SPY, 'quantity': 330.0}]",0.0
2020-06-10 09:30:00-04:00,108198.25448059081,2129.6500494384745,"[{'asset': SPY, 'quantity': 330.0}]",0.0
2020-06-10 12:30:00-04:00,108198.25448059081,1808.2300360107402,"[{'asset': SPY, 'quantity': 331.0}]",0.0
2020-06-10 15:30:00-04:00,108198.25448059081,1486.8100225830058,"[{'asset': SPY, 'quantity': 332.0}]",0.0
2020-06-10 18:30:00-04:00,108198.25448059081,1165.3900091552714,"[{'asset': SPY, 'quantity': 333.0}]",0.0
2020-06-10 18:25:00-04:00,108198.25448059081,1165.3900091552714,"[{'asset': SPY, 'quantity': 333.0}]",0.0
2020-06-11 08:30:00-04:00,104881.56716369628,1165.3900091552714,"[{'asset': SPY, 'quantity': 333.0}]",-0.030653796891792706
2020-06-11 09:30:00-04:00,104881.56716369628,1165.3900091552714,"[{'asset': SPY, 'quantity': 333.0}]",0.0
2020-06-11 09:30:00-04:00,104881.56716369628,1165.3900091552714,"[{'asset': SPY, 'quantity': 333.0}]",0.0
2020-06-11 12:30:00-04:00,104881.56716369628,853.9300177001933,"[{'asset': SPY, 'quantity': 334.0}]",0.0
2020-06-11 15:30:00-04:00,104881.56716369628,542.4700262451152,"[{'asset': SPY, 'quantity': 335.0}]",0.0
2020-06-11 18:30:00-04:00,104881.56716369628,231.01003479003703,"[{'asset': SPY, 'quantity': 336.0}]",0.0
2020-06-11 18:25:00-04:00,104881.56716369628,231.01003479003703,"[{'asset': SPY, 'quantity': 336.0}]",0.0
2020-06-12 08:30:00-04:00,103799.64675354003,231.01003479003703,"[{'asset': SPY, 'quantity': 336.0}]",-0.010315639243525188
2020-06-12 09:30:00-04:00,103799.64675354003,231.01003479003703,"[{'asset': SPY, 'quantity': 336.0}]",0.0
2020-06-12 09:30:00-04:00,103799.64675354003,231.01003479003703,"[{'asset': SPY, 'quantity': 336.0}]",0.0
2020-06-12 12:30:00-04:00,103799.64675354003,-77.22995544433797,"[{'asset': SPY, 'quantity': 337.0}]",0.0
2020-06-12 15:30:00-04:00,103799.64675354003,-385.469945678713,"[{'asset': SPY, 'quantity': 338.0}]",0.0
2020-06-12 18:30:00-04:00,103799.64675354003,-693.709935913088,"[{'asset': SPY, 'quantity': 339.0}]",0.0
2020-06-12 18:25:00-04:00,103799.64675354003,-693.709935913088,"[{'asset': SPY, 'quantity': 339.0}]",0.0
2020-06-15 08:30:00-04:00,100335.06633972167,-693.709935913088,"[{'asset': SPY, 'quantity': 339.0}]",-0.03337757422281595
2020-06-15 09:30:00-04:00,100335.06633972167,-693.709935913088,"[{'asset': SPY, 'quantity': 339.0}]",0.0
2020-06-15 09:30:00-04:00,100335.06633972167,-693.709935913088,"[{'asset': SPY, 'quantity': 339.0}]",0.0
2020-06-15 12:30:00-04:00,100335.06633972167,-991.7299249267598,"[{'asset': SPY, 'quantity': 340.0}]",0.0
2020-06-15 15:30:00-04:00,100335.06633972167,-1289.7499139404317,"[{'asset': SPY, 'quantity': 341.0}]",0.0
2020-06-15 18:30:00-04:00,100335.06633972167,-1587.7699029541036,"[{'asset': SPY, 'quantity': 342.0}]",0.0
2020-06-15 18:25:00-04:00,100335.06633972167,-1587.7699029541036,"[{'asset': SPY, 'quantity': 342.0}]",0.0
2020-06-16 08:30:00-04:00,106306.39385437011,-1587.7699029541036,"[{'asset': SPY, 'quantity': 342.0}]",0.05951386422001548
2020-06-16 09:30:00-04:00,106306.39385437011,-1587.7699029541036,"[{'asset': SPY, 'quantity': 342.0}]",0.0
2020-06-16 09:30:00-04:00,106306.39385437011,-1587.7699029541036,"[{'asset': SPY, 'quantity': 342.0}]",0.0
2020-06-16 12:30:00-04:00,106306.39385437011,-1903.2499139404317,"[{'asset': SPY, 'quantity': 343.0}]",0.0
2020-06-16 15:30:00-04:00,106306.39385437011,-2218.72992492676,"[{'asset': SPY, 'quantity': 344.0}]",0.0
2020-06-16 18:30:00-04:00,106306.39385437011,-2534.209935913088,"[{'asset': SPY, 'quantity': 345.0}]",0.0
2020-06-16 18:25:00-04:00,106306.39385437011,-2534.209935913088,"[{'asset': SPY, 'quantity': 345.0}]",0.0
2020-06-17 08:30:00-04:00,105819.94259094237,-2534.209935913088,"[{'asset': SPY, 'quantity': 345.0}]",-0.004575936082397147
2020-06-17 09:30:00-04:00,105819.94259094237,-2534.209935913088,"[{'asset': SPY, 'quantity': 345.0}]",0.0
2020-06-17 09:30:00-04:00,105819.94259094237,-2534.209935913088,"[{'asset': SPY, 'quantity': 345.0}]",0.0
2020-06-17 12:30:00-04:00,105819.94259094237,-2848.2799432373067,"[{'asset': SPY, 'quantity': 346.0}]",0.0
2020-06-17 15:30:00-04:00,105819.94259094237,-3162.3499505615255,"[{'asset': SPY, 'quantity': 347.0}]",0.0
2020-06-17 18:30:00-04:00,105819.94259094237,-3476.419957885744,"[{'asset': SPY, 'quantity': 348.0}]",0.0
2020-06-17 18:25:00-04:00,105819.94259094237,-3476.419957885744,"[{'asset': SPY, 'quantity': 348.0}]",0.0
2020-06-18 08:30:00-04:00,104407.06344055175,-3476.419957885744,"[{'asset': SPY, 'quantity': 348.0}]",-0.013351728566440957
2020-06-18 09:30:00-04:00,104407.06344055175,-3476.419957885744,"[{'asset': SPY, 'quantity': 348.0}]",0.0
2020-06-18 09:30:00-04:00,104407.06344055175,-3476.419957885744,"[{'asset': SPY, 'quantity': 348.0}]",0.0
2020-06-18 12:30:00-04:00,104407.06344055175,-3786.429967651369,"[{'asset': SPY, 'quantity': 349.0}]",0.0
2020-06-18 15:30:00-04:00,104407.06344055175,-4096.439977416994,"[{'asset': SPY, 'quantity': 350.0}]",0.0
2020-06-18 18:30:00-04:00,104407.06344055175,-4406.449987182619,"[{'asset': SPY, 'quantity': 351.0}]",0.0
2020-06-18 18:25:00-04:00,104407.06344055175,-4406.449987182619,"[{'asset': SPY, 'quantity': 351.0}]",0.0
2020-06-19 08:30:00-04:00,105867.22472595214,-4406.449987182619,"[{'asset': SPY, 'quantity': 351.0}]",0.01398527300053587
2020-06-19 09:30:00-04:00,105867.22472595214,-4406.449987182619,"[{'asset': SPY, 'quantity': 351.0}]",0.0
2020-06-19 09:30:00-04:00,105867.22472595214,-4406.449987182619,"[{'asset': SPY, 'quantity': 351.0}]",0.0
2020-06-19 12:30:00-04:00,105867.22472595214,-4720.620000610354,"[{'asset': SPY, 'quantity': 352.0}]",0.0
2020-06-19 15:30:00-04:00,105867.22472595214,-5034.790014038088,"[{'asset': SPY, 'quantity': 353.0}]",0.0
2020-06-19 18:30:00-04:00,105867.22472595214,-5348.960027465822,"[{'asset': SPY, 'quantity': 354.0}]",0.0
2020-06-19 18:25:00-04:00,105867.22472595214,-5348.960027465822,"[{'asset': SPY, 'quantity': 354.0}]",0.0
2020-06-22 08:30:00-04:00,104163.06051550293,-4865.396027465822,"[{'asset': SPY, 'quantity': 354.0}]",-0.016097184136644738
2020-06-22 09:30:00-04:00,104163.06051550293,-4865.396027465822,"[{'asset': SPY, 'quantity': 354.0}]",0.0
2020-06-22 09:30:00-04:00,104163.06051550293,-4865.396027465822,"[{'asset': SPY, 'quantity': 354.0}]",0.0
2020-06-22 12:30:00-04:00,104163.06051550293,-5173.386017700197,"[{'asset': SPY, 'quantity': 355.0}]",0.0
2020-06-22 15:30:00-04:00,104163.06051550293,-5481.376007934572,"[{'asset': SPY, 'quantity': 356.0}]",0.0
2020-06-22 18:30:00-04:00,104163.06051550293,-5789.365998168947,"[{'asset': SPY, 'quantity': 357.0}]",0.0
2020-06-22 18:25:00-04:00,104163.06051550293,-5789.365998168947,"[{'asset': SPY, 'quantity': 357.0}]",0.0
2020-06-23 08:30:00-04:00,106126.56051550293,-5789.365998168947,"[{'asset': SPY, 'quantity': 357.0}]",0.01885025257785866
2020-06-23 09:30:00-04:00,106126.56051550293,-5789.365998168947,"[{'asset': SPY, 'quantity': 357.0}]",0.0
2020-06-23 09:30:00-04:00,106126.56051550293,-5789.365998168947,"[{'asset': SPY, 'quantity': 357.0}]",0.0
2020-06-23 12:30:00-04:00,106126.56051550293,-6102.855988403322,"[{'asset': SPY, 'quantity': 358.0}]",0.0
2020-06-23 15:30:00-04:00,106126.56051550293,-6416.345978637697,"[{'asset': SPY, 'quantity': 359.0}]",0.0
2020-06-23 18:30:00-04:00,106126.56051550293,-6729.835968872072,"[{'asset': SPY, 'quantity': 360.0}]",0.0
2020-06-23 18:25:00-04:00,106126.56051550293,-6729.835968872072,"[{'asset': SPY, 'quantity': 360.0}]",0.0
2020-06-24 08:30:00-04:00,104812.56271276856,-6729.835968872072,"[{'asset': SPY, 'quantity': 360.0}]",-0.012381422674509701
2020-06-24 09:30:00-04:00,104812.56271276856,-6729.835968872072,"[{'asset': SPY, 'quantity': 360.0}]",0.0
2020-06-24 09:30:00-04:00,104812.56271276856,-6729.835968872072,"[{'asset': SPY, 'quantity': 360.0}]",0.0
2020-06-24 12:30:00-04:00,104812.56271276856,-7039.675965209963,"[{'asset': SPY, 'quantity': 361.0}]",0.0
2020-06-24 15:30:00-04:00,104812.56271276856,-7349.515961547853,"[{'asset': SPY, 'quantity': 362.0}]",0.0
2020-06-24 18:30:00-04:00,104812.56271276856,-7659.355957885744,"[{'asset': SPY, 'quantity': 363.0}]",0.0
2020-06-24 18:25:00-04:00,104812.56271276856,-7659.355957885744,"[{'asset': SPY, 'quantity': 363.0}]",0.0
2020-06-25 08:30:00-04:00,102500.2544852295,-7659.355957885744,"[{'asset': SPY, 'quantity': 363.0}]",-0.02206136523801805
2020-06-25 09:30:00-04:00,102500.2544852295,-7659.355957885744,"[{'asset': SPY, 'quantity': 363.0}]",0.0
2020-06-25 09:30:00-04:00,102500.2544852295,-7659.355957885744,"[{'asset': SPY, 'quantity': 363.0}]",0.0
2020-06-25 12:30:00-04:00,102500.2544852295,-7962.825959106447,"[{'asset': SPY, 'quantity': 364.0}]",0.0
2020-06-25 15:30:00-04:00,102500.2544852295,-8266.29596032715,"[{'asset': SPY, 'quantity': 365.0}]",0.0
2020-06-25 18:30:00-04:00,102500.2544852295,-8569.765961547853,"[{'asset': SPY, 'quantity': 366.0}]",0.0
2020-06-25 18:25:00-04:00,102500.2544852295,-8569.765961547853,"[{'asset': SPY, 'quantity': 366.0}]",0.0
2020-06-26 08:30:00-04:00,103484.79537878418,-8569.765961547853,"[{'asset': SPY, 'quantity': 366.0}]",0.009605253162533023
2020-06-26 09:30:00-04:00,103484.79537878418,-8569.765961547853,"[{'asset': SPY, 'quantity': 366.0}]",0.0
2020-06-26 09:30:00-04:00,103484.79537878418,-8569.765961547853,"[{'asset': SPY, 'quantity': 366.0}]",0.0
2020-06-26 12:30:00-04:00,103484.79537878418,-8875.925965209963,"[{'asset': SPY, 'quantity': 367.0}]",0.0
2020-06-26 15:30:00-04:00,103484.79537878418,-9182.085968872072,"[{'asset': SPY, 'quantity': 368.0}]",0.0
2020-06-26 18:30:00-04:00,103484.79537878418,-9488.245972534181,"[{'asset': SPY, 'quantity': 369.0}]",0.0
2020-06-26 18:25:00-04:00,103484.79537878418,-9488.245972534181,"[{'asset': SPY, 'quantity': 369.0}]",0.0
2020-06-29 08:30:00-04:00,101732.04537878418,-9488.245972534181,"[{'asset': SPY, 'quantity': 369.0}]",-0.016937270770884028
2020-06-29 09:30:00-04:00,101732.04537878418,-9488.245972534181,"[{'asset': SPY, 'quantity': 369.0}]",0.0
2020-06-29 09:30:00-04:00,101732.04537878418,-9488.245972534181,"[{'asset': SPY, 'quantity': 369.0}]",0.0
2020-06-29 12:30:00-04:00,101732.04537878418,-9789.65597619629,"[{'asset': SPY, 'quantity': 370.0}]",0.0
2020-06-29 15:30:00-04:00,101732.04537878418,-10091.0659798584,"[{'asset': SPY, 'quantity': 371.0}]",0.0
2020-06-29 18:30:00-04:00,101732.04537878418,-10392.47598352051,"[{'asset': SPY, 'quantity': 372.0}]",0.0
2020-06-29 18:25:00-04:00,101732.04537878418,-10392.47598352051,"[{'asset': SPY, 'quantity': 372.0}]",0.0
2020-06-30 08:30:00-04:00,102691.800383667,-10392.47598352051,"[{'asset': SPY, 'quantity': 372.0}]",0.009434146352895079
2020-06-30 09:30:00-04:00,102691.800383667,-10392.47598352051,"[{'asset': SPY, 'quantity': 372.0}]",0.0
2020-06-30 09:30:00-04:00,102691.800383667,-10392.47598352051,"[{'asset': SPY, 'quantity': 372.0}]",0.0
2020-06-30 12:30:00-04:00,102691.800383667,-10696.465973754885,"[{'asset': SPY, 'quantity': 373.0}]",0.0
2020-06-30 15:30:00-04:00,102691.800383667,-11000.45596398926,"[{'asset': SPY, 'quantity': 374.0}]",0.0
2020-06-30 18:30:00-04:00,102691.800383667,-11304.445954223635,"[{'asset': SPY, 'quantity': 375.0}]",0.0
2020-06-30 18:25:00-04:00,102691.800383667,-11304.445954223635,"[{'asset': SPY, 'quantity': 375.0}]",0.0
2020-07-01 08:30:00-04:00,104784.3067923584,-11304.445954223635,"[{'asset': SPY, 'quantity': 375.0}]",0.020376567563073156
2020-07-01 09:30:00-04:00,104784.3067923584,-11304.445954223635,"[{'asset': SPY, 'quantity': 375.0}]",0.0
2020-07-01 09:30:00-04:00,104784.3067923584,-11304.445954223635,"[{'asset': SPY, 'quantity': 375.0}]",0.0
2020-07-01 12:30:00-04:00,104784.3067923584,-11614.015961547853,"[{'asset': SPY, 'quantity': 376.0}]",0.0
2020-07-01 15:30:00-04:00,104784.3067923584,-11923.585968872072,"[{'asset': SPY, 'quantity': 377.0}]",0.0
2020-07-01 18:30:00-04:00,104784.3067923584,-12233.15597619629,"[{'asset': SPY, 'quantity': 378.0}]",0.0
2020-07-01 18:25:00-04:00,104784.3067923584,-12233.15597619629,"[{'asset': SPY, 'quantity': 378.0}]",0.0
2020-07-02 08:30:00-04:00,106549.56033239746,-12233.15597619629,"[{'asset': SPY, 'quantity': 378.0}]",0.016846545003510016
2020-07-02 09:30:00-04:00,106549.56033239746,-12233.15597619629,"[{'asset': SPY, 'quantity': 378.0}]",0.0
2020-07-02 09:30:00-04:00,106549.56033239746,-12233.15597619629,"[{'asset': SPY, 'quantity': 378.0}]",0.0
2020-07-02 12:30:00-04:00,106549.56033239746,-12547.395966430666,"[{'asset': SPY, 'quantity': 379.0}]",0.0
2020-07-02 15:30:00-04:00,106549.56033239746,-12861.63595666504,"[{'asset': SPY, 'quantity': 380.0}]",0.0
2020-07-02 18:30:00-04:00,106549.56033239746,-13175.875946899416,"[{'asset': SPY, 'quantity': 381.0}]",0.0
2020-07-02 18:25:00-04:00,106549.56033239746,-13175.875946899416,"[{'asset': SPY, 'quantity': 381.0}]",0.0
2020-07-06 08:30:00-04:00,107361.09219274903,-13175.875946899416,"[{'asset': SPY, 'quantity': 381.0}]",0.007616473102468602
2020-07-06 09:30:00-04:00,107361.09219274903,-13175.875946899416,"[{'asset': SPY, 'quantity': 381.0}]",0.0
2020-07-06 09:30:00-04:00,107361.09219274903,-13175.875946899416,"[{'asset': SPY, 'quantity': 381.0}]",0.0
2020-07-06 12:30:00-04:00,107361.09219274903,-13492.245942016603,"[{'asset': SPY, 'quantity': 382.0}]",0.0
2020-07-06 15:30:00-04:00,107361.09219274903,-13808.61593713379,"[{'asset': SPY, 'quantity': 383.0}]",0.0
2020-07-06 18:30:00-04:00,107361.09219274903,-14124.985932250978,"[{'asset': SPY, 'quantity': 384.0}]",0.0
2020-07-06 18:25:00-04:00,107361.09219274903,-14124.985932250978,"[{'asset': SPY, 'quantity': 384.0}]",0.0
2020-07-07 08:30:00-04:00,106980.93594274903,-14124.985932250978,"[{'asset': SPY, 'quantity': 384.0}]",-0.003540912655000672
2020-07-07 09:30:00-04:00,106980.93594274903,-14124.985932250978,"[{'asset': SPY, 'quantity': 384.0}]",0.0
2020-07-07 09:30:00-04:00,106980.93594274903,-14124.985932250978,"[{'asset': SPY, 'quantity': 384.0}]",0.0
2020-07-07 12:30:00-04:00,106980.93594274903,-14440.36593713379,"[{'asset': SPY, 'quantity': 385.0}]",0.0
2020-07-07 15:30:00-04:00,106980.93594274903,-14755.745942016603,"[{'asset': SPY, 'quantity': 386.0}]",0.0
2020-07-07 18:30:00-04:00,106980.93594274903,-15071.125946899416,"[{'asset': SPY, 'quantity': 387.0}]",0.0
2020-07-07 18:25:00-04:00,106980.93594274903,-15071.125946899416,"[{'asset': SPY, 'quantity': 387.0}]",0.0
2020-07-08 08:30:00-04:00,106682.93838415528,-15071.125946899416,"[{'asset': SPY, 'quantity': 387.0}]",-0.0027855202047701866
2020-07-08 09:30:00-04:00,106682.93838415528,-15071.125946899416,"[{'asset': SPY, 'quantity': 387.0}]",0.0
2020-07-08 09:30:00-04:00,106682.93838415528,-15071.125946899416,"[{'asset': SPY, 'quantity': 387.0}]",0.0
2020-07-08 12:30:00-04:00,106682.93838415528,-15385.735932250978,"[{'asset': SPY, 'quantity': 388.0}]",0.0
2020-07-08 15:30:00-04:00,106682.93838415528,-15700.34591760254,"[{'asset': SPY, 'quantity': 389.0}]",0.0
2020-07-08 18:30:00-04:00,106682.93838415528,-16014.955902954103,"[{'asset': SPY, 'quantity': 390.0}]",0.0
2020-07-08 18:25:00-04:00,106682.93838415528,-16014.955902954103,"[{'asset': SPY, 'quantity': 390.0}]",0.0
2020-07-09 08:30:00-04:00,107552.64266882325,-16014.955902954103,"[{'asset': SPY, 'quantity': 390.0}]",0.008152234067046793
2020-07-09 09:30:00-04:00,107552.64266882325,-16014.955902954103,"[{'asset': SPY, 'quantity': 390.0}]",0.0
2020-07-09 09:30:00-04:00,107552.64266882325,-16014.955902954103,"[{'asset': SPY, 'quantity': 390.0}]",0.0
2020-07-09 12:30:00-04:00,107552.64266882325,-16331.795899291994,"[{'asset': SPY, 'quantity': 391.0}]",0.0
2020-07-09 15:30:00-04:00,107552.64266882325,-16648.635895629886,"[{'asset': SPY, 'quantity': 392.0}]",0.0
2020-07-09 18:30:00-04:00,107552.64266882325,-16965.475891967777,"[{'asset': SPY, 'quantity': 393.0}]",0.0
2020-07-09 18:25:00-04:00,107552.64266882325,-16965.475891967777,"[{'asset': SPY, 'quantity': 393.0}]",0.0
2020-07-10 08:30:00-04:00,106558.35314855957,-16965.475891967777,"[{'asset': SPY, 'quantity': 393.0}]",-0.009244677727959671
2020-07-10 09:30:00-04:00,106558.35314855957,-16965.475891967777,"[{'asset': SPY, 'quantity': 393.0}]",0.0
2020-07-10 09:30:00-04:00,106558.35314855957,-16965.475891967777,"[{'asset': SPY, 'quantity': 393.0}]",0.0
2020-07-10 12:30:00-04:00,106558.35314855957,-17279.78588952637,"[{'asset': SPY, 'quantity': 394.0}]",0.0
2020-07-10 15:30:00-04:00,106558.35314855957,-17594.095887084964,"[{'asset': SPY, 'quantity': 395.0}]",0.0
2020-07-10 18:30:00-04:00,106558.35314855957,-17908.40588464356,"[{'asset': SPY, 'quantity': 396.0}]",0.0
2020-07-10 18:25:00-04:00,106558.35314855957,-17908.40588464356,"[{'asset': SPY, 'quantity': 396.0}]",0.0
2020-07-13 08:30:00-04:00,108863.0760489502,-17908.40588464356,"[{'asset': SPY, 'quantity': 396.0}]",0.021628739862162405
2020-07-13 09:30:00-04:00,108863.0760489502,-17908.40588464356,"[{'asset': SPY, 'quantity': 396.0}]",0.0
2020-07-13 09:30:00-04:00,108863.0760489502,-17908.40588464356,"[{'asset': SPY, 'quantity': 396.0}]",0.0
2020-07-13 12:30:00-04:00,108863.0760489502,-18228.53588952637,"[{'asset': SPY, 'quantity': 397.0}]",0.0
2020-07-13 15:30:00-04:00,108863.0760489502,-18548.665894409183,"[{'asset': SPY, 'quantity': 398.0}]",0.0
2020-07-13 18:30:00-04:00,108863.0760489502,-18868.795899291996,"[{'asset': SPY, 'quantity': 399.0}]",0.0
2020-07-13 18:25:00-04:00,108863.0760489502,-18868.795899291996,"[{'asset': SPY, 'quantity': 399.0}]",0.0
2020-07-14 08:30:00-04:00,106137.89923010254,-18868.795899291996,"[{'asset': SPY, 'quantity': 399.0}]",-0.02503306830703811
2020-07-14 09:30:00-04:00,106137.89923010254,-18868.795899291996,"[{'asset': SPY, 'quantity': 399.0}]",0.0
2020-07-14 09:30:00-04:00,106137.89923010254,-18868.795899291996,"[{'asset': SPY, 'quantity': 399.0}]",0.0
2020-07-14 12:30:00-04:00,106137.89923010254,-19182.095887084964,"[{'asset': SPY, 'quantity': 400.0}]",0.0
2020-07-14 15:30:00-04:00,106137.89923010254,-19495.395874877933,"[{'asset': SPY, 'quantity': 401.0}]",0.0
2020-07-14 18:30:00-04:00,106137.89923010254,-19808.695862670902,"[{'asset': SPY, 'quantity': 402.0}]",0.0
2020-07-14 18:25:00-04:00,106137.89923010254,-19808.695862670902,"[{'asset': SPY, 'quantity': 402.0}]",0.0
2020-07-15 08:30:00-04:00,109800.12560949707,-19808.695862670902,"[{'asset': SPY, 'quantity': 402.0}]",0.034504417422611455
2020-07-15 09:30:00-04:00,109800.12560949707,-19808.695862670902,"[{'asset': SPY, 'quantity': 402.0}]",0.0
2020-07-15 09:30:00-04:00,109800.12560949707,-19808.695862670902,"[{'asset': SPY, 'quantity': 402.0}]",0.0
2020-07-15 12:30:00-04:00,109800.12560949707,-20131.10586633301,"[{'asset': SPY, 'quantity': 403.0}]",0.0
2020-07-15 15:30:00-04:00,109800.12560949707,-20453.51586999512,"[{'asset': SPY, 'quantity': 404.0}]",0.0
2020-07-15 18:30:00-04:00,109800.12560949707,-20775.92587365723,"[{'asset': SPY, 'quantity': 405.0}]",0.0
2020-07-15 18:25:00-04:00,109800.12560949707,-20775.92587365723,"[{'asset': SPY, 'quantity': 405.0}]",0.0
2020-07-16 08:30:00-04:00,108739.02758703614,-20775.92587365723,"[{'asset': SPY, 'quantity': 405.0}]",-0.00966390536049766
2020-07-16 09:30:00-04:00,108739.02758703614,-20775.92587365723,"[{'asset': SPY, 'quantity': 405.0}]",0.0
2020-07-16 09:30:00-04:00,108739.02758703614,-20775.92587365723,"[{'asset': SPY, 'quantity': 405.0}]",0.0
2020-07-16 12:30:00-04:00,108739.02758703614,-21095.715882202152,"[{'asset': SPY, 'quantity': 406.0}]",0.0
2020-07-16 15:30:00-04:00,108739.02758703614,-21415.505890747074,"[{'asset': SPY, 'quantity': 407.0}]",0.0
2020-07-16 18:30:00-04:00,108739.02758703614,-21735.295899291996,"[{'asset': SPY, 'quantity': 408.0}]",0.0
2020-07-16 18:25:00-04:00,108739.02758703614,-21735.295899291996,"[{'asset': SPY, 'quantity': 408.0}]",0.0
2020-07-17 08:30:00-04:00,109591.74609289551,-21735.295899291996,"[{'asset': SPY, 'quantity': 408.0}]",0.007841880921519717
2020-07-17 09:30:00-04:00,109591.74609289551,-21735.295899291996,"[{'asset': SPY, 'quantity': 408.0}]",0.0
2020-07-17 09:30:00-04:00,109591.74609289551,-21735.295899291996,"[{'asset': SPY, 'quantity': 408.0}]",0.0
2020-07-17 12:30:00-04:00,109591.74609289551,-22057.17590417481,"[{'asset': SPY, 'quantity': 409.0}]",0.0
2020-07-17 15:30:00-04:00,109591.74609289551,-22379.05590905762,"[{'asset': SPY, 'quantity': 410.0}]",0.0
2020-07-17 18:30:00-04:00,109591.74609289551,-22700.935913940433,"[{'asset': SPY, 'quantity': 411.0}]",0.0
2020-07-17 18:25:00-04:00,109591.74609289551,-22700.935913940433,"[{'asset': SPY, 'quantity': 411.0}]",0.0
2020-07-20 08:30:00-04:00,109406.79107580567,-22700.935913940433,"[{'asset': SPY, 'quantity': 411.0}]",-0.001687672873950441
2020-07-20 09:30:00-04:00,109406.79107580567,-22700.935913940433,"[{'asset': SPY, 'quantity': 411.0}]",0.0
2020-07-20 09:30:00-04:00,109406.79107580567,-22700.935913940433,"[{'asset': SPY, 'quantity': 411.0}]",0.0
2020-07-20 12:30:00-04:00,109406.79107580567,-23022.365906616214,"[{'asset': SPY, 'quantity': 412.0}]",0.0
2020-07-20 15:30:00-04:00,109406.79107580567,-23343.795899291996,"[{'asset': SPY, 'quantity': 413.0}]",0.0
2020-07-20 18:30:00-04:00,109406.79107580567,-23665.225891967777,"[{'asset': SPY, 'quantity': 414.0}]",0.0
2020-07-20 18:25:00-04:00,109406.79107580567,-23665.225891967777,"[{'asset': SPY, 'quantity': 414.0}]",0.0
2020-07-21 08:30:00-04:00,111485.07916174317,-23665.225891967777,"[{'asset': SPY, 'quantity': 414.0}]",0.01899596967886108
2020-07-21 09:30:00-04:00,111485.07916174317,-23665.225891967777,"[{'asset': SPY, 'quantity': 414.0}]",0.0
2020-07-21 09:30:00-04:00,111485.07916174317,-23665.225891967777,"[{'asset': SPY, 'quantity': 414.0}]",0.0
2020-07-21 12:30:00-04:00,111485.07916174317,-23991.67590417481,"[{'asset': SPY, 'quantity': 415.0}]",0.0
2020-07-21 15:30:00-04:00,111485.07916174317,-24318.12591638184,"[{'asset': SPY, 'quantity': 416.0}]",0.0
2020-07-21 18:30:00-04:00,111485.07916174317,-24644.57592858887,"[{'asset': SPY, 'quantity': 417.0}]",0.0
2020-07-21 18:25:00-04:00,111485.07916174317,-24644.57592858887,"[{'asset': SPY, 'quantity': 417.0}]",0.0
2020-07-22 08:30:00-04:00,110721.96203527832,-24644.57592858887,"[{'asset': SPY, 'quantity': 417.0}]",-0.006845015783302322
2020-07-22 09:30:00-04:00,110721.96203527832,-24644.57592858887,"[{'asset': SPY, 'quantity': 417.0}]",0.0
2020-07-22 09:30:00-04:00,110721.96203527832,-24644.57592858887,"[{'asset': SPY, 'quantity': 417.0}]",0.0
2020-07-22 12:30:00-04:00,110721.96203527832,-24969.19592370606,"[{'asset': SPY, 'quantity': 418.0}]",0.0
2020-07-22 15:30:00-04:00,110721.96203527832,-25293.815918823246,"[{'asset': SPY, 'quantity': 419.0}]",0.0
2020-07-22 18:30:00-04:00,110721.96203527832,-25618.435913940433,"[{'asset': SPY, 'quantity': 420.0}]",0.0
2020-07-22 18:25:00-04:00,110721.96203527832,-25618.435913940433,"[{'asset': SPY, 'quantity': 420.0}]",0.0
2020-07-23 08:30:00-04:00,111498.96459875489,-25618.435913940433,"[{'asset': SPY, 'quantity': 420.0}]",0.007017601108161298
2020-07-23 09:30:00-04:00,111498.96459875489,-25618.435913940433,"[{'asset': SPY, 'quantity': 420.0}]",0.0
2020-07-23 09:30:00-04:00,111498.96459875489,-25618.435913940433,"[{'asset': SPY, 'quantity': 420.0}]",0.0
2020-07-23 12:30:00-04:00,111498.96459875489,-25944.905915161136,"[{'asset': SPY, 'quantity': 421.0}]",0.0
2020-07-23 15:30:00-04:00,111498.96459875489,-26271.37591638184,"[{'asset': SPY, 'quantity': 422.0}]",0.0
2020-07-23 18:30:00-04:00,111498.96459875489,-26597.845917602543,"[{'asset': SPY, 'quantity': 423.0}]",0.0
2020-07-23 18:25:00-04:00,111498.96459875489,-26597.845917602543,"[{'asset': SPY, 'quantity': 423.0}]",0.0
2020-07-24 08:30:00-04:00,109164.00924597168,-26597.845917602543,"[{'asset': SPY, 'quantity': 423.0}]",-0.020941498077456377
2020-07-24 09:30:00-04:00,109164.00924597168,-26597.845917602543,"[{'asset': SPY, 'quantity': 423.0}]",0.0
2020-07-24 09:30:00-04:00,109164.00924597168,-26597.845917602543,"[{'asset': SPY, 'quantity': 423.0}]",0.0
2020-07-24 12:30:00-04:00,109164.00924597168,-26918.795929809574,"[{'asset': SPY, 'quantity': 424.0}]",0.0
2020-07-24 15:30:00-04:00,109164.00924597168,-27239.745942016605,"[{'asset': SPY, 'quantity': 425.0}]",0.0
2020-07-24 18:30:00-04:00,109164.00924597168,-27560.695954223636,"[{'asset': SPY, 'quantity': 426.0}]",0.0
2020-07-24 18:25:00-04:00,109164.00924597168,-27560.695954223636,"[{'asset': SPY, 'quantity': 426.0}]",0.0
2020-07-27 08:30:00-04:00,109453.6861258545,-27560.695954223636,"[{'asset': SPY, 'quantity': 426.0}]",0.0026535932665325834
2020-07-27 09:30:00-04:00,109453.6861258545,-27560.695954223636,"[{'asset': SPY, 'quantity': 426.0}]",0.0
2020-07-27 09:30:00-04:00,109453.6861258545,-27560.695954223636,"[{'asset': SPY, 'quantity': 426.0}]",0.0
2020-07-27 12:30:00-04:00,109453.6861258545,-27882.32595910645,"[{'asset': SPY, 'quantity': 427.0}]",0.0
2020-07-27 15:30:00-04:00,109453.6861258545,-28203.95596398926,"[{'asset': SPY, 'quantity': 428.0}]",0.0
2020-07-27 18:30:00-04:00,109453.6861258545,-28525.585968872074,"[{'asset': SPY, 'quantity': 429.0}]",0.0
2020-07-27 18:25:00-04:00,109453.6861258545,-28525.585968872074,"[{'asset': SPY, 'quantity': 429.0}]",0.0
2020-07-28 08:30:00-04:00,109796.88088903809,-28525.585968872074,"[{'asset': SPY, 'quantity': 429.0}]",0.0031355249451259226
2020-07-28 09:30:00-04:00,109796.88088903809,-28525.585968872074,"[{'asset': SPY, 'quantity': 429.0}]",0.0
2020-07-28 09:30:00-04:00,109796.88088903809,-28525.585968872074,"[{'asset': SPY, 'quantity': 429.0}]",0.0
2020-07-28 12:30:00-04:00,109796.88088903809,-28848.015961547855,"[{'asset': SPY, 'quantity': 430.0}]",0.0
2020-07-28 15:30:00-04:00,109796.88088903809,-29170.445954223636,"[{'asset': SPY, 'quantity': 431.0}]",0.0
2020-07-28 18:30:00-04:00,109796.88088903809,-29492.875946899418,"[{'asset': SPY, 'quantity': 432.0}]",0.0
2020-07-28 18:25:00-04:00,109796.88088903809,-29492.875946899418,"[{'asset': SPY, 'quantity': 432.0}]",0.0
2020-07-29 08:30:00-04:00,109662.96194372559,-29492.875946899418,"[{'asset': SPY, 'quantity': 432.0}]",-0.0012196971738007711
2020-07-29 09:30:00-04:00,109662.96194372559,-29492.875946899418,"[{'asset': SPY, 'quantity': 432.0}]",0.0
2020-07-29 09:30:00-04:00,109662.96194372559,-29492.875946899418,"[{'asset': SPY, 'quantity': 432.0}]",0.0
2020-07-29 12:30:00-04:00,109662.96194372559,-29814.995942016605,"[{'asset': SPY, 'quantity': 433.0}]",0.0
2020-07-29 15:30:00-04:00,109662.96194372559,-30137.115937133793,"[{'asset': SPY, 'quantity': 434.0}]",0.0
2020-07-29 18:30:00-04:00,109662.96194372559,-30459.23593225098,"[{'asset': SPY, 'quantity': 435.0}]",0.0
2020-07-29 18:25:00-04:00,109662.96194372559,-30459.23593225098,"[{'asset': SPY, 'quantity': 435.0}]",0.0
2020-07-30 08:30:00-04:00,109567.26141271973,-30459.23593225098,"[{'asset': SPY, 'quantity': 435.0}]",-0.0008726786994406321
2020-07-30 09:30:00-04:00,109567.26141271973,-30459.23593225098,"[{'asset': SPY, 'quantity': 435.0}]",0.0
2020-07-30 09:30:00-04:00,109567.26141271973,-30459.23593225098,"[{'asset': SPY, 'quantity': 435.0}]",0.0
2020-07-30 12:30:00-04:00,109567.26141271973,-30781.135926147464,"[{'asset': SPY, 'quantity': 436.0}]",0.0
2020-07-30 15:30:00-04:00,109567.26141271973,-31103.03592004395,"[{'asset': SPY, 'quantity': 437.0}]",0.0
2020-07-30 18:30:00-04:00,109567.26141271973,-31424.935913940433,"[{'asset': SPY, 'quantity': 438.0}]",0.0
2020-07-30 18:25:00-04:00,109567.26141271973,-31424.935913940433,"[{'asset': SPY, 'quantity': 438.0}]",0.0
2020-07-31 08:30:00-04:00,111319.26141271973,-31424.935913940433,"[{'asset': SPY, 'quantity': 438.0}]",0.015990177881698875
2020-07-31 09:30:00-04:00,111319.26141271973,-31424.935913940433,"[{'asset': SPY, 'quantity': 438.0}]",0.0
2020-07-31 09:30:00-04:00,111319.26141271973,-31424.935913940433,"[{'asset': SPY, 'quantity': 438.0}]",0.0
2020-07-31 12:30:00-04:00,111319.26141271973,-31750.835907836918,"[{'asset': SPY, 'quantity': 439.0}]",0.0
2020-07-31 15:30:00-04:00,111319.26141271973,-32076.735901733402,"[{'asset': SPY, 'quantity': 440.0}]",0.0
2020-07-31 18:30:00-04:00,111319.26141271973,-32402.635895629886,"[{'asset': SPY, 'quantity': 441.0}]",0.0
2020-07-31 18:25:00-04:00,111319.26141271973,-32402.635895629886,"[{'asset': SPY, 'quantity': 441.0}]",0.0
2020-08-03 08:30:00-04:00,112386.48733435059,-32402.635895629886,"[{'asset': SPY, 'quantity': 441.0}]",0.009587073324840656
2020-08-03 09:30:00-04:00,112386.48733435059,-32402.635895629886,"[{'asset': SPY, 'quantity': 441.0}]",0.0
2020-08-03 09:30:00-04:00,112386.48733435059,-32402.635895629886,"[{'asset': SPY, 'quantity': 441.0}]",0.0
2020-08-03 12:30:00-04:00,112386.48733435059,-32730.955902954105,"[{'asset': SPY, 'quantity': 442.0}]",0.0
2020-08-03 15:30:00-04:00,112386.48733435059,-33059.275910278324,"[{'asset': SPY, 'quantity': 443.0}]",0.0
2020-08-03 18:30:00-04:00,112386.48733435059,-33387.59591760254,"[{'asset': SPY, 'quantity': 444.0}]",0.0
2020-08-03 18:25:00-04:00,112386.48733435059,-33387.59591760254,"[{'asset': SPY, 'quantity': 444.0}]",0.0
2020-08-04 08:30:00-04:00,112182.23757849121,-33387.59591760254,"[{'asset': SPY, 'quantity': 444.0}]",-0.0018173871317085366
2020-08-04 09:30:00-04:00,112182.23757849121,-33387.59591760254,"[{'asset': SPY, 'quantity': 444.0}]",0.0
2020-08-04 09:30:00-04:00,112182.23757849121,-33387.59591760254,"[{'asset': SPY, 'quantity': 444.0}]",0.0
2020-08-04 12:30:00-04:00,112182.23757849121,-33715.455902954105,"[{'asset': SPY, 'quantity': 445.0}]",0.0
2020-08-04 15:30:00-04:00,112182.23757849121,-34043.31588830567,"[{'asset': SPY, 'quantity': 446.0}]",0.0
2020-08-04 18:30:00-04:00,112182.23757849121,-34371.17587365723,"[{'asset': SPY, 'quantity': 447.0}]",0.0
2020-08-04 18:25:00-04:00,112182.23757849121,-34371.17587365723,"[{'asset': SPY, 'quantity': 447.0}]",0.0
2020-08-05 08:30:00-04:00,113795.91467199707,-34371.17587365723,"[{'asset': SPY, 'quantity': 447.0}]",0.014384425987017835
2020-08-05 09:30:00-04:00,113795.91467199707,-34371.17587365723,"[{'asset': SPY, 'quantity': 447.0}]",0.0
2020-08-05 09:30:00-04:00,113795.91467199707,-34371.17587365723,"[{'asset': SPY, 'quantity': 447.0}]",0.0
2020-08-05 12:30:00-04:00,113795.91467199707,-34702.64587487793,"[{'asset': SPY, 'quantity': 448.0}]",0.0
2020-08-05 15:30:00-04:00,113795.91467199707,-35034.11587609864,"[{'asset': SPY, 'quantity': 449.0}]",0.0
2020-08-05 18:30:00-04:00,113795.91467199707,-35365.58587731934,"[{'asset': SPY, 'quantity': 450.0}]",0.0
2020-08-05 18:25:00-04:00,113795.91467199707,-35365.58587731934,"[{'asset': SPY, 'quantity': 450.0}]",0.0
2020-08-06 08:30:00-04:00,113800.41906652832,-35365.58587731934,"[{'asset': SPY, 'quantity': 450.0}]",3.95830952650833e-05
2020-08-06 09:30:00-04:00,113800.41906652832,-35365.58587731934,"[{'asset': SPY, 'quantity': 450.0}]",0.0
2020-08-06 09:30:00-04:00,113800.41906652832,-35365.58587731934,"[{'asset': SPY, 'quantity': 450.0}]",0.0
2020-08-06 12:30:00-04:00,113800.41906652832,-35697.06588830567,"[{'asset': SPY, 'quantity': 451.0}]",0.0
2020-08-06 15:30:00-04:00,113800.41906652832,-36028.545899291996,"[{'asset': SPY, 'quantity': 452.0}]",0.0
2020-08-06 18:30:00-04:00,113800.41906652832,-36360.025910278324,"[{'asset': SPY, 'quantity': 453.0}]",0.0
2020-08-06 18:25:00-04:00,113800.41906652832,-36360.025910278324,"[{'asset': SPY, 'quantity': 453.0}]",0.0
2020-08-07 08:30:00-04:00,114615.81353674317,-36360.025910278324,"[{'asset': SPY, 'quantity': 453.0}]",0.007165127131369964
2020-08-07 09:30:00-04:00,114615.81353674317,-36360.025910278324,"[{'asset': SPY, 'quantity': 453.0}]",0.0
2020-08-07 09:30:00-04:00,114615.81353674317,-36360.025910278324,"[{'asset': SPY, 'quantity': 453.0}]",0.0
2020-08-07 12:30:00-04:00,114615.81353674317,-36693.30590905762,"[{'asset': SPY, 'quantity': 454.0}]",0.0
2020-08-07 15:30:00-04:00,114615.81353674317,-37026.58590783692,"[{'asset': SPY, 'quantity': 455.0}]",0.0
2020-08-07 18:30:00-04:00,114615.81353674317,-37359.865906616214,"[{'asset': SPY, 'quantity': 456.0}]",0.0
2020-08-07 18:25:00-04:00,114615.81353674317,-37359.865906616214,"[{'asset': SPY, 'quantity': 456.0}]",0.0
2020-08-10 08:30:00-04:00,115427.49298010254,-37359.865906616214,"[{'asset': SPY, 'quantity': 456.0}]",0.007081740453721785
2020-08-10 09:30:00-04:00,115427.49298010254,-37359.865906616214,"[{'asset': SPY, 'quantity': 456.0}]",0.0
2020-08-10 09:30:00-04:00,115427.49298010254,-37359.865906616214,"[{'asset': SPY, 'quantity': 456.0}]",0.0
2020-08-10 12:30:00-04:00,115427.49298010254,-37694.92590417481,"[{'asset': SPY, 'quantity': 457.0}]",0.0
2020-08-10 15:30:00-04:00,115427.49298010254,-38029.9859017334,"[{'asset': SPY, 'quantity': 458.0}]",0.0
2020-08-10 18:30:00-04:00,115427.49298010254,-38365.045899291996,"[{'asset': SPY, 'quantity': 459.0}]",0.0
2020-08-10 18:25:00-04:00,115427.49298010254,-38365.045899291996,"[{'asset': SPY, 'quantity': 459.0}]",0.0
2020-08-11 08:30:00-04:00,116249.10690222168,-38365.045899291996,"[{'asset': SPY, 'quantity': 459.0}]",0.007118008898111983
2020-08-11 09:30:00-04:00,116249.10690222168,-38365.045899291996,"[{'asset': SPY, 'quantity': 459.0}]",0.0
2020-08-11 09:30:00-04:00,116249.10690222168,-38365.045899291996,"[{'asset': SPY, 'quantity': 459.0}]",0.0
2020-08-11 12:30:00-04:00,116249.10690222168,-38701.89590539551,"[{'asset': SPY, 'quantity': 460.0}]",0.0
2020-08-11 15:30:00-04:00,116249.10690222168,-39038.74591149903,"[{'asset': SPY, 'quantity': 461.0}]",0.0
2020-08-11 18:30:00-04:00,116249.10690222168,-39375.59591760254,"[{'asset': SPY, 'quantity': 462.0}]",0.0
2020-08-11 18:25:00-04:00,116249.10690222168,-39375.59591760254,"[{'asset': SPY, 'quantity': 462.0}]",0.0
2020-08-12 08:30:00-04:00,115597.68521032715,-39375.59591760254,"[{'asset': SPY, 'quantity': 462.0}]",-0.00560367050770072
2020-08-12 09:30:00-04:00,115597.68521032715,-39375.59591760254,"[{'asset': SPY, 'quantity': 462.0}]",0.0
2020-08-12 09:30:00-04:00,115597.68521032715,-39375.59591760254,"[{'asset': SPY, 'quantity': 462.0}]",0.0
2020-08-12 12:30:00-04:00,115597.68521032715,-39711.03592004395,"[{'asset': SPY, 'quantity': 463.0}]",0.0
2020-08-12 15:30:00-04:00,115597.68521032715,-40046.475922485355,"[{'asset': SPY, 'quantity': 464.0}]",0.0
2020-08-12 18:30:00-04:00,115597.68521032715,-40381.91592492676,"[{'asset': SPY, 'quantity': 465.0}]",0.0
2020-08-12 18:25:00-04:00,115597.68521032715,-40381.91592492676,"[{'asset': SPY, 'quantity': 465.0}]",0.0
2020-08-13 08:30:00-04:00,116141.72726354981,-40381.91592492676,"[{'asset': SPY, 'quantity': 465.0}]",0.004706340375525642
2020-08-13 09:30:00-04:00,116141.72726354981,-40381.91592492676,"[{'asset': SPY, 'quantity': 465.0}]",0.0
2020-08-13 09:30:00-04:00,116141.72726354981,-40381.91592492676,"[{'asset': SPY, 'quantity': 465.0}]",0.0
2020-08-13 12:30:00-04:00,116141.72726354981,-40718.525910278324,"[{'asset': SPY, 'quantity': 466.0}]",0.0
2020-08-13 15:30:00-04:00,116141.72726354981,-41055.13589562989,"[{'asset': SPY, 'quantity': 467.0}]",0.0
2020-08-13 18:30:00-04:00,116141.72726354981,-41391.74588098145,"[{'asset': SPY, 'quantity': 468.0}]",0.0
2020-08-13 18:25:00-04:00,116141.72726354981,-41391.74588098145,"[{'asset': SPY, 'quantity': 468.0}]",0.0
2020-08-14 08:30:00-04:00,116048.13583288575,-41391.74588098145,"[{'asset': SPY, 'quantity': 468.0}]",-0.0008058381158021488
2020-08-14 09:30:00-04:00,116048.13583288575,-41391.74588098145,"[{'asset': SPY, 'quantity': 468.0}]",0.0
2020-08-14 09:30:00-04:00,116048.13583288575,-41391.74588098145,"[{'asset': SPY, 'quantity': 468.0}]",0.0
2020-08-14 12:30:00-04:00,116048.13583288575,-41728.15588464356,"[{'asset': SPY, 'quantity': 469.0}]",0.0
2020-08-14 15:30:00-04:00,116048.13583288575,-42064.56588830567,"[{'asset': SPY, 'quantity': 470.0}]",0.0
2020-08-14 18:30:00-04:00,116048.13583288575,-42400.97589196778,"[{'asset': SPY, 'quantity': 471.0}]",0.0
2020-08-14 18:25:00-04:00,116048.13583288575,-42400.97589196778,"[{'asset': SPY, 'quantity': 471.0}]",0.0
2020-08-17 08:30:00-04:00,116768.76525793457,-42400.97589196778,"[{'asset': SPY, 'quantity': 471.0}]",0.006209745808295919
2020-08-17 09:30:00-04:00,116768.76525793457,-42400.97589196778,"[{'asset': SPY, 'quantity': 471.0}]",0.0
2020-08-17 09:30:00-04:00,116768.76525793457,-42400.97589196778,"[{'asset': SPY, 'quantity': 471.0}]",0.0
2020-08-17 12:30:00-04:00,116768.76525793457,-42738.91589440918,"[{'asset': SPY, 'quantity': 472.0}]",0.0
2020-08-17 15:30:00-04:00,116768.76525793457,-43076.85589685059,"[{'asset': SPY, 'quantity': 473.0}]",0.0
2020-08-17 18:30:00-04:00,116768.76525793457,-43414.795899291996,"[{'asset': SPY, 'quantity': 474.0}]",0.0
2020-08-17 18:25:00-04:00,116768.76525793457,-43414.795899291996,"[{'asset': SPY, 'quantity': 474.0}]",0.0
2020-08-18 08:30:00-04:00,116958.36236486817,-43414.795899291996,"[{'asset': SPY, 'quantity': 474.0}]",0.0016236971121068589
2020-08-18 09:30:00-04:00,116958.36236486817,-43414.795899291996,"[{'asset': SPY, 'quantity': 474.0}]",0.0
2020-08-18 09:30:00-04:00,116958.36236486817,-43414.795899291996,"[{'asset': SPY, 'quantity': 474.0}]",0.0
2020-08-18 12:30:00-04:00,116958.36236486817,-43753.13589562989,"[{'asset': SPY, 'quantity': 475.0}]",0.0
2020-08-18 15:30:00-04:00,116958.36236486817,-44091.47589196778,"[{'asset': SPY, 'quantity': 476.0}]",0.0
2020-08-18 18:30:00-04:00,116958.36236486817,-44429.81588830567,"[{'asset': SPY, 'quantity': 477.0}]",0.0
2020-08-18 18:25:00-04:00,116958.36236486817,-44429.81588830567,"[{'asset': SPY, 'quantity': 477.0}]",0.0
2020-08-19 08:30:00-04:00,117297.02828894043,-44429.81588830567,"[{'asset': SPY, 'quantity': 477.0}]",0.002895611029639422
2020-08-19 09:30:00-04:00,117297.02828894043,-44429.81588830567,"[{'asset': SPY, 'quantity': 477.0}]",0.0
2020-08-19 09:30:00-04:00,117297.02828894043,-44429.81588830567,"[{'asset': SPY, 'quantity': 477.0}]",0.0
2020-08-19 12:30:00-04:00,117297.02828894043,-44768.86587609864,"[{'asset': SPY, 'quantity': 478.0}]",0.0
2020-08-19 15:30:00-04:00,117297.02828894043,-45107.915863891605,"[{'asset': SPY, 'quantity': 479.0}]",0.0
2020-08-19 18:30:00-04:00,117297.02828894043,-45446.965851684574,"[{'asset': SPY, 'quantity': 480.0}]",0.0
2020-08-19 18:25:00-04:00,117297.02828894043,-45446.965851684574,"[{'asset': SPY, 'quantity': 480.0}]",0.0
2020-08-20 08:30:00-04:00,115525.82711706543,-45446.965851684574,"[{'asset': SPY, 'quantity': 480.0}]",-0.015100136787028928
2020-08-20 09:30:00-04:00,115525.82711706543,-45446.965851684574,"[{'asset': SPY, 'quantity': 480.0}]",0.0
2020-08-20 09:30:00-04:00,115525.82711706543,-45446.965851684574,"[{'asset': SPY, 'quantity': 480.0}]",0.0
2020-08-20 12:30:00-04:00,115525.82711706543,-45782.32583703614,"[{'asset': SPY, 'quantity': 481.0}]",0.0
2020-08-20 15:30:00-04:00,115525.82711706543,-46117.6858223877,"[{'asset': SPY, 'quantity': 482.0}]",0.0
2020-08-20 18:30:00-04:00,115525.82711706543,-46453.04580773926,"[{'asset': SPY, 'quantity': 483.0}]",0.0
2020-08-20 18:25:00-04:00,115525.82711706543,-46453.04580773926,"[{'asset': SPY, 'quantity': 483.0}]",0.0
2020-08-21 08:30:00-04:00,116762.32067785645,-46453.04580773926,"[{'asset': SPY, 'quantity': 483.0}]",0.010703178602115004
2020-08-21 09:30:00-04:00,116762.32067785645,-46453.04580773926,"[{'asset': SPY, 'quantity': 483.0}]",0.0
2020-08-21 09:30:00-04:00,116762.32067785645,-46453.04580773926,"[{'asset': SPY, 'quantity': 483.0}]",0.0
2020-08-21 12:30:00-04:00,116762.32067785645,-46790.965821166996,"[{'asset': SPY, 'quantity': 484.0}]",0.0
2020-08-21 15:30:00-04:00,116762.32067785645,-47128.88583459473,"[{'asset': SPY, 'quantity': 485.0}]",0.0
2020-08-21 18:30:00-04:00,116762.32067785645,-47466.805848022464,"[{'asset': SPY, 'quantity': 486.0}]",0.0
2020-08-21 18:25:00-04:00,116762.32067785645,-47466.805848022464,"[{'asset': SPY, 'quantity': 486.0}]",0.0
2020-08-24 08:30:00-04:00,118803.51177893067,-47466.805848022464,"[{'asset': SPY, 'quantity': 486.0}]",0.017481590715431317
2020-08-24 09:30:00-04:00,118803.51177893067,-47466.805848022464,"[{'asset': SPY, 'quantity': 486.0}]",0.0
2020-08-24 09:30:00-04:00,118803.51177893067,-47466.805848022464,"[{'asset': SPY, 'quantity': 486.0}]",0.0
2020-08-24 12:30:00-04:00,118803.51177893067,-47808.92584313965,"[{'asset': SPY, 'quantity': 487.0}]",0.0
2020-08-24 15:30:00-04:00,118803.51177893067,-48151.04583825684,"[{'asset': SPY, 'quantity': 488.0}]",0.0
2020-08-24 18:30:00-04:00,118803.51177893067,-48493.16583337403,"[{'asset': SPY, 'quantity': 489.0}]",0.0
2020-08-24 18:25:00-04:00,118803.51177893067,-48493.16583337403,"[{'asset': SPY, 'quantity': 489.0}]",0.0
2020-08-25 08:30:00-04:00,119493.00356970215,-48493.16583337403,"[{'asset': SPY, 'quantity': 489.0}]",0.005803631394789788
2020-08-25 09:30:00-04:00,119493.00356970215,-48493.16583337403,"[{'asset': SPY, 'quantity': 489.0}]",0.0
2020-08-25 09:30:00-04:00,119493.00356970215,-48493.16583337403,"[{'asset': SPY, 'quantity': 489.0}]",0.0
2020-08-25 12:30:00-04:00,119493.00356970215,-48836.695832153324,"[{'asset': SPY, 'quantity': 490.0}]",0.0
2020-08-25 15:30:00-04:00,119493.00356970215,-49180.22583093262,"[{'asset': SPY, 'quantity': 491.0}]",0.0
2020-08-25 18:30:00-04:00,119493.00356970215,-49523.75582971192,"[{'asset': SPY, 'quantity': 492.0}]",0.0
2020-08-25 18:25:00-04:00,119493.00356970215,-49523.75582971192,"[{'asset': SPY, 'quantity': 492.0}]",0.0
2020-08-26 08:30:00-04:00,120098.16897497559,-49523.75582971192,"[{'asset': SPY, 'quantity': 492.0}]",0.005064442161422766
2020-08-26 09:30:00-04:00,120098.16897497559,-49523.75582971192,"[{'asset': SPY, 'quantity': 492.0}]",0.0
2020-08-26 09:30:00-04:00,120098.16897497559,-49523.75582971192,"[{'asset': SPY, 'quantity': 492.0}]",0.0
2020-08-26 12:30:00-04:00,120098.16897497559,-49868.51583947754,"[{'asset': SPY, 'quantity': 493.0}]",0.0
2020-08-26 15:30:00-04:00,120098.16897497559,-50213.27584924317,"[{'asset': SPY, 'quantity': 494.0}]",0.0
2020-08-26 18:30:00-04:00,120098.16897497559,-50558.03585900879,"[{'asset': SPY, 'quantity': 495.0}]",0.0
2020-08-26 18:25:00-04:00,120098.16897497559,-50558.03585900879,"[{'asset': SPY, 'quantity': 495.0}]",0.0
2020-08-27 08:30:00-04:00,121954.41897497559,-50558.03585900879,"[{'asset': SPY, 'quantity': 495.0}]",0.015456105749512172
2020-08-27 09:30:00-04:00,121954.41897497559,-50558.03585900879,"[{'asset': SPY, 'quantity': 495.0}]",0.0
2020-08-27 09:30:00-04:00,121954.41897497559,-50558.03585900879,"[{'asset': SPY, 'quantity': 495.0}]",0.0
2020-08-27 12:30:00-04:00,121954.41897497559,-50906.54586877442,"[{'asset': SPY, 'quantity': 496.0}]",0.0
2020-08-27 15:30:00-04:00,121954.41897497559,-51255.05587854004,"[{'asset': SPY, 'quantity': 497.0}]",0.0
2020-08-27 18:30:00-04:00,121954.41897497559,-51603.56588830567,"[{'asset': SPY, 'quantity': 498.0}]",0.0
2020-08-27 18:25:00-04:00,121954.41897497559,-51603.56588830567,"[{'asset': SPY, 'quantity': 498.0}]",0.0
2020-08-28 08:30:00-04:00,122417.55532751465,-51603.56588830567,"[{'asset': SPY, 'quantity': 498.0}]",0.003797618458041274
2020-08-28 09:30:00-04:00,122417.55532751465,-51603.56588830567,"[{'asset': SPY, 'quantity': 498.0}]",0.0
2020-08-28 09:30:00-04:00,122417.55532751465,-51603.56588830567,"[{'asset': SPY, 'quantity': 498.0}]",0.0
2020-08-28 12:30:00-04:00,122417.55532751465,-51953.005890747074,"[{'asset': SPY, 'quantity': 499.0}]",0.0
2020-08-28 15:30:00-04:00,122417.55532751465,-52302.44589318848,"[{'asset': SPY, 'quantity': 500.0}]",0.0
2020-08-28 18:30:00-04:00,122417.55532751465,-52651.88589562989,"[{'asset': SPY, 'quantity': 501.0}]",0.0
2020-08-28 18:25:00-04:00,122417.55532751465,-52651.88589562989,"[{'asset': SPY, 'quantity': 501.0}]",0.0
2020-08-31 08:30:00-04:00,122873.46716223145,-52651.88589562989,"[{'asset': SPY, 'quantity': 501.0}]",0.0037242357396947146
2020-08-31 09:30:00-04:00,122873.46716223145,-52651.88589562989,"[{'asset': SPY, 'quantity': 501.0}]",0.0
2020-08-31 09:30:00-04:00,122873.46716223145,-52651.88589562989,"[{'asset': SPY, 'quantity': 501.0}]",0.0
2020-08-31 12:30:00-04:00,122873.46716223145,-53002.2359017334,"[{'asset': SPY, 'quantity': 502.0}]",0.0
2020-08-31 15:30:00-04:00,122873.46716223145,-53352.58590783692,"[{'asset': SPY, 'quantity': 503.0}]",0.0
2020-08-31 18:30:00-04:00,122873.46716223145,-53702.93591394043,"[{'asset': SPY, 'quantity': 504.0}]",0.0
2020-08-31 18:25:00-04:00,122873.46716223145,-53702.93591394043,"[{'asset': SPY, 'quantity': 504.0}]",0.0
2020-09-01 08:30:00-04:00,122802.89977941895,-53702.93591394043,"[{'asset': SPY, 'quantity': 504.0}]",-0.0005743093642773811
2020-09-01 09:30:00-04:00,122802.89977941895,-53702.93591394043,"[{'asset': SPY, 'quantity': 504.0}]",0.0
2020-09-01 09:30:00-04:00,122802.89977941895,-53702.93591394043,"[{'asset': SPY, 'quantity': 504.0}]",0.0
2020-09-01 12:30:00-04:00,122802.89977941895,-54053.14590539551,"[{'asset': SPY, 'quantity': 505.0}]",0.0
2020-09-01 15:30:00-04:00,122802.89977941895,-54403.35589685059,"[{'asset': SPY, 'quantity': 506.0}]",0.0
2020-09-01 18:30:00-04:00,122802.89977941895,-54753.56588830567,"[{'asset': SPY, 'quantity': 507.0}]",0.0
2020-09-01 18:25:00-04:00,122802.89977941895,-54753.56588830567,"[{'asset': SPY, 'quantity': 507.0}]",0.0
2020-09-02 08:30:00-04:00,125064.13091955567,-54753.56588830567,"[{'asset': SPY, 'quantity': 507.0}]",0.018413499552521806
2020-09-02 09:30:00-04:00,125064.13091955567,-54753.56588830567,"[{'asset': SPY, 'quantity': 507.0}]",0.0
2020-09-02 09:30:00-04:00,125064.13091955567,-54753.56588830567,"[{'asset': SPY, 'quantity': 507.0}]",0.0
2020-09-02 12:30:00-04:00,125064.13091955567,-55108.2359017334,"[{'asset': SPY, 'quantity': 508.0}]",0.0
2020-09-02 15:30:00-04:00,125064.13091955567,-55462.90591516114,"[{'asset': SPY, 'quantity': 509.0}]",0.0
2020-09-02 18:30:00-04:00,125064.13091955567,-55817.57592858887,"[{'asset': SPY, 'quantity': 510.0}]",0.0
2020-09-02 18:25:00-04:00,125064.13091955567,-55817.57592858887,"[{'asset': SPY, 'quantity': 510.0}]",0.0
2020-09-03 08:30:00-04:00,125676.12158117676,-55817.57592858887,"[{'asset': SPY, 'quantity': 510.0}]",0.004893414739472579
2020-09-03 09:30:00-04:00,125676.12158117676,-55817.57592858887,"[{'asset': SPY, 'quantity': 510.0}]",0.0
2020-09-03 09:30:00-04:00,125676.12158117676,-55817.57592858887,"[{'asset': SPY, 'quantity': 510.0}]",0.0
2020-09-03 12:30:00-04:00,125676.12158117676,-56173.44592370606,"[{'asset': SPY, 'quantity': 511.0}]",0.0
2020-09-03 15:30:00-04:00,125676.12158117676,-56529.315918823246,"[{'asset': SPY, 'quantity': 512.0}]",0.0
2020-09-03 18:30:00-04:00,125676.12158117676,-56885.18591394043,"[{'asset': SPY, 'quantity': 513.0}]",0.0
2020-09-03 18:25:00-04:00,125676.12158117676,-56885.18591394043,"[{'asset': SPY, 'quantity': 513.0}]",0.0
2020-09-04 08:30:00-04:00,120679.50659094239,-56885.18591394043,"[{'asset': SPY, 'quantity': 513.0}]",-0.03975787068673153
2020-09-04 09:30:00-04:00,120679.50659094239,-56885.18591394043,"[{'asset': SPY, 'quantity': 513.0}]",0.0
2020-09-04 09:30:00-04:00,120679.50659094239,-56885.18591394043,"[{'asset': SPY, 'quantity': 513.0}]",0.0
2020-09-04 12:30:00-04:00,120679.50659094239,-57231.315918823246,"[{'asset': SPY, 'quantity': 514.0}]",0.0
2020-09-04 15:30:00-04:00,120679.50659094239,-57577.44592370606,"[{'asset': SPY, 'quantity': 515.0}]",0.0
2020-09-04 18:30:00-04:00,120679.50659094239,-57923.57592858887,"[{'asset': SPY, 'quantity': 516.0}]",0.0
2020-09-04 18:25:00-04:00,120679.50659094239,-57923.57592858887,"[{'asset': SPY, 'quantity': 516.0}]",0.0
2020-09-08 08:30:00-04:00,115818.77966223145,-57923.57592858887,"[{'asset': SPY, 'quantity': 516.0}]",-0.04027798145700867
2020-09-08 09:30:00-04:00,115818.77966223145,-57923.57592858887,"[{'asset': SPY, 'quantity': 516.0}]",0.0
2020-09-08 09:30:00-04:00,115818.77966223145,-57923.57592858887,"[{'asset': SPY, 'quantity': 516.0}]",0.0
2020-09-08 12:30:00-04:00,115818.77966223145,-58260.28592004395,"[{'asset': SPY, 'quantity': 517.0}]",0.0
2020-09-08 15:30:00-04:00,115818.77966223145,-58596.99591149903,"[{'asset': SPY, 'quantity': 518.0}]",0.0
2020-09-08 18:30:00-04:00,115818.77966223145,-58933.705902954105,"[{'asset': SPY, 'quantity': 519.0}]",0.0
2020-09-08 18:25:00-04:00,115818.77966223145,-58933.705902954105,"[{'asset': SPY, 'quantity': 519.0}]",0.0
2020-09-09 08:30:00-04:00,116254.73776159668,-58933.705902954105,"[{'asset': SPY, 'quantity': 519.0}]",0.0037641399834866807
2020-09-09 09:30:00-04:00,116254.73776159668,-58933.705902954105,"[{'asset': SPY, 'quantity': 519.0}]",0.0
2020-09-09 09:30:00-04:00,116254.73776159668,-58933.705902954105,"[{'asset': SPY, 'quantity': 519.0}]",0.0
2020-09-09 12:30:00-04:00,116254.73776159668,-59271.255890747074,"[{'asset': SPY, 'quantity': 520.0}]",0.0
2020-09-09 15:30:00-04:00,116254.73776159668,-59608.80587854004,"[{'asset': SPY, 'quantity': 521.0}]",0.0
2020-09-09 18:30:00-04:00,116254.73776159668,-59946.35586633301,"[{'asset': SPY, 'quantity': 522.0}]",0.0
2020-09-09 18:25:00-04:00,116254.73776159668,-59946.35586633301,"[{'asset': SPY, 'quantity': 522.0}]",0.0
2020-09-10 08:30:00-04:00,118483.68795690918,-59946.35586633301,"[{'asset': SPY, 'quantity': 522.0}]",0.01917298372719567
2020-09-10 09:30:00-04:00,118483.68795690918,-59946.35586633301,"[{'asset': SPY, 'quantity': 522.0}]",0.0
2020-09-10 09:30:00-04:00,118483.68795690918,-59946.35586633301,"[{'asset': SPY, 'quantity': 522.0}]",0.0
2020-09-10 12:30:00-04:00,118483.68795690918,-60288.17587365723,"[{'asset': SPY, 'quantity': 523.0}]",0.0
2020-09-10 15:30:00-04:00,118483.68795690918,-60629.99588098145,"[{'asset': SPY, 'quantity': 524.0}]",0.0
2020-09-10 18:30:00-04:00,118483.68795690918,-60971.81588830567,"[{'asset': SPY, 'quantity': 525.0}]",0.0
2020-09-10 18:25:00-04:00,118483.68795690918,-60971.81588830567,"[{'asset': SPY, 'quantity': 525.0}]",0.0
2020-09-11 08:30:00-04:00,115333.68795690918,-60971.81588830567,"[{'asset': SPY, 'quantity': 525.0}]",-0.026585938151634902
2020-09-11 09:30:00-04:00,115333.68795690918,-60971.81588830567,"[{'asset': SPY, 'quantity': 525.0}]",0.0
2020-09-11 09:30:00-04:00,115333.68795690918,-60971.81588830567,"[{'asset': SPY, 'quantity': 525.0}]",0.0
2020-09-11 12:30:00-04:00,115333.68795690918,-61307.63589562989,"[{'asset': SPY, 'quantity': 526.0}]",0.0
2020-09-11 15:30:00-04:00,115333.68795690918,-61643.455902954105,"[{'asset': SPY, 'quantity': 527.0}]",0.0
2020-09-11 18:30:00-04:00,115333.68795690918,-61979.275910278324,"[{'asset': SPY, 'quantity': 528.0}]",0.0
2020-09-11 18:25:00-04:00,115333.68795690918,-61979.275910278324,"[{'asset': SPY, 'quantity': 528.0}]",0.0
2020-09-14 08:30:00-04:00,116215.43893347168,-61979.275910278324,"[{'asset': SPY, 'quantity': 528.0}]",0.00764521617388958
2020-09-14 09:30:00-04:00,116215.43893347168,-61979.275910278324,"[{'asset': SPY, 'quantity': 528.0}]",0.0
2020-09-14 09:30:00-04:00,116215.43893347168,-61979.275910278324,"[{'asset': SPY, 'quantity': 528.0}]",0.0
2020-09-14 12:30:00-04:00,116215.43893347168,-62316.7659005127,"[{'asset': SPY, 'quantity': 529.0}]",0.0
2020-09-14 15:30:00-04:00,116215.43893347168,-62654.255890747074,"[{'asset': SPY, 'quantity': 530.0}]",0.0
2020-09-14 18:30:00-04:00,116215.43893347168,-62991.74588098145,"[{'asset': SPY, 'quantity': 531.0}]",0.0
2020-09-14 18:25:00-04:00,116215.43893347168,-62991.74588098145,"[{'asset': SPY, 'quantity': 531.0}]",0.0
2020-09-15 08:30:00-04:00,118142.97152624512,-62991.74588098145,"[{'asset': SPY, 'quantity': 531.0}]",0.01658585649602773
2020-09-15 09:30:00-04:00,118142.97152624512,-62991.74588098145,"[{'asset': SPY, 'quantity': 531.0}]",0.0
2020-09-15 09:30:00-04:00,118142.97152624512,-62991.74588098145,"[{'asset': SPY, 'quantity': 531.0}]",0.0
2020-09-15 12:30:00-04:00,118142.97152624512,-63332.86587609864,"[{'asset': SPY, 'quantity': 532.0}]",0.0
2020-09-15 15:30:00-04:00,118142.97152624512,-63673.985871215824,"[{'asset': SPY, 'quantity': 533.0}]",0.0
2020-09-15 18:30:00-04:00,118142.97152624512,-64015.10586633301,"[{'asset': SPY, 'quantity': 534.0}]",0.0
2020-09-15 18:25:00-04:00,118142.97152624512,-64015.10586633301,"[{'asset': SPY, 'quantity': 534.0}]",0.0
2020-09-16 08:30:00-04:00,118351.23934851075,-64015.10586633301,"[{'asset': SPY, 'quantity': 534.0}]",0.0017628456401179715
2020-09-16 09:30:00-04:00,118351.23934851075,-64015.10586633301,"[{'asset': SPY, 'quantity': 534.0}]",0.0
2020-09-16 09:30:00-04:00,118351.23934851075,-64015.10586633301,"[{'asset': SPY, 'quantity': 534.0}]",0.0
2020-09-16 12:30:00-04:00,118351.23934851075,-64356.61587609864,"[{'asset': SPY, 'quantity': 535.0}]",0.0
2020-09-16 15:30:00-04:00,118351.23934851075,-64698.12588586426,"[{'asset': SPY, 'quantity': 536.0}]",0.0
2020-09-16 18:30:00-04:00,118351.23934851075,-65039.63589562989,"[{'asset': SPY, 'quantity': 537.0}]",0.0
2020-09-16 18:25:00-04:00,118351.23934851075,-65039.63589562989,"[{'asset': SPY, 'quantity': 537.0}]",0.0
2020-09-17 08:30:00-04:00,114082.08279333496,-65039.63589562989,"[{'asset': SPY, 'quantity': 537.0}]",-0.03607192099276901
2020-09-17 09:30:00-04:00,114082.08279333496,-65039.63589562989,"[{'asset': SPY, 'quantity': 537.0}]",0.0
2020-09-17 09:30:00-04:00,114082.08279333496,-65039.63589562989,"[{'asset': SPY, 'quantity': 537.0}]",0.0
2020-09-17 12:30:00-04:00,114082.08279333496,-65373.19589318848,"[{'asset': SPY, 'quantity': 538.0}]",0.0
2020-09-17 15:30:00-04:00,114082.08279333496,-65706.75589074707,"[{'asset': SPY, 'quantity': 539.0}]",0.0
2020-09-17 18:30:00-04:00,114082.08279333496,-66040.31588830566,"[{'asset': SPY, 'quantity': 540.0}]",0.0
2020-09-17 18:25:00-04:00,114082.08279333496,-66040.31588830566,"[{'asset': SPY, 'quantity': 540.0}]",0.0
2020-09-18 08:30:00-04:00,115059.48147497559,-66040.31588830566,"[{'asset': SPY, 'quantity': 540.0}]",0.00856750383328131
2020-09-18 09:30:00-04:00,115059.48147497559,-66040.31588830566,"[{'asset': SPY, 'quantity': 540.0}]",0.0
2020-09-18 09:30:00-04:00,115059.48147497559,-66040.31588830566,"[{'asset': SPY, 'quantity': 540.0}]",0.0
2020-09-18 12:30:00-04:00,115059.48147497559,-66375.68588342285,"[{'asset': SPY, 'quantity': 541.0}]",0.0
2020-09-18 15:30:00-04:00,115059.48147497559,-66711.05587854004,"[{'asset': SPY, 'quantity': 542.0}]",0.0
2020-09-18 18:30:00-04:00,115059.48147497559,-67046.42587365722,"[{'asset': SPY, 'quantity': 543.0}]",0.0
2020-09-18 18:25:00-04:00,115059.48147497559,-67046.42587365722,"[{'asset': SPY, 'quantity': 543.0}]",0.0
2020-09-21 08:30:00-04:00,110535.75775476075,-66319.34887365722,"[{'asset': SPY, 'quantity': 543.0}]",-0.03931639237570095
2020-09-21 09:30:00-04:00,110535.75775476075,-66319.34887365722,"[{'asset': SPY, 'quantity': 543.0}]",0.0
2020-09-21 09:30:00-04:00,110535.75775476075,-66319.34887365722,"[{'asset': SPY, 'quantity': 543.0}]",0.0
2020-09-21 12:30:00-04:00,110535.75775476075,-66645.04888586425,"[{'asset': SPY, 'quantity': 544.0}]",0.0
2020-09-21 15:30:00-04:00,110535.75775476075,-66970.74889807128,"[{'asset': SPY, 'quantity': 545.0}]",0.0
2020-09-21 18:30:00-04:00,110535.75775476075,-67296.44891027831,"[{'asset': SPY, 'quantity': 546.0}]",0.0
2020-09-21 18:25:00-04:00,110535.75775476075,-67296.44891027831,"[{'asset': SPY, 'quantity': 546.0}]",0.0
2020-09-22 08:30:00-04:00,112102.77508874513,-67296.44891027831,"[{'asset': SPY, 'quantity': 546.0}]",0.014176564813180415
2020-09-22 09:30:00-04:00,112102.77508874513,-67296.44891027831,"[{'asset': SPY, 'quantity': 546.0}]",0.0
2020-09-22 09:30:00-04:00,112102.77508874513,-67296.44891027831,"[{'asset': SPY, 'quantity': 546.0}]",0.0
2020-09-22 12:30:00-04:00,112102.77508874513,-67625.01891760253,"[{'asset': SPY, 'quantity': 547.0}]",0.0
2020-09-22 15:30:00-04:00,112102.77508874513,-67953.58892492675,"[{'asset': SPY, 'quantity': 548.0}]",0.0
2020-09-22 18:30:00-04:00,112102.77508874513,-68282.15893225097,"[{'asset': SPY, 'quantity': 549.0}]",0.0
2020-09-22 18:25:00-04:00,112102.77508874513,-68282.15893225097,"[{'asset': SPY, 'quantity': 549.0}]",0.0
2020-09-23 08:30:00-04:00,113381.93771691895,-68282.15893225097,"[{'asset': SPY, 'quantity': 549.0}]",0.011410624109538636
2020-09-23 09:30:00-04:00,113381.93771691895,-68282.15893225097,"[{'asset': SPY, 'quantity': 549.0}]",0.0
2020-09-23 09:30:00-04:00,113381.93771691895,-68282.15893225097,"[{'asset': SPY, 'quantity': 549.0}]",0.0
2020-09-23 12:30:00-04:00,113381.93771691895,-68613.05892614745,"[{'asset': SPY, 'quantity': 550.0}]",0.0
2020-09-23 15:30:00-04:00,113381.93771691895,-68943.95892004394,"[{'asset': SPY, 'quantity': 551.0}]",0.0
2020-09-23 18:30:00-04:00,113381.93771691895,-69274.85891394042,"[{'asset': SPY, 'quantity': 552.0}]",0.0
2020-09-23 18:25:00-04:00,113381.93771691895,-69274.85891394042,"[{'asset': SPY, 'quantity': 552.0}]",0.0
2020-09-24 08:30:00-04:00,108038.5817598877,-69274.85891394042,"[{'asset': SPY, 'quantity': 552.0}]",-0.04712704743476892
2020-09-24 09:30:00-04:00,108038.5817598877,-69274.85891394042,"[{'asset': SPY, 'quantity': 552.0}]",0.0
2020-09-24 09:30:00-04:00,108038.5817598877,-69274.85891394042,"[{'asset': SPY, 'quantity': 552.0}]",0.0
2020-09-24 12:30:00-04:00,108038.5817598877,-69596.07891516112,"[{'asset': SPY, 'quantity': 553.0}]",0.0
2020-09-24 15:30:00-04:00,108038.5817598877,-69917.29891638183,"[{'asset': SPY, 'quantity': 554.0}]",0.0
2020-09-24 18:30:00-04:00,108038.5817598877,-70238.51891760253,"[{'asset': SPY, 'quantity': 555.0}]",0.0
2020-09-24 18:25:00-04:00,108038.5817598877,-70238.51891760253,"[{'asset': SPY, 'quantity': 555.0}]",0.0
2020-09-25 08:30:00-04:00,108793.37363000489,-70238.51891760253,"[{'asset': SPY, 'quantity': 555.0}]",0.0069863178303717355
2020-09-25 09:30:00-04:00,108793.37363000489,-70238.51891760253,"[{'asset': SPY, 'quantity': 555.0}]",0.0
2020-09-25 09:30:00-04:00,108793.37363000489,-70238.51891760253,"[{'asset': SPY, 'quantity': 555.0}]",0.0
2020-09-25 12:30:00-04:00,108793.37363000489,-70561.0989041748,"[{'asset': SPY, 'quantity': 556.0}]",0.0
2020-09-25 15:30:00-04:00,108793.37363000489,-70883.67889074706,"[{'asset': SPY, 'quantity': 557.0}]",0.0
2020-09-25 18:30:00-04:00,108793.37363000489,-71206.25887731933,"[{'asset': SPY, 'quantity': 558.0}]",0.0
2020-09-25 18:25:00-04:00,108793.37363000489,-71206.25887731933,"[{'asset': SPY, 'quantity': 558.0}]",0.0
2020-09-28 08:30:00-04:00,114730.50180383302,-71206.25887731933,"[{'asset': SPY, 'quantity': 558.0}]",0.05457251646611949
2020-09-28 09:30:00-04:00,114730.50180383302,-71206.25887731933,"[{'asset': SPY, 'quantity': 558.0}]",0.0
2020-09-28 09:30:00-04:00,114730.50180383302,-71206.25887731933,"[{'asset': SPY, 'quantity': 558.0}]",0.0
2020-09-28 12:30:00-04:00,114730.50180383302,-71539.47887854003,"[{'asset': SPY, 'quantity': 559.0}]",0.0
2020-09-28 15:30:00-04:00,114730.50180383302,-71872.69887976073,"[{'asset': SPY, 'quantity': 560.0}]",0.0
2020-09-28 18:30:00-04:00,114730.50180383302,-72205.91888098144,"[{'asset': SPY, 'quantity': 561.0}]",0.0
2020-09-28 18:25:00-04:00,114730.50180383302,-72205.91888098144,"[{'asset': SPY, 'quantity': 561.0}]",0.0
2020-09-29 08:30:00-04:00,115151.25180383302,-72205.91888098144,"[{'asset': SPY, 'quantity': 561.0}]",0.0036672898085934325
2020-09-29 09:30:00-04:00,115151.25180383302,-72205.91888098144,"[{'asset': SPY, 'quantity': 561.0}]",0.0
2020-09-29 09:30:00-04:00,115151.25180383302,-72205.91888098144,"[{'asset': SPY, 'quantity': 561.0}]",0.0
2020-09-29 12:30:00-04:00,115151.25180383302,-72539.88888220214,"[{'asset': SPY, 'quantity': 562.0}]",0.0
2020-09-29 15:30:00-04:00,115151.25180383302,-72873.85888342284,"[{'asset': SPY, 'quantity': 563.0}]",0.0
2020-09-29 18:30:00-04:00,115151.25180383302,-73207.82888464355,"[{'asset': SPY, 'quantity': 564.0}]",0.0
2020-09-29 18:25:00-04:00,115151.25180383302,-73207.82888464355,"[{'asset': SPY, 'quantity': 564.0}]",0.0
2020-09-30 08:30:00-04:00,114654.92904992677,-73207.82888464355,"[{'asset': SPY, 'quantity': 564.0}]",-0.004310181141163549
2020-09-30 09:30:00-04:00,114654.92904992677,-73207.82888464355,"[{'asset': SPY, 'quantity': 564.0}]",0.0
2020-09-30 09:30:00-04:00,114654.92904992677,-73207.82888464355,"[{'asset': SPY, 'quantity': 564.0}]",0.0
2020-09-30 12:30:00-04:00,114654.92904992677,-73540.91888098144,"[{'asset': SPY, 'quantity': 565.0}]",0.0
2020-09-30 15:30:00-04:00,114654.92904992677,-73874.00887731933,"[{'asset': SPY, 'quantity': 566.0}]",0.0
2020-09-30 18:30:00-04:00,114654.92904992677,-74207.09887365722,"[{'asset': SPY, 'quantity': 567.0}]",0.0
2020-09-30 18:25:00-04:00,114654.92904992677,-74207.09887365722,"[{'asset': SPY, 'quantity': 567.0}]",0.0
2020-10-01 08:30:00-04:00,117263.13251062013,-74207.09887365722,"[{'asset': SPY, 'quantity': 567.0}]",0.022748288994689503
2020-10-01 09:30:00-04:00,117263.13251062013,-74207.09887365722,"[{'asset': SPY, 'quantity': 567.0}]",0.0
2020-10-01 09:30:00-04:00,117263.13251062013,-74207.09887365722,"[{'asset': SPY, 'quantity': 567.0}]",0.0
2020-10-01 12:30:00-04:00,117263.13251062013,-74544.78887609862,"[{'asset': SPY, 'quantity': 568.0}]",0.0
2020-10-01 15:30:00-04:00,117263.13251062013,-74882.47887854003,"[{'asset': SPY, 'quantity': 569.0}]",0.0
2020-10-01 18:30:00-04:00,117263.13251062013,-75220.16888098144,"[{'asset': SPY, 'quantity': 570.0}]",0.0
2020-10-01 18:25:00-04:00,117263.13251062013,-75220.16888098144,"[{'asset': SPY, 'quantity': 570.0}]",0.0
2020-10-02 08:30:00-04:00,113848.83807702638,-75220.16888098144,"[{'asset': SPY, 'quantity': 570.0}]",-0.029116520772498822
2020-10-02 09:30:00-04:00,113848.83807702638,-75220.16888098144,"[{'asset': SPY, 'quantity': 570.0}]",0.0
2020-10-02 09:30:00-04:00,113848.83807702638,-75220.16888098144,"[{'asset': SPY, 'quantity': 570.0}]",0.0
2020-10-02 12:30:00-04:00,113848.83807702638,-75551.86889318847,"[{'asset': SPY, 'quantity': 571.0}]",0.0
2020-10-02 15:30:00-04:00,113848.83807702638,-75883.5689053955,"[{'asset': SPY, 'quantity': 572.0}]",0.0
2020-10-02 18:30:00-04:00,113848.83807702638,-76215.26891760253,"[{'asset': SPY, 'quantity': 573.0}]",0.0
2020-10-02 18:25:00-04:00,113848.83807702638,-76215.26891760253,"[{'asset': SPY, 'quantity': 573.0}]",0.0
2020-10-05 08:30:00-04:00,116347.10968347169,-76215.26891760253,"[{'asset': SPY, 'quantity': 573.0}]",0.021943760240706656
2020-10-05 09:30:00-04:00,116347.10968347169,-76215.26891760253,"[{'asset': SPY, 'quantity': 573.0}]",0.0
2020-10-05 09:30:00-04:00,116347.10968347169,-76215.26891760253,"[{'asset': SPY, 'quantity': 573.0}]",0.0
2020-10-05 12:30:00-04:00,116347.10968347169,-76551.32891516112,"[{'asset': SPY, 'quantity': 574.0}]",0.0
2020-10-05 15:30:00-04:00,116347.10968347169,-76887.38891271972,"[{'asset': SPY, 'quantity': 575.0}]",0.0
2020-10-05 18:30:00-04:00,116347.10968347169,-77223.44891027831,"[{'asset': SPY, 'quantity': 576.0}]",0.0
2020-10-05 18:25:00-04:00,116347.10968347169,-77223.44891027831,"[{'asset': SPY, 'quantity': 576.0}]",0.0
2020-10-06 08:30:00-04:00,118564.71319909669,-77223.44891027831,"[{'asset': SPY, 'quantity': 576.0}]",0.019060237264665325
2020-10-06 09:30:00-04:00,118564.71319909669,-77223.44891027831,"[{'asset': SPY, 'quantity': 576.0}]",0.0
2020-10-06 09:30:00-04:00,118564.71319909669,-77223.44891027831,"[{'asset': SPY, 'quantity': 576.0}]",0.0
2020-10-06 12:30:00-04:00,118564.71319909669,-77563.35891394042,"[{'asset': SPY, 'quantity': 577.0}]",0.0
2020-10-06 15:30:00-04:00,118564.71319909669,-77903.26891760253,"[{'asset': SPY, 'quantity': 578.0}]",0.0
2020-10-06 18:30:00-04:00,118564.71319909669,-78243.17892126464,"[{'asset': SPY, 'quantity': 579.0}]",0.0
2020-10-06 18:25:00-04:00,118564.71319909669,-78243.17892126464,"[{'asset': SPY, 'quantity': 579.0}]",0.0
2020-10-07 08:30:00-04:00,117528.29825158692,-78243.17892126464,"[{'asset': SPY, 'quantity': 579.0}]",-0.008741344026779618
2020-10-07 09:30:00-04:00,117528.29825158692,-78243.17892126464,"[{'asset': SPY, 'quantity': 579.0}]",0.0
2020-10-07 09:30:00-04:00,117528.29825158692,-78243.17892126464,"[{'asset': SPY, 'quantity': 579.0}]",0.0
2020-10-07 12:30:00-04:00,117528.29825158692,-78581.29891638183,"[{'asset': SPY, 'quantity': 580.0}]",0.0
2020-10-07 15:30:00-04:00,117528.29825158692,-78919.41891149901,"[{'asset': SPY, 'quantity': 581.0}]",0.0
2020-10-07 18:30:00-04:00,117528.29825158692,-79257.5389066162,"[{'asset': SPY, 'quantity': 582.0}]",0.0
2020-10-07 18:25:00-04:00,117528.29825158692,-79257.5389066162,"[{'asset': SPY, 'quantity': 582.0}]",0.0
2020-10-08 08:30:00-04:00,120281.16464562989,-79257.5389066162,"[{'asset': SPY, 'quantity': 582.0}]",0.023423009053956
2020-10-08 09:30:00-04:00,120281.16464562989,-79257.5389066162,"[{'asset': SPY, 'quantity': 582.0}]",0.0
2020-10-08 09:30:00-04:00,120281.16464562989,-79257.5389066162,"[{'asset': SPY, 'quantity': 582.0}]",0.0
2020-10-08 12:30:00-04:00,120281.16464562989,-79600.38891271972,"[{'asset': SPY, 'quantity': 583.0}]",0.0
2020-10-08 15:30:00-04:00,120281.16464562989,-79943.23891882323,"[{'asset': SPY, 'quantity': 584.0}]",0.0
2020-10-08 18:30:00-04:00,120281.16464562989,-80286.08892492675,"[{'asset': SPY, 'quantity': 585.0}]",0.0
2020-10-08 18:25:00-04:00,120281.16464562989,-80286.08892492675,"[{'asset': SPY, 'quantity': 585.0}]",0.0
2020-10-09 08:30:00-04:00,121866.5096468506,-80286.08892492675,"[{'asset': SPY, 'quantity': 585.0}]",0.013180326328660064
2020-10-09 09:30:00-04:00,121866.5096468506,-80286.08892492675,"[{'asset': SPY, 'quantity': 585.0}]",0.0
2020-10-09 09:30:00-04:00,121866.5096468506,-80286.08892492675,"[{'asset': SPY, 'quantity': 585.0}]",0.0
2020-10-09 12:30:00-04:00,121866.5096468506,-80631.64892248534,"[{'asset': SPY, 'quantity': 586.0}]",0.0
2020-10-09 15:30:00-04:00,121866.5096468506,-80977.20892004394,"[{'asset': SPY, 'quantity': 587.0}]",0.0
2020-10-09 18:30:00-04:00,121866.5096468506,-81322.76891760253,"[{'asset': SPY, 'quantity': 588.0}]",0.0
2020-10-09 18:25:00-04:00,121866.5096468506,-81322.76891760253,"[{'asset': SPY, 'quantity': 588.0}]",0.0
2020-10-12 08:30:00-04:00,124236.14892907716,-81322.76891760253,"[{'asset': SPY, 'quantity': 588.0}]",0.01944454870409751
2020-10-12 09:30:00-04:00,124236.14892907716,-81322.76891760253,"[{'asset': SPY, 'quantity': 588.0}]",0.0
2020-10-12 09:30:00-04:00,124236.14892907716,-81322.76891760253,"[{'asset': SPY, 'quantity': 588.0}]",0.0
2020-10-12 12:30:00-04:00,124236.14892907716,-81672.35891394042,"[{'asset': SPY, 'quantity': 589.0}]",0.0
2020-10-12 15:30:00-04:00,124236.14892907716,-82021.94891027831,"[{'asset': SPY, 'quantity': 590.0}]",0.0
2020-10-12 18:30:00-04:00,124236.14892907716,-82371.5389066162,"[{'asset': SPY, 'quantity': 591.0}]",0.0
2020-10-12 18:25:00-04:00,124236.14892907716,-82371.5389066162,"[{'asset': SPY, 'quantity': 591.0}]",0.0
2020-10-13 08:30:00-04:00,125825.94037194825,-82371.5389066162,"[{'asset': SPY, 'quantity': 591.0}]",0.012796528680059538
2020-10-13 09:30:00-04:00,125825.94037194825,-82371.5389066162,"[{'asset': SPY, 'quantity': 591.0}]",0.0
2020-10-13 09:30:00-04:00,125825.94037194825,-82371.5389066162,"[{'asset': SPY, 'quantity': 591.0}]",0.0
2020-10-13 12:30:00-04:00,125825.94037194825,-82723.8189053955,"[{'asset': SPY, 'quantity': 592.0}]",0.0
2020-10-13 15:30:00-04:00,125825.94037194825,-83076.0989041748,"[{'asset': SPY, 'quantity': 593.0}]",0.0
2020-10-13 18:30:00-04:00,125825.94037194825,-83428.3789029541,"[{'asset': SPY, 'quantity': 594.0}]",0.0
2020-10-13 18:25:00-04:00,125825.94037194825,-83428.3789029541,"[{'asset': SPY, 'quantity': 594.0}]",0.0
2020-10-14 08:30:00-04:00,124917.1210970459,-83428.3789029541,"[{'asset': SPY, 'quantity': 594.0}]",-0.007222829189401092
2020-10-14 09:30:00-04:00,124917.1210970459,-83428.3789029541,"[{'asset': SPY, 'quantity': 594.0}]",0.0
2020-10-14 09:30:00-04:00,124917.1210970459,-83428.3789029541,"[{'asset': SPY, 'quantity': 594.0}]",0.0
2020-10-14 12:30:00-04:00,124917.1210970459,-83779.1289029541,"[{'asset': SPY, 'quantity': 595.0}]",0.0
2020-10-14 15:30:00-04:00,124917.1210970459,-84129.8789029541,"[{'asset': SPY, 'quantity': 596.0}]",0.0
2020-10-14 18:30:00-04:00,124917.1210970459,-84480.6289029541,"[{'asset': SPY, 'quantity': 597.0}]",0.0
2020-10-14 18:25:00-04:00,124917.1210970459,-84480.6289029541,"[{'asset': SPY, 'quantity': 597.0}]",0.0
2020-10-15 08:30:00-04:00,120714.23599572755,-84480.6289029541,"[{'asset': SPY, 'quantity': 597.0}]",-0.03364538875382195
2020-10-15 09:30:00-04:00,120714.23599572755,-84480.6289029541,"[{'asset': SPY, 'quantity': 597.0}]",0.0
2020-10-15 09:30:00-04:00,120714.23599572755,-84480.6289029541,"[{'asset': SPY, 'quantity': 597.0}]",0.0
2020-10-15 12:30:00-04:00,120714.23599572755,-84824.33889440917,"[{'asset': SPY, 'quantity': 598.0}]",0.0
2020-10-15 15:30:00-04:00,120714.23599572755,-85168.04888586425,"[{'asset': SPY, 'quantity': 599.0}]",0.0
2020-10-15 18:30:00-04:00,120714.23599572755,-85511.75887731933,"[{'asset': SPY, 'quantity': 600.0}]",0.0
2020-10-15 18:25:00-04:00,120714.23599572755,-85511.75887731933,"[{'asset': SPY, 'quantity': 600.0}]",0.0
2020-10-16 08:30:00-04:00,123864.23599572755,-85511.75887731933,"[{'asset': SPY, 'quantity': 600.0}]",0.026094685303823528
2020-10-16 09:30:00-04:00,123864.23599572755,-85511.75887731933,"[{'asset': SPY, 'quantity': 600.0}]",0.0
2020-10-16 09:30:00-04:00,123864.23599572755,-85511.75887731933,"[{'asset': SPY, 'quantity': 600.0}]",0.0
2020-10-16 12:30:00-04:00,123864.23599572755,-85860.7188687744,"[{'asset': SPY, 'quantity': 601.0}]",0.0
2020-10-16 15:30:00-04:00,123864.23599572755,-86209.67886022948,"[{'asset': SPY, 'quantity': 602.0}]",0.0
2020-10-16 18:30:00-04:00,123864.23599572755,-86558.63885168456,"[{'asset': SPY, 'quantity': 603.0}]",0.0
2020-10-16 18:25:00-04:00,123864.23599572755,-86558.63885168456,"[{'asset': SPY, 'quantity': 603.0}]",0.0
2020-10-19 08:30:00-04:00,123677.30746789552,-86558.63885168456,"[{'asset': SPY, 'quantity': 603.0}]",-0.001509140441785628
2020-10-19 09:30:00-04:00,123677.30746789552,-86558.63885168456,"[{'asset': SPY, 'quantity': 603.0}]",0.0
2020-10-19 09:30:00-04:00,123677.30746789552,-86558.63885168456,"[{'asset': SPY, 'quantity': 603.0}]",0.0
2020-10-19 12:30:00-04:00,123677.30746789552,-86907.28884558105,"[{'asset': SPY, 'quantity': 604.0}]",0.0
2020-10-19 15:30:00-04:00,123677.30746789552,-87255.93883947753,"[{'asset': SPY, 'quantity': 605.0}]",0.0
2020-10-19 18:30:00-04:00,123677.30746789552,-87604.58883337401,"[{'asset': SPY, 'quantity': 606.0}]",0.0
2020-10-19 18:25:00-04:00,123677.30746789552,-87604.58883337401,"[{'asset': SPY, 'quantity': 606.0}]",0.0
2020-10-20 08:30:00-04:00,120532.16598840333,-87604.58883337401,"[{'asset': SPY, 'quantity': 606.0}]",-0.025430222761832155
2020-10-20 09:30:00-04:00,120532.16598840333,-87604.58883337401,"[{'asset': SPY, 'quantity': 606.0}]",0.0
2020-10-20 09:30:00-04:00,120532.16598840333,-87604.58883337401,"[{'asset': SPY, 'quantity': 606.0}]",0.0
2020-10-20 12:30:00-04:00,120532.16598840333,-87948.0488248291,"[{'asset': SPY, 'quantity': 607.0}]",0.0
2020-10-20 15:30:00-04:00,120532.16598840333,-88291.50881628417,"[{'asset': SPY, 'quantity': 608.0}]",0.0
2020-10-20 18:30:00-04:00,120532.16598840333,-88634.96880773925,"[{'asset': SPY, 'quantity': 609.0}]",0.0
2020-10-20 18:25:00-04:00,120532.16598840333,-88634.96880773925,"[{'asset': SPY, 'quantity': 609.0}]",0.0
2020-10-21 08:30:00-04:00,120452.99301477052,-88634.96880773925,"[{'asset': SPY, 'quantity': 609.0}]",-0.0006568617844338043
2020-10-21 09:30:00-04:00,120452.99301477052,-88634.96880773925,"[{'asset': SPY, 'quantity': 609.0}]",0.0
2020-10-21 09:30:00-04:00,120452.99301477052,-88634.96880773925,"[{'asset': SPY, 'quantity': 609.0}]",0.0
2020-10-21 12:30:00-04:00,120452.99301477052,-88978.29879431151,"[{'asset': SPY, 'quantity': 610.0}]",0.0
2020-10-21 15:30:00-04:00,120452.99301477052,-89321.62878088378,"[{'asset': SPY, 'quantity': 611.0}]",0.0
2020-10-21 18:30:00-04:00,120452.99301477052,-89664.95876745605,"[{'asset': SPY, 'quantity': 612.0}]",0.0
2020-10-21 18:25:00-04:00,120452.99301477052,-89664.95876745605,"[{'asset': SPY, 'quantity': 612.0}]",0.0
2020-10-22 08:30:00-04:00,120226.55600305177,-89664.95876745605,"[{'asset': SPY, 'quantity': 612.0}]",-0.0018798786651236243
2020-10-22 09:30:00-04:00,120226.55600305177,-89664.95876745605,"[{'asset': SPY, 'quantity': 612.0}]",0.0
2020-10-22 09:30:00-04:00,120226.55600305177,-89664.95876745605,"[{'asset': SPY, 'quantity': 612.0}]",0.0
2020-10-22 12:30:00-04:00,120226.55600305177,-90007.91875891112,"[{'asset': SPY, 'quantity': 613.0}]",0.0
2020-10-22 15:30:00-04:00,120226.55600305177,-90350.8787503662,"[{'asset': SPY, 'quantity': 614.0}]",0.0
2020-10-22 18:30:00-04:00,120226.55600305177,-90693.83874182128,"[{'asset': SPY, 'quantity': 615.0}]",0.0
2020-10-22 18:25:00-04:00,120226.55600305177,-90693.83874182128,"[{'asset': SPY, 'quantity': 615.0}]",0.0
2020-10-23 08:30:00-04:00,122053.10675378419,-90693.83874182128,"[{'asset': SPY, 'quantity': 615.0}]",0.01519257318396483
2020-10-23 09:30:00-04:00,122053.10675378419,-90693.83874182128,"[{'asset': SPY, 'quantity': 615.0}]",0.0
2020-10-23 09:30:00-04:00,122053.10675378419,-90693.83874182128,"[{'asset': SPY, 'quantity': 615.0}]",0.0
2020-10-23 12:30:00-04:00,122053.10675378419,-91039.76873449706,"[{'asset': SPY, 'quantity': 616.0}]",0.0
2020-10-23 15:30:00-04:00,122053.10675378419,-91385.69872717284,"[{'asset': SPY, 'quantity': 617.0}]",0.0
2020-10-23 18:30:00-04:00,122053.10675378419,-91731.62871984862,"[{'asset': SPY, 'quantity': 618.0}]",0.0
2020-10-23 18:25:00-04:00,122053.10675378419,-91731.62871984862,"[{'asset': SPY, 'quantity': 618.0}]",0.0
2020-10-26 08:30:00-04:00,119704.7142977295,-91731.62871984862,"[{'asset': SPY, 'quantity': 618.0}]",-0.01924074297258216
2020-10-26 09:30:00-04:00,119704.7142977295,-91731.62871984862,"[{'asset': SPY, 'quantity': 618.0}]",0.0
2020-10-26 09:30:00-04:00,119704.7142977295,-91731.62871984862,"[{'asset': SPY, 'quantity': 618.0}]",0.0
2020-10-26 12:30:00-04:00,119704.7142977295,-92073.75872473144,"[{'asset': SPY, 'quantity': 619.0}]",0.0
2020-10-26 15:30:00-04:00,119704.7142977295,-92415.88872961425,"[{'asset': SPY, 'quantity': 620.0}]",0.0
2020-10-26 18:30:00-04:00,119704.7142977295,-92758.01873449706,"[{'asset': SPY, 'quantity': 621.0}]",0.0
2020-10-26 18:25:00-04:00,119704.7142977295,-92758.01873449706,"[{'asset': SPY, 'quantity': 621.0}]",0.0
2020-10-27 08:30:00-04:00,118232.94732995606,-92758.01873449706,"[{'asset': SPY, 'quantity': 621.0}]",-0.012294979161078468
2020-10-27 09:30:00-04:00,118232.94732995606,-92758.01873449706,"[{'asset': SPY, 'quantity': 621.0}]",0.0
2020-10-27 09:30:00-04:00,118232.94732995606,-92758.01873449706,"[{'asset': SPY, 'quantity': 621.0}]",0.0
2020-10-27 12:30:00-04:00,118232.94732995606,-93097.77874426269,"[{'asset': SPY, 'quantity': 622.0}]",0.0
2020-10-27 15:30:00-04:00,118232.94732995606,-93437.53875402831,"[{'asset': SPY, 'quantity': 623.0}]",0.0
2020-10-27 18:30:00-04:00,118232.94732995606,-93777.29876379394,"[{'asset': SPY, 'quantity': 624.0}]",0.0
2020-10-27 18:25:00-04:00,118232.94732995606,-93777.29876379394,"[{'asset': SPY, 'quantity': 624.0}]",0.0
2020-10-28 08:30:00-04:00,113453.10504479981,-93777.29876379394,"[{'asset': SPY, 'quantity': 624.0}]",-0.040427329209826834
2020-10-28 09:30:00-04:00,113453.10504479981,-93777.29876379394,"[{'asset': SPY, 'quantity': 624.0}]",0.0
2020-10-28 09:30:00-04:00,113453.10504479981,-93777.29876379394,"[{'asset': SPY, 'quantity': 624.0}]",0.0
2020-10-28 12:30:00-04:00,113453.10504479981,-94109.39876989745,"[{'asset': SPY, 'quantity': 625.0}]",0.0
2020-10-28 15:30:00-04:00,113453.10504479981,-94441.49877600097,"[{'asset': SPY, 'quantity': 626.0}]",0.0
2020-10-28 18:30:00-04:00,113453.10504479981,-94773.59878210448,"[{'asset': SPY, 'quantity': 627.0}]",0.0
2020-10-28 18:25:00-04:00,113453.10504479981,-94773.59878210448,"[{'asset': SPY, 'quantity': 627.0}]",0.0
2020-10-29 08:30:00-04:00,110198.9735140381,-94773.59878210448,"[{'asset': SPY, 'quantity': 627.0}]",-0.02868261322135468
2020-10-29 09:30:00-04:00,110198.9735140381,-94773.59878210448,"[{'asset': SPY, 'quantity': 627.0}]",0.0
2020-10-29 09:30:00-04:00,110198.9735140381,-94773.59878210448,"[{'asset': SPY, 'quantity': 627.0}]",0.0
2020-10-29 12:30:00-04:00,110198.9735140381,-95100.5087857666,"[{'asset': SPY, 'quantity': 628.0}]",0.0
2020-10-29 15:30:00-04:00,110198.9735140381,-95427.4187894287,"[{'asset': SPY, 'quantity': 629.0}]",0.0
2020-10-29 18:30:00-04:00,110198.9735140381,-95754.32879309081,"[{'asset': SPY, 'quantity': 630.0}]",0.0
2020-10-29 18:25:00-04:00,110198.9735140381,-95754.32879309081,"[{'asset': SPY, 'quantity': 630.0}]",0.0
2020-10-30 08:30:00-04:00,111062.07043786622,-95754.32879309081,"[{'asset': SPY, 'quantity': 630.0}]",0.007832168452260424
2020-10-30 09:30:00-04:00,111062.07043786622,-95754.32879309081,"[{'asset': SPY, 'quantity': 630.0}]",0.0
2020-10-30 09:30:00-04:00,111062.07043786622,-95754.32879309081,"[{'asset': SPY, 'quantity': 630.0}]",0.0
2020-10-30 12:30:00-04:00,111062.07043786622,-96082.60879187011,"[{'asset': SPY, 'quantity': 631.0}]",0.0
2020-10-30 15:30:00-04:00,111062.07043786622,-96410.8887906494,"[{'asset': SPY, 'quantity': 632.0}]",0.0
2020-10-30 18:30:00-04:00,111062.07043786622,-96739.1687894287,"[{'asset': SPY, 'quantity': 633.0}]",0.0
2020-10-30 18:25:00-04:00,111062.07043786622,-96739.1687894287,"[{'asset': SPY, 'quantity': 633.0}]",0.0
2020-11-02 08:30:00-05:00,112277.43893762208,-96739.1687894287,"[{'asset': SPY, 'quantity': 633.0}]",0.010943146431218409
2020-11-02 09:30:00-05:00,112277.43893762208,-96739.1687894287,"[{'asset': SPY, 'quantity': 633.0}]",0.0
2020-11-02 09:30:00-05:00,112277.43893762208,-96739.1687894287,"[{'asset': SPY, 'quantity': 633.0}]",0.0
2020-11-02 12:30:00-05:00,112277.43893762208,-97069.36880163573,"[{'asset': SPY, 'quantity': 634.0}]",0.0
2020-11-02 15:30:00-05:00,112277.43893762208,-97399.56881384276,"[{'asset': SPY, 'quantity': 635.0}]",0.0
2020-11-02 18:30:00-05:00,112277.43893762208,-97729.7688260498,"[{'asset': SPY, 'quantity': 636.0}]",0.0
2020-11-02 18:25:00-05:00,112277.43893762208,-97729.7688260498,"[{'asset': SPY, 'quantity': 636.0}]",0.0
2020-11-03 08:30:00-05:00,114497.07272668458,-97729.7688260498,"[{'asset': SPY, 'quantity': 636.0}]",0.01976918791579907
2020-11-03 09:30:00-05:00,114497.07272668458,-97729.7688260498,"[{'asset': SPY, 'quantity': 636.0}]",0.0
2020-11-03 09:30:00-05:00,114497.07272668458,-97729.7688260498,"[{'asset': SPY, 'quantity': 636.0}]",0.0
2020-11-03 12:30:00-05:00,114497.07272668458,-98063.4588284912,"[{'asset': SPY, 'quantity': 637.0}]",0.0
2020-11-03 15:30:00-05:00,114497.07272668458,-98397.14883093261,"[{'asset': SPY, 'quantity': 638.0}]",0.0
2020-11-03 18:30:00-05:00,114497.07272668458,-98730.83883337401,"[{'asset': SPY, 'quantity': 639.0}]",0.0
2020-11-03 18:25:00-05:00,114497.07272668458,-98730.83883337401,"[{'asset': SPY, 'quantity': 639.0}]",0.0
2020-11-04 08:30:00-05:00,119078.69180627442,-98730.83883337401,"[{'asset': SPY, 'quantity': 639.0}]",0.040015163448995805
2020-11-04 09:30:00-05:00,119078.69180627442,-98730.83883337401,"[{'asset': SPY, 'quantity': 639.0}]",0.0
2020-11-04 09:30:00-05:00,119078.69180627442,-98730.83883337401,"[{'asset': SPY, 'quantity': 639.0}]",0.0
2020-11-04 12:30:00-05:00,119078.69180627442,-99071.69881872558,"[{'asset': SPY, 'quantity': 640.0}]",0.0
2020-11-04 15:30:00-05:00,119078.69180627442,-99412.55880407714,"[{'asset': SPY, 'quantity': 641.0}]",0.0
2020-11-04 18:30:00-05:00,119078.69180627442,-99753.4187894287,"[{'asset': SPY, 'quantity': 642.0}]",0.0
2020-11-04 18:25:00-05:00,119078.69180627442,-99753.4187894287,"[{'asset': SPY, 'quantity': 642.0}]",0.0
2020-11-05 08:30:00-05:00,124458.65494104005,-99753.4187894287,"[{'asset': SPY, 'quantity': 642.0}]",0.04517989787390442
2020-11-05 09:30:00-05:00,124458.65494104005,-99753.4187894287,"[{'asset': SPY, 'quantity': 642.0}]",0.0
2020-11-05 09:30:00-05:00,124458.65494104005,-99753.4187894287,"[{'asset': SPY, 'quantity': 642.0}]",0.0
2020-11-05 12:30:00-05:00,124458.65494104005,-100102.65877966308,"[{'asset': SPY, 'quantity': 643.0}]",0.0
2020-11-05 15:30:00-05:00,124458.65494104005,-100451.89876989745,"[{'asset': SPY, 'quantity': 644.0}]",0.0
2020-11-05 18:30:00-05:00,124458.65494104005,-100801.13876013183,"[{'asset': SPY, 'quantity': 645.0}]",0.0
2020-11-05 18:25:00-05:00,124458.65494104005,-100801.13876013183,"[{'asset': SPY, 'quantity': 645.0}]",0.0
2020-11-06 08:30:00-05:00,124903.70651574708,-100801.13876013183,"[{'asset': SPY, 'quantity': 645.0}]",0.003575898959520929
2020-11-06 09:30:00-05:00,124903.70651574708,-100801.13876013183,"[{'asset': SPY, 'quantity': 645.0}]",0.0
2020-11-06 09:30:00-05:00,124903.70651574708,-100801.13876013183,"[{'asset': SPY, 'quantity': 645.0}]",0.0
2020-11-06 12:30:00-05:00,124903.70651574708,-101151.06875280761,"[{'asset': SPY, 'quantity': 646.0}]",0.0
2020-11-06 15:30:00-05:00,124903.70651574708,-101500.99874548339,"[{'asset': SPY, 'quantity': 647.0}]",0.0
2020-11-06 18:30:00-05:00,124903.70651574708,-101850.92873815917,"[{'asset': SPY, 'quantity': 648.0}]",0.0
2020-11-06 18:25:00-05:00,124903.70651574708,-101850.92873815917,"[{'asset': SPY, 'quantity': 648.0}]",0.0
2020-11-09 08:30:00-05:00,134001.63205285644,-101850.92873815917,"[{'asset': SPY, 'quantity': 648.0}]",0.07283951606321915
2020-11-09 09:30:00-05:00,134001.63205285644,-101850.92873815917,"[{'asset': SPY, 'quantity': 648.0}]",0.0
2020-11-09 09:30:00-05:00,134001.63205285644,-101850.92873815917,"[{'asset': SPY, 'quantity': 648.0}]",0.0
2020-11-09 12:30:00-05:00,134001.63205285644,-102214.89873937987,"[{'asset': SPY, 'quantity': 649.0}]",0.0
2020-11-09 15:30:00-05:00,134001.63205285644,-102578.86874060058,"[{'asset': SPY, 'quantity': 650.0}]",0.0
2020-11-09 18:30:00-05:00,134001.63205285644,-102942.83874182128,"[{'asset': SPY, 'quantity': 651.0}]",0.0
2020-11-09 18:25:00-05:00,134001.63205285644,-102942.83874182128,"[{'asset': SPY, 'quantity': 651.0}]",0.0
2020-11-10 08:30:00-05:00,127179.14490075684,-102942.83874182128,"[{'asset': SPY, 'quantity': 651.0}]",-0.050913463124154235
2020-11-10 09:30:00-05:00,127179.14490075684,-102942.83874182128,"[{'asset': SPY, 'quantity': 651.0}]",0.0
2020-11-10 09:30:00-05:00,127179.14490075684,-102942.83874182128,"[{'asset': SPY, 'quantity': 651.0}]",0.0
2020-11-10 12:30:00-05:00,127179.14490075684,-103296.32873205566,"[{'asset': SPY, 'quantity': 652.0}]",0.0
2020-11-10 15:30:00-05:00,127179.14490075684,-103649.81872229003,"[{'asset': SPY, 'quantity': 653.0}]",0.0
2020-11-10 18:30:00-05:00,127179.14490075684,-104003.3087125244,"[{'asset': SPY, 'quantity': 654.0}]",0.0
2020-11-10 18:25:00-05:00,127179.14490075684,-104003.3087125244,"[{'asset': SPY, 'quantity': 654.0}]",0.0
2020-11-11 08:30:00-05:00,129082.28729577638,-104003.3087125244,"[{'asset': SPY, 'quantity': 654.0}]",0.014964264750361611
2020-11-11 09:30:00-05:00,129082.28729577638,-104003.3087125244,"[{'asset': SPY, 'quantity': 654.0}]",0.0
2020-11-11 09:30:00-05:00,129082.28729577638,-104003.3087125244,"[{'asset': SPY, 'quantity': 654.0}]",0.0
2020-11-11 12:30:00-05:00,129082.28729577638,-104359.70870642089,"[{'asset': SPY, 'quantity': 655.0}]",0.0
2020-11-11 15:30:00-05:00,129082.28729577638,-104716.10870031737,"[{'asset': SPY, 'quantity': 656.0}]",0.0
2020-11-11 18:30:00-05:00,129082.28729577638,-105072.50869421386,"[{'asset': SPY, 'quantity': 657.0}]",0.0
2020-11-11 18:25:00-05:00,129082.28729577638,-105072.50869421386,"[{'asset': SPY, 'quantity': 657.0}]",0.0
2020-11-12 08:30:00-05:00,128543.54248376466,-105072.50869421386,"[{'asset': SPY, 'quantity': 657.0}]",-0.004173654056634835
2020-11-12 09:30:00-05:00,128543.54248376466,-105072.50869421386,"[{'asset': SPY, 'quantity': 657.0}]",0.0
2020-11-12 09:30:00-05:00,128543.54248376466,-105072.50869421386,"[{'asset': SPY, 'quantity': 657.0}]",0.0
2020-11-12 12:30:00-05:00,128543.54248376466,-105428.08868078612,"[{'asset': SPY, 'quantity': 658.0}]",0.0
2020-11-12 15:30:00-05:00,128543.54248376466,-105783.66866735839,"[{'asset': SPY, 'quantity': 659.0}]",0.0
2020-11-12 18:30:00-05:00,128543.54248376466,-106139.24865393066,"[{'asset': SPY, 'quantity': 660.0}]",0.0
2020-11-12 18:25:00-05:00,128543.54248376466,-106139.24865393066,"[{'asset': SPY, 'quantity': 660.0}]",0.0
2020-11-13 08:30:00-05:00,128338.94409509278,-106139.24865393066,"[{'asset': SPY, 'quantity': 660.0}]",-0.0015916660200780974
2020-11-13 09:30:00-05:00,128338.94409509278,-106139.24865393066,"[{'asset': SPY, 'quantity': 660.0}]",0.0
2020-11-13 09:30:00-05:00,128338.94409509278,-106139.24865393066,"[{'asset': SPY, 'quantity': 660.0}]",0.0
2020-11-13 12:30:00-05:00,128338.94409509278,-106494.51864294433,"[{'asset': SPY, 'quantity': 661.0}]",0.0
2020-11-13 15:30:00-05:00,128338.94409509278,-106849.788631958,"[{'asset': SPY, 'quantity': 662.0}]",0.0
2020-11-13 18:30:00-05:00,128338.94409509278,-107205.05862097167,"[{'asset': SPY, 'quantity': 663.0}]",0.0
2020-11-13 18:25:00-05:00,128338.94409509278,-107205.05862097167,"[{'asset': SPY, 'quantity': 663.0}]",0.0
2020-11-16 08:30:00-05:00,132124.68866296386,-107205.05862097167,"[{'asset': SPY, 'quantity': 663.0}]",0.029498018661163528
2020-11-16 09:30:00-05:00,132124.68866296386,-107205.05862097167,"[{'asset': SPY, 'quantity': 663.0}]",0.0
2020-11-16 09:30:00-05:00,132124.68866296386,-107205.05862097167,"[{'asset': SPY, 'quantity': 663.0}]",0.0
2020-11-16 12:30:00-05:00,132124.68866296386,-107566.038631958,"[{'asset': SPY, 'quantity': 664.0}]",0.0
2020-11-16 15:30:00-05:00,132124.68866296386,-107927.01864294433,"[{'asset': SPY, 'quantity': 665.0}]",0.0
2020-11-16 18:30:00-05:00,132124.68866296386,-108287.99865393066,"[{'asset': SPY, 'quantity': 666.0}]",0.0
2020-11-16 18:25:00-05:00,132124.68866296386,-108287.99865393066,"[{'asset': SPY, 'quantity': 666.0}]",0.0
2020-11-17 08:30:00-05:00,131452.0221590576,-108287.99865393066,"[{'asset': SPY, 'quantity': 666.0}]",-0.005091149206959744
2020-11-17 09:30:00-05:00,131452.0221590576,-108287.99865393066,"[{'asset': SPY, 'quantity': 666.0}]",0.0
2020-11-17 09:30:00-05:00,131452.0221590576,-108287.99865393066,"[{'asset': SPY, 'quantity': 666.0}]",0.0
2020-11-17 12:30:00-05:00,131452.0221590576,-108647.96865515136,"[{'asset': SPY, 'quantity': 667.0}]",0.0
2020-11-17 15:30:00-05:00,131452.0221590576,-109007.93865637206,"[{'asset': SPY, 'quantity': 668.0}]",0.0
2020-11-17 18:30:00-05:00,131452.0221590576,-109367.90865759276,"[{'asset': SPY, 'quantity': 669.0}]",0.0
2020-11-17 18:25:00-05:00,131452.0221590576,-109367.90865759276,"[{'asset': SPY, 'quantity': 669.0}]",0.0
2020-11-18 08:30:00-05:00,132080.8837923584,-109367.90865759276,"[{'asset': SPY, 'quantity': 669.0}]",0.004783963175095662
2020-11-18 09:30:00-05:00,132080.8837923584,-109367.90865759276,"[{'asset': SPY, 'quantity': 669.0}]",0.0
2020-11-18 09:30:00-05:00,132080.8837923584,-109367.90865759276,"[{'asset': SPY, 'quantity': 669.0}]",0.0
2020-11-18 12:30:00-05:00,132080.8837923584,-109728.81866125487,"[{'asset': SPY, 'quantity': 670.0}]",0.0
2020-11-18 15:30:00-05:00,132080.8837923584,-110089.72866491698,"[{'asset': SPY, 'quantity': 671.0}]",0.0
2020-11-18 18:30:00-05:00,132080.8837923584,-110450.6386685791,"[{'asset': SPY, 'quantity': 672.0}]",0.0
2020-11-18 18:25:00-05:00,132080.8837923584,-110450.6386685791,"[{'asset': SPY, 'quantity': 672.0}]",0.0
2020-11-19 08:30:00-05:00,128512.5654329834,-110450.6386685791,"[{'asset': SPY, 'quantity': 672.0}]",-0.027016160529215294
2020-11-19 09:30:00-05:00,128512.5654329834,-110450.6386685791,"[{'asset': SPY, 'quantity': 672.0}]",0.0
2020-11-19 09:30:00-05:00,128512.5654329834,-110450.6386685791,"[{'asset': SPY, 'quantity': 672.0}]",0.0
2020-11-19 12:30:00-05:00,128512.5654329834,-110806.23867468261,"[{'asset': SPY, 'quantity': 673.0}]",0.0
2020-11-19 15:30:00-05:00,128512.5654329834,-111161.83868078612,"[{'asset': SPY, 'quantity': 674.0}]",0.0
2020-11-19 18:30:00-05:00,128512.5654329834,-111517.43868688964,"[{'asset': SPY, 'quantity': 675.0}]",0.0
2020-11-19 18:25:00-05:00,128512.5654329834,-111517.43868688964,"[{'asset': SPY, 'quantity': 675.0}]",0.0
2020-11-20 08:30:00-05:00,129795.06131311036,-111517.43868688964,"[{'asset': SPY, 'quantity': 675.0}]",0.009979536832106506
2020-11-20 09:30:00-05:00,129795.06131311036,-111517.43868688964,"[{'asset': SPY, 'quantity': 675.0}]",0.0
2020-11-20 09:30:00-05:00,129795.06131311036,-111517.43868688964,"[{'asset': SPY, 'quantity': 675.0}]",0.0
2020-11-20 12:30:00-05:00,129795.06131311036,-111874.93868688964,"[{'asset': SPY, 'quantity': 676.0}]",0.0
2020-11-20 15:30:00-05:00,129795.06131311036,-112232.43868688964,"[{'asset': SPY, 'quantity': 677.0}]",0.0
2020-11-20 18:30:00-05:00,129795.06131311036,-112589.93868688964,"[{'asset': SPY, 'quantity': 678.0}]",0.0
2020-11-20 18:25:00-05:00,129795.06131311036,-112589.93868688964,"[{'asset': SPY, 'quantity': 678.0}]",0.0
2020-11-23 08:30:00-05:00,129645.90048547364,-112589.93868688964,"[{'asset': SPY, 'quantity': 678.0}]",-0.0011492026439811065
2020-11-23 09:30:00-05:00,129645.90048547364,-112589.93868688964,"[{'asset': SPY, 'quantity': 678.0}]",0.0
2020-11-23 09:30:00-05:00,129645.90048547364,-112589.93868688964,"[{'asset': SPY, 'quantity': 678.0}]",0.0
2020-11-23 12:30:00-05:00,129645.90048547364,-112947.21868566894,"[{'asset': SPY, 'quantity': 679.0}]",0.0
2020-11-23 15:30:00-05:00,129645.90048547364,-113304.49868444823,"[{'asset': SPY, 'quantity': 680.0}]",0.0
2020-11-23 18:30:00-05:00,129645.90048547364,-113661.77868322753,"[{'asset': SPY, 'quantity': 681.0}]",0.0
2020-11-23 18:25:00-05:00,129645.90048547364,-113661.77868322753,"[{'asset': SPY, 'quantity': 681.0}]",0.0
2020-11-24 08:30:00-05:00,131641.22549768066,-113661.77868322753,"[{'asset': SPY, 'quantity': 681.0}]",0.015390575442303156
2020-11-24 09:30:00-05:00,131641.22549768066,-113661.77868322753,"[{'asset': SPY, 'quantity': 681.0}]",0.0
2020-11-24 09:30:00-05:00,131641.22549768066,-113661.77868322753,"[{'asset': SPY, 'quantity': 681.0}]",0.0
2020-11-24 12:30:00-05:00,131641.22549768066,-114021.98867468261,"[{'asset': SPY, 'quantity': 682.0}]",0.0
2020-11-24 15:30:00-05:00,131641.22549768066,-114382.19866613769,"[{'asset': SPY, 'quantity': 683.0}]",0.0
2020-11-24 18:30:00-05:00,131641.22549768066,-114742.40865759276,"[{'asset': SPY, 'quantity': 684.0}]",0.0
2020-11-24 18:25:00-05:00,131641.22549768066,-114742.40865759276,"[{'asset': SPY, 'quantity': 684.0}]",0.0
2020-11-25 08:30:00-05:00,133638.51468225097,-114742.40865759276,"[{'asset': SPY, 'quantity': 684.0}]",0.015172216583516196
2020-11-25 09:30:00-05:00,133638.51468225097,-114742.40865759276,"[{'asset': SPY, 'quantity': 684.0}]",0.0
2020-11-25 09:30:00-05:00,133638.51468225097,-114742.40865759276,"[{'asset': SPY, 'quantity': 684.0}]",0.0
2020-11-25 12:30:00-05:00,133638.51468225097,-115105.53866247558,"[{'asset': SPY, 'quantity': 685.0}]",0.0
2020-11-25 15:30:00-05:00,133638.51468225097,-115468.66866735839,"[{'asset': SPY, 'quantity': 686.0}]",0.0
2020-11-25 18:30:00-05:00,133638.51468225097,-115831.7986722412,"[{'asset': SPY, 'quantity': 687.0}]",0.0
2020-11-25 18:25:00-05:00,133638.51468225097,-115831.7986722412,"[{'asset': SPY, 'quantity': 687.0}]",0.0
2020-11-27 08:30:00-05:00,134126.27881188964,-115831.7986722412,"[{'asset': SPY, 'quantity': 687.0}]",0.0036498769145887344
2020-11-27 09:30:00-05:00,134126.27881188964,-115831.7986722412,"[{'asset': SPY, 'quantity': 687.0}]",0.0
2020-11-27 09:30:00-05:00,134126.27881188964,-115831.7986722412,"[{'asset': SPY, 'quantity': 687.0}]",0.0
2020-11-27 12:30:00-05:00,134126.27881188964,-116195.6386685791,"[{'asset': SPY, 'quantity': 688.0}]",0.0
2020-11-27 15:30:00-05:00,134126.27881188964,-116559.47866491698,"[{'asset': SPY, 'quantity': 689.0}]",0.0
2020-11-27 15:25:00-05:00,134126.27881188964,-116559.47866491698,"[{'asset': SPY, 'quantity': 689.0}]",0.0
2020-11-30 08:30:00-05:00,133430.38208337402,-116559.47866491698,"[{'asset': SPY, 'quantity': 689.0}]",-0.0051883697563220865
2020-11-30 09:30:00-05:00,133430.38208337402,-116559.47866491698,"[{'asset': SPY, 'quantity': 689.0}]",0.0
2020-11-30 09:30:00-05:00,133430.38208337402,-116559.47866491698,"[{'asset': SPY, 'quantity': 689.0}]",0.0
2020-11-30 12:30:00-05:00,133430.38208337402,-116922.30865148925,"[{'asset': SPY, 'quantity': 690.0}]",0.0
2020-11-30 15:30:00-05:00,133430.38208337402,-117285.13863806151,"[{'asset': SPY, 'quantity': 691.0}]",0.0
2020-11-30 18:30:00-05:00,133430.38208337402,-117647.96862463378,"[{'asset': SPY, 'quantity': 692.0}]",0.0
2020-11-30 18:25:00-05:00,133430.38208337402,-117647.96862463378,"[{'asset': SPY, 'quantity': 692.0}]",0.0
2020-12-01 08:30:00-05:00,135326.47644372558,-117647.96862463378,"[{'asset': SPY, 'quantity': 692.0}]",0.014210364466818337
2020-12-01 09:30:00-05:00,135326.47644372558,-117647.96862463378,"[{'asset': SPY, 'quantity': 692.0}]",0.0
2020-12-01 09:30:00-05:00,135326.47644372558,-117647.96862463378,"[{'asset': SPY, 'quantity': 692.0}]",0.0
2020-12-01 12:30:00-05:00,135326.47644372558,-118013.538631958,"[{'asset': SPY, 'quantity': 693.0}]",0.0
2020-12-01 15:30:00-05:00,135326.47644372558,-118379.10863928222,"[{'asset': SPY, 'quantity': 694.0}]",0.0
2020-12-01 18:30:00-05:00,135326.47644372558,-118744.67864660644,"[{'asset': SPY, 'quantity': 695.0}]",0.0
2020-12-01 18:25:00-05:00,135326.47644372558,-118744.67864660644,"[{'asset': SPY, 'quantity': 695.0}]",0.0
2020-12-02 08:30:00-05:00,134805.22644372558,-118744.67864660644,"[{'asset': SPY, 'quantity': 695.0}]",-0.0038517961429134218
2020-12-02 09:30:00-05:00,134805.22644372558,-118744.67864660644,"[{'asset': SPY, 'quantity': 695.0}]",0.0
2020-12-02 09:30:00-05:00,134805.22644372558,-118744.67864660644,"[{'asset': SPY, 'quantity': 695.0}]",0.0
2020-12-02 12:30:00-05:00,134805.22644372558,-119109.49865393066,"[{'asset': SPY, 'quantity': 696.0}]",0.0
2020-12-02 15:30:00-05:00,134805.22644372558,-119474.31866125487,"[{'asset': SPY, 'quantity': 697.0}]",0.0
2020-12-02 18:30:00-05:00,134805.22644372558,-119839.1386685791,"[{'asset': SPY, 'quantity': 698.0}]",0.0
2020-12-02 18:25:00-05:00,134805.22644372558,-119839.1386685791,"[{'asset': SPY, 'quantity': 698.0}]",0.0
2020-12-03 08:30:00-05:00,136103.4962191162,-119839.1386685791,"[{'asset': SPY, 'quantity': 698.0}]",0.009630708019563228
2020-12-03 09:30:00-05:00,136103.4962191162,-119839.1386685791,"[{'asset': SPY, 'quantity': 698.0}]",0.0
2020-12-03 09:30:00-05:00,136103.4962191162,-119839.1386685791,"[{'asset': SPY, 'quantity': 698.0}]",0.0
2020-12-03 12:30:00-05:00,136103.4962191162,-120205.81866125487,"[{'asset': SPY, 'quantity': 699.0}]",0.0
2020-12-03 15:30:00-05:00,136103.4962191162,-120572.49865393066,"[{'asset': SPY, 'quantity': 700.0}]",0.0
2020-12-03 18:30:00-05:00,136103.4962191162,-120939.17864660644,"[{'asset': SPY, 'quantity': 701.0}]",0.0
2020-12-03 18:25:00-05:00,136103.4962191162,-120939.17864660644,"[{'asset': SPY, 'quantity': 701.0}]",0.0
2020-12-04 08:30:00-05:00,136552.1464876709,-120939.17864660644,"[{'asset': SPY, 'quantity': 701.0}]",0.0032963904750278328
2020-12-04 09:30:00-05:00,136552.1464876709,-120939.17864660644,"[{'asset': SPY, 'quantity': 701.0}]",0.0
2020-12-04 09:30:00-05:00,136552.1464876709,-120939.17864660644,"[{'asset': SPY, 'quantity': 701.0}]",0.0
2020-12-04 12:30:00-05:00,136552.1464876709,-121306.49865393066,"[{'asset': SPY, 'quantity': 702.0}]",0.0
2020-12-04 15:30:00-05:00,136552.1464876709,-121673.81866125487,"[{'asset': SPY, 'quantity': 703.0}]",0.0
2020-12-04 18:30:00-05:00,136552.1464876709,-122041.1386685791,"[{'asset': SPY, 'quantity': 704.0}]",0.0
2020-12-04 18:25:00-05:00,136552.1464876709,-122041.1386685791,"[{'asset': SPY, 'quantity': 704.0}]",0.0
2020-12-07 08:30:00-05:00,137748.9335970459,-122041.1386685791,"[{'asset': SPY, 'quantity': 704.0}]",0.008764322935656432
2020-12-07 09:30:00-05:00,137748.9335970459,-122041.1386685791,"[{'asset': SPY, 'quantity': 704.0}]",0.0
2020-12-07 09:30:00-05:00,137748.9335970459,-122041.1386685791,"[{'asset': SPY, 'quantity': 704.0}]",0.0
2020-12-07 12:30:00-05:00,137748.9335970459,-122410.15865759276,"[{'asset': SPY, 'quantity': 705.0}]",0.0
2020-12-07 15:30:00-05:00,137748.9335970459,-122779.17864660644,"[{'asset': SPY, 'quantity': 706.0}]",0.0
2020-12-07 18:30:00-05:00,137748.9335970459,-123148.19863562011,"[{'asset': SPY, 'quantity': 707.0}]",0.0
2020-12-07 18:25:00-05:00,137748.9335970459,-123148.19863562011,"[{'asset': SPY, 'quantity': 707.0}]",0.0
2020-12-08 08:30:00-05:00,136829.842227417,-123148.19863562011,"[{'asset': SPY, 'quantity': 707.0}]",-0.006672221306028403
2020-12-08 09:30:00-05:00,136829.842227417,-123148.19863562011,"[{'asset': SPY, 'quantity': 707.0}]",0.0
2020-12-08 09:30:00-05:00,136829.842227417,-123148.19863562011,"[{'asset': SPY, 'quantity': 707.0}]",0.0
2020-12-08 12:30:00-05:00,136829.842227417,-123515.91863684081,"[{'asset': SPY, 'quantity': 708.0}]",0.0
2020-12-08 15:30:00-05:00,136829.842227417,-123883.63863806151,"[{'asset': SPY, 'quantity': 709.0}]",0.0
2020-12-08 18:30:00-05:00,136829.842227417,-124251.35863928222,"[{'asset': SPY, 'quantity': 710.0}]",0.0
2020-12-08 18:25:00-05:00,136829.842227417,-124251.35863928222,"[{'asset': SPY, 'quantity': 710.0}]",0.0
2020-12-09 08:30:00-05:00,139073.44482751464,-124251.35863928222,"[{'asset': SPY, 'quantity': 710.0}]",0.016397026873484988
2020-12-09 09:30:00-05:00,139073.44482751464,-124251.35863928222,"[{'asset': SPY, 'quantity': 710.0}]",0.0
2020-12-09 09:30:00-05:00,139073.44482751464,-124251.35863928222,"[{'asset': SPY, 'quantity': 710.0}]",0.0
2020-12-09 12:30:00-05:00,139073.44482751464,-124622.23864416503,"[{'asset': SPY, 'quantity': 711.0}]",0.0
2020-12-09 15:30:00-05:00,139073.44482751464,-124993.11864904784,"[{'asset': SPY, 'quantity': 712.0}]",0.0
2020-12-09 18:30:00-05:00,139073.44482751464,-125363.99865393066,"[{'asset': SPY, 'quantity': 713.0}]",0.0
2020-12-09 18:25:00-05:00,139073.44482751464,-125363.99865393066,"[{'asset': SPY, 'quantity': 713.0}]",0.0
2020-12-10 08:30:00-05:00,135144.80786462402,-125363.99865393066,"[{'asset': SPY, 'quantity': 713.0}]",-0.02824864924977666
2020-12-10 09:30:00-05:00,135144.80786462402,-125363.99865393066,"[{'asset': SPY, 'quantity': 713.0}]",0.0
2020-12-10 09:30:00-05:00,135144.80786462402,-125363.99865393066,"[{'asset': SPY, 'quantity': 713.0}]",0.0
2020-12-10 12:30:00-05:00,135144.80786462402,-125729.36864904784,"[{'asset': SPY, 'quantity': 714.0}]",0.0
2020-12-10 15:30:00-05:00,135144.80786462402,-126094.73864416503,"[{'asset': SPY, 'quantity': 715.0}]",0.0
2020-12-10 18:30:00-05:00,135144.80786462402,-126460.10863928222,"[{'asset': SPY, 'quantity': 716.0}]",0.0
2020-12-10 18:25:00-05:00,135144.80786462402,-126460.10863928222,"[{'asset': SPY, 'quantity': 716.0}]",0.0
2020-12-11 08:30:00-05:00,134808.28699060058,-126460.10863928222,"[{'asset': SPY, 'quantity': 716.0}]",-0.0024900762326033332
2020-12-11 09:30:00-05:00,134808.28699060058,-126460.10863928222,"[{'asset': SPY, 'quantity': 716.0}]",0.0
2020-12-11 09:30:00-05:00,134808.28699060058,-126460.10863928222,"[{'asset': SPY, 'quantity': 716.0}]",0.0
2020-12-11 12:30:00-05:00,134808.28699060058,-126825.0086331787,"[{'asset': SPY, 'quantity': 717.0}]",0.0
2020-12-11 15:30:00-05:00,134808.28699060058,-127189.90862707519,"[{'asset': SPY, 'quantity': 718.0}]",0.0
2020-12-11 18:30:00-05:00,134808.28699060058,-127554.80862097167,"[{'asset': SPY, 'quantity': 719.0}]",0.0
2020-12-11 18:25:00-05:00,134808.28699060058,-127554.80862097167,"[{'asset': SPY, 'quantity': 719.0}]",0.0
2020-12-14 08:30:00-05:00,137497.36191125488,-127554.80862097167,"[{'asset': SPY, 'quantity': 719.0}]",0.01994740071759682
2020-12-14 09:30:00-05:00,137497.36191125488,-127554.80862097167,"[{'asset': SPY, 'quantity': 719.0}]",0.0
2020-12-14 09:30:00-05:00,137497.36191125488,-127554.80862097167,"[{'asset': SPY, 'quantity': 719.0}]",0.0
2020-12-14 12:30:00-05:00,137497.36191125488,-127923.44863562011,"[{'asset': SPY, 'quantity': 720.0}]",0.0
2020-12-14 15:30:00-05:00,137497.36191125488,-128292.08865026855,"[{'asset': SPY, 'quantity': 721.0}]",0.0
2020-12-14 18:30:00-05:00,137497.36191125488,-128660.72866491698,"[{'asset': SPY, 'quantity': 722.0}]",0.0
2020-12-14 18:25:00-05:00,137497.36191125488,-128660.72866491698,"[{'asset': SPY, 'quantity': 722.0}]",0.0
2020-12-15 08:30:00-05:00,136602.06692834472,-128660.72866491698,"[{'asset': SPY, 'quantity': 722.0}]",-0.006511361166972818
2020-12-15 09:30:00-05:00,136602.06692834472,-128660.72866491698,"[{'asset': SPY, 'quantity': 722.0}]",0.0
2020-12-15 09:30:00-05:00,136602.06692834472,-128660.72866491698,"[{'asset': SPY, 'quantity': 722.0}]",0.0
2020-12-15 12:30:00-05:00,136602.06692834472,-129028.12865881347,"[{'asset': SPY, 'quantity': 723.0}]",0.0
2020-12-15 15:30:00-05:00,136602.06692834472,-129395.52865270995,"[{'asset': SPY, 'quantity': 724.0}]",0.0
2020-12-15 18:30:00-05:00,136602.06692834472,-129762.92864660644,"[{'asset': SPY, 'quantity': 725.0}]",0.0
2020-12-15 18:25:00-05:00,136602.06692834472,-129762.92864660644,"[{'asset': SPY, 'quantity': 725.0}]",0.0
2020-12-16 08:30:00-05:00,138356.57666345214,-129762.92864660644,"[{'asset': SPY, 'quantity': 725.0}]",0.012843947200504413
2020-12-16 09:30:00-05:00,138356.57666345214,-129762.92864660644,"[{'asset': SPY, 'quantity': 725.0}]",0.0
2020-12-16 09:30:00-05:00,138356.57666345214,-129762.92864660644,"[{'asset': SPY, 'quantity': 725.0}]",0.0
2020-12-16 12:30:00-05:00,138356.57666345214,-130132.74865393066,"[{'asset': SPY, 'quantity': 726.0}]",0.0
2020-12-16 15:30:00-05:00,138356.57666345214,-130502.56866125487,"[{'asset': SPY, 'quantity': 727.0}]",0.0
2020-12-16 18:30:00-05:00,138356.57666345214,-130872.3886685791,"[{'asset': SPY, 'quantity': 728.0}]",0.0
2020-12-16 18:25:00-05:00,138356.57666345214,-130872.3886685791,"[{'asset': SPY, 'quantity': 728.0}]",0.0
2020-12-17 08:30:00-05:00,139899.93310876464,-130872.3886685791,"[{'asset': SPY, 'quantity': 728.0}]",0.011154919285598197
2020-12-17 09:30:00-05:00,139899.93310876464,-130872.3886685791,"[{'asset': SPY, 'quantity': 728.0}]",0.0
2020-12-17 09:30:00-05:00,139899.93310876464,-130872.3886685791,"[{'asset': SPY, 'quantity': 728.0}]",0.0
2020-12-17 12:30:00-05:00,139899.93310876464,-131244.3286710205,"[{'asset': SPY, 'quantity': 729.0}]",0.0
2020-12-17 15:30:00-05:00,139899.93310876464,-131616.26867346192,"[{'asset': SPY, 'quantity': 730.0}]",0.0
2020-12-17 18:30:00-05:00,139899.93310876464,-131988.20867590333,"[{'asset': SPY, 'quantity': 731.0}]",0.0
2020-12-17 18:25:00-05:00,139899.93310876464,-131988.20867590333,"[{'asset': SPY, 'quantity': 731.0}]",0.0
2020-12-18 08:30:00-05:00,139190.86221643066,-131988.20867590333,"[{'asset': SPY, 'quantity': 731.0}]",-0.005068414806050803
2020-12-18 09:30:00-05:00,139190.86221643066,-131988.20867590333,"[{'asset': SPY, 'quantity': 731.0}]",0.0
2020-12-18 09:30:00-05:00,139190.86221643066,-131988.20867590333,"[{'asset': SPY, 'quantity': 731.0}]",0.0
2020-12-18 12:30:00-05:00,139190.86221643066,-132359.17867712403,"[{'asset': SPY, 'quantity': 732.0}]",0.0
2020-12-18 15:30:00-05:00,139190.86221643066,-132730.14867834473,"[{'asset': SPY, 'quantity': 733.0}]",0.0
2020-12-18 18:30:00-05:00,139190.86221643066,-133101.11867956544,"[{'asset': SPY, 'quantity': 734.0}]",0.0
2020-12-18 18:25:00-05:00,139190.86221643066,-133101.11867956544,"[{'asset': SPY, 'quantity': 734.0}]",0.0
2020-12-21 08:30:00-05:00,135946.58221643066,-131941.39867956543,"[{'asset': SPY, 'quantity': 734.0}]",-0.0233081392581318
2020-12-21 09:30:00-05:00,135946.58221643066,-131941.39867956543,"[{'asset': SPY, 'quantity': 734.0}]",0.0
2020-12-21 09:30:00-05:00,135946.58221643066,-131941.39867956543,"[{'asset': SPY, 'quantity': 734.0}]",0.0
2020-12-21 12:30:00-05:00,135946.58221643066,-132306.36868078614,"[{'asset': SPY, 'quantity': 735.0}]",0.0
2020-12-21 15:30:00-05:00,135946.58221643066,-132671.33868200684,"[{'asset': SPY, 'quantity': 736.0}]",0.0
2020-12-21 18:30:00-05:00,135946.58221643066,-133036.30868322754,"[{'asset': SPY, 'quantity': 737.0}]",0.0
2020-12-21 18:25:00-05:00,135946.58221643066,-133036.30868322754,"[{'asset': SPY, 'quantity': 737.0}]",0.0
2020-12-22 08:30:00-05:00,138334.45501916503,-133036.30868322754,"[{'asset': SPY, 'quantity': 737.0}]",0.017564787314276353
2020-12-22 09:30:00-05:00,138334.45501916503,-133036.30868322754,"[{'asset': SPY, 'quantity': 737.0}]",0.0
2020-12-22 09:30:00-05:00,138334.45501916503,-133036.30868322754,"[{'asset': SPY, 'quantity': 737.0}]",0.0
2020-12-22 12:30:00-05:00,138334.45501916503,-133404.51867468262,"[{'asset': SPY, 'quantity': 738.0}]",0.0
2020-12-22 15:30:00-05:00,138334.45501916503,-133772.7286661377,"[{'asset': SPY, 'quantity': 739.0}]",0.0
2020-12-22 18:30:00-05:00,138334.45501916503,-134140.93865759278,"[{'asset': SPY, 'quantity': 740.0}]",0.0
2020-12-22 18:25:00-05:00,138334.45501916503,-134140.93865759278,"[{'asset': SPY, 'quantity': 740.0}]",0.0
2020-12-23 08:30:00-05:00,138386.2604390869,-134140.93865759278,"[{'asset': SPY, 'quantity': 740.0}]",0.0003744939748719922
2020-12-23 09:30:00-05:00,138386.2604390869,-134140.93865759278,"[{'asset': SPY, 'quantity': 740.0}]",0.0
2020-12-23 09:30:00-05:00,138386.2604390869,-134140.93865759278,"[{'asset': SPY, 'quantity': 740.0}]",0.0
2020-12-23 12:30:00-05:00,138386.2604390869,-134509.21865637208,"[{'asset': SPY, 'quantity': 741.0}]",0.0
2020-12-23 15:30:00-05:00,138386.2604390869,-134877.49865515137,"[{'asset': SPY, 'quantity': 742.0}]",0.0
2020-12-23 18:30:00-05:00,138386.2604390869,-135245.77865393067,"[{'asset': SPY, 'quantity': 743.0}]",0.0
2020-12-23 18:25:00-05:00,138386.2604390869,-135245.77865393067,"[{'asset': SPY, 'quantity': 743.0}]",0.0
2020-12-24 08:30:00-05:00,138237.6513692627,-135245.77865393067,"[{'asset': SPY, 'quantity': 743.0}]",-0.0010738715632079288
2020-12-24 09:30:00-05:00,138237.6513692627,-135245.77865393067,"[{'asset': SPY, 'quantity': 743.0}]",0.0
2020-12-24 09:30:00-05:00,138237.6513692627,-135245.77865393067,"[{'asset': SPY, 'quantity': 743.0}]",0.0
2020-12-24 12:30:00-05:00,138237.6513692627,-135613.85864050293,"[{'asset': SPY, 'quantity': 744.0}]",0.0
2020-12-24 15:30:00-05:00,138237.6513692627,-135981.9386270752,"[{'asset': SPY, 'quantity': 745.0}]",0.0
2020-12-24 15:25:00-05:00,138237.6513692627,-135981.9386270752,"[{'asset': SPY, 'quantity': 745.0}]",0.0
2020-12-28 08:30:00-05:00,140964.35409753417,-135981.9386270752,"[{'asset': SPY, 'quantity': 745.0}]",0.019724747210785987
2020-12-28 09:30:00-05:00,140964.35409753417,-135981.9386270752,"[{'asset': SPY, 'quantity': 745.0}]",0.0
2020-12-28 09:30:00-05:00,140964.35409753417,-135981.9386270752,"[{'asset': SPY, 'quantity': 745.0}]",0.0
2020-12-28 12:30:00-05:00,140964.35409753417,-136353.67861730958,"[{'asset': SPY, 'quantity': 746.0}]",0.0
2020-12-28 15:30:00-05:00,140964.35409753417,-136725.41860754395,"[{'asset': SPY, 'quantity': 747.0}]",0.0
2020-12-28 18:30:00-05:00,140964.35409753417,-137097.15859777833,"[{'asset': SPY, 'quantity': 748.0}]",0.0
2020-12-28 18:25:00-05:00,140964.35409753417,-137097.15859777833,"[{'asset': SPY, 'quantity': 748.0}]",0.0
2020-12-29 08:30:00-05:00,142512.7195760498,-137097.15859777833,"[{'asset': SPY, 'quantity': 748.0}]",0.010984092314886285
2020-12-29 09:30:00-05:00,142512.7195760498,-137097.15859777833,"[{'asset': SPY, 'quantity': 748.0}]",0.0
2020-12-29 09:30:00-05:00,142512.7195760498,-137097.15859777833,"[{'asset': SPY, 'quantity': 748.0}]",0.0
2020-12-29 12:30:00-05:00,142512.7195760498,-137470.96859533692,"[{'asset': SPY, 'quantity': 749.0}]",0.0
2020-12-29 15:30:00-05:00,142512.7195760498,-137844.7785928955,"[{'asset': SPY, 'quantity': 750.0}]",0.0
2020-12-29 18:30:00-05:00,142512.7195760498,-138218.5885904541,"[{'asset': SPY, 'quantity': 751.0}]",0.0
2020-12-29 18:25:00-05:00,142512.7195760498,-138218.5885904541,"[{'asset': SPY, 'quantity': 751.0}]",0.0
2020-12-30 08:30:00-05:00,141408.74865930175,-138218.5885904541,"[{'asset': SPY, 'quantity': 751.0}]",-0.007746472876471455
2020-12-30 09:30:00-05:00,141408.74865930175,-138218.5885904541,"[{'asset': SPY, 'quantity': 751.0}]",0.0
2020-12-30 09:30:00-05:00,141408.74865930175,-138218.5885904541,"[{'asset': SPY, 'quantity': 751.0}]",0.0
2020-12-30 12:30:00-05:00,141408.74865930175,-138590.928586792,"[{'asset': SPY, 'quantity': 752.0}]",0.0
2020-12-30 15:30:00-05:00,141408.74865930175,-138963.2685831299,"[{'asset': SPY, 'quantity': 753.0}]",0.0
2020-12-30 18:30:00-05:00,141408.74865930175,-139335.60857946778,"[{'asset': SPY, 'quantity': 754.0}]",0.0
2020-12-30 18:25:00-05:00,141408.74865930175,-139335.60857946778,"[{'asset': SPY, 'quantity': 754.0}]",0.0
