time,strategy,identifier,symbol,side,type,status,multiplier,time_in_force,asset.strike,asset.multiplier,asset.asset_type,price,filled_quantity,trade_cost
2020-01-02 09:30:00-05:00,MyStrategy,cd6654a829754feda8eaf9dc23e561e3,SPY,buy,market,new,1,gtc,0.0,1,stock,,,
2020-01-02 09:30:00-05:00,MyStrategy,cd6654a829754feda8eaf9dc23e561e3,SPY,buy,market,fill,1,gtc,0.0,1,stock,323.5400085449219,1.0,0.0
2020-01-02 12:30:00-05:00,MyStrategy,3f33d372de3340c8af6de1af9cd9844c,SPY,buy,market,new,1,gtc,0.0,1,stock,,,
2020-01-02 12:30:00-05:00,MyStrategy,3f33d372de3340c8af6de1af9cd9844c,SPY,buy,market,fill,1,gtc,0.0,1,stock,323.5400085449219,1.0,0.0
2020-01-02 15:30:00-05:00,MyStrategy,cb742bc926e1407ca74e15ed8047298d,SPY,buy,market,new,1,gtc,0.0,1,stock,,,
2020-01-02 15:30:00-05:00,MyStrategy,cb742bc926e1407ca74e15ed8047298d,SPY,buy,market,fill,1,gtc,0.0,1,stock,323.5400085449219,1.0,0.0
2020-01-03 09:30:00-05:00,MyStrategy,0cca072dd410417c9d528b835dcd5771,SPY,buy,market,new,1,gtc,0.0,1,stock,,,
2020-01-03 09:30:00-05:00,MyStrategy,0cca072dd410417c9d528b835dcd5771,SPY,buy,market,fill,1,gtc,0.0,1,stock,321.1600036621094,1.0,0.0
2020-01-03 12:30:00-05:00,MyStrategy,fc4a407e1cbc413db5647c1f5d3c345a,SPY,buy,market,new,1,gtc,0.0,1,stock,,,
2020-01-03 12:30:00-05:00,MyStrategy,fc4a407e1cbc413db5647c1f5d3c345a,SPY,buy,market,fill,1,gtc,0.0,1,stock,321.1600036621094,1.0,0.0
2020-01-03 15:30:00-05:00,MyStrategy,ac838e2caa55472884d4e41519cb8239,SPY,buy,market,new,1,gtc,0.0,1,stock,,,
2020-01-03 15:30:00-05:00,MyStrategy,ac838e2caa55472884d4e41519cb8239,SPY,buy,market,fill,1,gtc,0.0,1,stock,321.1600036621094,1.0,0.0
2020-01-06 09:30:00-05:00,MyStrategy,4e9e4808530542999ed3246a5297343a,SPY,buy,market,new,1,gtc,0.0,1,stock,,,
2020-01-06 09:30:00-05:00,MyStrategy,4e9e4808530542999ed3246a5297343a,SPY,buy,market,fill,1,gtc,0.0,1,stock,320.489990234375,1.0,0.0
2020-01-06 12:30:00-05:00,MyStrategy,ff0d053fea1e403da554bb1d21fbcea4,SPY,buy,market,new,1,gtc,0.0,1,stock,,,
2020-01-06 12:30:00-05:00,MyStrategy,ff0d053fea1e403da554bb1d21fbcea4,SPY,buy,market,fill,1,gtc,0.0,1,stock,320.489990234375,1.0,0.0
2020-01-06 15:30:00-05:00,MyStrategy,234b5dc8e577434c81cfee02d1abef9a,SPY,buy,market,new,1,gtc,0.0,1,stock,,,
2020-01-06 15:30:00-05:00,MyStrategy,234b5dc8e577434c81cfee02d1abef9a,SPY,buy,market,fill,1,gtc,0.0,1,stock,320.489990234375,1.0,0.0
2020-01-07 09:30:00-05:00,MyStrategy,f1ad475c9acf4f82ba292a7ed878130d,SPY,buy,market,new,1,gtc,0.0,1,stock,,,
2020-01-07 09:30:00-05:00,MyStrategy,f1ad475c9acf4f82ba292a7ed878130d,SPY,buy,market,fill,1,gtc,0.0,1,stock,323.0199890136719,1.0,0.0
2020-01-07 12:30:00-05:00,MyStrategy,bec13c0bba1d485e8bd89b4028929769,SPY,buy,market,new,1,gtc,0.0,1,stock,,,
2020-01-07 12:30:00-05:00,MyStrategy,bec13c0bba1d485e8bd89b4028929769,SPY,buy,market,fill,1,gtc,0.0,1,stock,323.0199890136719,1.0,0.0
2020-01-07 15:30:00-05:00,MyStrategy,bd2d41fa528047f8bbf4cf07551b09ee,SPY,buy,market,new,1,gtc,0.0,1,stock,,,
2020-01-07 15:30:00-05:00,MyStrategy,bd2d41fa528047f8bbf4cf07551b09ee,SPY,buy,market,fill,1,gtc,0.0,1,stock,323.0199890136719,1.0,0.0
2020-01-08 09:30:00-05:00,MyStrategy,c4ff25ae104a4e57b7cd6b16ae9d56a5,SPY,buy,market,new,1,gtc,0.0,1,stock,,,
2020-01-08 09:30:00-05:00,MyStrategy,c4ff25ae104a4e57b7cd6b16ae9d56a5,SPY,buy,market,fill,1,gtc,0.0,1,stock,322.94000244140625,1.0,0.0
2020-01-08 12:30:00-05:00,MyStrategy,8343437eab604301915d864d1bf132c9,SPY,buy,market,new,1,gtc,0.0,1,stock,,,
2020-01-08 12:30:00-05:00,MyStrategy,8343437eab604301915d864d1bf132c9,SPY,buy,market,fill,1,gtc,0.0,1,stock,322.94000244140625,1.0,0.0
2020-01-08 15:30:00-05:00,MyStrategy,302d109059724a3293682f75fc1942ab,SPY,buy,market,new,1,gtc,0.0,1,stock,,,
2020-01-08 15:30:00-05:00,MyStrategy,302d109059724a3293682f75fc1942ab,SPY,buy,market,fill,1,gtc,0.0,1,stock,322.94000244140625,1.0,0.0
2020-01-09 09:30:00-05:00,MyStrategy,7ba72677f68e402b9042fb6fa142acf3,SPY,buy,market,new,1,gtc,0.0,1,stock,,,
2020-01-09 09:30:00-05:00,MyStrategy,7ba72677f68e402b9042fb6fa142acf3,SPY,buy,market,fill,1,gtc,0.0,1,stock,326.1600036621094,1.0,0.0
2020-01-09 12:30:00-05:00,MyStrategy,3edd3a04ee1045fd9fe01e06bac105a4,SPY,buy,market,new,1,gtc,0.0,1,stock,,,
2020-01-09 12:30:00-05:00,MyStrategy,3edd3a04ee1045fd9fe01e06bac105a4,SPY,buy,market,fill,1,gtc,0.0,1,stock,326.1600036621094,1.0,0.0
2020-01-09 15:30:00-05:00,MyStrategy,d147d3c16b6c4a1ba17ed8d973386a41,SPY,buy,market,new,1,gtc,0.0,1,stock,,,
2020-01-09 15:30:00-05:00,MyStrategy,d147d3c16b6c4a1ba17ed8d973386a41,SPY,buy,market,fill,1,gtc,0.0,1,stock,326.1600036621094,1.0,0.0
2020-01-10 09:30:00-05:00,MyStrategy,873ba8005d734401bbc9de4bfb414559,SPY,buy,market,new,1,gtc,0.0,1,stock,,,
2020-01-10 09:30:00-05:00,MyStrategy,873ba8005d734401bbc9de4bfb414559,SPY,buy,market,fill,1,gtc,0.0,1,stock,327.2900085449219,1.0,0.0
2020-01-10 12:30:00-05:00,MyStrategy,b56a4b108de44a08acc5715f446aa9a6,SPY,buy,market,new,1,gtc,0.0,1,stock,,,
2020-01-10 12:30:00-05:00,MyStrategy,b56a4b108de44a08acc5715f446aa9a6,SPY,buy,market,fill,1,gtc,0.0,1,stock,327.2900085449219,1.0,0.0
2020-01-10 15:30:00-05:00,MyStrategy,c0a2f9492ee14ae980cb8d1ef44393ae,SPY,buy,market,new,1,gtc,0.0,1,stock,,,
2020-01-10 15:30:00-05:00,MyStrategy,c0a2f9492ee14ae980cb8d1ef44393ae,SPY,buy,market,fill,1,gtc,0.0,1,stock,327.2900085449219,1.0,0.0
2020-01-13 09:30:00-05:00,MyStrategy,4a49df4f5b6545359331c2fcea5ddb0f,SPY,buy,market,new,1,gtc,0.0,1,stock,,,
2020-01-13 09:30:00-05:00,MyStrategy,4a49df4f5b6545359331c2fcea5ddb0f,SPY,buy,market,fill,1,gtc,0.0,1,stock,326.3900146484375,1.0,0.0
2020-01-13 12:30:00-05:00,MyStrategy,c0c53e79511347d3b767f79217bf4ac2,SPY,buy,market,new,1,gtc,0.0,1,stock,,,
2020-01-13 12:30:00-05:00,MyStrategy,c0c53e79511347d3b767f79217bf4ac2,SPY,buy,market,fill,1,gtc,0.0,1,stock,326.3900146484375,1.0,0.0
2020-01-13 15:30:00-05:00,MyStrategy,2125d18174b2419688fd96b6f342059e,SPY,buy,market,new,1,gtc,0.0,1,stock,,,
2020-01-13 15:30:00-05:00,MyStrategy,2125d18174b2419688fd96b6f342059e,SPY,buy,market,fill,1,gtc,0.0,1,stock,326.3900146484375,1.0,0.0
2020-01-14 09:30:00-05:00,MyStrategy,585e2d7e4bde4d5998d19dd87c30f650,SPY,buy,market,new,1,gtc,0.0,1,stock,,,
2020-01-14 09:30:00-05:00,MyStrategy,585e2d7e4bde4d5998d19dd87c30f650,SPY,buy,market,fill,1,gtc,0.0,1,stock,327.4700012207031,1.0,0.0
2020-01-14 12:30:00-05:00,MyStrategy,7b13f9b765f849f0b21e2b4edc2a181f,SPY,buy,market,new,1,gtc,0.0,1,stock,,,
2020-01-14 12:30:00-05:00,MyStrategy,7b13f9b765f849f0b21e2b4edc2a181f,SPY,buy,market,fill,1,gtc,0.0,1,stock,327.4700012207031,1.0,0.0
2020-01-14 15:30:00-05:00,MyStrategy,1c49f4f726a744f388008734311bbb51,SPY,buy,market,new,1,gtc,0.0,1,stock,,,
2020-01-14 15:30:00-05:00,MyStrategy,1c49f4f726a744f388008734311bbb51,SPY,buy,market,fill,1,gtc,0.0,1,stock,327.4700012207031,1.0,0.0
2020-01-15 09:30:00-05:00,MyStrategy,58492621914d4089ba6e0230f7a5d372,SPY,buy,market,new,1,gtc,0.0,1,stock,,,
2020-01-15 09:30:00-05:00,MyStrategy,58492621914d4089ba6e0230f7a5d372,SPY,buy,market,fill,1,gtc,0.0,1,stock,327.3500061035156,1.0,0.0
2020-01-15 12:30:00-05:00,MyStrategy,13ee81fbf8304053b00a03bda8c921d0,SPY,buy,market,new,1,gtc,0.0,1,stock,,,
2020-01-15 12:30:00-05:00,MyStrategy,13ee81fbf8304053b00a03bda8c921d0,SPY,buy,market,fill,1,gtc,0.0,1,stock,327.3500061035156,1.0,0.0
2020-01-15 15:30:00-05:00,MyStrategy,a14882d9a1584bb9b06efb3258428a0f,SPY,buy,market,new,1,gtc,0.0,1,stock,,,
2020-01-15 15:30:00-05:00,MyStrategy,a14882d9a1584bb9b06efb3258428a0f,SPY,buy,market,fill,1,gtc,0.0,1,stock,327.3500061035156,1.0,0.0
2020-01-16 09:30:00-05:00,MyStrategy,499f15fcf3ae490aa54a2997aa969b84,SPY,buy,market,new,1,gtc,0.0,1,stock,,,
2020-01-16 09:30:00-05:00,MyStrategy,499f15fcf3ae490aa54a2997aa969b84,SPY,buy,market,fill,1,gtc,0.0,1,stock,329.70001220703125,1.0,0.0
2020-01-16 12:30:00-05:00,MyStrategy,e8b2f36a20a64d4e91a1757b5692fc72,SPY,buy,market,new,1,gtc,0.0,1,stock,,,
2020-01-16 12:30:00-05:00,MyStrategy,e8b2f36a20a64d4e91a1757b5692fc72,SPY,buy,market,fill,1,gtc,0.0,1,stock,329.70001220703125,1.0,0.0
2020-01-16 15:30:00-05:00,MyStrategy,8fc06952f0ed4e7ba400a22399de0443,SPY,buy,market,new,1,gtc,0.0,1,stock,,,
2020-01-16 15:30:00-05:00,MyStrategy,8fc06952f0ed4e7ba400a22399de0443,SPY,buy,market,fill,1,gtc,0.0,1,stock,329.70001220703125,1.0,0.0
2020-01-17 09:30:00-05:00,MyStrategy,6321c5428d0a4843a33443d328716ac5,SPY,buy,market,new,1,gtc,0.0,1,stock,,,
2020-01-17 09:30:00-05:00,MyStrategy,6321c5428d0a4843a33443d328716ac5,SPY,buy,market,fill,1,gtc,0.0,1,stock,331.70001220703125,1.0,0.0
2020-01-17 12:30:00-05:00,MyStrategy,55531c8f790142988faa857820d0202f,SPY,buy,market,new,1,gtc,0.0,1,stock,,,
2020-01-17 12:30:00-05:00,MyStrategy,55531c8f790142988faa857820d0202f,SPY,buy,market,fill,1,gtc,0.0,1,stock,331.70001220703125,1.0,0.0
2020-01-17 15:30:00-05:00,MyStrategy,cd6d6a5837b449028750b42fb4bba36d,SPY,buy,market,new,1,gtc,0.0,1,stock,,,
2020-01-17 15:30:00-05:00,MyStrategy,cd6d6a5837b449028750b42fb4bba36d,SPY,buy,market,fill,1,gtc,0.0,1,stock,331.70001220703125,1.0,0.0
2020-01-21 09:30:00-05:00,MyStrategy,515c918dc37a4b39ac85fec39a228f32,SPY,buy,market,new,1,gtc,0.0,1,stock,,,
2020-01-21 09:30:00-05:00,MyStrategy,515c918dc37a4b39ac85fec39a228f32,SPY,buy,market,fill,1,gtc,0.0,1,stock,330.8999938964844,1.0,0.0
2020-01-21 12:30:00-05:00,MyStrategy,3e2568e6d5324abb928f8b7e09651469,SPY,buy,market,new,1,gtc,0.0,1,stock,,,
2020-01-21 12:30:00-05:00,MyStrategy,3e2568e6d5324abb928f8b7e09651469,SPY,buy,market,fill,1,gtc,0.0,1,stock,330.8999938964844,1.0,0.0
2020-01-21 15:30:00-05:00,MyStrategy,a78931528e9044fe8b0e1cf1f4c1865b,SPY,buy,market,new,1,gtc,0.0,1,stock,,,
2020-01-21 15:30:00-05:00,MyStrategy,a78931528e9044fe8b0e1cf1f4c1865b,SPY,buy,market,fill,1,gtc,0.0,1,stock,330.8999938964844,1.0,0.0
2020-01-22 09:30:00-05:00,MyStrategy,8754d3b7dfdc441a96262a7dc1ead6c4,SPY,buy,market,new,1,gtc,0.0,1,stock,,,
2020-01-22 09:30:00-05:00,MyStrategy,8754d3b7dfdc441a96262a7dc1ead6c4,SPY,buy,market,fill,1,gtc,0.0,1,stock,332.239990234375,1.0,0.0
2020-01-22 12:30:00-05:00,MyStrategy,5d64bf50a6f14f07b8e62fde13d50901,SPY,buy,market,new,1,gtc,0.0,1,stock,,,
2020-01-22 12:30:00-05:00,MyStrategy,5d64bf50a6f14f07b8e62fde13d50901,SPY,buy,market,fill,1,gtc,0.0,1,stock,332.239990234375,1.0,0.0
2020-01-22 15:30:00-05:00,MyStrategy,92add57e7d8444b288487cbcb5ef8e44,SPY,buy,market,new,1,gtc,0.0,1,stock,,,
2020-01-22 15:30:00-05:00,MyStrategy,92add57e7d8444b288487cbcb5ef8e44,SPY,buy,market,fill,1,gtc,0.0,1,stock,332.239990234375,1.0,0.0
2020-01-23 09:30:00-05:00,MyStrategy,e1064e5790814c979d157f5ae24e0420,SPY,buy,market,new,1,gtc,0.0,1,stock,,,
2020-01-23 09:30:00-05:00,MyStrategy,e1064e5790814c979d157f5ae24e0420,SPY,buy,market,fill,1,gtc,0.0,1,stock,330.6300048828125,1.0,0.0
2020-01-23 12:30:00-05:00,MyStrategy,6b8913ffd2064799bd8e65ddb2f903c0,SPY,buy,market,new,1,gtc,0.0,1,stock,,,
2020-01-23 12:30:00-05:00,MyStrategy,6b8913ffd2064799bd8e65ddb2f903c0,SPY,buy,market,fill,1,gtc,0.0,1,stock,330.6300048828125,1.0,0.0
2020-01-23 15:30:00-05:00,MyStrategy,e5aaaf566d5c406095339367dbdda98c,SPY,buy,market,new,1,gtc,0.0,1,stock,,,
2020-01-23 15:30:00-05:00,MyStrategy,e5aaaf566d5c406095339367dbdda98c,SPY,buy,market,fill,1,gtc,0.0,1,stock,330.6300048828125,1.0,0.0
2020-01-24 09:30:00-05:00,MyStrategy,7dbc2a26685d4a5eb444086497cdb63d,SPY,buy,market,new,1,gtc,0.0,1,stock,,,
2020-01-24 09:30:00-05:00,MyStrategy,7dbc2a26685d4a5eb444086497cdb63d,SPY,buy,market,fill,1,gtc,0.0,1,stock,332.44000244140625,1.0,0.0
2020-01-24 12:30:00-05:00,MyStrategy,27a0107cb48e404a9896f4515500c0e0,SPY,buy,market,new,1,gtc,0.0,1,stock,,,
2020-01-24 12:30:00-05:00,MyStrategy,27a0107cb48e404a9896f4515500c0e0,SPY,buy,market,fill,1,gtc,0.0,1,stock,332.44000244140625,1.0,0.0
2020-01-24 15:30:00-05:00,MyStrategy,cbef8c33cde5457e9355f27942899fa5,SPY,buy,market,new,1,gtc,0.0,1,stock,,,
2020-01-24 15:30:00-05:00,MyStrategy,cbef8c33cde5457e9355f27942899fa5,SPY,buy,market,fill,1,gtc,0.0,1,stock,332.44000244140625,1.0,0.0
2020-01-27 09:30:00-05:00,MyStrategy,abf7c0154c234724b17e1790bca6f54f,SPY,buy,market,new,1,gtc,0.0,1,stock,,,
2020-01-27 09:30:00-05:00,MyStrategy,abf7c0154c234724b17e1790bca6f54f,SPY,buy,market,fill,1,gtc,0.0,1,stock,323.0299987792969,1.0,0.0
2020-01-27 12:30:00-05:00,MyStrategy,4e3a9817cddf4d43a486740047818a4e,SPY,buy,market,new,1,gtc,0.0,1,stock,,,
2020-01-27 12:30:00-05:00,MyStrategy,4e3a9817cddf4d43a486740047818a4e,SPY,buy,market,fill,1,gtc,0.0,1,stock,323.0299987792969,1.0,0.0
2020-01-27 15:30:00-05:00,MyStrategy,f70c6361ca9645b1b449599ce79a42ae,SPY,buy,market,new,1,gtc,0.0,1,stock,,,
2020-01-27 15:30:00-05:00,MyStrategy,f70c6361ca9645b1b449599ce79a42ae,SPY,buy,market,fill,1,gtc,0.0,1,stock,323.0299987792969,1.0,0.0
2020-01-28 09:30:00-05:00,MyStrategy,e89162765aa44249a622578031db7734,SPY,buy,market,new,1,gtc,0.0,1,stock,,,
2020-01-28 09:30:00-05:00,MyStrategy,e89162765aa44249a622578031db7734,SPY,buy,market,fill,1,gtc,0.0,1,stock,325.05999755859375,1.0,0.0
2020-01-28 12:30:00-05:00,MyStrategy,f61ea0ddcddd4ecc831847a5c4bd292c,SPY,buy,market,new,1,gtc,0.0,1,stock,,,
2020-01-28 12:30:00-05:00,MyStrategy,f61ea0ddcddd4ecc831847a5c4bd292c,SPY,buy,market,fill,1,gtc,0.0,1,stock,325.05999755859375,1.0,0.0
2020-01-28 15:30:00-05:00,MyStrategy,a825a16cfe5549c0bce6fc251025f6c8,SPY,buy,market,new,1,gtc,0.0,1,stock,,,
2020-01-28 15:30:00-05:00,MyStrategy,a825a16cfe5549c0bce6fc251025f6c8,SPY,buy,market,fill,1,gtc,0.0,1,stock,325.05999755859375,1.0,0.0
2020-01-29 09:30:00-05:00,MyStrategy,e0bf9439eb9f41feab520bfa662439c4,SPY,buy,market,new,1,gtc,0.0,1,stock,,,
2020-01-29 09:30:00-05:00,MyStrategy,e0bf9439eb9f41feab520bfa662439c4,SPY,buy,market,fill,1,gtc,0.0,1,stock,328.3800048828125,1.0,0.0
2020-01-29 12:30:00-05:00,MyStrategy,7298e2fdc7ad4c1986553f794d2303e7,SPY,buy,market,new,1,gtc,0.0,1,stock,,,
2020-01-29 12:30:00-05:00,MyStrategy,7298e2fdc7ad4c1986553f794d2303e7,SPY,buy,market,fill,1,gtc,0.0,1,stock,328.3800048828125,1.0,0.0
2020-01-29 15:30:00-05:00,MyStrategy,a830abfd63924a869ac5548c61decc8a,SPY,buy,market,new,1,gtc,0.0,1,stock,,,
2020-01-29 15:30:00-05:00,MyStrategy,a830abfd63924a869ac5548c61decc8a,SPY,buy,market,fill,1,gtc,0.0,1,stock,328.3800048828125,1.0,0.0
2020-01-30 09:30:00-05:00,MyStrategy,0b019aaafaeb471ba6b12587cc9ec92c,SPY,buy,market,new,1,gtc,0.0,1,stock,,,
2020-01-30 09:30:00-05:00,MyStrategy,0b019aaafaeb471ba6b12587cc9ec92c,SPY,buy,market,fill,1,gtc,0.0,1,stock,324.3599853515625,1.0,0.0
2020-01-30 12:30:00-05:00,MyStrategy,858e645859b849beaa457394e1307059,SPY,buy,market,new,1,gtc,0.0,1,stock,,,
2020-01-30 12:30:00-05:00,MyStrategy,858e645859b849beaa457394e1307059,SPY,buy,market,fill,1,gtc,0.0,1,stock,324.3599853515625,1.0,0.0
2020-01-30 15:30:00-05:00,MyStrategy,1030e68977b743cbaa5f656ffa98d28c,SPY,buy,market,new,1,gtc,0.0,1,stock,,,
2020-01-30 15:30:00-05:00,MyStrategy,1030e68977b743cbaa5f656ffa98d28c,SPY,buy,market,fill,1,gtc,0.0,1,stock,324.3599853515625,1.0,0.0
2020-01-31 09:30:00-05:00,MyStrategy,b8b543a017824cb38207c22dd18f6c04,SPY,buy,market,new,1,gtc,0.0,1,stock,,,
2020-01-31 09:30:00-05:00,MyStrategy,b8b543a017824cb38207c22dd18f6c04,SPY,buy,market,fill,1,gtc,0.0,1,stock,327.0,1.0,0.0
2020-01-31 12:30:00-05:00,MyStrategy,db19ea159ca4433e826154376eb80fe8,SPY,buy,market,new,1,gtc,0.0,1,stock,,,
2020-01-31 12:30:00-05:00,MyStrategy,db19ea159ca4433e826154376eb80fe8,SPY,buy,market,fill,1,gtc,0.0,1,stock,327.0,1.0,0.0
2020-01-31 15:30:00-05:00,MyStrategy,9f5acfacc23143c8aee53fba87aba81c,SPY,buy,market,new,1,gtc,0.0,1,stock,,,
2020-01-31 15:30:00-05:00,MyStrategy,9f5acfacc23143c8aee53fba87aba81c,SPY,buy,market,fill,1,gtc,0.0,1,stock,327.0,1.0,0.0
2020-02-03 09:30:00-05:00,MyStrategy,1f8fc3feed0f489b9a81810534494541,SPY,buy,market,new,1,gtc,0.0,1,stock,,,
2020-02-03 09:30:00-05:00,MyStrategy,1f8fc3feed0f489b9a81810534494541,SPY,buy,market,fill,1,gtc,0.0,1,stock,323.3500061035156,1.0,0.0
2020-02-03 12:30:00-05:00,MyStrategy,96517c9a0146472c9133cc363db53f86,SPY,buy,market,new,1,gtc,0.0,1,stock,,,
2020-02-03 12:30:00-05:00,MyStrategy,96517c9a0146472c9133cc363db53f86,SPY,buy,market,fill,1,gtc,0.0,1,stock,323.3500061035156,1.0,0.0
2020-02-03 15:30:00-05:00,MyStrategy,d9111ba02b4444e385f68ecaf578d214,SPY,buy,market,new,1,gtc,0.0,1,stock,,,
2020-02-03 15:30:00-05:00,MyStrategy,d9111ba02b4444e385f68ecaf578d214,SPY,buy,market,fill,1,gtc,0.0,1,stock,323.3500061035156,1.0,0.0
2020-02-04 09:30:00-05:00,MyStrategy,74c03318161d4fe3b2364d50f9159c0b,SPY,buy,market,new,1,gtc,0.0,1,stock,,,
2020-02-04 09:30:00-05:00,MyStrategy,74c03318161d4fe3b2364d50f9159c0b,SPY,buy,market,fill,1,gtc,0.0,1,stock,328.07000732421875,1.0,0.0
2020-02-04 12:30:00-05:00,MyStrategy,beb80a751c274c78a2d702f2c48487df,SPY,buy,market,new,1,gtc,0.0,1,stock,,,
2020-02-04 12:30:00-05:00,MyStrategy,beb80a751c274c78a2d702f2c48487df,SPY,buy,market,fill,1,gtc,0.0,1,stock,328.07000732421875,1.0,0.0
2020-02-04 15:30:00-05:00,MyStrategy,419a27ff8ad14ad09bfcdaae82da8274,SPY,buy,market,new,1,gtc,0.0,1,stock,,,
2020-02-04 15:30:00-05:00,MyStrategy,419a27ff8ad14ad09bfcdaae82da8274,SPY,buy,market,fill,1,gtc,0.0,1,stock,328.07000732421875,1.0,0.0
2020-02-05 09:30:00-05:00,MyStrategy,7eb8bba8fcf8455e8d96b81493b36515,SPY,buy,market,new,1,gtc,0.0,1,stock,,,
2020-02-05 09:30:00-05:00,MyStrategy,7eb8bba8fcf8455e8d96b81493b36515,SPY,buy,market,fill,1,gtc,0.0,1,stock,332.2699890136719,1.0,0.0
2020-02-05 12:30:00-05:00,MyStrategy,39b4f791114e46a9b260b694d0bc2cc0,SPY,buy,market,new,1,gtc,0.0,1,stock,,,
2020-02-05 12:30:00-05:00,MyStrategy,39b4f791114e46a9b260b694d0bc2cc0,SPY,buy,market,fill,1,gtc,0.0,1,stock,332.2699890136719,1.0,0.0
2020-02-05 15:30:00-05:00,MyStrategy,6a3a030bfd60499290217290ae0753d0,SPY,buy,market,new,1,gtc,0.0,1,stock,,,
2020-02-05 15:30:00-05:00,MyStrategy,6a3a030bfd60499290217290ae0753d0,SPY,buy,market,fill,1,gtc,0.0,1,stock,332.2699890136719,1.0,0.0
2020-02-06 09:30:00-05:00,MyStrategy,53efd4b897c949e39cf53f62882610a0,SPY,buy,market,new,1,gtc,0.0,1,stock,,,
2020-02-06 09:30:00-05:00,MyStrategy,53efd4b897c949e39cf53f62882610a0,SPY,buy,market,fill,1,gtc,0.0,1,stock,333.9100036621094,1.0,0.0
2020-02-06 12:30:00-05:00,MyStrategy,16f8117bc6974bbeb306b9fbab0dc5a5,SPY,buy,market,new,1,gtc,0.0,1,stock,,,
2020-02-06 12:30:00-05:00,MyStrategy,16f8117bc6974bbeb306b9fbab0dc5a5,SPY,buy,market,fill,1,gtc,0.0,1,stock,333.9100036621094,1.0,0.0
2020-02-06 15:30:00-05:00,MyStrategy,b107c3c3f05942a7a6b64d3253e6ca70,SPY,buy,market,new,1,gtc,0.0,1,stock,,,
2020-02-06 15:30:00-05:00,MyStrategy,b107c3c3f05942a7a6b64d3253e6ca70,SPY,buy,market,fill,1,gtc,0.0,1,stock,333.9100036621094,1.0,0.0
2020-02-07 09:30:00-05:00,MyStrategy,76b43ec4f2854584a5ccfd26d35d4b0e,SPY,buy,market,new,1,gtc,0.0,1,stock,,,
2020-02-07 09:30:00-05:00,MyStrategy,76b43ec4f2854584a5ccfd26d35d4b0e,SPY,buy,market,fill,1,gtc,0.0,1,stock,332.82000732421875,1.0,0.0
2020-02-07 12:30:00-05:00,MyStrategy,a1613a4e45954f0fae480aa6c1f78501,SPY,buy,market,new,1,gtc,0.0,1,stock,,,
2020-02-07 12:30:00-05:00,MyStrategy,a1613a4e45954f0fae480aa6c1f78501,SPY,buy,market,fill,1,gtc,0.0,1,stock,332.82000732421875,1.0,0.0
2020-02-07 15:30:00-05:00,MyStrategy,7989caf156a24d54b67dfb55436d9021,SPY,buy,market,new,1,gtc,0.0,1,stock,,,
2020-02-07 15:30:00-05:00,MyStrategy,7989caf156a24d54b67dfb55436d9021,SPY,buy,market,fill,1,gtc,0.0,1,stock,332.82000732421875,1.0,0.0
2020-02-10 09:30:00-05:00,MyStrategy,79429656f99145dbab0e0b08d51de55b,SPY,buy,market,new,1,gtc,0.0,1,stock,,,
2020-02-10 09:30:00-05:00,MyStrategy,79429656f99145dbab0e0b08d51de55b,SPY,buy,market,fill,1,gtc,0.0,1,stock,331.2300109863281,1.0,0.0
2020-02-10 12:30:00-05:00,MyStrategy,07a39d6910c94354bfcd5af8b27bf786,SPY,buy,market,new,1,gtc,0.0,1,stock,,,
2020-02-10 12:30:00-05:00,MyStrategy,07a39d6910c94354bfcd5af8b27bf786,SPY,buy,market,fill,1,gtc,0.0,1,stock,331.2300109863281,1.0,0.0
2020-02-10 15:30:00-05:00,MyStrategy,c5853a9e61c841638fa40109c6adf7a1,SPY,buy,market,new,1,gtc,0.0,1,stock,,,
2020-02-10 15:30:00-05:00,MyStrategy,c5853a9e61c841638fa40109c6adf7a1,SPY,buy,market,fill,1,gtc,0.0,1,stock,331.2300109863281,1.0,0.0
2020-02-11 09:30:00-05:00,MyStrategy,83287e3a15734f46a6c8aeb10a075c8c,SPY,buy,market,new,1,gtc,0.0,1,stock,,,
2020-02-11 09:30:00-05:00,MyStrategy,83287e3a15734f46a6c8aeb10a075c8c,SPY,buy,market,fill,1,gtc,0.0,1,stock,336.1600036621094,1.0,0.0
2020-02-11 12:30:00-05:00,MyStrategy,6ff57a8e7383427da25c2ffbc8aa5163,SPY,buy,market,new,1,gtc,0.0,1,stock,,,
2020-02-11 12:30:00-05:00,MyStrategy,6ff57a8e7383427da25c2ffbc8aa5163,SPY,buy,market,fill,1,gtc,0.0,1,stock,336.1600036621094,1.0,0.0
2020-02-11 15:30:00-05:00,MyStrategy,6a59d86f5fa74e4d849bd0c74883ab3c,SPY,buy,market,new,1,gtc,0.0,1,stock,,,
2020-02-11 15:30:00-05:00,MyStrategy,6a59d86f5fa74e4d849bd0c74883ab3c,SPY,buy,market,fill,1,gtc,0.0,1,stock,336.1600036621094,1.0,0.0
2020-02-12 09:30:00-05:00,MyStrategy,c2328ddd73a847698eeaf7b177d32aa9,SPY,buy,market,new,1,gtc,0.0,1,stock,,,
2020-02-12 09:30:00-05:00,MyStrategy,c2328ddd73a847698eeaf7b177d32aa9,SPY,buy,market,fill,1,gtc,0.0,1,stock,336.8299865722656,1.0,0.0
2020-02-12 12:30:00-05:00,MyStrategy,6c3f9ed74c8c4aa3ae4ef966472479f7,SPY,buy,market,new,1,gtc,0.0,1,stock,,,
2020-02-12 12:30:00-05:00,MyStrategy,6c3f9ed74c8c4aa3ae4ef966472479f7,SPY,buy,market,fill,1,gtc,0.0,1,stock,336.8299865722656,1.0,0.0
2020-02-12 15:30:00-05:00,MyStrategy,7353adc9006d49a2937b9400865cbdf4,SPY,buy,market,new,1,gtc,0.0,1,stock,,,
2020-02-12 15:30:00-05:00,MyStrategy,7353adc9006d49a2937b9400865cbdf4,SPY,buy,market,fill,1,gtc,0.0,1,stock,336.8299865722656,1.0,0.0
2020-02-13 09:30:00-05:00,MyStrategy,daa64d5211024e69bbcac62f4106db1f,SPY,buy,market,new,1,gtc,0.0,1,stock,,,
2020-02-13 09:30:00-05:00,MyStrategy,daa64d5211024e69bbcac62f4106db1f,SPY,buy,market,fill,1,gtc,0.0,1,stock,335.8599853515625,1.0,0.0
2020-02-13 12:30:00-05:00,MyStrategy,9328f5d8fbec4988a2bdbd52b00d7c4b,SPY,buy,market,new,1,gtc,0.0,1,stock,,,
2020-02-13 12:30:00-05:00,MyStrategy,9328f5d8fbec4988a2bdbd52b00d7c4b,SPY,buy,market,fill,1,gtc,0.0,1,stock,335.8599853515625,1.0,0.0
2020-02-13 15:30:00-05:00,MyStrategy,44e1f2361db14b688b252c2c1c3db687,SPY,buy,market,new,1,gtc,0.0,1,stock,,,
2020-02-13 15:30:00-05:00,MyStrategy,44e1f2361db14b688b252c2c1c3db687,SPY,buy,market,fill,1,gtc,0.0,1,stock,335.8599853515625,1.0,0.0
2020-02-14 09:30:00-05:00,MyStrategy,2750e0d1093c49ec933b0b5dad2aca53,SPY,buy,market,new,1,gtc,0.0,1,stock,,,
2020-02-14 09:30:00-05:00,MyStrategy,2750e0d1093c49ec933b0b5dad2aca53,SPY,buy,market,fill,1,gtc,0.0,1,stock,337.510009765625,1.0,0.0
2020-02-14 12:30:00-05:00,MyStrategy,959eea6164de42ff9c0206548498992d,SPY,buy,market,new,1,gtc,0.0,1,stock,,,
2020-02-14 12:30:00-05:00,MyStrategy,959eea6164de42ff9c0206548498992d,SPY,buy,market,fill,1,gtc,0.0,1,stock,337.510009765625,1.0,0.0
2020-02-14 15:30:00-05:00,MyStrategy,ade4a16d40ec46ef90108ce2b84cdf08,SPY,buy,market,new,1,gtc,0.0,1,stock,,,
2020-02-14 15:30:00-05:00,MyStrategy,ade4a16d40ec46ef90108ce2b84cdf08,SPY,buy,market,fill,1,gtc,0.0,1,stock,337.510009765625,1.0,0.0
2020-02-18 09:30:00-05:00,MyStrategy,3fdb182474014446b08ad3b6161d9048,SPY,buy,market,new,1,gtc,0.0,1,stock,,,
2020-02-18 09:30:00-05:00,MyStrategy,3fdb182474014446b08ad3b6161d9048,SPY,buy,market,fill,1,gtc,0.0,1,stock,336.510009765625,1.0,0.0
2020-02-18 12:30:00-05:00,MyStrategy,a63be17717294706ad02c2ca9feaa398,SPY,buy,market,new,1,gtc,0.0,1,stock,,,
2020-02-18 12:30:00-05:00,MyStrategy,a63be17717294706ad02c2ca9feaa398,SPY,buy,market,fill,1,gtc,0.0,1,stock,336.510009765625,1.0,0.0
2020-02-18 15:30:00-05:00,MyStrategy,59f80c90a10842488c95768c0eaa20a5,SPY,buy,market,new,1,gtc,0.0,1,stock,,,
2020-02-18 15:30:00-05:00,MyStrategy,59f80c90a10842488c95768c0eaa20a5,SPY,buy,market,fill,1,gtc,0.0,1,stock,336.510009765625,1.0,0.0
2020-02-19 09:30:00-05:00,MyStrategy,e6735f14fd5443d8978c7aa3bfcd9bad,SPY,buy,market,new,1,gtc,0.0,1,stock,,,
2020-02-19 09:30:00-05:00,MyStrategy,e6735f14fd5443d8978c7aa3bfcd9bad,SPY,buy,market,fill,1,gtc,0.0,1,stock,337.7900085449219,1.0,0.0
2020-02-19 12:30:00-05:00,MyStrategy,65e3cf7eb47c421fb0cc1e6a9116a06e,SPY,buy,market,new,1,gtc,0.0,1,stock,,,
2020-02-19 12:30:00-05:00,MyStrategy,65e3cf7eb47c421fb0cc1e6a9116a06e,SPY,buy,market,fill,1,gtc,0.0,1,stock,337.7900085449219,1.0,0.0
2020-02-19 15:30:00-05:00,MyStrategy,bae72e4834c34265b316be0eccce2183,SPY,buy,market,new,1,gtc,0.0,1,stock,,,
2020-02-19 15:30:00-05:00,MyStrategy,bae72e4834c34265b316be0eccce2183,SPY,buy,market,fill,1,gtc,0.0,1,stock,337.7900085449219,1.0,0.0
2020-02-20 09:30:00-05:00,MyStrategy,2b4171ac7b614bdb855a23412bb3b9f8,SPY,buy,market,new,1,gtc,0.0,1,stock,,,
2020-02-20 09:30:00-05:00,MyStrategy,2b4171ac7b614bdb855a23412bb3b9f8,SPY,buy,market,fill,1,gtc,0.0,1,stock,337.739990234375,1.0,0.0
2020-02-20 12:30:00-05:00,MyStrategy,1401c107715845d29cf3cf3f3b662156,SPY,buy,market,new,1,gtc,0.0,1,stock,,,
2020-02-20 12:30:00-05:00,MyStrategy,1401c107715845d29cf3cf3f3b662156,SPY,buy,market,fill,1,gtc,0.0,1,stock,337.739990234375,1.0,0.0
2020-02-20 15:30:00-05:00,MyStrategy,a0d25995052348ad8ef2e7d6ac60f35a,SPY,buy,market,new,1,gtc,0.0,1,stock,,,
2020-02-20 15:30:00-05:00,MyStrategy,a0d25995052348ad8ef2e7d6ac60f35a,SPY,buy,market,fill,1,gtc,0.0,1,stock,337.739990234375,1.0,0.0
2020-02-21 09:30:00-05:00,MyStrategy,b8e24932f46e408fa3bb463ffc5823d4,SPY,buy,market,new,1,gtc,0.0,1,stock,,,
2020-02-21 09:30:00-05:00,MyStrategy,b8e24932f46e408fa3bb463ffc5823d4,SPY,buy,market,fill,1,gtc,0.0,1,stock,335.4700012207031,1.0,0.0
2020-02-21 12:30:00-05:00,MyStrategy,39d24287ca41483694eaff8393a45068,SPY,buy,market,new,1,gtc,0.0,1,stock,,,
2020-02-21 12:30:00-05:00,MyStrategy,39d24287ca41483694eaff8393a45068,SPY,buy,market,fill,1,gtc,0.0,1,stock,335.4700012207031,1.0,0.0
2020-02-21 15:30:00-05:00,MyStrategy,aa33e58bb02a44aebfed9301b328e634,SPY,buy,market,new,1,gtc,0.0,1,stock,,,
2020-02-21 15:30:00-05:00,MyStrategy,aa33e58bb02a44aebfed9301b328e634,SPY,buy,market,fill,1,gtc,0.0,1,stock,335.4700012207031,1.0,0.0
2020-02-24 09:30:00-05:00,MyStrategy,ed89f61d5a6648c38f4e3c8f3067f725,SPY,buy,market,new,1,gtc,0.0,1,stock,,,
2020-02-24 09:30:00-05:00,MyStrategy,ed89f61d5a6648c38f4e3c8f3067f725,SPY,buy,market,fill,1,gtc,0.0,1,stock,323.1400146484375,1.0,0.0
2020-02-24 12:30:00-05:00,MyStrategy,7a58cab4dc234cad89250d2de66665cd,SPY,buy,market,new,1,gtc,0.0,1,stock,,,
2020-02-24 12:30:00-05:00,MyStrategy,7a58cab4dc234cad89250d2de66665cd,SPY,buy,market,fill,1,gtc,0.0,1,stock,323.1400146484375,1.0,0.0
2020-02-24 15:30:00-05:00,MyStrategy,d2d42102969f46c39eeb9a3f2d2993b8,SPY,buy,market,new,1,gtc,0.0,1,stock,,,
2020-02-24 15:30:00-05:00,MyStrategy,d2d42102969f46c39eeb9a3f2d2993b8,SPY,buy,market,fill,1,gtc,0.0,1,stock,323.1400146484375,1.0,0.0
2020-02-25 09:30:00-05:00,MyStrategy,4bd1e95af70d493f9513f89f806acba0,SPY,buy,market,new,1,gtc,0.0,1,stock,,,
2020-02-25 09:30:00-05:00,MyStrategy,4bd1e95af70d493f9513f89f806acba0,SPY,buy,market,fill,1,gtc,0.0,1,stock,323.94000244140625,1.0,0.0
2020-02-25 12:30:00-05:00,MyStrategy,88704734cdec46a89eb15d8fc48fcdaa,SPY,buy,market,new,1,gtc,0.0,1,stock,,,
2020-02-25 12:30:00-05:00,MyStrategy,88704734cdec46a89eb15d8fc48fcdaa,SPY,buy,market,fill,1,gtc,0.0,1,stock,323.94000244140625,1.0,0.0
2020-02-25 15:30:00-05:00,MyStrategy,3212e566f1374a03a142b05875040c4c,SPY,buy,market,new,1,gtc,0.0,1,stock,,,
2020-02-25 15:30:00-05:00,MyStrategy,3212e566f1374a03a142b05875040c4c,SPY,buy,market,fill,1,gtc,0.0,1,stock,323.94000244140625,1.0,0.0
2020-02-26 09:30:00-05:00,MyStrategy,7ce20e779fb84ab5a1ee6e0cc7dda281,SPY,buy,market,new,1,gtc,0.0,1,stock,,,
2020-02-26 09:30:00-05:00,MyStrategy,7ce20e779fb84ab5a1ee6e0cc7dda281,SPY,buy,market,fill,1,gtc,0.0,1,stock,314.17999267578125,1.0,0.0
2020-02-26 12:30:00-05:00,MyStrategy,4c72c5558c0b4464a307f74ac6e8645c,SPY,buy,market,new,1,gtc,0.0,1,stock,,,
2020-02-26 12:30:00-05:00,MyStrategy,4c72c5558c0b4464a307f74ac6e8645c,SPY,buy,market,fill,1,gtc,0.0,1,stock,314.17999267578125,1.0,0.0
2020-02-26 15:30:00-05:00,MyStrategy,0215aad8762347b39517ef946923aeb8,SPY,buy,market,new,1,gtc,0.0,1,stock,,,
2020-02-26 15:30:00-05:00,MyStrategy,0215aad8762347b39517ef946923aeb8,SPY,buy,market,fill,1,gtc,0.0,1,stock,314.17999267578125,1.0,0.0
2020-02-27 09:30:00-05:00,MyStrategy,a97ae8c1c39f44fd957c171130d82e64,SPY,buy,market,new,1,gtc,0.0,1,stock,,,
2020-02-27 09:30:00-05:00,MyStrategy,a97ae8c1c39f44fd957c171130d82e64,SPY,buy,market,fill,1,gtc,0.0,1,stock,305.4599914550781,1.0,0.0
2020-02-27 12:30:00-05:00,MyStrategy,dbab1978172f4297b4b7ef140b266b18,SPY,buy,market,new,1,gtc,0.0,1,stock,,,
2020-02-27 12:30:00-05:00,MyStrategy,dbab1978172f4297b4b7ef140b266b18,SPY,buy,market,fill,1,gtc,0.0,1,stock,305.4599914550781,1.0,0.0
2020-02-27 15:30:00-05:00,MyStrategy,eaf6355d4d16485586e7545444029685,SPY,buy,market,new,1,gtc,0.0,1,stock,,,
2020-02-27 15:30:00-05:00,MyStrategy,eaf6355d4d16485586e7545444029685,SPY,buy,market,fill,1,gtc,0.0,1,stock,305.4599914550781,1.0,0.0
2020-02-28 09:30:00-05:00,MyStrategy,f6ac6e5c33b54bb9a01c054c60289d69,SPY,buy,market,new,1,gtc,0.0,1,stock,,,
2020-02-28 09:30:00-05:00,MyStrategy,f6ac6e5c33b54bb9a01c054c60289d69,SPY,buy,market,fill,1,gtc,0.0,1,stock,288.70001220703125,1.0,0.0
2020-02-28 12:30:00-05:00,MyStrategy,68d9e8c2638044adb2e05b16c4cfdd56,SPY,buy,market,new,1,gtc,0.0,1,stock,,,
2020-02-28 12:30:00-05:00,MyStrategy,68d9e8c2638044adb2e05b16c4cfdd56,SPY,buy,market,fill,1,gtc,0.0,1,stock,288.70001220703125,1.0,0.0
2020-02-28 15:30:00-05:00,MyStrategy,a79d797d04ab4a8eaa729e7816c99a5a,SPY,buy,market,new,1,gtc,0.0,1,stock,,,
2020-02-28 15:30:00-05:00,MyStrategy,a79d797d04ab4a8eaa729e7816c99a5a,SPY,buy,market,fill,1,gtc,0.0,1,stock,288.70001220703125,1.0,0.0
2020-03-02 09:30:00-05:00,MyStrategy,d4e48246bf774ce8a0577d87cffea02c,SPY,buy,market,new,1,gtc,0.0,1,stock,,,
2020-03-02 09:30:00-05:00,MyStrategy,d4e48246bf774ce8a0577d87cffea02c,SPY,buy,market,fill,1,gtc,0.0,1,stock,298.2099914550781,1.0,0.0
2020-03-02 12:30:00-05:00,MyStrategy,e4b99d989ab649fab39de3daf06f13cd,SPY,buy,market,new,1,gtc,0.0,1,stock,,,
2020-03-02 12:30:00-05:00,MyStrategy,e4b99d989ab649fab39de3daf06f13cd,SPY,buy,market,fill,1,gtc,0.0,1,stock,298.2099914550781,1.0,0.0
2020-03-02 15:30:00-05:00,MyStrategy,5c9b196f457c4d2e9c0c08c853e7a8fd,SPY,buy,market,new,1,gtc,0.0,1,stock,,,
2020-03-02 15:30:00-05:00,MyStrategy,5c9b196f457c4d2e9c0c08c853e7a8fd,SPY,buy,market,fill,1,gtc,0.0,1,stock,298.2099914550781,1.0,0.0
2020-03-03 09:30:00-05:00,MyStrategy,a8661c765aae4966a7add896411aa2c0,SPY,buy,market,new,1,gtc,0.0,1,stock,,,
2020-03-03 09:30:00-05:00,MyStrategy,a8661c765aae4966a7add896411aa2c0,SPY,buy,market,fill,1,gtc,0.0,1,stock,309.5,1.0,0.0
2020-03-03 12:30:00-05:00,MyStrategy,358b92c93de842f0a3b4d88c0a015e44,SPY,buy,market,new,1,gtc,0.0,1,stock,,,
2020-03-03 12:30:00-05:00,MyStrategy,358b92c93de842f0a3b4d88c0a015e44,SPY,buy,market,fill,1,gtc,0.0,1,stock,309.5,1.0,0.0
2020-03-03 15:30:00-05:00,MyStrategy,b799e42453e94e8ea113b33952c9dd8f,SPY,buy,market,new,1,gtc,0.0,1,stock,,,
2020-03-03 15:30:00-05:00,MyStrategy,b799e42453e94e8ea113b33952c9dd8f,SPY,buy,market,fill,1,gtc,0.0,1,stock,309.5,1.0,0.0
2020-03-04 09:30:00-05:00,MyStrategy,7e08643687d940fab096db96a123873e,SPY,buy,market,new,1,gtc,0.0,1,stock,,,
2020-03-04 09:30:00-05:00,MyStrategy,7e08643687d940fab096db96a123873e,SPY,buy,market,fill,1,gtc,0.0,1,stock,306.1199951171875,1.0,0.0
2020-03-04 12:30:00-05:00,MyStrategy,608c4889914e444d8800c18d09e4a908,SPY,buy,market,new,1,gtc,0.0,1,stock,,,
2020-03-04 12:30:00-05:00,MyStrategy,608c4889914e444d8800c18d09e4a908,SPY,buy,market,fill,1,gtc,0.0,1,stock,306.1199951171875,1.0,0.0
2020-03-04 15:30:00-05:00,MyStrategy,0eb7cebd6f764805a2251b38354b6488,SPY,buy,market,new,1,gtc,0.0,1,stock,,,
2020-03-04 15:30:00-05:00,MyStrategy,0eb7cebd6f764805a2251b38354b6488,SPY,buy,market,fill,1,gtc,0.0,1,stock,306.1199951171875,1.0,0.0
2020-03-05 09:30:00-05:00,MyStrategy,809f069c8f194bf88d33fea9d7e14436,SPY,buy,market,new,1,gtc,0.0,1,stock,,,
2020-03-05 09:30:00-05:00,MyStrategy,809f069c8f194bf88d33fea9d7e14436,SPY,buy,market,fill,1,gtc,0.0,1,stock,304.9800109863281,1.0,0.0
2020-03-05 12:30:00-05:00,MyStrategy,e446255dbbe74ae2a5921a5c7fa4b9d0,SPY,buy,market,new,1,gtc,0.0,1,stock,,,
2020-03-05 12:30:00-05:00,MyStrategy,e446255dbbe74ae2a5921a5c7fa4b9d0,SPY,buy,market,fill,1,gtc,0.0,1,stock,304.9800109863281,1.0,0.0
2020-03-05 15:30:00-05:00,MyStrategy,cb975764b1ad41bc9e2a8486a9107650,SPY,buy,market,new,1,gtc,0.0,1,stock,,,
2020-03-05 15:30:00-05:00,MyStrategy,cb975764b1ad41bc9e2a8486a9107650,SPY,buy,market,fill,1,gtc,0.0,1,stock,304.9800109863281,1.0,0.0
2020-03-06 09:30:00-05:00,MyStrategy,8be598523efe4a32bc1d834e59d4d180,SPY,buy,market,new,1,gtc,0.0,1,stock,,,
2020-03-06 09:30:00-05:00,MyStrategy,8be598523efe4a32bc1d834e59d4d180,SPY,buy,market,fill,1,gtc,0.0,1,stock,293.1499938964844,1.0,0.0
2020-03-06 12:30:00-05:00,MyStrategy,3eb63aecab724063ab812bc4457ec51f,SPY,buy,market,new,1,gtc,0.0,1,stock,,,
2020-03-06 12:30:00-05:00,MyStrategy,3eb63aecab724063ab812bc4457ec51f,SPY,buy,market,fill,1,gtc,0.0,1,stock,293.1499938964844,1.0,0.0
2020-03-06 15:30:00-05:00,MyStrategy,f59f3432e10942b5abec49a5f9cf47d0,SPY,buy,market,new,1,gtc,0.0,1,stock,,,
2020-03-06 15:30:00-05:00,MyStrategy,f59f3432e10942b5abec49a5f9cf47d0,SPY,buy,market,fill,1,gtc,0.0,1,stock,293.1499938964844,1.0,0.0
2020-03-09 09:30:00-04:00,MyStrategy,002e415c4172466c91faee7b2764abb2,SPY,buy,market,new,1,gtc,0.0,1,stock,,,
2020-03-09 09:30:00-04:00,MyStrategy,002e415c4172466c91faee7b2764abb2,SPY,buy,market,fill,1,gtc,0.0,1,stock,275.29998779296875,1.0,0.0
2020-03-09 12:30:00-04:00,MyStrategy,889af0b2f8764d50a8e7826bc3b8081e,SPY,buy,market,new,1,gtc,0.0,1,stock,,,
2020-03-09 12:30:00-04:00,MyStrategy,889af0b2f8764d50a8e7826bc3b8081e,SPY,buy,market,fill,1,gtc,0.0,1,stock,275.29998779296875,1.0,0.0
2020-03-09 15:30:00-04:00,MyStrategy,d1cc979a85174e8ab137e376ca2bb332,SPY,buy,market,new,1,gtc,0.0,1,stock,,,
2020-03-09 15:30:00-04:00,MyStrategy,d1cc979a85174e8ab137e376ca2bb332,SPY,buy,market,fill,1,gtc,0.0,1,stock,275.29998779296875,1.0,0.0
2020-03-10 09:30:00-04:00,MyStrategy,3b819c559e0f45c990e3a0ae1caeece2,SPY,buy,market,new,1,gtc,0.0,1,stock,,,
2020-03-10 09:30:00-04:00,MyStrategy,3b819c559e0f45c990e3a0ae1caeece2,SPY,buy,market,fill,1,gtc,0.0,1,stock,284.6400146484375,1.0,0.0
2020-03-10 12:30:00-04:00,MyStrategy,01910d1e2b6a4f689e930b89d26518c4,SPY,buy,market,new,1,gtc,0.0,1,stock,,,
2020-03-10 12:30:00-04:00,MyStrategy,01910d1e2b6a4f689e930b89d26518c4,SPY,buy,market,fill,1,gtc,0.0,1,stock,284.6400146484375,1.0,0.0
2020-03-10 15:30:00-04:00,MyStrategy,481c7ed820cd427b96f24f8593237d51,SPY,buy,market,new,1,gtc,0.0,1,stock,,,
2020-03-10 15:30:00-04:00,MyStrategy,481c7ed820cd427b96f24f8593237d51,SPY,buy,market,fill,1,gtc,0.0,1,stock,284.6400146484375,1.0,0.0
2020-03-11 09:30:00-04:00,MyStrategy,072842b234c948a1a81aa2ba16f958bc,SPY,buy,market,new,1,gtc,0.0,1,stock,,,
2020-03-11 09:30:00-04:00,MyStrategy,072842b234c948a1a81aa2ba16f958bc,SPY,buy,market,fill,1,gtc,0.0,1,stock,280.70001220703125,1.0,0.0
2020-03-11 12:30:00-04:00,MyStrategy,3de351994c064a98a67feaa1ef74ada9,SPY,buy,market,new,1,gtc,0.0,1,stock,,,
2020-03-11 12:30:00-04:00,MyStrategy,3de351994c064a98a67feaa1ef74ada9,SPY,buy,market,fill,1,gtc,0.0,1,stock,280.70001220703125,1.0,0.0
2020-03-11 15:30:00-04:00,MyStrategy,e184ee129edc4085b0823a9db73adef1,SPY,buy,market,new,1,gtc,0.0,1,stock,,,
2020-03-11 15:30:00-04:00,MyStrategy,e184ee129edc4085b0823a9db73adef1,SPY,buy,market,fill,1,gtc,0.0,1,stock,280.70001220703125,1.0,0.0
2020-03-12 09:30:00-04:00,MyStrategy,948d0d9a59814afc9fda0c125baaef62,SPY,buy,market,new,1,gtc,0.0,1,stock,,,
2020-03-12 09:30:00-04:00,MyStrategy,948d0d9a59814afc9fda0c125baaef62,SPY,buy,market,fill,1,gtc,0.0,1,stock,256.0,1.0,0.0
2020-03-12 12:30:00-04:00,MyStrategy,2bdc8ef526df45be8cdf3429a9c6c32f,SPY,buy,market,new,1,gtc,0.0,1,stock,,,
2020-03-12 12:30:00-04:00,MyStrategy,2bdc8ef526df45be8cdf3429a9c6c32f,SPY,buy,market,fill,1,gtc,0.0,1,stock,256.0,1.0,0.0
2020-03-12 15:30:00-04:00,MyStrategy,5ec9d38f54c0400eaa6fcff863441377,SPY,buy,market,new,1,gtc,0.0,1,stock,,,
2020-03-12 15:30:00-04:00,MyStrategy,5ec9d38f54c0400eaa6fcff863441377,SPY,buy,market,fill,1,gtc,0.0,1,stock,256.0,1.0,0.0
2020-03-13 09:30:00-04:00,MyStrategy,df02213b845c46fdb71edb4ea3609844,SPY,buy,market,new,1,gtc,0.0,1,stock,,,
2020-03-13 09:30:00-04:00,MyStrategy,df02213b845c46fdb71edb4ea3609844,SPY,buy,market,fill,1,gtc,0.0,1,stock,263.0899963378906,1.0,0.0
2020-03-13 12:30:00-04:00,MyStrategy,a9e669baa5a649c1b1526767a8ccada7,SPY,buy,market,new,1,gtc,0.0,1,stock,,,
2020-03-13 12:30:00-04:00,MyStrategy,a9e669baa5a649c1b1526767a8ccada7,SPY,buy,market,fill,1,gtc,0.0,1,stock,263.0899963378906,1.0,0.0
2020-03-13 15:30:00-04:00,MyStrategy,aff882448ebe4c10a90c263e2dab59ac,SPY,buy,market,new,1,gtc,0.0,1,stock,,,
2020-03-13 15:30:00-04:00,MyStrategy,aff882448ebe4c10a90c263e2dab59ac,SPY,buy,market,fill,1,gtc,0.0,1,stock,263.0899963378906,1.0,0.0
2020-03-16 09:30:00-04:00,MyStrategy,76d5c9a11d8e434f80c6a502e6d457f8,SPY,buy,market,new,1,gtc,0.0,1,stock,,,
2020-03-16 09:30:00-04:00,MyStrategy,76d5c9a11d8e434f80c6a502e6d457f8,SPY,buy,market,fill,1,gtc,0.0,1,stock,241.17999267578125,1.0,0.0
2020-03-16 12:30:00-04:00,MyStrategy,eeeb2426b4ee4fc8999c50936181889f,SPY,buy,market,new,1,gtc,0.0,1,stock,,,
2020-03-16 12:30:00-04:00,MyStrategy,eeeb2426b4ee4fc8999c50936181889f,SPY,buy,market,fill,1,gtc,0.0,1,stock,241.17999267578125,1.0,0.0
2020-03-16 15:30:00-04:00,MyStrategy,3c2ebe0d469f4846a76861674d1db249,SPY,buy,market,new,1,gtc,0.0,1,stock,,,
2020-03-16 15:30:00-04:00,MyStrategy,3c2ebe0d469f4846a76861674d1db249,SPY,buy,market,fill,1,gtc,0.0,1,stock,241.17999267578125,1.0,0.0
2020-03-17 09:30:00-04:00,MyStrategy,f2f34ecea34d4e02abe13508e1c6efff,SPY,buy,market,new,1,gtc,0.0,1,stock,,,
2020-03-17 09:30:00-04:00,MyStrategy,f2f34ecea34d4e02abe13508e1c6efff,SPY,buy,market,fill,1,gtc,0.0,1,stock,245.0399932861328,1.0,0.0
2020-03-17 12:30:00-04:00,MyStrategy,4228953c705d4c6dbcffa8050580ed5f,SPY,buy,market,new,1,gtc,0.0,1,stock,,,
2020-03-17 12:30:00-04:00,MyStrategy,4228953c705d4c6dbcffa8050580ed5f,SPY,buy,market,fill,1,gtc,0.0,1,stock,245.0399932861328,1.0,0.0
2020-03-17 15:30:00-04:00,MyStrategy,1d31b90f60304678819ad95761516ef0,SPY,buy,market,new,1,gtc,0.0,1,stock,,,
2020-03-17 15:30:00-04:00,MyStrategy,1d31b90f60304678819ad95761516ef0,SPY,buy,market,fill,1,gtc,0.0,1,stock,245.0399932861328,1.0,0.0
2020-03-18 09:30:00-04:00,MyStrategy,a6f1d30fd30d43fab4e47a44518a09d4,SPY,buy,market,new,1,gtc,0.0,1,stock,,,
2020-03-18 09:30:00-04:00,MyStrategy,a6f1d30fd30d43fab4e47a44518a09d4,SPY,buy,market,fill,1,gtc,0.0,1,stock,236.25,1.0,0.0
2020-03-18 12:30:00-04:00,MyStrategy,c9707617fad645469d0c15b6d7c62baf,SPY,buy,market,new,1,gtc,0.0,1,stock,,,
2020-03-18 12:30:00-04:00,MyStrategy,c9707617fad645469d0c15b6d7c62baf,SPY,buy,market,fill,1,gtc,0.0,1,stock,236.25,1.0,0.0
2020-03-18 15:30:00-04:00,MyStrategy,d66b7fa4848a43e995c2c50758a40af2,SPY,buy,market,new,1,gtc,0.0,1,stock,,,
2020-03-18 15:30:00-04:00,MyStrategy,d66b7fa4848a43e995c2c50758a40af2,SPY,buy,market,fill,1,gtc,0.0,1,stock,236.25,1.0,0.0
2020-03-19 09:30:00-04:00,MyStrategy,38c3f1998c3942b2935b08e5b02b984d,SPY,buy,market,new,1,gtc,0.0,1,stock,,,
2020-03-19 09:30:00-04:00,MyStrategy,38c3f1998c3942b2935b08e5b02b984d,SPY,buy,market,fill,1,gtc,0.0,1,stock,239.25,1.0,0.0
2020-03-19 12:30:00-04:00,MyStrategy,887397f5ab4e48009f36dec341d4e954,SPY,buy,market,new,1,gtc,0.0,1,stock,,,
2020-03-19 12:30:00-04:00,MyStrategy,887397f5ab4e48009f36dec341d4e954,SPY,buy,market,fill,1,gtc,0.0,1,stock,239.25,1.0,0.0
2020-03-19 15:30:00-04:00,MyStrategy,6509a615428f47de8431bfdc824baac0,SPY,buy,market,new,1,gtc,0.0,1,stock,,,
2020-03-19 15:30:00-04:00,MyStrategy,6509a615428f47de8431bfdc824baac0,SPY,buy,market,fill,1,gtc,0.0,1,stock,239.25,1.0,0.0
2020-03-20 09:30:00-04:00,MyStrategy,d394604e016b4a45819ddbce4024e52c,SPY,buy,market,new,1,gtc,0.0,1,stock,,,
2020-03-20 09:30:00-04:00,MyStrategy,d394604e016b4a45819ddbce4024e52c,SPY,buy,market,fill,1,gtc,0.0,1,stock,242.52999877929688,1.0,0.0
2020-03-20 12:30:00-04:00,MyStrategy,5c1b1117135c4e94938d4a6d35da5f8c,SPY,buy,market,new,1,gtc,0.0,1,stock,,,
2020-03-20 12:30:00-04:00,MyStrategy,5c1b1117135c4e94938d4a6d35da5f8c,SPY,buy,market,fill,1,gtc,0.0,1,stock,242.52999877929688,1.0,0.0
2020-03-20 15:30:00-04:00,MyStrategy,19088da9dcc2444cb014f1a8aeff250e,SPY,buy,market,new,1,gtc,0.0,1,stock,,,
2020-03-20 15:30:00-04:00,MyStrategy,19088da9dcc2444cb014f1a8aeff250e,SPY,buy,market,fill,1,gtc,0.0,1,stock,242.52999877929688,1.0,0.0
2020-03-23 09:30:00-04:00,MyStrategy,65abb2dfd8d347249840344bed02e284,SPY,buy,market,new,1,gtc,0.0,1,stock,,,
2020-03-23 09:30:00-04:00,MyStrategy,65abb2dfd8d347249840344bed02e284,SPY,buy,market,fill,1,gtc,0.0,1,stock,228.19000244140625,1.0,0.0
2020-03-23 12:30:00-04:00,MyStrategy,6f0c30bf52b94ce8881f196fc4d69752,SPY,buy,market,new,1,gtc,0.0,1,stock,,,
2020-03-23 12:30:00-04:00,MyStrategy,6f0c30bf52b94ce8881f196fc4d69752,SPY,buy,market,fill,1,gtc,0.0,1,stock,228.19000244140625,1.0,0.0
2020-03-23 15:30:00-04:00,MyStrategy,86afbe064af549b8b7a3aa6a078850a3,SPY,buy,market,new,1,gtc,0.0,1,stock,,,
2020-03-23 15:30:00-04:00,MyStrategy,86afbe064af549b8b7a3aa6a078850a3,SPY,buy,market,fill,1,gtc,0.0,1,stock,228.19000244140625,1.0,0.0
2020-03-24 09:30:00-04:00,MyStrategy,206790b4e37e4166b48c7b60db117c19,SPY,buy,market,new,1,gtc,0.0,1,stock,,,
2020-03-24 09:30:00-04:00,MyStrategy,206790b4e37e4166b48c7b60db117c19,SPY,buy,market,fill,1,gtc,0.0,1,stock,234.4199981689453,1.0,0.0
2020-03-24 12:30:00-04:00,MyStrategy,34f1f051976b4fd8b508a85faa1923d7,SPY,buy,market,new,1,gtc,0.0,1,stock,,,
2020-03-24 12:30:00-04:00,MyStrategy,34f1f051976b4fd8b508a85faa1923d7,SPY,buy,market,fill,1,gtc,0.0,1,stock,234.4199981689453,1.0,0.0
2020-03-24 15:30:00-04:00,MyStrategy,5da05c64dc52451c87e27f00b19011b3,SPY,buy,market,new,1,gtc,0.0,1,stock,,,
2020-03-24 15:30:00-04:00,MyStrategy,5da05c64dc52451c87e27f00b19011b3,SPY,buy,market,fill,1,gtc,0.0,1,stock,234.4199981689453,1.0,0.0
2020-03-25 09:30:00-04:00,MyStrategy,d490088104df4631802fcdc4e95f5f05,SPY,buy,market,new,1,gtc,0.0,1,stock,,,
2020-03-25 09:30:00-04:00,MyStrategy,d490088104df4631802fcdc4e95f5f05,SPY,buy,market,fill,1,gtc,0.0,1,stock,244.8699951171875,1.0,0.0
2020-03-25 12:30:00-04:00,MyStrategy,d91692d1fd4442bdba85ffb78b136ad0,SPY,buy,market,new,1,gtc,0.0,1,stock,,,
2020-03-25 12:30:00-04:00,MyStrategy,d91692d1fd4442bdba85ffb78b136ad0,SPY,buy,market,fill,1,gtc,0.0,1,stock,244.8699951171875,1.0,0.0
2020-03-25 15:30:00-04:00,MyStrategy,25d34ac0c57348caa7fb748c9e38ff4c,SPY,buy,market,new,1,gtc,0.0,1,stock,,,
2020-03-25 15:30:00-04:00,MyStrategy,25d34ac0c57348caa7fb748c9e38ff4c,SPY,buy,market,fill,1,gtc,0.0,1,stock,244.8699951171875,1.0,0.0
2020-03-26 09:30:00-04:00,MyStrategy,9f25f2ed196e482f9216e5d041ca4bf0,SPY,buy,market,new,1,gtc,0.0,1,stock,,,
2020-03-26 09:30:00-04:00,MyStrategy,9f25f2ed196e482f9216e5d041ca4bf0,SPY,buy,market,fill,1,gtc,0.0,1,stock,249.52000427246094,1.0,0.0
2020-03-26 12:30:00-04:00,MyStrategy,4b0e028799b5484183d2585a456eb8c5,SPY,buy,market,new,1,gtc,0.0,1,stock,,,
2020-03-26 12:30:00-04:00,MyStrategy,4b0e028799b5484183d2585a456eb8c5,SPY,buy,market,fill,1,gtc,0.0,1,stock,249.52000427246094,1.0,0.0
2020-03-26 15:30:00-04:00,MyStrategy,2093641b6fe04bed9b76c27819c291b6,SPY,buy,market,new,1,gtc,0.0,1,stock,,,
2020-03-26 15:30:00-04:00,MyStrategy,2093641b6fe04bed9b76c27819c291b6,SPY,buy,market,fill,1,gtc,0.0,1,stock,249.52000427246094,1.0,0.0
2020-03-27 09:30:00-04:00,MyStrategy,251f8f427ab54517b387921406a81965,SPY,buy,market,new,1,gtc,0.0,1,stock,,,
2020-03-27 09:30:00-04:00,MyStrategy,251f8f427ab54517b387921406a81965,SPY,buy,market,fill,1,gtc,0.0,1,stock,253.27000427246094,1.0,0.0
2020-03-27 12:30:00-04:00,MyStrategy,bbab92c46b214dbf818d59e0cd73619a,SPY,buy,market,new,1,gtc,0.0,1,stock,,,
2020-03-27 12:30:00-04:00,MyStrategy,bbab92c46b214dbf818d59e0cd73619a,SPY,buy,market,fill,1,gtc,0.0,1,stock,253.27000427246094,1.0,0.0
2020-03-27 15:30:00-04:00,MyStrategy,2e47cd9474404a23864db202f743e96c,SPY,buy,market,new,1,gtc,0.0,1,stock,,,
2020-03-27 15:30:00-04:00,MyStrategy,2e47cd9474404a23864db202f743e96c,SPY,buy,market,fill,1,gtc,0.0,1,stock,253.27000427246094,1.0,0.0
2020-03-30 09:30:00-04:00,MyStrategy,ccc071d3c04c412990e14bfda40cd9e6,SPY,buy,market,new,1,gtc,0.0,1,stock,,,
2020-03-30 09:30:00-04:00,MyStrategy,ccc071d3c04c412990e14bfda40cd9e6,SPY,buy,market,fill,1,gtc,0.0,1,stock,255.6999969482422,1.0,0.0
2020-03-30 12:30:00-04:00,MyStrategy,948012e61d544d99bb5ca4cc4cde0f98,SPY,buy,market,new,1,gtc,0.0,1,stock,,,
2020-03-30 12:30:00-04:00,MyStrategy,948012e61d544d99bb5ca4cc4cde0f98,SPY,buy,market,fill,1,gtc,0.0,1,stock,255.6999969482422,1.0,0.0
2020-03-30 15:30:00-04:00,MyStrategy,fd58eca9487d496c9967f37a23a71d0f,SPY,buy,market,new,1,gtc,0.0,1,stock,,,
2020-03-30 15:30:00-04:00,MyStrategy,fd58eca9487d496c9967f37a23a71d0f,SPY,buy,market,fill,1,gtc,0.0,1,stock,255.6999969482422,1.0,0.0
2020-03-31 09:30:00-04:00,MyStrategy,6c4865dcbc534a1c959aa2a7652c2490,SPY,buy,market,new,1,gtc,0.0,1,stock,,,
2020-03-31 09:30:00-04:00,MyStrategy,6c4865dcbc534a1c959aa2a7652c2490,SPY,buy,market,fill,1,gtc,0.0,1,stock,260.55999755859375,1.0,0.0
2020-03-31 12:30:00-04:00,MyStrategy,d7be261727fb4c9b8d822a519a7bffb3,SPY,buy,market,new,1,gtc,0.0,1,stock,,,
2020-03-31 12:30:00-04:00,MyStrategy,d7be261727fb4c9b8d822a519a7bffb3,SPY,buy,market,fill,1,gtc,0.0,1,stock,260.55999755859375,1.0,0.0
2020-03-31 15:30:00-04:00,MyStrategy,a2a9dabd035e49098d335b022a7c0c4c,SPY,buy,market,new,1,gtc,0.0,1,stock,,,
2020-03-31 15:30:00-04:00,MyStrategy,a2a9dabd035e49098d335b022a7c0c4c,SPY,buy,market,fill,1,gtc,0.0,1,stock,260.55999755859375,1.0,0.0
2020-04-01 09:30:00-04:00,MyStrategy,b1b3066a3a544099af076f2c9091b0f7,SPY,buy,market,new,1,gtc,0.0,1,stock,,,
2020-04-01 09:30:00-04:00,MyStrategy,b1b3066a3a544099af076f2c9091b0f7,SPY,buy,market,fill,1,gtc,0.0,1,stock,247.97999572753906,1.0,0.0
2020-04-01 12:30:00-04:00,MyStrategy,4ec796b02cd34cea85cd2cadfba5102a,SPY,buy,market,new,1,gtc,0.0,1,stock,,,
2020-04-01 12:30:00-04:00,MyStrategy,4ec796b02cd34cea85cd2cadfba5102a,SPY,buy,market,fill,1,gtc,0.0,1,stock,247.97999572753906,1.0,0.0
2020-04-01 15:30:00-04:00,MyStrategy,18319ffc7a7446339b6f7e3ff19f9059,SPY,buy,market,new,1,gtc,0.0,1,stock,,,
2020-04-01 15:30:00-04:00,MyStrategy,18319ffc7a7446339b6f7e3ff19f9059,SPY,buy,market,fill,1,gtc,0.0,1,stock,247.97999572753906,1.0,0.0
2020-04-02 09:30:00-04:00,MyStrategy,5d3b756b35c1442e922db55a9b547c30,SPY,buy,market,new,1,gtc,0.0,1,stock,,,
2020-04-02 09:30:00-04:00,MyStrategy,5d3b756b35c1442e922db55a9b547c30,SPY,buy,market,fill,1,gtc,0.0,1,stock,245.19000244140625,1.0,0.0
2020-04-02 12:30:00-04:00,MyStrategy,88918169e00c4b3fbbd056ea28216bd7,SPY,buy,market,new,1,gtc,0.0,1,stock,,,
2020-04-02 12:30:00-04:00,MyStrategy,88918169e00c4b3fbbd056ea28216bd7,SPY,buy,market,fill,1,gtc,0.0,1,stock,245.19000244140625,1.0,0.0
2020-04-02 15:30:00-04:00,MyStrategy,64b69ef15926492cba529fac33096fdd,SPY,buy,market,new,1,gtc,0.0,1,stock,,,
2020-04-02 15:30:00-04:00,MyStrategy,64b69ef15926492cba529fac33096fdd,SPY,buy,market,fill,1,gtc,0.0,1,stock,245.19000244140625,1.0,0.0
2020-04-03 09:30:00-04:00,MyStrategy,8b1f133822c1457dbc844e8c486bd3ec,SPY,buy,market,new,1,gtc,0.0,1,stock,,,
2020-04-03 09:30:00-04:00,MyStrategy,8b1f133822c1457dbc844e8c486bd3ec,SPY,buy,market,fill,1,gtc,0.0,1,stock,250.75999450683594,1.0,0.0
2020-04-03 12:30:00-04:00,MyStrategy,6ec2ce3967ee414884d6cfdf7ceba50c,SPY,buy,market,new,1,gtc,0.0,1,stock,,,
2020-04-03 12:30:00-04:00,MyStrategy,6ec2ce3967ee414884d6cfdf7ceba50c,SPY,buy,market,fill,1,gtc,0.0,1,stock,250.75999450683594,1.0,0.0
2020-04-03 15:30:00-04:00,MyStrategy,8ef80412e9fa419e88eac23c7c594989,SPY,buy,market,new,1,gtc,0.0,1,stock,,,
2020-04-03 15:30:00-04:00,MyStrategy,8ef80412e9fa419e88eac23c7c594989,SPY,buy,market,fill,1,gtc,0.0,1,stock,250.75999450683594,1.0,0.0
2020-04-06 09:30:00-04:00,MyStrategy,3c9153952a18466e9be53fd81f12b0e6,SPY,buy,market,new,1,gtc,0.0,1,stock,,,
2020-04-06 09:30:00-04:00,MyStrategy,3c9153952a18466e9be53fd81f12b0e6,SPY,buy,market,fill,1,gtc,0.0,1,stock,257.8399963378906,1.0,0.0
2020-04-06 12:30:00-04:00,MyStrategy,b2e4894ebb74473a9ec035922bea212a,SPY,buy,market,new,1,gtc,0.0,1,stock,,,
2020-04-06 12:30:00-04:00,MyStrategy,b2e4894ebb74473a9ec035922bea212a,SPY,buy,market,fill,1,gtc,0.0,1,stock,257.8399963378906,1.0,0.0
2020-04-06 15:30:00-04:00,MyStrategy,3fd641354f5146e1958a43e6da474f99,SPY,buy,market,new,1,gtc,0.0,1,stock,,,
2020-04-06 15:30:00-04:00,MyStrategy,3fd641354f5146e1958a43e6da474f99,SPY,buy,market,fill,1,gtc,0.0,1,stock,257.8399963378906,1.0,0.0
2020-04-07 09:30:00-04:00,MyStrategy,2d3e6a70cc40450f966cf5a0d1c12c10,SPY,buy,market,new,1,gtc,0.0,1,stock,,,
2020-04-07 09:30:00-04:00,MyStrategy,2d3e6a70cc40450f966cf5a0d1c12c10,SPY,buy,market,fill,1,gtc,0.0,1,stock,274.2099914550781,1.0,0.0
2020-04-07 12:30:00-04:00,MyStrategy,8872e5289c054a269e14b14ddb2bfd83,SPY,buy,market,new,1,gtc,0.0,1,stock,,,
2020-04-07 12:30:00-04:00,MyStrategy,8872e5289c054a269e14b14ddb2bfd83,SPY,buy,market,fill,1,gtc,0.0,1,stock,274.2099914550781,1.0,0.0
2020-04-07 15:30:00-04:00,MyStrategy,e7ad83fa2a6146cabcac03703f9f3627,SPY,buy,market,new,1,gtc,0.0,1,stock,,,
2020-04-07 15:30:00-04:00,MyStrategy,e7ad83fa2a6146cabcac03703f9f3627,SPY,buy,market,fill,1,gtc,0.0,1,stock,274.2099914550781,1.0,0.0
2020-04-08 09:30:00-04:00,MyStrategy,6a83cee3b5bd49129103374859086a97,SPY,buy,market,new,1,gtc,0.0,1,stock,,,
2020-04-08 09:30:00-04:00,MyStrategy,6a83cee3b5bd49129103374859086a97,SPY,buy,market,fill,1,gtc,0.0,1,stock,267.9599914550781,1.0,0.0
2020-04-08 12:30:00-04:00,MyStrategy,f16e533a4cf740beaa585f9cb79a71f1,SPY,buy,market,new,1,gtc,0.0,1,stock,,,
2020-04-08 12:30:00-04:00,MyStrategy,f16e533a4cf740beaa585f9cb79a71f1,SPY,buy,market,fill,1,gtc,0.0,1,stock,267.9599914550781,1.0,0.0
2020-04-08 15:30:00-04:00,MyStrategy,e1e5fe77b1974c69975d75e45ece1ffa,SPY,buy,market,new,1,gtc,0.0,1,stock,,,
2020-04-08 15:30:00-04:00,MyStrategy,e1e5fe77b1974c69975d75e45ece1ffa,SPY,buy,market,fill,1,gtc,0.0,1,stock,267.9599914550781,1.0,0.0
2020-04-09 09:30:00-04:00,MyStrategy,05f845c7f4634ca189b47f112e28f035,SPY,buy,market,new,1,gtc,0.0,1,stock,,,
2020-04-09 09:30:00-04:00,MyStrategy,05f845c7f4634ca189b47f112e28f035,SPY,buy,market,fill,1,gtc,0.0,1,stock,277.5799865722656,1.0,0.0
2020-04-09 12:30:00-04:00,MyStrategy,e17e2d8d9170416994219449fb7b8fdd,SPY,buy,market,new,1,gtc,0.0,1,stock,,,
2020-04-09 12:30:00-04:00,MyStrategy,e17e2d8d9170416994219449fb7b8fdd,SPY,buy,market,fill,1,gtc,0.0,1,stock,277.5799865722656,1.0,0.0
2020-04-09 15:30:00-04:00,MyStrategy,988f1ff7d4084c128c45266283b740df,SPY,buy,market,new,1,gtc,0.0,1,stock,,,
2020-04-09 15:30:00-04:00,MyStrategy,988f1ff7d4084c128c45266283b740df,SPY,buy,market,fill,1,gtc,0.0,1,stock,277.5799865722656,1.0,0.0
2020-04-13 09:30:00-04:00,MyStrategy,85a78b88ad414e2597c18e83cb4bd6ae,SPY,buy,market,new,1,gtc,0.0,1,stock,,,
2020-04-13 09:30:00-04:00,MyStrategy,85a78b88ad414e2597c18e83cb4bd6ae,SPY,buy,market,fill,1,gtc,0.0,1,stock,277.1400146484375,1.0,0.0
2020-04-13 12:30:00-04:00,MyStrategy,e593c2ccf47c428494ca6191d67bcde7,SPY,buy,market,new,1,gtc,0.0,1,stock,,,
2020-04-13 12:30:00-04:00,MyStrategy,e593c2ccf47c428494ca6191d67bcde7,SPY,buy,market,fill,1,gtc,0.0,1,stock,277.1400146484375,1.0,0.0
2020-04-13 15:30:00-04:00,MyStrategy,e3d8398d8cc84931aa3a094d8095696f,SPY,buy,market,new,1,gtc,0.0,1,stock,,,
2020-04-13 15:30:00-04:00,MyStrategy,e3d8398d8cc84931aa3a094d8095696f,SPY,buy,market,fill,1,gtc,0.0,1,stock,277.1400146484375,1.0,0.0
2020-04-14 09:30:00-04:00,MyStrategy,77b195c43c9e40cda2c2559fb6d90465,SPY,buy,market,new,1,gtc,0.0,1,stock,,,
2020-04-14 09:30:00-04:00,MyStrategy,77b195c43c9e40cda2c2559fb6d90465,SPY,buy,market,fill,1,gtc,0.0,1,stock,280.9800109863281,1.0,0.0
2020-04-14 12:30:00-04:00,MyStrategy,917ca6f72e3a41f78a264aea6aec8ad7,SPY,buy,market,new,1,gtc,0.0,1,stock,,,
2020-04-14 12:30:00-04:00,MyStrategy,917ca6f72e3a41f78a264aea6aec8ad7,SPY,buy,market,fill,1,gtc,0.0,1,stock,280.9800109863281,1.0,0.0
2020-04-14 15:30:00-04:00,MyStrategy,70cf7f15f14445ce8df01d9c5ff9d0b8,SPY,buy,market,new,1,gtc,0.0,1,stock,,,
2020-04-14 15:30:00-04:00,MyStrategy,70cf7f15f14445ce8df01d9c5ff9d0b8,SPY,buy,market,fill,1,gtc,0.0,1,stock,280.9800109863281,1.0,0.0
2020-04-15 09:30:00-04:00,MyStrategy,0deeabd46c744a4a8cf5a6e1808e3655,SPY,buy,market,new,1,gtc,0.0,1,stock,,,
2020-04-15 09:30:00-04:00,MyStrategy,0deeabd46c744a4a8cf5a6e1808e3655,SPY,buy,market,fill,1,gtc,0.0,1,stock,277.57000732421875,1.0,0.0
2020-04-15 12:30:00-04:00,MyStrategy,c45070584fcf4a76a526d1b0f17e085c,SPY,buy,market,new,1,gtc,0.0,1,stock,,,
2020-04-15 12:30:00-04:00,MyStrategy,c45070584fcf4a76a526d1b0f17e085c,SPY,buy,market,fill,1,gtc,0.0,1,stock,277.57000732421875,1.0,0.0
2020-04-15 15:30:00-04:00,MyStrategy,29270f817da449f894cb9be5f568fe37,SPY,buy,market,new,1,gtc,0.0,1,stock,,,
2020-04-15 15:30:00-04:00,MyStrategy,29270f817da449f894cb9be5f568fe37,SPY,buy,market,fill,1,gtc,0.0,1,stock,277.57000732421875,1.0,0.0
2020-04-16 09:30:00-04:00,MyStrategy,8a14e637a7d94ee1849cf8fb9943a2a9,SPY,buy,market,new,1,gtc,0.0,1,stock,,,
2020-04-16 09:30:00-04:00,MyStrategy,8a14e637a7d94ee1849cf8fb9943a2a9,SPY,buy,market,fill,1,gtc,0.0,1,stock,279.1499938964844,1.0,0.0
2020-04-16 12:30:00-04:00,MyStrategy,047d1d72e30f438eaac9b81bba6dddd5,SPY,buy,market,new,1,gtc,0.0,1,stock,,,
2020-04-16 12:30:00-04:00,MyStrategy,047d1d72e30f438eaac9b81bba6dddd5,SPY,buy,market,fill,1,gtc,0.0,1,stock,279.1499938964844,1.0,0.0
2020-04-16 15:30:00-04:00,MyStrategy,903351f9ed984ca5ba10f1b11b1db9c6,SPY,buy,market,new,1,gtc,0.0,1,stock,,,
2020-04-16 15:30:00-04:00,MyStrategy,903351f9ed984ca5ba10f1b11b1db9c6,SPY,buy,market,fill,1,gtc,0.0,1,stock,279.1499938964844,1.0,0.0
2020-04-17 09:30:00-04:00,MyStrategy,c4c9dcc0f86a458d866eff1d74ce7cc6,SPY,buy,market,new,1,gtc,0.0,1,stock,,,
2020-04-17 09:30:00-04:00,MyStrategy,c4c9dcc0f86a458d866eff1d74ce7cc6,SPY,buy,market,fill,1,gtc,0.0,1,stock,285.3800048828125,1.0,0.0
2020-04-17 12:30:00-04:00,MyStrategy,64065813f49741ff9558ac7b02983586,SPY,buy,market,new,1,gtc,0.0,1,stock,,,
2020-04-17 12:30:00-04:00,MyStrategy,64065813f49741ff9558ac7b02983586,SPY,buy,market,fill,1,gtc,0.0,1,stock,285.3800048828125,1.0,0.0
2020-04-17 15:30:00-04:00,MyStrategy,0f9879763db7465080a413681f237da2,SPY,buy,market,new,1,gtc,0.0,1,stock,,,
2020-04-17 15:30:00-04:00,MyStrategy,0f9879763db7465080a413681f237da2,SPY,buy,market,fill,1,gtc,0.0,1,stock,285.3800048828125,1.0,0.0
2020-04-20 09:30:00-04:00,MyStrategy,f3302902c53b4b718477758d236786ee,SPY,buy,market,new,1,gtc,0.0,1,stock,,,
2020-04-20 09:30:00-04:00,MyStrategy,f3302902c53b4b718477758d236786ee,SPY,buy,market,fill,1,gtc,0.0,1,stock,282.6099853515625,1.0,0.0
2020-04-20 12:30:00-04:00,MyStrategy,9363e7d5590e463997abe0cb8faebeb2,SPY,buy,market,new,1,gtc,0.0,1,stock,,,
2020-04-20 12:30:00-04:00,MyStrategy,9363e7d5590e463997abe0cb8faebeb2,SPY,buy,market,fill,1,gtc,0.0,1,stock,282.6099853515625,1.0,0.0
2020-04-20 15:30:00-04:00,MyStrategy,b7c3a07cefe243d49b1340b96d84d996,SPY,buy,market,new,1,gtc,0.0,1,stock,,,
2020-04-20 15:30:00-04:00,MyStrategy,b7c3a07cefe243d49b1340b96d84d996,SPY,buy,market,fill,1,gtc,0.0,1,stock,282.6099853515625,1.0,0.0
2020-04-21 09:30:00-04:00,MyStrategy,37f18a424f524d589888b6e22e94f895,SPY,buy,market,new,1,gtc,0.0,1,stock,,,
2020-04-21 09:30:00-04:00,MyStrategy,37f18a424f524d589888b6e22e94f895,SPY,buy,market,fill,1,gtc,0.0,1,stock,276.7300109863281,1.0,0.0
2020-04-21 12:30:00-04:00,MyStrategy,3fc7b333579b459b83814e2ddb909410,SPY,buy,market,new,1,gtc,0.0,1,stock,,,
2020-04-21 12:30:00-04:00,MyStrategy,3fc7b333579b459b83814e2ddb909410,SPY,buy,market,fill,1,gtc,0.0,1,stock,276.7300109863281,1.0,0.0
2020-04-21 15:30:00-04:00,MyStrategy,b133a6025bdc42edaeb3f3c0e3d7b591,SPY,buy,market,new,1,gtc,0.0,1,stock,,,
2020-04-21 15:30:00-04:00,MyStrategy,b133a6025bdc42edaeb3f3c0e3d7b591,SPY,buy,market,fill,1,gtc,0.0,1,stock,276.7300109863281,1.0,0.0
2020-04-22 09:30:00-04:00,MyStrategy,7969ae64d6184b87b93873b27db55ec7,SPY,buy,market,new,1,gtc,0.0,1,stock,,,
2020-04-22 09:30:00-04:00,MyStrategy,7969ae64d6184b87b93873b27db55ec7,SPY,buy,market,fill,1,gtc,0.0,1,stock,278.3500061035156,1.0,0.0
2020-04-22 12:30:00-04:00,MyStrategy,619784da67d24645bcdcc0d07b65d3dd,SPY,buy,market,new,1,gtc,0.0,1,stock,,,
2020-04-22 12:30:00-04:00,MyStrategy,619784da67d24645bcdcc0d07b65d3dd,SPY,buy,market,fill,1,gtc,0.0,1,stock,278.3500061035156,1.0,0.0
2020-04-22 15:30:00-04:00,MyStrategy,1a8065b3f64640b3a5e0aaa98ee15853,SPY,buy,market,new,1,gtc,0.0,1,stock,,,
2020-04-22 15:30:00-04:00,MyStrategy,1a8065b3f64640b3a5e0aaa98ee15853,SPY,buy,market,fill,1,gtc,0.0,1,stock,278.3500061035156,1.0,0.0
2020-04-23 09:30:00-04:00,MyStrategy,2bdcc59f41f64327a4acc47e05741974,SPY,buy,market,new,1,gtc,0.0,1,stock,,,
2020-04-23 09:30:00-04:00,MyStrategy,2bdcc59f41f64327a4acc47e05741974,SPY,buy,market,fill,1,gtc,0.0,1,stock,280.489990234375,1.0,0.0
2020-04-23 12:30:00-04:00,MyStrategy,5ef7659f679e4d6099ee28de97dc7d07,SPY,buy,market,new,1,gtc,0.0,1,stock,,,
2020-04-23 12:30:00-04:00,MyStrategy,5ef7659f679e4d6099ee28de97dc7d07,SPY,buy,market,fill,1,gtc,0.0,1,stock,280.489990234375,1.0,0.0
2020-04-23 15:30:00-04:00,MyStrategy,dc1ff5ec94474911a82cd86a32a69857,SPY,buy,market,new,1,gtc,0.0,1,stock,,,
2020-04-23 15:30:00-04:00,MyStrategy,dc1ff5ec94474911a82cd86a32a69857,SPY,buy,market,fill,1,gtc,0.0,1,stock,280.489990234375,1.0,0.0
2020-04-24 09:30:00-04:00,MyStrategy,747427ee896047f7bcbbc34cbdf92d71,SPY,buy,market,new,1,gtc,0.0,1,stock,,,
2020-04-24 09:30:00-04:00,MyStrategy,747427ee896047f7bcbbc34cbdf92d71,SPY,buy,market,fill,1,gtc,0.0,1,stock,280.7300109863281,1.0,0.0
2020-04-24 12:30:00-04:00,MyStrategy,844a830fd3114d6dbc538c33a042cee1,SPY,buy,market,new,1,gtc,0.0,1,stock,,,
2020-04-24 12:30:00-04:00,MyStrategy,844a830fd3114d6dbc538c33a042cee1,SPY,buy,market,fill,1,gtc,0.0,1,stock,280.7300109863281,1.0,0.0
2020-04-24 15:30:00-04:00,MyStrategy,ddd53401d32b4fca8cf9c18b770de067,SPY,buy,market,new,1,gtc,0.0,1,stock,,,
2020-04-24 15:30:00-04:00,MyStrategy,ddd53401d32b4fca8cf9c18b770de067,SPY,buy,market,fill,1,gtc,0.0,1,stock,280.7300109863281,1.0,0.0
2020-04-27 09:30:00-04:00,MyStrategy,36b66382930a45afa69ad2e1c1e00050,SPY,buy,market,new,1,gtc,0.0,1,stock,,,
2020-04-27 09:30:00-04:00,MyStrategy,36b66382930a45afa69ad2e1c1e00050,SPY,buy,market,fill,1,gtc,0.0,1,stock,285.1199951171875,1.0,0.0
2020-04-27 12:30:00-04:00,MyStrategy,363b42ebbe6644adb436eac3620ca585,SPY,buy,market,new,1,gtc,0.0,1,stock,,,
2020-04-27 12:30:00-04:00,MyStrategy,363b42ebbe6644adb436eac3620ca585,SPY,buy,market,fill,1,gtc,0.0,1,stock,285.1199951171875,1.0,0.0
2020-04-27 15:30:00-04:00,MyStrategy,e40b6b9e291a4563a8d553ae68c60abb,SPY,buy,market,new,1,gtc,0.0,1,stock,,,
2020-04-27 15:30:00-04:00,MyStrategy,e40b6b9e291a4563a8d553ae68c60abb,SPY,buy,market,fill,1,gtc,0.0,1,stock,285.1199951171875,1.0,0.0
2020-04-28 09:30:00-04:00,MyStrategy,7d41f83a5df04f9b8f182f479f3efa09,SPY,buy,market,new,1,gtc,0.0,1,stock,,,
2020-04-28 09:30:00-04:00,MyStrategy,7d41f83a5df04f9b8f182f479f3efa09,SPY,buy,market,fill,1,gtc,0.0,1,stock,291.0199890136719,1.0,0.0
2020-04-28 12:30:00-04:00,MyStrategy,0ec2f1a4492a48cb81eb578d8c520c8b,SPY,buy,market,new,1,gtc,0.0,1,stock,,,
2020-04-28 12:30:00-04:00,MyStrategy,0ec2f1a4492a48cb81eb578d8c520c8b,SPY,buy,market,fill,1,gtc,0.0,1,stock,291.0199890136719,1.0,0.0
2020-04-28 15:30:00-04:00,MyStrategy,9f40952d08374358944980588a6d5e55,SPY,buy,market,new,1,gtc,0.0,1,stock,,,
2020-04-28 15:30:00-04:00,MyStrategy,9f40952d08374358944980588a6d5e55,SPY,buy,market,fill,1,gtc,0.0,1,stock,291.0199890136719,1.0,0.0
2020-04-29 09:30:00-04:00,MyStrategy,18084eaf0f4a40aeaf9e9216109f3d39,SPY,buy,market,new,1,gtc,0.0,1,stock,,,
2020-04-29 09:30:00-04:00,MyStrategy,18084eaf0f4a40aeaf9e9216109f3d39,SPY,buy,market,fill,1,gtc,0.0,1,stock,291.5299987792969,1.0,0.0
2020-04-29 12:30:00-04:00,MyStrategy,9e6b2bb9364147b89a19801e162c37a1,SPY,buy,market,new,1,gtc,0.0,1,stock,,,
2020-04-29 12:30:00-04:00,MyStrategy,9e6b2bb9364147b89a19801e162c37a1,SPY,buy,market,fill,1,gtc,0.0,1,stock,291.5299987792969,1.0,0.0
2020-04-29 15:30:00-04:00,MyStrategy,f7d702cc5ab7406e9d389f7261195deb,SPY,buy,market,new,1,gtc,0.0,1,stock,,,
2020-04-29 15:30:00-04:00,MyStrategy,f7d702cc5ab7406e9d389f7261195deb,SPY,buy,market,fill,1,gtc,0.0,1,stock,291.5299987792969,1.0,0.0
2020-04-30 09:30:00-04:00,MyStrategy,a83280abbdb34ef6b7a01822b9453fd8,SPY,buy,market,new,1,gtc,0.0,1,stock,,,
2020-04-30 09:30:00-04:00,MyStrategy,a83280abbdb34ef6b7a01822b9453fd8,SPY,buy,market,fill,1,gtc,0.0,1,stock,291.7099914550781,1.0,0.0
2020-04-30 12:30:00-04:00,MyStrategy,d6ac9298ba844b998b06376cbc25f602,SPY,buy,market,new,1,gtc,0.0,1,stock,,,
2020-04-30 12:30:00-04:00,MyStrategy,d6ac9298ba844b998b06376cbc25f602,SPY,buy,market,fill,1,gtc,0.0,1,stock,291.7099914550781,1.0,0.0
2020-04-30 15:30:00-04:00,MyStrategy,93aa1796ec6044f38ced02de72e3e11c,SPY,buy,market,new,1,gtc,0.0,1,stock,,,
2020-04-30 15:30:00-04:00,MyStrategy,93aa1796ec6044f38ced02de72e3e11c,SPY,buy,market,fill,1,gtc,0.0,1,stock,291.7099914550781,1.0,0.0
2020-05-01 09:30:00-04:00,MyStrategy,84e8123b350e4b8bad7b14bc3f4803d1,SPY,buy,market,new,1,gtc,0.0,1,stock,,,
2020-05-01 09:30:00-04:00,MyStrategy,84e8123b350e4b8bad7b14bc3f4803d1,SPY,buy,market,fill,1,gtc,0.0,1,stock,285.30999755859375,1.0,0.0
2020-05-01 12:30:00-04:00,MyStrategy,5840698f2a0f450d88b3b02cc2bef6d5,SPY,buy,market,new,1,gtc,0.0,1,stock,,,
2020-05-01 12:30:00-04:00,MyStrategy,5840698f2a0f450d88b3b02cc2bef6d5,SPY,buy,market,fill,1,gtc,0.0,1,stock,285.30999755859375,1.0,0.0
2020-05-01 15:30:00-04:00,MyStrategy,c3851ac88f204224873ec50bafaf1b66,SPY,buy,market,new,1,gtc,0.0,1,stock,,,
2020-05-01 15:30:00-04:00,MyStrategy,c3851ac88f204224873ec50bafaf1b66,SPY,buy,market,fill,1,gtc,0.0,1,stock,285.30999755859375,1.0,0.0
2020-05-04 09:30:00-04:00,MyStrategy,db6f95da46044a8dbf5ae94141f7b990,SPY,buy,market,new,1,gtc,0.0,1,stock,,,
2020-05-04 09:30:00-04:00,MyStrategy,db6f95da46044a8dbf5ae94141f7b990,SPY,buy,market,fill,1,gtc,0.0,1,stock,280.739990234375,1.0,0.0
2020-05-04 12:30:00-04:00,MyStrategy,b5bc5323794041bf9e4aed895e8eedb1,SPY,buy,market,new,1,gtc,0.0,1,stock,,,
2020-05-04 12:30:00-04:00,MyStrategy,b5bc5323794041bf9e4aed895e8eedb1,SPY,buy,market,fill,1,gtc,0.0,1,stock,280.739990234375,1.0,0.0
2020-05-04 15:30:00-04:00,MyStrategy,275f995d34a94fa4b66a3bc65864413e,SPY,buy,market,new,1,gtc,0.0,1,stock,,,
2020-05-04 15:30:00-04:00,MyStrategy,275f995d34a94fa4b66a3bc65864413e,SPY,buy,market,fill,1,gtc,0.0,1,stock,280.739990234375,1.0,0.0
2020-05-05 09:30:00-04:00,MyStrategy,c75ad845e3fd4ba5b9040edab44dee33,SPY,buy,market,new,1,gtc,0.0,1,stock,,,
2020-05-05 09:30:00-04:00,MyStrategy,c75ad845e3fd4ba5b9040edab44dee33,SPY,buy,market,fill,1,gtc,0.0,1,stock,286.6400146484375,1.0,0.0
2020-05-05 12:30:00-04:00,MyStrategy,121093e7f78e4d5cb0877057324020cc,SPY,buy,market,new,1,gtc,0.0,1,stock,,,
2020-05-05 12:30:00-04:00,MyStrategy,121093e7f78e4d5cb0877057324020cc,SPY,buy,market,fill,1,gtc,0.0,1,stock,286.6400146484375,1.0,0.0
2020-05-05 15:30:00-04:00,MyStrategy,befd42f0ecfc4600908757aea5f5b9c8,SPY,buy,market,new,1,gtc,0.0,1,stock,,,
2020-05-05 15:30:00-04:00,MyStrategy,befd42f0ecfc4600908757aea5f5b9c8,SPY,buy,market,fill,1,gtc,0.0,1,stock,286.6400146484375,1.0,0.0
2020-05-06 09:30:00-04:00,MyStrategy,d099c3bb84e94778af7a1e8ff8c4a2d0,SPY,buy,market,new,1,gtc,0.0,1,stock,,,
2020-05-06 09:30:00-04:00,MyStrategy,d099c3bb84e94778af7a1e8ff8c4a2d0,SPY,buy,market,fill,1,gtc,0.0,1,stock,288.0400085449219,1.0,0.0
2020-05-06 12:30:00-04:00,MyStrategy,e9162bcc251f437fa95b00b6dc62d378,SPY,buy,market,new,1,gtc,0.0,1,stock,,,
2020-05-06 12:30:00-04:00,MyStrategy,e9162bcc251f437fa95b00b6dc62d378,SPY,buy,market,fill,1,gtc,0.0,1,stock,288.0400085449219,1.0,0.0
2020-05-06 15:30:00-04:00,MyStrategy,935d546f51454d86938c4993ae60fe6d,SPY,buy,market,new,1,gtc,0.0,1,stock,,,
2020-05-06 15:30:00-04:00,MyStrategy,935d546f51454d86938c4993ae60fe6d,SPY,buy,market,fill,1,gtc,0.0,1,stock,288.0400085449219,1.0,0.0
2020-05-07 09:30:00-04:00,MyStrategy,36eb6d69889e4f2fbbd5b27cf88f607b,SPY,buy,market,new,1,gtc,0.0,1,stock,,,
2020-05-07 09:30:00-04:00,MyStrategy,36eb6d69889e4f2fbbd5b27cf88f607b,SPY,buy,market,fill,1,gtc,0.0,1,stock,287.75,1.0,0.0
2020-05-07 12:30:00-04:00,MyStrategy,595b72c0de5246fbad20aed7e80f1064,SPY,buy,market,new,1,gtc,0.0,1,stock,,,
2020-05-07 12:30:00-04:00,MyStrategy,595b72c0de5246fbad20aed7e80f1064,SPY,buy,market,fill,1,gtc,0.0,1,stock,287.75,1.0,0.0
2020-05-07 15:30:00-04:00,MyStrategy,471fb9630117426b80ed496596a4f627,SPY,buy,market,new,1,gtc,0.0,1,stock,,,
2020-05-07 15:30:00-04:00,MyStrategy,471fb9630117426b80ed496596a4f627,SPY,buy,market,fill,1,gtc,0.0,1,stock,287.75,1.0,0.0
2020-05-08 09:30:00-04:00,MyStrategy,53d2d177d01148bcbffc8b3365d66baf,SPY,buy,market,new,1,gtc,0.0,1,stock,,,
2020-05-08 09:30:00-04:00,MyStrategy,53d2d177d01148bcbffc8b3365d66baf,SPY,buy,market,fill,1,gtc,0.0,1,stock,291.0899963378906,1.0,0.0
2020-05-08 12:30:00-04:00,MyStrategy,93d08ab95cf147f087aebf1fa704290a,SPY,buy,market,new,1,gtc,0.0,1,stock,,,
2020-05-08 12:30:00-04:00,MyStrategy,93d08ab95cf147f087aebf1fa704290a,SPY,buy,market,fill,1,gtc,0.0,1,stock,291.0899963378906,1.0,0.0
2020-05-08 15:30:00-04:00,MyStrategy,763fb370188e4143b96c1adc82321f37,SPY,buy,market,new,1,gtc,0.0,1,stock,,,
2020-05-08 15:30:00-04:00,MyStrategy,763fb370188e4143b96c1adc82321f37,SPY,buy,market,fill,1,gtc,0.0,1,stock,291.0899963378906,1.0,0.0
2020-05-11 09:30:00-04:00,MyStrategy,397ab22b1f4d40669376fd2b2625ba25,SPY,buy,market,new,1,gtc,0.0,1,stock,,,
2020-05-11 09:30:00-04:00,MyStrategy,397ab22b1f4d40669376fd2b2625ba25,SPY,buy,market,fill,1,gtc,0.0,1,stock,290.3399963378906,1.0,0.0
2020-05-11 12:30:00-04:00,MyStrategy,bdedad08479f4a0b8377d5982b2f1fec,SPY,buy,market,new,1,gtc,0.0,1,stock,,,
2020-05-11 12:30:00-04:00,MyStrategy,bdedad08479f4a0b8377d5982b2f1fec,SPY,buy,market,fill,1,gtc,0.0,1,stock,290.3399963378906,1.0,0.0
2020-05-11 15:30:00-04:00,MyStrategy,8b71752bc03e4edd82d13d1030ec6369,SPY,buy,market,new,1,gtc,0.0,1,stock,,,
2020-05-11 15:30:00-04:00,MyStrategy,8b71752bc03e4edd82d13d1030ec6369,SPY,buy,market,fill,1,gtc,0.0,1,stock,290.3399963378906,1.0,0.0
2020-05-12 09:30:00-04:00,MyStrategy,731824e393a54f25926f4d9a954e012a,SPY,buy,market,new,1,gtc,0.0,1,stock,,,
2020-05-12 09:30:00-04:00,MyStrategy,731824e393a54f25926f4d9a954e012a,SPY,buy,market,fill,1,gtc,0.0,1,stock,293.7900085449219,1.0,0.0
2020-05-12 12:30:00-04:00,MyStrategy,4e7a72e83e894713bfd7be9b7511c1aa,SPY,buy,market,new,1,gtc,0.0,1,stock,,,
2020-05-12 12:30:00-04:00,MyStrategy,4e7a72e83e894713bfd7be9b7511c1aa,SPY,buy,market,fill,1,gtc,0.0,1,stock,293.7900085449219,1.0,0.0
2020-05-12 15:30:00-04:00,MyStrategy,b23104462d924b68abb54ea6d2f5d6a9,SPY,buy,market,new,1,gtc,0.0,1,stock,,,
2020-05-12 15:30:00-04:00,MyStrategy,b23104462d924b68abb54ea6d2f5d6a9,SPY,buy,market,fill,1,gtc,0.0,1,stock,293.7900085449219,1.0,0.0
2020-05-13 09:30:00-04:00,MyStrategy,92314ef4a1524a059f471f9143d286ab,SPY,buy,market,new,1,gtc,0.0,1,stock,,,
2020-05-13 09:30:00-04:00,MyStrategy,92314ef4a1524a059f471f9143d286ab,SPY,buy,market,fill,1,gtc,0.0,1,stock,286.05999755859375,1.0,0.0
2020-05-13 12:30:00-04:00,MyStrategy,02f8eeed1d644350bdac1eff9c456636,SPY,buy,market,new,1,gtc,0.0,1,stock,,,
2020-05-13 12:30:00-04:00,MyStrategy,02f8eeed1d644350bdac1eff9c456636,SPY,buy,market,fill,1,gtc,0.0,1,stock,286.05999755859375,1.0,0.0
2020-05-13 15:30:00-04:00,MyStrategy,e62963b982434d98ba196ffc63e65fee,SPY,buy,market,new,1,gtc,0.0,1,stock,,,
2020-05-13 15:30:00-04:00,MyStrategy,e62963b982434d98ba196ffc63e65fee,SPY,buy,market,fill,1,gtc,0.0,1,stock,286.05999755859375,1.0,0.0
2020-05-14 09:30:00-04:00,MyStrategy,b044d90b770e4eafadf81423f84dfed6,SPY,buy,market,new,1,gtc,0.0,1,stock,,,
2020-05-14 09:30:00-04:00,MyStrategy,b044d90b770e4eafadf81423f84dfed6,SPY,buy,market,fill,1,gtc,0.0,1,stock,278.95001220703125,1.0,0.0
2020-05-14 12:30:00-04:00,MyStrategy,8eb00c6491d24c1b922bf491f8bf1091,SPY,buy,market,new,1,gtc,0.0,1,stock,,,
2020-05-14 12:30:00-04:00,MyStrategy,8eb00c6491d24c1b922bf491f8bf1091,SPY,buy,market,fill,1,gtc,0.0,1,stock,278.95001220703125,1.0,0.0
2020-05-14 15:30:00-04:00,MyStrategy,7713a6d1d0db409fa3e1eb3287b08824,SPY,buy,market,new,1,gtc,0.0,1,stock,,,
2020-05-14 15:30:00-04:00,MyStrategy,7713a6d1d0db409fa3e1eb3287b08824,SPY,buy,market,fill,1,gtc,0.0,1,stock,278.95001220703125,1.0,0.0
2020-05-15 09:30:00-04:00,MyStrategy,7e32b3739145410f869de1f69b9f273f,SPY,buy,market,new,1,gtc,0.0,1,stock,,,
2020-05-15 09:30:00-04:00,MyStrategy,7e32b3739145410f869de1f69b9f273f,SPY,buy,market,fill,1,gtc,0.0,1,stock,282.3699951171875,1.0,0.0
2020-05-15 12:30:00-04:00,MyStrategy,50f20927a728424dad6e81b572983856,SPY,buy,market,new,1,gtc,0.0,1,stock,,,
2020-05-15 12:30:00-04:00,MyStrategy,50f20927a728424dad6e81b572983856,SPY,buy,market,fill,1,gtc,0.0,1,stock,282.3699951171875,1.0,0.0
2020-05-15 15:30:00-04:00,MyStrategy,6994e7bdf0624680bc767dbfb1232e0a,SPY,buy,market,new,1,gtc,0.0,1,stock,,,
2020-05-15 15:30:00-04:00,MyStrategy,6994e7bdf0624680bc767dbfb1232e0a,SPY,buy,market,fill,1,gtc,0.0,1,stock,282.3699951171875,1.0,0.0
2020-05-18 09:30:00-04:00,MyStrategy,99aff91e7b064c07adbb8cd040a114e4,SPY,buy,market,new,1,gtc,0.0,1,stock,,,
2020-05-18 09:30:00-04:00,MyStrategy,99aff91e7b064c07adbb8cd040a114e4,SPY,buy,market,fill,1,gtc,0.0,1,stock,293.04998779296875,1.0,0.0
2020-05-18 12:30:00-04:00,MyStrategy,ce88ce3a731f48438929d5a1f5535839,SPY,buy,market,new,1,gtc,0.0,1,stock,,,
2020-05-18 12:30:00-04:00,MyStrategy,ce88ce3a731f48438929d5a1f5535839,SPY,buy,market,fill,1,gtc,0.0,1,stock,293.04998779296875,1.0,0.0
2020-05-18 15:30:00-04:00,MyStrategy,5ada03f283744614808af85c87576148,SPY,buy,market,new,1,gtc,0.0,1,stock,,,
2020-05-18 15:30:00-04:00,MyStrategy,5ada03f283744614808af85c87576148,SPY,buy,market,fill,1,gtc,0.0,1,stock,293.04998779296875,1.0,0.0
2020-05-19 09:30:00-04:00,MyStrategy,c3c053b9295b4abb9cf33248828f70cd,SPY,buy,market,new,1,gtc,0.0,1,stock,,,
2020-05-19 09:30:00-04:00,MyStrategy,c3c053b9295b4abb9cf33248828f70cd,SPY,buy,market,fill,1,gtc,0.0,1,stock,294.3500061035156,1.0,0.0
2020-05-19 12:30:00-04:00,MyStrategy,d3cfc7e8fa3f4e8e9d9dfe154575f64d,SPY,buy,market,new,1,gtc,0.0,1,stock,,,
2020-05-19 12:30:00-04:00,MyStrategy,d3cfc7e8fa3f4e8e9d9dfe154575f64d,SPY,buy,market,fill,1,gtc,0.0,1,stock,294.3500061035156,1.0,0.0
2020-05-19 15:30:00-04:00,MyStrategy,cf89c52ddc754d0881c8431b6eca9622,SPY,buy,market,new,1,gtc,0.0,1,stock,,,
2020-05-19 15:30:00-04:00,MyStrategy,cf89c52ddc754d0881c8431b6eca9622,SPY,buy,market,fill,1,gtc,0.0,1,stock,294.3500061035156,1.0,0.0
2020-05-20 09:30:00-04:00,MyStrategy,f7fc00c33f654f13955425024be635e4,SPY,buy,market,new,1,gtc,0.0,1,stock,,,
2020-05-20 09:30:00-04:00,MyStrategy,f7fc00c33f654f13955425024be635e4,SPY,buy,market,fill,1,gtc,0.0,1,stock,295.82000732421875,1.0,0.0
2020-05-20 12:30:00-04:00,MyStrategy,ac0054895e2740b595c9c10f65fb4632,SPY,buy,market,new,1,gtc,0.0,1,stock,,,
2020-05-20 12:30:00-04:00,MyStrategy,ac0054895e2740b595c9c10f65fb4632,SPY,buy,market,fill,1,gtc,0.0,1,stock,295.82000732421875,1.0,0.0
2020-05-20 15:30:00-04:00,MyStrategy,95363ffbe13543ed8d4b4c52550011ae,SPY,buy,market,new,1,gtc,0.0,1,stock,,,
2020-05-20 15:30:00-04:00,MyStrategy,95363ffbe13543ed8d4b4c52550011ae,SPY,buy,market,fill,1,gtc,0.0,1,stock,295.82000732421875,1.0,0.0
2020-05-21 09:30:00-04:00,MyStrategy,b0e29b5ab62f4c618ac98c9475b0adc2,SPY,buy,market,new,1,gtc,0.0,1,stock,,,
2020-05-21 09:30:00-04:00,MyStrategy,b0e29b5ab62f4c618ac98c9475b0adc2,SPY,buy,market,fill,1,gtc,0.0,1,stock,296.7900085449219,1.0,0.0
2020-05-21 12:30:00-04:00,MyStrategy,d92561d69e9143dd8a45ef71b2fb15ae,SPY,buy,market,new,1,gtc,0.0,1,stock,,,
2020-05-21 12:30:00-04:00,MyStrategy,d92561d69e9143dd8a45ef71b2fb15ae,SPY,buy,market,fill,1,gtc,0.0,1,stock,296.7900085449219,1.0,0.0
2020-05-21 15:30:00-04:00,MyStrategy,13511f8ab09c4bb9bcdc790bd2d5a586,SPY,buy,market,new,1,gtc,0.0,1,stock,,,
2020-05-21 15:30:00-04:00,MyStrategy,13511f8ab09c4bb9bcdc790bd2d5a586,SPY,buy,market,fill,1,gtc,0.0,1,stock,296.7900085449219,1.0,0.0
2020-05-22 09:30:00-04:00,MyStrategy,bc5e0d9a114840c4b64c206c556cc11d,SPY,buy,market,new,1,gtc,0.0,1,stock,,,
2020-05-22 09:30:00-04:00,MyStrategy,bc5e0d9a114840c4b64c206c556cc11d,SPY,buy,market,fill,1,gtc,0.0,1,stock,294.57000732421875,1.0,0.0
2020-05-22 12:30:00-04:00,MyStrategy,245167d33d9748669d4eaa2780f2a502,SPY,buy,market,new,1,gtc,0.0,1,stock,,,
2020-05-22 12:30:00-04:00,MyStrategy,245167d33d9748669d4eaa2780f2a502,SPY,buy,market,fill,1,gtc,0.0,1,stock,294.57000732421875,1.0,0.0
2020-05-22 15:30:00-04:00,MyStrategy,5b5b12f257c6467e84ebb1bc5fbe738d,SPY,buy,market,new,1,gtc,0.0,1,stock,,,
2020-05-22 15:30:00-04:00,MyStrategy,5b5b12f257c6467e84ebb1bc5fbe738d,SPY,buy,market,fill,1,gtc,0.0,1,stock,294.57000732421875,1.0,0.0
2020-05-26 09:30:00-04:00,MyStrategy,6c0a14dedfa743968ef0dc52aa3f1e70,SPY,buy,market,new,1,gtc,0.0,1,stock,,,
2020-05-26 09:30:00-04:00,MyStrategy,6c0a14dedfa743968ef0dc52aa3f1e70,SPY,buy,market,fill,1,gtc,0.0,1,stock,301.92999267578125,1.0,0.0
2020-05-26 12:30:00-04:00,MyStrategy,724967256b75456a94dafb4bebfe8f60,SPY,buy,market,new,1,gtc,0.0,1,stock,,,
2020-05-26 12:30:00-04:00,MyStrategy,724967256b75456a94dafb4bebfe8f60,SPY,buy,market,fill,1,gtc,0.0,1,stock,301.92999267578125,1.0,0.0
2020-05-26 15:30:00-04:00,MyStrategy,54ef7b2c0faf424b89d1743545cbe50a,SPY,buy,market,new,1,gtc,0.0,1,stock,,,
2020-05-26 15:30:00-04:00,MyStrategy,54ef7b2c0faf424b89d1743545cbe50a,SPY,buy,market,fill,1,gtc,0.0,1,stock,301.92999267578125,1.0,0.0
2020-05-27 09:30:00-04:00,MyStrategy,7593d263f52d4cc991853b5537220d0b,SPY,buy,market,new,1,gtc,0.0,1,stock,,,
2020-05-27 09:30:00-04:00,MyStrategy,7593d263f52d4cc991853b5537220d0b,SPY,buy,market,fill,1,gtc,0.0,1,stock,302.1199951171875,1.0,0.0
2020-05-27 12:30:00-04:00,MyStrategy,7dac5b6ae54842ddac597a8c73baa363,SPY,buy,market,new,1,gtc,0.0,1,stock,,,
2020-05-27 12:30:00-04:00,MyStrategy,7dac5b6ae54842ddac597a8c73baa363,SPY,buy,market,fill,1,gtc,0.0,1,stock,302.1199951171875,1.0,0.0
2020-05-27 15:30:00-04:00,MyStrategy,e8046c280e524b5484269c4f60e09c8d,SPY,buy,market,new,1,gtc,0.0,1,stock,,,
2020-05-27 15:30:00-04:00,MyStrategy,e8046c280e524b5484269c4f60e09c8d,SPY,buy,market,fill,1,gtc,0.0,1,stock,302.1199951171875,1.0,0.0
2020-05-28 09:30:00-04:00,MyStrategy,44ff40131e744186949b6c362fa9b1cb,SPY,buy,market,new,1,gtc,0.0,1,stock,,,
2020-05-28 09:30:00-04:00,MyStrategy,44ff40131e744186949b6c362fa9b1cb,SPY,buy,market,fill,1,gtc,0.0,1,stock,304.6499938964844,1.0,0.0
2020-05-28 12:30:00-04:00,MyStrategy,9ec96a9350f641c6b51858f2bdf2ce6a,SPY,buy,market,new,1,gtc,0.0,1,stock,,,
2020-05-28 12:30:00-04:00,MyStrategy,9ec96a9350f641c6b51858f2bdf2ce6a,SPY,buy,market,fill,1,gtc,0.0,1,stock,304.6499938964844,1.0,0.0
2020-05-28 15:30:00-04:00,MyStrategy,119002ed2acf41a985363a53ef2d4674,SPY,buy,market,new,1,gtc,0.0,1,stock,,,
2020-05-28 15:30:00-04:00,MyStrategy,119002ed2acf41a985363a53ef2d4674,SPY,buy,market,fill,1,gtc,0.0,1,stock,304.6499938964844,1.0,0.0
2020-05-29 09:30:00-04:00,MyStrategy,5a259146cd734067b1ad1a756fa827ac,SPY,buy,market,new,1,gtc,0.0,1,stock,,,
2020-05-29 09:30:00-04:00,MyStrategy,5a259146cd734067b1ad1a756fa827ac,SPY,buy,market,fill,1,gtc,0.0,1,stock,302.4599914550781,1.0,0.0
2020-05-29 12:30:00-04:00,MyStrategy,76935e518cb342fe8baf19506858ec19,SPY,buy,market,new,1,gtc,0.0,1,stock,,,
2020-05-29 12:30:00-04:00,MyStrategy,76935e518cb342fe8baf19506858ec19,SPY,buy,market,fill,1,gtc,0.0,1,stock,302.4599914550781,1.0,0.0
2020-05-29 15:30:00-04:00,MyStrategy,9775a96e782e402b99bd49a4dbc179cf,SPY,buy,market,new,1,gtc,0.0,1,stock,,,
2020-05-29 15:30:00-04:00,MyStrategy,9775a96e782e402b99bd49a4dbc179cf,SPY,buy,market,fill,1,gtc,0.0,1,stock,302.4599914550781,1.0,0.0
2020-06-01 09:30:00-04:00,MyStrategy,ae5d6de54b484f47b37ebd77b9ea8891,SPY,buy,market,new,1,gtc,0.0,1,stock,,,
2020-06-01 09:30:00-04:00,MyStrategy,ae5d6de54b484f47b37ebd77b9ea8891,SPY,buy,market,fill,1,gtc,0.0,1,stock,303.6199951171875,1.0,0.0
2020-06-01 12:30:00-04:00,MyStrategy,8232779465de4903b5a6ffeed84c73fb,SPY,buy,market,new,1,gtc,0.0,1,stock,,,
2020-06-01 12:30:00-04:00,MyStrategy,8232779465de4903b5a6ffeed84c73fb,SPY,buy,market,fill,1,gtc,0.0,1,stock,303.6199951171875,1.0,0.0
2020-06-01 15:30:00-04:00,MyStrategy,31fdc40945914dc2a868363b66fcc685,SPY,buy,market,new,1,gtc,0.0,1,stock,,,
2020-06-01 15:30:00-04:00,MyStrategy,31fdc40945914dc2a868363b66fcc685,SPY,buy,market,fill,1,gtc,0.0,1,stock,303.6199951171875,1.0,0.0
2020-06-02 09:30:00-04:00,MyStrategy,daf05ff0bbf54ce1b0ca350a12b39f58,SPY,buy,market,new,1,gtc,0.0,1,stock,,,
2020-06-02 09:30:00-04:00,MyStrategy,daf05ff0bbf54ce1b0ca350a12b39f58,SPY,buy,market,fill,1,gtc,0.0,1,stock,306.54998779296875,1.0,0.0
2020-06-02 12:30:00-04:00,MyStrategy,bbe542f72279499b8408b5fb5c052474,SPY,buy,market,new,1,gtc,0.0,1,stock,,,
2020-06-02 12:30:00-04:00,MyStrategy,bbe542f72279499b8408b5fb5c052474,SPY,buy,market,fill,1,gtc,0.0,1,stock,306.54998779296875,1.0,0.0
2020-06-02 15:30:00-04:00,MyStrategy,cb235062f6b04c8394df65717cbc0c67,SPY,buy,market,new,1,gtc,0.0,1,stock,,,
2020-06-02 15:30:00-04:00,MyStrategy,cb235062f6b04c8394df65717cbc0c67,SPY,buy,market,fill,1,gtc,0.0,1,stock,306.54998779296875,1.0,0.0
2020-06-03 09:30:00-04:00,MyStrategy,a6f39c27213743c0b6df9c7fd4bfb90b,SPY,buy,market,new,1,gtc,0.0,1,stock,,,
2020-06-03 09:30:00-04:00,MyStrategy,a6f39c27213743c0b6df9c7fd4bfb90b,SPY,buy,market,fill,1,gtc,0.0,1,stock,310.239990234375,1.0,0.0
2020-06-03 12:30:00-04:00,MyStrategy,bdadc6d57e0f42089bd920e2ad91fa81,SPY,buy,market,new,1,gtc,0.0,1,stock,,,
2020-06-03 12:30:00-04:00,MyStrategy,bdadc6d57e0f42089bd920e2ad91fa81,SPY,buy,market,fill,1,gtc,0.0,1,stock,310.239990234375,1.0,0.0
2020-06-03 15:30:00-04:00,MyStrategy,974350d723fe40cd8fa5bac11acfb54d,SPY,buy,market,new,1,gtc,0.0,1,stock,,,
2020-06-03 15:30:00-04:00,MyStrategy,974350d723fe40cd8fa5bac11acfb54d,SPY,buy,market,fill,1,gtc,0.0,1,stock,310.239990234375,1.0,0.0
2020-06-04 09:30:00-04:00,MyStrategy,927e3fdda4fc4f5792a71e1770d72572,SPY,buy,market,new,1,gtc,0.0,1,stock,,,
2020-06-04 09:30:00-04:00,MyStrategy,927e3fdda4fc4f5792a71e1770d72572,SPY,buy,market,fill,1,gtc,0.0,1,stock,311.1099853515625,1.0,0.0
2020-06-04 12:30:00-04:00,MyStrategy,2ed5b29990f6466f95c2f213d80919d3,SPY,buy,market,new,1,gtc,0.0,1,stock,,,
2020-06-04 12:30:00-04:00,MyStrategy,2ed5b29990f6466f95c2f213d80919d3,SPY,buy,market,fill,1,gtc,0.0,1,stock,311.1099853515625,1.0,0.0
2020-06-04 15:30:00-04:00,MyStrategy,629dc5981e87445ebebfdadf46c64236,SPY,buy,market,new,1,gtc,0.0,1,stock,,,
2020-06-04 15:30:00-04:00,MyStrategy,629dc5981e87445ebebfdadf46c64236,SPY,buy,market,fill,1,gtc,0.0,1,stock,311.1099853515625,1.0,0.0
2020-06-05 09:30:00-04:00,MyStrategy,a4b53185449741fa8391d3622f827384,SPY,buy,market,new,1,gtc,0.0,1,stock,,,
2020-06-05 09:30:00-04:00,MyStrategy,a4b53185449741fa8391d3622f827384,SPY,buy,market,fill,1,gtc,0.0,1,stock,317.2300109863281,1.0,0.0
2020-06-05 12:30:00-04:00,MyStrategy,f8244008b55e48b79747c972e96b7ac8,SPY,buy,market,new,1,gtc,0.0,1,stock,,,
2020-06-05 12:30:00-04:00,MyStrategy,f8244008b55e48b79747c972e96b7ac8,SPY,buy,market,fill,1,gtc,0.0,1,stock,317.2300109863281,1.0,0.0
2020-06-05 15:30:00-04:00,MyStrategy,638376978f5b445897c2a541dbf6a426,SPY,buy,market,new,1,gtc,0.0,1,stock,,,
2020-06-05 15:30:00-04:00,MyStrategy,638376978f5b445897c2a541dbf6a426,SPY,buy,market,fill,1,gtc,0.0,1,stock,317.2300109863281,1.0,0.0
2020-06-08 09:30:00-04:00,MyStrategy,ab471ec4e326428eaf069f8c4ddfa2a7,SPY,buy,market,new,1,gtc,0.0,1,stock,,,
2020-06-08 09:30:00-04:00,MyStrategy,ab471ec4e326428eaf069f8c4ddfa2a7,SPY,buy,market,fill,1,gtc,0.0,1,stock,320.2200012207031,1.0,0.0
2020-06-08 12:30:00-04:00,MyStrategy,f05da711f3044284b3d6399512858aba,SPY,buy,market,new,1,gtc,0.0,1,stock,,,
2020-06-08 12:30:00-04:00,MyStrategy,f05da711f3044284b3d6399512858aba,SPY,buy,market,fill,1,gtc,0.0,1,stock,320.2200012207031,1.0,0.0
2020-06-08 15:30:00-04:00,MyStrategy,7b1545a229ae4c8797b69aa79a4d7c93,SPY,buy,market,new,1,gtc,0.0,1,stock,,,
2020-06-08 15:30:00-04:00,MyStrategy,7b1545a229ae4c8797b69aa79a4d7c93,SPY,buy,market,fill,1,gtc,0.0,1,stock,320.2200012207031,1.0,0.0
2020-06-09 09:30:00-04:00,MyStrategy,82d3ed2d30fb49f1ab82162fa345eb6d,SPY,buy,market,new,1,gtc,0.0,1,stock,,,
2020-06-09 09:30:00-04:00,MyStrategy,82d3ed2d30fb49f1ab82162fa345eb6d,SPY,buy,market,fill,1,gtc,0.0,1,stock,320.29998779296875,1.0,0.0
2020-06-09 12:30:00-04:00,MyStrategy,0f5b53f44a404f4fa626dcd01cb41a8e,SPY,buy,market,new,1,gtc,0.0,1,stock,,,
2020-06-09 12:30:00-04:00,MyStrategy,0f5b53f44a404f4fa626dcd01cb41a8e,SPY,buy,market,fill,1,gtc,0.0,1,stock,320.29998779296875,1.0,0.0
2020-06-09 15:30:00-04:00,MyStrategy,a0966bd38df14157b401acc3640d6359,SPY,buy,market,new,1,gtc,0.0,1,stock,,,
2020-06-09 15:30:00-04:00,MyStrategy,a0966bd38df14157b401acc3640d6359,SPY,buy,market,fill,1,gtc,0.0,1,stock,320.29998779296875,1.0,0.0
2020-06-10 09:30:00-04:00,MyStrategy,1be5d856f6ce4da4932c89737621005e,SPY,buy,market,new,1,gtc,0.0,1,stock,,,
2020-06-10 09:30:00-04:00,MyStrategy,1be5d856f6ce4da4932c89737621005e,SPY,buy,market,fill,1,gtc,0.0,1,stock,321.4200134277344,1.0,0.0
2020-06-10 12:30:00-04:00,MyStrategy,4d65948f927a4eb78bb396661858d042,SPY,buy,market,new,1,gtc,0.0,1,stock,,,
2020-06-10 12:30:00-04:00,MyStrategy,4d65948f927a4eb78bb396661858d042,SPY,buy,market,fill,1,gtc,0.0,1,stock,321.4200134277344,1.0,0.0
2020-06-10 15:30:00-04:00,MyStrategy,0dd89ca485354c41b828eee0dfc68c08,SPY,buy,market,new,1,gtc,0.0,1,stock,,,
2020-06-10 15:30:00-04:00,MyStrategy,0dd89ca485354c41b828eee0dfc68c08,SPY,buy,market,fill,1,gtc,0.0,1,stock,321.4200134277344,1.0,0.0
2020-06-11 09:30:00-04:00,MyStrategy,d0f4753232d74d97a50142084752cb0d,SPY,buy,market,new,1,gtc,0.0,1,stock,,,
2020-06-11 09:30:00-04:00,MyStrategy,d0f4753232d74d97a50142084752cb0d,SPY,buy,market,fill,1,gtc,0.0,1,stock,311.4599914550781,1.0,0.0
2020-06-11 12:30:00-04:00,MyStrategy,3edf0822f676407297aa4c817edccb29,SPY,buy,market,new,1,gtc,0.0,1,stock,,,
2020-06-11 12:30:00-04:00,MyStrategy,3edf0822f676407297aa4c817edccb29,SPY,buy,market,fill,1,gtc,0.0,1,stock,311.4599914550781,1.0,0.0
2020-06-11 15:30:00-04:00,MyStrategy,a4afda062ecc4f858eae3003932d305c,SPY,buy,market,new,1,gtc,0.0,1,stock,,,
2020-06-11 15:30:00-04:00,MyStrategy,a4afda062ecc4f858eae3003932d305c,SPY,buy,market,fill,1,gtc,0.0,1,stock,311.4599914550781,1.0,0.0
2020-06-12 09:30:00-04:00,MyStrategy,f95614e9d97f4fdc90f4300ee2bbebd9,SPY,buy,market,new,1,gtc,0.0,1,stock,,,
2020-06-12 09:30:00-04:00,MyStrategy,f95614e9d97f4fdc90f4300ee2bbebd9,SPY,buy,market,fill,1,gtc,0.0,1,stock,308.239990234375,1.0,0.0
2020-06-12 12:30:00-04:00,MyStrategy,719d9a93b89b4ce79ae3352acb451ce5,SPY,buy,market,new,1,gtc,0.0,1,stock,,,
2020-06-12 12:30:00-04:00,MyStrategy,719d9a93b89b4ce79ae3352acb451ce5,SPY,buy,market,fill,1,gtc,0.0,1,stock,308.239990234375,1.0,0.0
2020-06-12 15:30:00-04:00,MyStrategy,0c665b5aa4cf46fdb29959487e08b127,SPY,buy,market,new,1,gtc,0.0,1,stock,,,
2020-06-12 15:30:00-04:00,MyStrategy,0c665b5aa4cf46fdb29959487e08b127,SPY,buy,market,fill,1,gtc,0.0,1,stock,308.239990234375,1.0,0.0
2020-06-15 09:30:00-04:00,MyStrategy,a2a6a39c6926412c89ed081d08902049,SPY,buy,market,new,1,gtc,0.0,1,stock,,,
2020-06-15 09:30:00-04:00,MyStrategy,a2a6a39c6926412c89ed081d08902049,SPY,buy,market,fill,1,gtc,0.0,1,stock,298.0199890136719,1.0,0.0
2020-06-15 12:30:00-04:00,MyStrategy,14a7ba7d39454cbaafe644e02ac65ca0,SPY,buy,market,new,1,gtc,0.0,1,stock,,,
2020-06-15 12:30:00-04:00,MyStrategy,14a7ba7d39454cbaafe644e02ac65ca0,SPY,buy,market,fill,1,gtc,0.0,1,stock,298.0199890136719,1.0,0.0
2020-06-15 15:30:00-04:00,MyStrategy,b99828d7407a492b99dfc8ad07d131ea,SPY,buy,market,new,1,gtc,0.0,1,stock,,,
2020-06-15 15:30:00-04:00,MyStrategy,b99828d7407a492b99dfc8ad07d131ea,SPY,buy,market,fill,1,gtc,0.0,1,stock,298.0199890136719,1.0,0.0
2020-06-16 09:30:00-04:00,MyStrategy,94a154460dad4911af2a66e1fbc5d056,SPY,buy,market,new,1,gtc,0.0,1,stock,,,
2020-06-16 09:30:00-04:00,MyStrategy,94a154460dad4911af2a66e1fbc5d056,SPY,buy,market,fill,1,gtc,0.0,1,stock,315.4800109863281,1.0,0.0
2020-06-16 12:30:00-04:00,MyStrategy,b82a85f0ffb348238352b2264e55b4da,SPY,buy,market,new,1,gtc,0.0,1,stock,,,
2020-06-16 12:30:00-04:00,MyStrategy,b82a85f0ffb348238352b2264e55b4da,SPY,buy,market,fill,1,gtc,0.0,1,stock,315.4800109863281,1.0,0.0
2020-06-16 15:30:00-04:00,MyStrategy,9c1535f6af6646798437d5061c83d501,SPY,buy,market,new,1,gtc,0.0,1,stock,,,
2020-06-16 15:30:00-04:00,MyStrategy,9c1535f6af6646798437d5061c83d501,SPY,buy,market,fill,1,gtc,0.0,1,stock,315.4800109863281,1.0,0.0
2020-06-17 09:30:00-04:00,MyStrategy,66b22068f021483e8413ef1b8e36fe3a,SPY,buy,market,new,1,gtc,0.0,1,stock,,,
2020-06-17 09:30:00-04:00,MyStrategy,66b22068f021483e8413ef1b8e36fe3a,SPY,buy,market,fill,1,gtc,0.0,1,stock,314.07000732421875,1.0,0.0
2020-06-17 12:30:00-04:00,MyStrategy,38db56c48725423692a794844a559cc0,SPY,buy,market,new,1,gtc,0.0,1,stock,,,
2020-06-17 12:30:00-04:00,MyStrategy,38db56c48725423692a794844a559cc0,SPY,buy,market,fill,1,gtc,0.0,1,stock,314.07000732421875,1.0,0.0
2020-06-17 15:30:00-04:00,MyStrategy,e6222a322aef4e938e0f2346d50bca4a,SPY,buy,market,new,1,gtc,0.0,1,stock,,,
2020-06-17 15:30:00-04:00,MyStrategy,e6222a322aef4e938e0f2346d50bca4a,SPY,buy,market,fill,1,gtc,0.0,1,stock,314.07000732421875,1.0,0.0
2020-06-18 09:30:00-04:00,MyStrategy,5d0df321a9714c508987b4485754fe22,SPY,buy,market,new,1,gtc,0.0,1,stock,,,
2020-06-18 09:30:00-04:00,MyStrategy,5d0df321a9714c508987b4485754fe22,SPY,buy,market,fill,1,gtc,0.0,1,stock,310.010009765625,1.0,0.0
2020-06-18 12:30:00-04:00,MyStrategy,7f436c7b0e364e87b23aeb038ac51006,SPY,buy,market,new,1,gtc,0.0,1,stock,,,
2020-06-18 12:30:00-04:00,MyStrategy,7f436c7b0e364e87b23aeb038ac51006,SPY,buy,market,fill,1,gtc,0.0,1,stock,310.010009765625,1.0,0.0
2020-06-18 15:30:00-04:00,MyStrategy,35e3d3e80e5e4f5bbbc220bc2d797f3f,SPY,buy,market,new,1,gtc,0.0,1,stock,,,
2020-06-18 15:30:00-04:00,MyStrategy,35e3d3e80e5e4f5bbbc220bc2d797f3f,SPY,buy,market,fill,1,gtc,0.0,1,stock,310.010009765625,1.0,0.0
2020-06-19 09:30:00-04:00,MyStrategy,f5b28a970a814c2f93d9110c8f7c24ae,SPY,buy,market,new,1,gtc,0.0,1,stock,,,
2020-06-19 09:30:00-04:00,MyStrategy,f5b28a970a814c2f93d9110c8f7c24ae,SPY,buy,market,fill,1,gtc,0.0,1,stock,314.1700134277344,1.0,0.0
2020-06-19 12:30:00-04:00,MyStrategy,d24a9c1ac29e401580fca1b85b58353c,SPY,buy,market,new,1,gtc,0.0,1,stock,,,
2020-06-19 12:30:00-04:00,MyStrategy,d24a9c1ac29e401580fca1b85b58353c,SPY,buy,market,fill,1,gtc,0.0,1,stock,314.1700134277344,1.0,0.0
2020-06-19 15:30:00-04:00,MyStrategy,b6a0b60f689a44878b40036e93de4793,SPY,buy,market,new,1,gtc,0.0,1,stock,,,
2020-06-19 15:30:00-04:00,MyStrategy,b6a0b60f689a44878b40036e93de4793,SPY,buy,market,fill,1,gtc,0.0,1,stock,314.1700134277344,1.0,0.0
2020-06-22 09:30:00-04:00,MyStrategy,af034c8263f342818681d51ec8840261,SPY,buy,market,new,1,gtc,0.0,1,stock,,,
2020-06-22 09:30:00-04:00,MyStrategy,af034c8263f342818681d51ec8840261,SPY,buy,market,fill,1,gtc,0.0,1,stock,307.989990234375,1.0,0.0
2020-06-22 12:30:00-04:00,MyStrategy,51115dcd564d4685a45492a6abda37dc,SPY,buy,market,new,1,gtc,0.0,1,stock,,,
2020-06-22 12:30:00-04:00,MyStrategy,51115dcd564d4685a45492a6abda37dc,SPY,buy,market,fill,1,gtc,0.0,1,stock,307.989990234375,1.0,0.0
2020-06-22 15:30:00-04:00,MyStrategy,812de7a3a270450f97f8b397e73ac128,SPY,buy,market,new,1,gtc,0.0,1,stock,,,
2020-06-22 15:30:00-04:00,MyStrategy,812de7a3a270450f97f8b397e73ac128,SPY,buy,market,fill,1,gtc,0.0,1,stock,307.989990234375,1.0,0.0
2020-06-23 09:30:00-04:00,MyStrategy,e16147235ef342baa129238c2ed409df,SPY,buy,market,new,1,gtc,0.0,1,stock,,,
2020-06-23 09:30:00-04:00,MyStrategy,e16147235ef342baa129238c2ed409df,SPY,buy,market,fill,1,gtc,0.0,1,stock,313.489990234375,1.0,0.0
2020-06-23 12:30:00-04:00,MyStrategy,5ca74cd3f04344ccb7062f068173fbdd,SPY,buy,market,new,1,gtc,0.0,1,stock,,,
2020-06-23 12:30:00-04:00,MyStrategy,5ca74cd3f04344ccb7062f068173fbdd,SPY,buy,market,fill,1,gtc,0.0,1,stock,313.489990234375,1.0,0.0
2020-06-23 15:30:00-04:00,MyStrategy,825549873bab4e09b4b449c79ebb9f32,SPY,buy,market,new,1,gtc,0.0,1,stock,,,
2020-06-23 15:30:00-04:00,MyStrategy,825549873bab4e09b4b449c79ebb9f32,SPY,buy,market,fill,1,gtc,0.0,1,stock,313.489990234375,1.0,0.0
2020-06-24 09:30:00-04:00,MyStrategy,af559adca8a24b40951106bfe4822143,SPY,buy,market,new,1,gtc,0.0,1,stock,,,
2020-06-24 09:30:00-04:00,MyStrategy,af559adca8a24b40951106bfe4822143,SPY,buy,market,fill,1,gtc,0.0,1,stock,309.8399963378906,1.0,0.0
2020-06-24 12:30:00-04:00,MyStrategy,cfae0684a3c244ed9d9b10b3a71491fe,SPY,buy,market,new,1,gtc,0.0,1,stock,,,
2020-06-24 12:30:00-04:00,MyStrategy,cfae0684a3c244ed9d9b10b3a71491fe,SPY,buy,market,fill,1,gtc,0.0,1,stock,309.8399963378906,1.0,0.0
2020-06-24 15:30:00-04:00,MyStrategy,c6190b4da17844898f3e95c362834321,SPY,buy,market,new,1,gtc,0.0,1,stock,,,
2020-06-24 15:30:00-04:00,MyStrategy,c6190b4da17844898f3e95c362834321,SPY,buy,market,fill,1,gtc,0.0,1,stock,309.8399963378906,1.0,0.0
2020-06-25 09:30:00-04:00,MyStrategy,cf56c1803d824f18ba4ae675837ab0eb,SPY,buy,market,new,1,gtc,0.0,1,stock,,,
2020-06-25 09:30:00-04:00,MyStrategy,cf56c1803d824f18ba4ae675837ab0eb,SPY,buy,market,fill,1,gtc,0.0,1,stock,303.4700012207031,1.0,0.0
2020-06-25 12:30:00-04:00,MyStrategy,cddfaf322000428b97ac08e4ce3989e8,SPY,buy,market,new,1,gtc,0.0,1,stock,,,
2020-06-25 12:30:00-04:00,MyStrategy,cddfaf322000428b97ac08e4ce3989e8,SPY,buy,market,fill,1,gtc,0.0,1,stock,303.4700012207031,1.0,0.0
2020-06-25 15:30:00-04:00,MyStrategy,f8e70ffdc0104b98a9b7964b43b30b51,SPY,buy,market,new,1,gtc,0.0,1,stock,,,
2020-06-25 15:30:00-04:00,MyStrategy,f8e70ffdc0104b98a9b7964b43b30b51,SPY,buy,market,fill,1,gtc,0.0,1,stock,303.4700012207031,1.0,0.0
2020-06-26 09:30:00-04:00,MyStrategy,0b86d8b40320408ca7e5c47ab90fa5ff,SPY,buy,market,new,1,gtc,0.0,1,stock,,,
2020-06-26 09:30:00-04:00,MyStrategy,0b86d8b40320408ca7e5c47ab90fa5ff,SPY,buy,market,fill,1,gtc,0.0,1,stock,306.1600036621094,1.0,0.0
2020-06-26 12:30:00-04:00,MyStrategy,1ed599f8b9a84d92878ec08b1c1e40d0,SPY,buy,market,new,1,gtc,0.0,1,stock,,,
2020-06-26 12:30:00-04:00,MyStrategy,1ed599f8b9a84d92878ec08b1c1e40d0,SPY,buy,market,fill,1,gtc,0.0,1,stock,306.1600036621094,1.0,0.0
2020-06-26 15:30:00-04:00,MyStrategy,3becb2fec8714493a42cb5556170f3e5,SPY,buy,market,new,1,gtc,0.0,1,stock,,,
2020-06-26 15:30:00-04:00,MyStrategy,3becb2fec8714493a42cb5556170f3e5,SPY,buy,market,fill,1,gtc,0.0,1,stock,306.1600036621094,1.0,0.0
2020-06-29 09:30:00-04:00,MyStrategy,872f9f07dbae48dc987e466cccf1f5e2,SPY,buy,market,new,1,gtc,0.0,1,stock,,,
2020-06-29 09:30:00-04:00,MyStrategy,872f9f07dbae48dc987e466cccf1f5e2,SPY,buy,market,fill,1,gtc,0.0,1,stock,301.4100036621094,1.0,0.0
2020-06-29 12:30:00-04:00,MyStrategy,19f9f635dd034bc98e89e27c9e49e1fb,SPY,buy,market,new,1,gtc,0.0,1,stock,,,
2020-06-29 12:30:00-04:00,MyStrategy,19f9f635dd034bc98e89e27c9e49e1fb,SPY,buy,market,fill,1,gtc,0.0,1,stock,301.4100036621094,1.0,0.0
2020-06-29 15:30:00-04:00,MyStrategy,17778470caf042798dcffe78b9c1814a,SPY,buy,market,new,1,gtc,0.0,1,stock,,,
2020-06-29 15:30:00-04:00,MyStrategy,17778470caf042798dcffe78b9c1814a,SPY,buy,market,fill,1,gtc,0.0,1,stock,301.4100036621094,1.0,0.0
2020-06-30 09:30:00-04:00,MyStrategy,8f058955d4224e869dadfc6ce3f35d61,SPY,buy,market,new,1,gtc,0.0,1,stock,,,
2020-06-30 09:30:00-04:00,MyStrategy,8f058955d4224e869dadfc6ce3f35d61,SPY,buy,market,fill,1,gtc,0.0,1,stock,303.989990234375,1.0,0.0
2020-06-30 12:30:00-04:00,MyStrategy,f199ed19a0344830ad0f8e1690cd465e,SPY,buy,market,new,1,gtc,0.0,1,stock,,,
2020-06-30 12:30:00-04:00,MyStrategy,f199ed19a0344830ad0f8e1690cd465e,SPY,buy,market,fill,1,gtc,0.0,1,stock,303.989990234375,1.0,0.0
2020-06-30 15:30:00-04:00,MyStrategy,1bdfbc6f8e444c5eb9eda6b0a5d69f89,SPY,buy,market,new,1,gtc,0.0,1,stock,,,
2020-06-30 15:30:00-04:00,MyStrategy,1bdfbc6f8e444c5eb9eda6b0a5d69f89,SPY,buy,market,fill,1,gtc,0.0,1,stock,303.989990234375,1.0,0.0
2020-07-01 09:30:00-04:00,MyStrategy,9d452127ba8e4b2395475ab041859635,SPY,buy,market,new,1,gtc,0.0,1,stock,,,
2020-07-01 09:30:00-04:00,MyStrategy,9d452127ba8e4b2395475ab041859635,SPY,buy,market,fill,1,gtc,0.0,1,stock,309.57000732421875,1.0,0.0
2020-07-01 12:30:00-04:00,MyStrategy,34aa64f99ff64b28a8c72be8da8d3486,SPY,buy,market,new,1,gtc,0.0,1,stock,,,
2020-07-01 12:30:00-04:00,MyStrategy,34aa64f99ff64b28a8c72be8da8d3486,SPY,buy,market,fill,1,gtc,0.0,1,stock,309.57000732421875,1.0,0.0
2020-07-01 15:30:00-04:00,MyStrategy,afebe0e52e0e4f21a49da1017a503443,SPY,buy,market,new,1,gtc,0.0,1,stock,,,
2020-07-01 15:30:00-04:00,MyStrategy,afebe0e52e0e4f21a49da1017a503443,SPY,buy,market,fill,1,gtc,0.0,1,stock,309.57000732421875,1.0,0.0
2020-07-02 09:30:00-04:00,MyStrategy,e4ce90df4e134c8ba915165b36ba7643,SPY,buy,market,new,1,gtc,0.0,1,stock,,,
2020-07-02 09:30:00-04:00,MyStrategy,e4ce90df4e134c8ba915165b36ba7643,SPY,buy,market,fill,1,gtc,0.0,1,stock,314.239990234375,1.0,0.0
2020-07-02 12:30:00-04:00,MyStrategy,4f6376b7d3804742ac8fdc5bb327ed45,SPY,buy,market,new,1,gtc,0.0,1,stock,,,
2020-07-02 12:30:00-04:00,MyStrategy,4f6376b7d3804742ac8fdc5bb327ed45,SPY,buy,market,fill,1,gtc,0.0,1,stock,314.239990234375,1.0,0.0
2020-07-02 15:30:00-04:00,MyStrategy,74002f33842a4a4d9469811d8b5d3437,SPY,buy,market,new,1,gtc,0.0,1,stock,,,
2020-07-02 15:30:00-04:00,MyStrategy,74002f33842a4a4d9469811d8b5d3437,SPY,buy,market,fill,1,gtc,0.0,1,stock,314.239990234375,1.0,0.0
2020-07-06 09:30:00-04:00,MyStrategy,ab974b0b02a742b1aaf4ab44d69c220a,SPY,buy,market,new,1,gtc,0.0,1,stock,,,
2020-07-06 09:30:00-04:00,MyStrategy,ab974b0b02a742b1aaf4ab44d69c220a,SPY,buy,market,fill,1,gtc,0.0,1,stock,316.3699951171875,1.0,0.0
2020-07-06 12:30:00-04:00,MyStrategy,47832b9443f64e8c905663b37aaaabbf,SPY,buy,market,new,1,gtc,0.0,1,stock,,,
2020-07-06 12:30:00-04:00,MyStrategy,47832b9443f64e8c905663b37aaaabbf,SPY,buy,market,fill,1,gtc,0.0,1,stock,316.3699951171875,1.0,0.0
2020-07-06 15:30:00-04:00,MyStrategy,4dacc1813704450aaafd1e4e1569afee,SPY,buy,market,new,1,gtc,0.0,1,stock,,,
2020-07-06 15:30:00-04:00,MyStrategy,4dacc1813704450aaafd1e4e1569afee,SPY,buy,market,fill,1,gtc,0.0,1,stock,316.3699951171875,1.0,0.0
2020-07-07 09:30:00-04:00,MyStrategy,3ba6063f659d4941a5b58c327845d204,SPY,buy,market,new,1,gtc,0.0,1,stock,,,
2020-07-07 09:30:00-04:00,MyStrategy,3ba6063f659d4941a5b58c327845d204,SPY,buy,market,fill,1,gtc,0.0,1,stock,315.3800048828125,1.0,0.0
2020-07-07 12:30:00-04:00,MyStrategy,e54681eb6f2045d4ac3cd7c38ff723c1,SPY,buy,market,new,1,gtc,0.0,1,stock,,,
2020-07-07 12:30:00-04:00,MyStrategy,e54681eb6f2045d4ac3cd7c38ff723c1,SPY,buy,market,fill,1,gtc,0.0,1,stock,315.3800048828125,1.0,0.0
2020-07-07 15:30:00-04:00,MyStrategy,63f2c500a9f3470b9ef4770561ef0ebf,SPY,buy,market,new,1,gtc,0.0,1,stock,,,
2020-07-07 15:30:00-04:00,MyStrategy,63f2c500a9f3470b9ef4770561ef0ebf,SPY,buy,market,fill,1,gtc,0.0,1,stock,315.3800048828125,1.0,0.0
2020-07-08 09:30:00-04:00,MyStrategy,58ec74c16b664d2c8fc1231965d2a6d4,SPY,buy,market,new,1,gtc,0.0,1,stock,,,
2020-07-08 09:30:00-04:00,MyStrategy,58ec74c16b664d2c8fc1231965d2a6d4,SPY,buy,market,fill,1,gtc,0.0,1,stock,314.6099853515625,1.0,0.0
2020-07-08 12:30:00-04:00,MyStrategy,47289496fab944cdbe72fec819fca75d,SPY,buy,market,new,1,gtc,0.0,1,stock,,,
2020-07-08 12:30:00-04:00,MyStrategy,47289496fab944cdbe72fec819fca75d,SPY,buy,market,fill,1,gtc,0.0,1,stock,314.6099853515625,1.0,0.0
2020-07-08 15:30:00-04:00,MyStrategy,d9f4c2f06217453e93309210e53e5dda,SPY,buy,market,new,1,gtc,0.0,1,stock,,,
2020-07-08 15:30:00-04:00,MyStrategy,d9f4c2f06217453e93309210e53e5dda,SPY,buy,market,fill,1,gtc,0.0,1,stock,314.6099853515625,1.0,0.0
2020-07-09 09:30:00-04:00,MyStrategy,009d838fc0bf4b269da0524de108d6c1,SPY,buy,market,new,1,gtc,0.0,1,stock,,,
2020-07-09 09:30:00-04:00,MyStrategy,009d838fc0bf4b269da0524de108d6c1,SPY,buy,market,fill,1,gtc,0.0,1,stock,316.8399963378906,1.0,0.0
2020-07-09 12:30:00-04:00,MyStrategy,193c352ac41047dc8ad710dc097e88f8,SPY,buy,market,new,1,gtc,0.0,1,stock,,,
2020-07-09 12:30:00-04:00,MyStrategy,193c352ac41047dc8ad710dc097e88f8,SPY,buy,market,fill,1,gtc,0.0,1,stock,316.8399963378906,1.0,0.0
2020-07-09 15:30:00-04:00,MyStrategy,9acc410cb77546f8a9c77b0326dbc762,SPY,buy,market,new,1,gtc,0.0,1,stock,,,
2020-07-09 15:30:00-04:00,MyStrategy,9acc410cb77546f8a9c77b0326dbc762,SPY,buy,market,fill,1,gtc,0.0,1,stock,316.8399963378906,1.0,0.0
2020-07-10 09:30:00-04:00,MyStrategy,e4970ec2e32d4a379cf73b28e4a5e0bf,SPY,buy,market,new,1,gtc,0.0,1,stock,,,
2020-07-10 09:30:00-04:00,MyStrategy,e4970ec2e32d4a379cf73b28e4a5e0bf,SPY,buy,market,fill,1,gtc,0.0,1,stock,314.30999755859375,1.0,0.0
2020-07-10 12:30:00-04:00,MyStrategy,75276833f59043a78831e483c31f5572,SPY,buy,market,new,1,gtc,0.0,1,stock,,,
2020-07-10 12:30:00-04:00,MyStrategy,75276833f59043a78831e483c31f5572,SPY,buy,market,fill,1,gtc,0.0,1,stock,314.30999755859375,1.0,0.0
2020-07-10 15:30:00-04:00,MyStrategy,bab86bfab2824285a42033f9cdafc46e,SPY,buy,market,new,1,gtc,0.0,1,stock,,,
2020-07-10 15:30:00-04:00,MyStrategy,bab86bfab2824285a42033f9cdafc46e,SPY,buy,market,fill,1,gtc,0.0,1,stock,314.30999755859375,1.0,0.0
2020-07-13 09:30:00-04:00,MyStrategy,9b78f8ce60a64fd498a43bdcdaafbc8e,SPY,buy,market,new,1,gtc,0.0,1,stock,,,
2020-07-13 09:30:00-04:00,MyStrategy,9b78f8ce60a64fd498a43bdcdaafbc8e,SPY,buy,market,fill,1,gtc,0.0,1,stock,320.1300048828125,1.0,0.0
2020-07-13 12:30:00-04:00,MyStrategy,49f7e7878fb84d29b0647d7b8211feca,SPY,buy,market,new,1,gtc,0.0,1,stock,,,
2020-07-13 12:30:00-04:00,MyStrategy,49f7e7878fb84d29b0647d7b8211feca,SPY,buy,market,fill,1,gtc,0.0,1,stock,320.1300048828125,1.0,0.0
2020-07-13 15:30:00-04:00,MyStrategy,dca72f38e5b143769386f902439b6fc9,SPY,buy,market,new,1,gtc,0.0,1,stock,,,
2020-07-13 15:30:00-04:00,MyStrategy,dca72f38e5b143769386f902439b6fc9,SPY,buy,market,fill,1,gtc,0.0,1,stock,320.1300048828125,1.0,0.0
2020-07-14 09:30:00-04:00,MyStrategy,fe455fcea836469fbd77d17a99993fa6,SPY,buy,market,new,1,gtc,0.0,1,stock,,,
2020-07-14 09:30:00-04:00,MyStrategy,fe455fcea836469fbd77d17a99993fa6,SPY,buy,market,fill,1,gtc,0.0,1,stock,313.29998779296875,1.0,0.0
2020-07-14 12:30:00-04:00,MyStrategy,088d9f2cdac44e1ab76fc877b17f0a5b,SPY,buy,market,new,1,gtc,0.0,1,stock,,,
2020-07-14 12:30:00-04:00,MyStrategy,088d9f2cdac44e1ab76fc877b17f0a5b,SPY,buy,market,fill,1,gtc,0.0,1,stock,313.29998779296875,1.0,0.0
2020-07-14 15:30:00-04:00,MyStrategy,ac0962c26792406998d7a7937c189698,SPY,buy,market,new,1,gtc,0.0,1,stock,,,
2020-07-14 15:30:00-04:00,MyStrategy,ac0962c26792406998d7a7937c189698,SPY,buy,market,fill,1,gtc,0.0,1,stock,313.29998779296875,1.0,0.0
2020-07-15 09:30:00-04:00,MyStrategy,269906cd5e4f48a3b2d654e5c50ee62e,SPY,buy,market,new,1,gtc,0.0,1,stock,,,
2020-07-15 09:30:00-04:00,MyStrategy,269906cd5e4f48a3b2d654e5c50ee62e,SPY,buy,market,fill,1,gtc,0.0,1,stock,322.4100036621094,1.0,0.0
2020-07-15 12:30:00-04:00,MyStrategy,9594da7dcac44d95b8a566485581c455,SPY,buy,market,new,1,gtc,0.0,1,stock,,,
2020-07-15 12:30:00-04:00,MyStrategy,9594da7dcac44d95b8a566485581c455,SPY,buy,market,fill,1,gtc,0.0,1,stock,322.4100036621094,1.0,0.0
2020-07-15 15:30:00-04:00,MyStrategy,a1c8c5b5b5bf48c0b25396add06f32a8,SPY,buy,market,new,1,gtc,0.0,1,stock,,,
2020-07-15 15:30:00-04:00,MyStrategy,a1c8c5b5b5bf48c0b25396add06f32a8,SPY,buy,market,fill,1,gtc,0.0,1,stock,322.4100036621094,1.0,0.0
2020-07-16 09:30:00-04:00,MyStrategy,9c0d88d73c0943e3bd7ead9e31fe4a66,SPY,buy,market,new,1,gtc,0.0,1,stock,,,
2020-07-16 09:30:00-04:00,MyStrategy,9c0d88d73c0943e3bd7ead9e31fe4a66,SPY,buy,market,fill,1,gtc,0.0,1,stock,319.7900085449219,1.0,0.0
2020-07-16 12:30:00-04:00,MyStrategy,94565c45e53f4cc6ae67f575f25ef010,SPY,buy,market,new,1,gtc,0.0,1,stock,,,
2020-07-16 12:30:00-04:00,MyStrategy,94565c45e53f4cc6ae67f575f25ef010,SPY,buy,market,fill,1,gtc,0.0,1,stock,319.7900085449219,1.0,0.0
2020-07-16 15:30:00-04:00,MyStrategy,a460ada188b64b47987b2fcc5a38506d,SPY,buy,market,new,1,gtc,0.0,1,stock,,,
2020-07-16 15:30:00-04:00,MyStrategy,a460ada188b64b47987b2fcc5a38506d,SPY,buy,market,fill,1,gtc,0.0,1,stock,319.7900085449219,1.0,0.0
2020-07-17 09:30:00-04:00,MyStrategy,92522e5fb685470b8ae65669a9185e64,SPY,buy,market,new,1,gtc,0.0,1,stock,,,
2020-07-17 09:30:00-04:00,MyStrategy,92522e5fb685470b8ae65669a9185e64,SPY,buy,market,fill,1,gtc,0.0,1,stock,321.8800048828125,1.0,0.0
2020-07-17 12:30:00-04:00,MyStrategy,4d2632b10ab04456a939300574c71a20,SPY,buy,market,new,1,gtc,0.0,1,stock,,,
2020-07-17 12:30:00-04:00,MyStrategy,4d2632b10ab04456a939300574c71a20,SPY,buy,market,fill,1,gtc,0.0,1,stock,321.8800048828125,1.0,0.0
2020-07-17 15:30:00-04:00,MyStrategy,8a76049e1ace4028adafaecd2df823f9,SPY,buy,market,new,1,gtc,0.0,1,stock,,,
2020-07-17 15:30:00-04:00,MyStrategy,8a76049e1ace4028adafaecd2df823f9,SPY,buy,market,fill,1,gtc,0.0,1,stock,321.8800048828125,1.0,0.0
2020-07-20 09:30:00-04:00,MyStrategy,2c80ff94f9f148bdbea892b130dc8d98,SPY,buy,market,new,1,gtc,0.0,1,stock,,,
2020-07-20 09:30:00-04:00,MyStrategy,2c80ff94f9f148bdbea892b130dc8d98,SPY,buy,market,fill,1,gtc,0.0,1,stock,321.42999267578125,1.0,0.0
2020-07-20 12:30:00-04:00,MyStrategy,f78d0858732a4162b51a19691508d6a1,SPY,buy,market,new,1,gtc,0.0,1,stock,,,
2020-07-20 12:30:00-04:00,MyStrategy,f78d0858732a4162b51a19691508d6a1,SPY,buy,market,fill,1,gtc,0.0,1,stock,321.42999267578125,1.0,0.0
2020-07-20 15:30:00-04:00,MyStrategy,1d0fdafd4be54f56be48466e450fc106,SPY,buy,market,new,1,gtc,0.0,1,stock,,,
2020-07-20 15:30:00-04:00,MyStrategy,1d0fdafd4be54f56be48466e450fc106,SPY,buy,market,fill,1,gtc,0.0,1,stock,321.42999267578125,1.0,0.0
2020-07-21 09:30:00-04:00,MyStrategy,121577b9362d4e708031dbcb58e12670,SPY,buy,market,new,1,gtc,0.0,1,stock,,,
2020-07-21 09:30:00-04:00,MyStrategy,121577b9362d4e708031dbcb58e12670,SPY,buy,market,fill,1,gtc,0.0,1,stock,326.45001220703125,1.0,0.0
2020-07-21 12:30:00-04:00,MyStrategy,b69c81c976684edbb72905a3b10b3241,SPY,buy,market,new,1,gtc,0.0,1,stock,,,
2020-07-21 12:30:00-04:00,MyStrategy,b69c81c976684edbb72905a3b10b3241,SPY,buy,market,fill,1,gtc,0.0,1,stock,326.45001220703125,1.0,0.0
2020-07-21 15:30:00-04:00,MyStrategy,5396d0b43e704ac6af1463b0bdcf7608,SPY,buy,market,new,1,gtc,0.0,1,stock,,,
2020-07-21 15:30:00-04:00,MyStrategy,5396d0b43e704ac6af1463b0bdcf7608,SPY,buy,market,fill,1,gtc,0.0,1,stock,326.45001220703125,1.0,0.0
2020-07-22 09:30:00-04:00,MyStrategy,bd99359031914313ab3b463002385c8d,SPY,buy,market,new,1,gtc,0.0,1,stock,,,
2020-07-22 09:30:00-04:00,MyStrategy,bd99359031914313ab3b463002385c8d,SPY,buy,market,fill,1,gtc,0.0,1,stock,324.6199951171875,1.0,0.0
2020-07-22 12:30:00-04:00,MyStrategy,2e35e988c2db46d6bdaca0ee5bd60d12,SPY,buy,market,new,1,gtc,0.0,1,stock,,,
2020-07-22 12:30:00-04:00,MyStrategy,2e35e988c2db46d6bdaca0ee5bd60d12,SPY,buy,market,fill,1,gtc,0.0,1,stock,324.6199951171875,1.0,0.0
2020-07-22 15:30:00-04:00,MyStrategy,7637aa4b795d48818439861683bbbd74,SPY,buy,market,new,1,gtc,0.0,1,stock,,,
2020-07-22 15:30:00-04:00,MyStrategy,7637aa4b795d48818439861683bbbd74,SPY,buy,market,fill,1,gtc,0.0,1,stock,324.6199951171875,1.0,0.0
2020-07-23 09:30:00-04:00,MyStrategy,a8d9f70e3a3d47fe88f507470ae7f1be,SPY,buy,market,new,1,gtc,0.0,1,stock,,,
2020-07-23 09:30:00-04:00,MyStrategy,a8d9f70e3a3d47fe88f507470ae7f1be,SPY,buy,market,fill,1,gtc,0.0,1,stock,326.4700012207031,1.0,0.0
2020-07-23 12:30:00-04:00,MyStrategy,aa8c14779f664461a24c8c2f9139103b,SPY,buy,market,new,1,gtc,0.0,1,stock,,,
2020-07-23 12:30:00-04:00,MyStrategy,aa8c14779f664461a24c8c2f9139103b,SPY,buy,market,fill,1,gtc,0.0,1,stock,326.4700012207031,1.0,0.0
2020-07-23 15:30:00-04:00,MyStrategy,3ae4186cde3d41d6b2f9fd35aea6bdcc,SPY,buy,market,new,1,gtc,0.0,1,stock,,,
2020-07-23 15:30:00-04:00,MyStrategy,3ae4186cde3d41d6b2f9fd35aea6bdcc,SPY,buy,market,fill,1,gtc,0.0,1,stock,326.4700012207031,1.0,0.0
2020-07-24 09:30:00-04:00,MyStrategy,29ce4879b1e14346963f6d2a73d7bfe4,SPY,buy,market,new,1,gtc,0.0,1,stock,,,
2020-07-24 09:30:00-04:00,MyStrategy,29ce4879b1e14346963f6d2a73d7bfe4,SPY,buy,market,fill,1,gtc,0.0,1,stock,320.95001220703125,1.0,0.0
2020-07-24 12:30:00-04:00,MyStrategy,71d617fd14a94bb884d5045a8e007239,SPY,buy,market,new,1,gtc,0.0,1,stock,,,
2020-07-24 12:30:00-04:00,MyStrategy,71d617fd14a94bb884d5045a8e007239,SPY,buy,market,fill,1,gtc,0.0,1,stock,320.95001220703125,1.0,0.0
2020-07-24 15:30:00-04:00,MyStrategy,ac6058f223af4486aaee2ac53bf6315d,SPY,buy,market,new,1,gtc,0.0,1,stock,,,
2020-07-24 15:30:00-04:00,MyStrategy,ac6058f223af4486aaee2ac53bf6315d,SPY,buy,market,fill,1,gtc,0.0,1,stock,320.95001220703125,1.0,0.0
2020-07-27 09:30:00-04:00,MyStrategy,431273c289e24ff8af2b1c6747904884,SPY,buy,market,new,1,gtc,0.0,1,stock,,,
2020-07-27 09:30:00-04:00,MyStrategy,431273c289e24ff8af2b1c6747904884,SPY,buy,market,fill,1,gtc,0.0,1,stock,321.6300048828125,1.0,0.0
2020-07-27 12:30:00-04:00,MyStrategy,4e977b808878481c8e5bf3e081eb2089,SPY,buy,market,new,1,gtc,0.0,1,stock,,,
2020-07-27 12:30:00-04:00,MyStrategy,4e977b808878481c8e5bf3e081eb2089,SPY,buy,market,fill,1,gtc,0.0,1,stock,321.6300048828125,1.0,0.0
2020-07-27 15:30:00-04:00,MyStrategy,116716964d034320aa96a1991cb81e63,SPY,buy,market,new,1,gtc,0.0,1,stock,,,
2020-07-27 15:30:00-04:00,MyStrategy,116716964d034320aa96a1991cb81e63,SPY,buy,market,fill,1,gtc,0.0,1,stock,321.6300048828125,1.0,0.0
2020-07-28 09:30:00-04:00,MyStrategy,318f8e44a48b4717bcfad5d566ae7f21,SPY,buy,market,new,1,gtc,0.0,1,stock,,,
2020-07-28 09:30:00-04:00,MyStrategy,318f8e44a48b4717bcfad5d566ae7f21,SPY,buy,market,fill,1,gtc,0.0,1,stock,322.42999267578125,1.0,0.0
2020-07-28 12:30:00-04:00,MyStrategy,d0266275de7c4cada7097ed13a58f0f8,SPY,buy,market,new,1,gtc,0.0,1,stock,,,
2020-07-28 12:30:00-04:00,MyStrategy,d0266275de7c4cada7097ed13a58f0f8,SPY,buy,market,fill,1,gtc,0.0,1,stock,322.42999267578125,1.0,0.0
2020-07-28 15:30:00-04:00,MyStrategy,806a7fd02dac47b19c2ea2f221a213bb,SPY,buy,market,new,1,gtc,0.0,1,stock,,,
2020-07-28 15:30:00-04:00,MyStrategy,806a7fd02dac47b19c2ea2f221a213bb,SPY,buy,market,fill,1,gtc,0.0,1,stock,322.42999267578125,1.0,0.0
2020-07-29 09:30:00-04:00,MyStrategy,899ad55a91e541f88bc18662523d06df,SPY,buy,market,new,1,gtc,0.0,1,stock,,,
2020-07-29 09:30:00-04:00,MyStrategy,899ad55a91e541f88bc18662523d06df,SPY,buy,market,fill,1,gtc,0.0,1,stock,322.1199951171875,1.0,0.0
2020-07-29 12:30:00-04:00,MyStrategy,5952ceade0404815abffb00429a3f00e,SPY,buy,market,new,1,gtc,0.0,1,stock,,,
2020-07-29 12:30:00-04:00,MyStrategy,5952ceade0404815abffb00429a3f00e,SPY,buy,market,fill,1,gtc,0.0,1,stock,322.1199951171875,1.0,0.0
2020-07-29 15:30:00-04:00,MyStrategy,6789922c5ad746d2bb707c1a7ab53d21,SPY,buy,market,new,1,gtc,0.0,1,stock,,,
2020-07-29 15:30:00-04:00,MyStrategy,6789922c5ad746d2bb707c1a7ab53d21,SPY,buy,market,fill,1,gtc,0.0,1,stock,322.1199951171875,1.0,0.0
2020-07-30 09:30:00-04:00,MyStrategy,1587168c4a834825ac125cb65c62a78b,SPY,buy,market,new,1,gtc,0.0,1,stock,,,
2020-07-30 09:30:00-04:00,MyStrategy,1587168c4a834825ac125cb65c62a78b,SPY,buy,market,fill,1,gtc,0.0,1,stock,321.8999938964844,1.0,0.0
2020-07-30 12:30:00-04:00,MyStrategy,21c546b9edd84ac4be6dcb86463478b9,SPY,buy,market,new,1,gtc,0.0,1,stock,,,
2020-07-30 12:30:00-04:00,MyStrategy,21c546b9edd84ac4be6dcb86463478b9,SPY,buy,market,fill,1,gtc,0.0,1,stock,321.8999938964844,1.0,0.0
2020-07-30 15:30:00-04:00,MyStrategy,2e5b4b133c86460d84e8c3b757d2d034,SPY,buy,market,new,1,gtc,0.0,1,stock,,,
2020-07-30 15:30:00-04:00,MyStrategy,2e5b4b133c86460d84e8c3b757d2d034,SPY,buy,market,fill,1,gtc,0.0,1,stock,321.8999938964844,1.0,0.0
2020-07-31 09:30:00-04:00,MyStrategy,6201e5cfdda145f7976caadb84749608,SPY,buy,market,new,1,gtc,0.0,1,stock,,,
2020-07-31 09:30:00-04:00,MyStrategy,6201e5cfdda145f7976caadb84749608,SPY,buy,market,fill,1,gtc,0.0,1,stock,325.8999938964844,1.0,0.0
2020-07-31 12:30:00-04:00,MyStrategy,9156082b66764465b83a5499ef037938,SPY,buy,market,new,1,gtc,0.0,1,stock,,,
2020-07-31 12:30:00-04:00,MyStrategy,9156082b66764465b83a5499ef037938,SPY,buy,market,fill,1,gtc,0.0,1,stock,325.8999938964844,1.0,0.0
2020-07-31 15:30:00-04:00,MyStrategy,08ad38fa09df4474943cf394d17ba549,SPY,buy,market,new,1,gtc,0.0,1,stock,,,
2020-07-31 15:30:00-04:00,MyStrategy,08ad38fa09df4474943cf394d17ba549,SPY,buy,market,fill,1,gtc,0.0,1,stock,325.8999938964844,1.0,0.0
2020-08-03 09:30:00-04:00,MyStrategy,45447bf48eef48b19d0f151ca16ada46,SPY,buy,market,new,1,gtc,0.0,1,stock,,,
2020-08-03 09:30:00-04:00,MyStrategy,45447bf48eef48b19d0f151ca16ada46,SPY,buy,market,fill,1,gtc,0.0,1,stock,328.32000732421875,1.0,0.0
2020-08-03 12:30:00-04:00,MyStrategy,df07b24313b646ffa349d0df73136453,SPY,buy,market,new,1,gtc,0.0,1,stock,,,
2020-08-03 12:30:00-04:00,MyStrategy,df07b24313b646ffa349d0df73136453,SPY,buy,market,fill,1,gtc,0.0,1,stock,328.32000732421875,1.0,0.0
2020-08-03 15:30:00-04:00,MyStrategy,d875ab0121d0438ca9f5d8fef1d12c3f,SPY,buy,market,new,1,gtc,0.0,1,stock,,,
2020-08-03 15:30:00-04:00,MyStrategy,d875ab0121d0438ca9f5d8fef1d12c3f,SPY,buy,market,fill,1,gtc,0.0,1,stock,328.32000732421875,1.0,0.0
2020-08-04 09:30:00-04:00,MyStrategy,7b4b247eff2946d0b72662c169c5419d,SPY,buy,market,new,1,gtc,0.0,1,stock,,,
2020-08-04 09:30:00-04:00,MyStrategy,7b4b247eff2946d0b72662c169c5419d,SPY,buy,market,fill,1,gtc,0.0,1,stock,327.8599853515625,1.0,0.0
2020-08-04 12:30:00-04:00,MyStrategy,caf9ddffb36141a0afaead2b5189bfbd,SPY,buy,market,new,1,gtc,0.0,1,stock,,,
2020-08-04 12:30:00-04:00,MyStrategy,caf9ddffb36141a0afaead2b5189bfbd,SPY,buy,market,fill,1,gtc,0.0,1,stock,327.8599853515625,1.0,0.0
2020-08-04 15:30:00-04:00,MyStrategy,2543d4888d664651835782a1cf3f4826,SPY,buy,market,new,1,gtc,0.0,1,stock,,,
2020-08-04 15:30:00-04:00,MyStrategy,2543d4888d664651835782a1cf3f4826,SPY,buy,market,fill,1,gtc,0.0,1,stock,327.8599853515625,1.0,0.0
2020-08-05 09:30:00-04:00,MyStrategy,dac0748df0644706b6c85edb704945ba,SPY,buy,market,new,1,gtc,0.0,1,stock,,,
2020-08-05 09:30:00-04:00,MyStrategy,dac0748df0644706b6c85edb704945ba,SPY,buy,market,fill,1,gtc,0.0,1,stock,331.4700012207031,1.0,0.0
2020-08-05 12:30:00-04:00,MyStrategy,0cfb1a3390424202b489a3959e2eecb3,SPY,buy,market,new,1,gtc,0.0,1,stock,,,
2020-08-05 12:30:00-04:00,MyStrategy,0cfb1a3390424202b489a3959e2eecb3,SPY,buy,market,fill,1,gtc,0.0,1,stock,331.4700012207031,1.0,0.0
2020-08-05 15:30:00-04:00,MyStrategy,dd8c1da1fc484c8d9bc99c55ccee114b,SPY,buy,market,new,1,gtc,0.0,1,stock,,,
2020-08-05 15:30:00-04:00,MyStrategy,dd8c1da1fc484c8d9bc99c55ccee114b,SPY,buy,market,fill,1,gtc,0.0,1,stock,331.4700012207031,1.0,0.0
2020-08-06 09:30:00-04:00,MyStrategy,706a51bdb7bd497bacadd5eeda78f928,SPY,buy,market,new,1,gtc,0.0,1,stock,,,
2020-08-06 09:30:00-04:00,MyStrategy,706a51bdb7bd497bacadd5eeda78f928,SPY,buy,market,fill,1,gtc,0.0,1,stock,331.4800109863281,1.0,0.0
2020-08-06 12:30:00-04:00,MyStrategy,dbc7a29a40e94affb4fed829f8994f55,SPY,buy,market,new,1,gtc,0.0,1,stock,,,
2020-08-06 12:30:00-04:00,MyStrategy,dbc7a29a40e94affb4fed829f8994f55,SPY,buy,market,fill,1,gtc,0.0,1,stock,331.4800109863281,1.0,0.0
2020-08-06 15:30:00-04:00,MyStrategy,b98c9eb4856f4d2b97b34e88f8d9867e,SPY,buy,market,new,1,gtc,0.0,1,stock,,,
2020-08-06 15:30:00-04:00,MyStrategy,b98c9eb4856f4d2b97b34e88f8d9867e,SPY,buy,market,fill,1,gtc,0.0,1,stock,331.4800109863281,1.0,0.0
2020-08-07 09:30:00-04:00,MyStrategy,407fcf2a3d5f4591b9b339a69fbd911a,SPY,buy,market,new,1,gtc,0.0,1,stock,,,
2020-08-07 09:30:00-04:00,MyStrategy,407fcf2a3d5f4591b9b339a69fbd911a,SPY,buy,market,fill,1,gtc,0.0,1,stock,333.2799987792969,1.0,0.0
2020-08-07 12:30:00-04:00,MyStrategy,cf6f4fb7cab74d0591da90c9be165afe,SPY,buy,market,new,1,gtc,0.0,1,stock,,,
2020-08-07 12:30:00-04:00,MyStrategy,cf6f4fb7cab74d0591da90c9be165afe,SPY,buy,market,fill,1,gtc,0.0,1,stock,333.2799987792969,1.0,0.0
2020-08-07 15:30:00-04:00,MyStrategy,3170e394ecf24fdbbf599e40428604e9,SPY,buy,market,new,1,gtc,0.0,1,stock,,,
2020-08-07 15:30:00-04:00,MyStrategy,3170e394ecf24fdbbf599e40428604e9,SPY,buy,market,fill,1,gtc,0.0,1,stock,333.2799987792969,1.0,0.0
2020-08-10 09:30:00-04:00,MyStrategy,287278d41fef439493c2d3b75e4694fb,SPY,buy,market,new,1,gtc,0.0,1,stock,,,
2020-08-10 09:30:00-04:00,MyStrategy,287278d41fef439493c2d3b75e4694fb,SPY,buy,market,fill,1,gtc,0.0,1,stock,335.05999755859375,1.0,0.0
2020-08-10 12:30:00-04:00,MyStrategy,4b238a99dff8429089270ef2878f905b,SPY,buy,market,new,1,gtc,0.0,1,stock,,,
2020-08-10 12:30:00-04:00,MyStrategy,4b238a99dff8429089270ef2878f905b,SPY,buy,market,fill,1,gtc,0.0,1,stock,335.05999755859375,1.0,0.0
2020-08-10 15:30:00-04:00,MyStrategy,8c8266ab30a44413a657879cc1c457b2,SPY,buy,market,new,1,gtc,0.0,1,stock,,,
2020-08-10 15:30:00-04:00,MyStrategy,8c8266ab30a44413a657879cc1c457b2,SPY,buy,market,fill,1,gtc,0.0,1,stock,335.05999755859375,1.0,0.0
2020-08-11 09:30:00-04:00,MyStrategy,fd2f67636da443fb84a5de6ab994595f,SPY,buy,market,new,1,gtc,0.0,1,stock,,,
2020-08-11 09:30:00-04:00,MyStrategy,fd2f67636da443fb84a5de6ab994595f,SPY,buy,market,fill,1,gtc,0.0,1,stock,336.8500061035156,1.0,0.0
2020-08-11 12:30:00-04:00,MyStrategy,e3a76f66fd9c49468c1a86e9503cbfb2,SPY,buy,market,new,1,gtc,0.0,1,stock,,,
2020-08-11 12:30:00-04:00,MyStrategy,e3a76f66fd9c49468c1a86e9503cbfb2,SPY,buy,market,fill,1,gtc,0.0,1,stock,336.8500061035156,1.0,0.0
2020-08-11 15:30:00-04:00,MyStrategy,b13658b3fd4045be9026ebdaa20717b2,SPY,buy,market,new,1,gtc,0.0,1,stock,,,
2020-08-11 15:30:00-04:00,MyStrategy,b13658b3fd4045be9026ebdaa20717b2,SPY,buy,market,fill,1,gtc,0.0,1,stock,336.8500061035156,1.0,0.0
2020-08-12 09:30:00-04:00,MyStrategy,a4b43deff51a45c3bc77161a4810692d,SPY,buy,market,new,1,gtc,0.0,1,stock,,,
2020-08-12 09:30:00-04:00,MyStrategy,a4b43deff51a45c3bc77161a4810692d,SPY,buy,market,fill,1,gtc,0.0,1,stock,335.44000244140625,1.0,0.0
2020-08-12 12:30:00-04:00,MyStrategy,aa6e9200dc5843c3a122be46eb8fbc5c,SPY,buy,market,new,1,gtc,0.0,1,stock,,,
2020-08-12 12:30:00-04:00,MyStrategy,aa6e9200dc5843c3a122be46eb8fbc5c,SPY,buy,market,fill,1,gtc,0.0,1,stock,335.44000244140625,1.0,0.0
2020-08-12 15:30:00-04:00,MyStrategy,19cd515fb7434c09b722aede611e23f7,SPY,buy,market,new,1,gtc,0.0,1,stock,,,
2020-08-12 15:30:00-04:00,MyStrategy,19cd515fb7434c09b722aede611e23f7,SPY,buy,market,fill,1,gtc,0.0,1,stock,335.44000244140625,1.0,0.0
2020-08-13 09:30:00-04:00,MyStrategy,0f0dbe55391f412b80bad55723ce3e52,SPY,buy,market,new,1,gtc,0.0,1,stock,,,
2020-08-13 09:30:00-04:00,MyStrategy,0f0dbe55391f412b80bad55723ce3e52,SPY,buy,market,fill,1,gtc,0.0,1,stock,336.6099853515625,1.0,0.0
2020-08-13 12:30:00-04:00,MyStrategy,0a7b6c3342bd4a01b60427271cf21072,SPY,buy,market,new,1,gtc,0.0,1,stock,,,
2020-08-13 12:30:00-04:00,MyStrategy,0a7b6c3342bd4a01b60427271cf21072,SPY,buy,market,fill,1,gtc,0.0,1,stock,336.6099853515625,1.0,0.0
2020-08-13 15:30:00-04:00,MyStrategy,537dc899d06949d5a2f4bf49c9666432,SPY,buy,market,new,1,gtc,0.0,1,stock,,,
2020-08-13 15:30:00-04:00,MyStrategy,537dc899d06949d5a2f4bf49c9666432,SPY,buy,market,fill,1,gtc,0.0,1,stock,336.6099853515625,1.0,0.0
2020-08-14 09:30:00-04:00,MyStrategy,c707f369e6ad470bac7a6fd3c9e64c56,SPY,buy,market,new,1,gtc,0.0,1,stock,,,
2020-08-14 09:30:00-04:00,MyStrategy,c707f369e6ad470bac7a6fd3c9e64c56,SPY,buy,market,fill,1,gtc,0.0,1,stock,336.4100036621094,1.0,0.0
2020-08-14 12:30:00-04:00,MyStrategy,52629b15d26646dea4130ca2e2f967c4,SPY,buy,market,new,1,gtc,0.0,1,stock,,,
2020-08-14 12:30:00-04:00,MyStrategy,52629b15d26646dea4130ca2e2f967c4,SPY,buy,market,fill,1,gtc,0.0,1,stock,336.4100036621094,1.0,0.0
2020-08-14 15:30:00-04:00,MyStrategy,abd375f964be4bf9a0f207754d35ed21,SPY,buy,market,new,1,gtc,0.0,1,stock,,,
2020-08-14 15:30:00-04:00,MyStrategy,abd375f964be4bf9a0f207754d35ed21,SPY,buy,market,fill,1,gtc,0.0,1,stock,336.4100036621094,1.0,0.0
2020-08-17 09:30:00-04:00,MyStrategy,ac13c66eb4e04e3fbae0f19c96114822,SPY,buy,market,new,1,gtc,0.0,1,stock,,,
2020-08-17 09:30:00-04:00,MyStrategy,ac13c66eb4e04e3fbae0f19c96114822,SPY,buy,market,fill,1,gtc,0.0,1,stock,337.94000244140625,1.0,0.0
2020-08-17 12:30:00-04:00,MyStrategy,d994e8bec5014160b350e17a158ce509,SPY,buy,market,new,1,gtc,0.0,1,stock,,,
2020-08-17 12:30:00-04:00,MyStrategy,d994e8bec5014160b350e17a158ce509,SPY,buy,market,fill,1,gtc,0.0,1,stock,337.94000244140625,1.0,0.0
2020-08-17 15:30:00-04:00,MyStrategy,bc33cc5dce6b4263935b33b5e7afa6c1,SPY,buy,market,new,1,gtc,0.0,1,stock,,,
2020-08-17 15:30:00-04:00,MyStrategy,bc33cc5dce6b4263935b33b5e7afa6c1,SPY,buy,market,fill,1,gtc,0.0,1,stock,337.94000244140625,1.0,0.0
2020-08-18 09:30:00-04:00,MyStrategy,92cb0e61412b494a9f6e0c194e7a8957,SPY,buy,market,new,1,gtc,0.0,1,stock,,,
2020-08-18 09:30:00-04:00,MyStrategy,92cb0e61412b494a9f6e0c194e7a8957,SPY,buy,market,fill,1,gtc,0.0,1,stock,338.3399963378906,1.0,0.0
2020-08-18 12:30:00-04:00,MyStrategy,71194ead23ff42d1a6d9f4a2283cf891,SPY,buy,market,new,1,gtc,0.0,1,stock,,,
2020-08-18 12:30:00-04:00,MyStrategy,71194ead23ff42d1a6d9f4a2283cf891,SPY,buy,market,fill,1,gtc,0.0,1,stock,338.3399963378906,1.0,0.0
2020-08-18 15:30:00-04:00,MyStrategy,1d3a6268d1704b2591134e254e58eb42,SPY,buy,market,new,1,gtc,0.0,1,stock,,,
2020-08-18 15:30:00-04:00,MyStrategy,1d3a6268d1704b2591134e254e58eb42,SPY,buy,market,fill,1,gtc,0.0,1,stock,338.3399963378906,1.0,0.0
2020-08-19 09:30:00-04:00,MyStrategy,06292f6313db4417a6cdd70638ca462e,SPY,buy,market,new,1,gtc,0.0,1,stock,,,
2020-08-19 09:30:00-04:00,MyStrategy,06292f6313db4417a6cdd70638ca462e,SPY,buy,market,fill,1,gtc,0.0,1,stock,339.04998779296875,1.0,0.0
2020-08-19 12:30:00-04:00,MyStrategy,b6a88fd653844f4dbfca7e647b0ffb0f,SPY,buy,market,new,1,gtc,0.0,1,stock,,,
2020-08-19 12:30:00-04:00,MyStrategy,b6a88fd653844f4dbfca7e647b0ffb0f,SPY,buy,market,fill,1,gtc,0.0,1,stock,339.04998779296875,1.0,0.0
2020-08-19 15:30:00-04:00,MyStrategy,a132ae0e037e488592a4450aea995e0f,SPY,buy,market,new,1,gtc,0.0,1,stock,,,
2020-08-19 15:30:00-04:00,MyStrategy,a132ae0e037e488592a4450aea995e0f,SPY,buy,market,fill,1,gtc,0.0,1,stock,339.04998779296875,1.0,0.0
2020-08-20 09:30:00-04:00,MyStrategy,9d6d1cb5e92843e89b55abd4afac5d50,SPY,buy,market,new,1,gtc,0.0,1,stock,,,
2020-08-20 09:30:00-04:00,MyStrategy,9d6d1cb5e92843e89b55abd4afac5d50,SPY,buy,market,fill,1,gtc,0.0,1,stock,335.3599853515625,1.0,0.0
2020-08-20 12:30:00-04:00,MyStrategy,2378afa809a4449dbd427095f40e015e,SPY,buy,market,new,1,gtc,0.0,1,stock,,,
2020-08-20 12:30:00-04:00,MyStrategy,2378afa809a4449dbd427095f40e015e,SPY,buy,market,fill,1,gtc,0.0,1,stock,335.3599853515625,1.0,0.0
2020-08-20 15:30:00-04:00,MyStrategy,d4099049264949d8a6373f0788b8563e,SPY,buy,market,new,1,gtc,0.0,1,stock,,,
2020-08-20 15:30:00-04:00,MyStrategy,d4099049264949d8a6373f0788b8563e,SPY,buy,market,fill,1,gtc,0.0,1,stock,335.3599853515625,1.0,0.0
2020-08-21 09:30:00-04:00,MyStrategy,f49a1773f31c4b4aab28536bd835bb51,SPY,buy,market,new,1,gtc,0.0,1,stock,,,
2020-08-21 09:30:00-04:00,MyStrategy,f49a1773f31c4b4aab28536bd835bb51,SPY,buy,market,fill,1,gtc,0.0,1,stock,337.9200134277344,1.0,0.0
2020-08-21 12:30:00-04:00,MyStrategy,bd745a0ada62425ba13551a37bf4a64f,SPY,buy,market,new,1,gtc,0.0,1,stock,,,
2020-08-21 12:30:00-04:00,MyStrategy,bd745a0ada62425ba13551a37bf4a64f,SPY,buy,market,fill,1,gtc,0.0,1,stock,337.9200134277344,1.0,0.0
2020-08-21 15:30:00-04:00,MyStrategy,38c0c75c99734742b1481389c0df65d3,SPY,buy,market,new,1,gtc,0.0,1,stock,,,
2020-08-21 15:30:00-04:00,MyStrategy,38c0c75c99734742b1481389c0df65d3,SPY,buy,market,fill,1,gtc,0.0,1,stock,337.9200134277344,1.0,0.0
2020-08-24 09:30:00-04:00,MyStrategy,200cd4f4de414793a85004090258e53d,SPY,buy,market,new,1,gtc,0.0,1,stock,,,
2020-08-24 09:30:00-04:00,MyStrategy,200cd4f4de414793a85004090258e53d,SPY,buy,market,fill,1,gtc,0.0,1,stock,342.1199951171875,1.0,0.0
2020-08-24 12:30:00-04:00,MyStrategy,bfb4476f9a074d80904f57dd94c038f4,SPY,buy,market,new,1,gtc,0.0,1,stock,,,
2020-08-24 12:30:00-04:00,MyStrategy,bfb4476f9a074d80904f57dd94c038f4,SPY,buy,market,fill,1,gtc,0.0,1,stock,342.1199951171875,1.0,0.0
2020-08-24 15:30:00-04:00,MyStrategy,61155863cde9441c8779ad154f575df5,SPY,buy,market,new,1,gtc,0.0,1,stock,,,
2020-08-24 15:30:00-04:00,MyStrategy,61155863cde9441c8779ad154f575df5,SPY,buy,market,fill,1,gtc,0.0,1,stock,342.1199951171875,1.0,0.0
2020-08-25 09:30:00-04:00,MyStrategy,0712d5ec5ee54789a585f7f995380eab,SPY,buy,market,new,1,gtc,0.0,1,stock,,,
2020-08-25 09:30:00-04:00,MyStrategy,0712d5ec5ee54789a585f7f995380eab,SPY,buy,market,fill,1,gtc,0.0,1,stock,343.5299987792969,1.0,0.0
2020-08-25 12:30:00-04:00,MyStrategy,6bc432bd29d740799dcb8c3fc881e721,SPY,buy,market,new,1,gtc,0.0,1,stock,,,
2020-08-25 12:30:00-04:00,MyStrategy,6bc432bd29d740799dcb8c3fc881e721,SPY,buy,market,fill,1,gtc,0.0,1,stock,343.5299987792969,1.0,0.0
2020-08-25 15:30:00-04:00,MyStrategy,948af857878441f9a39a0762f31106ea,SPY,buy,market,new,1,gtc,0.0,1,stock,,,
2020-08-25 15:30:00-04:00,MyStrategy,948af857878441f9a39a0762f31106ea,SPY,buy,market,fill,1,gtc,0.0,1,stock,343.5299987792969,1.0,0.0
2020-08-26 09:30:00-04:00,MyStrategy,9d7080348ea14c30807416e1e7566fbe,SPY,buy,market,new,1,gtc,0.0,1,stock,,,
2020-08-26 09:30:00-04:00,MyStrategy,9d7080348ea14c30807416e1e7566fbe,SPY,buy,market,fill,1,gtc,0.0,1,stock,344.760009765625,1.0,0.0
2020-08-26 12:30:00-04:00,MyStrategy,64148d3a726744ed8bbc52ab01d7c6de,SPY,buy,market,new,1,gtc,0.0,1,stock,,,
2020-08-26 12:30:00-04:00,MyStrategy,64148d3a726744ed8bbc52ab01d7c6de,SPY,buy,market,fill,1,gtc,0.0,1,stock,344.760009765625,1.0,0.0
2020-08-26 15:30:00-04:00,MyStrategy,f89c24d7eb254779a37ac93fc4b8931c,SPY,buy,market,new,1,gtc,0.0,1,stock,,,
2020-08-26 15:30:00-04:00,MyStrategy,f89c24d7eb254779a37ac93fc4b8931c,SPY,buy,market,fill,1,gtc,0.0,1,stock,344.760009765625,1.0,0.0
2020-08-27 09:30:00-04:00,MyStrategy,54b463b3ecdf41399e09f4c9f9cc5e91,SPY,buy,market,new,1,gtc,0.0,1,stock,,,
2020-08-27 09:30:00-04:00,MyStrategy,54b463b3ecdf41399e09f4c9f9cc5e91,SPY,buy,market,fill,1,gtc,0.0,1,stock,348.510009765625,1.0,0.0
2020-08-27 12:30:00-04:00,MyStrategy,0a2e808c8ca944978d1d74d16f15c55b,SPY,buy,market,new,1,gtc,0.0,1,stock,,,
2020-08-27 12:30:00-04:00,MyStrategy,0a2e808c8ca944978d1d74d16f15c55b,SPY,buy,market,fill,1,gtc,0.0,1,stock,348.510009765625,1.0,0.0
2020-08-27 15:30:00-04:00,MyStrategy,147f268ec17b4b0ea32e45e28b92c65f,SPY,buy,market,new,1,gtc,0.0,1,stock,,,
2020-08-27 15:30:00-04:00,MyStrategy,147f268ec17b4b0ea32e45e28b92c65f,SPY,buy,market,fill,1,gtc,0.0,1,stock,348.510009765625,1.0,0.0
2020-08-28 09:30:00-04:00,MyStrategy,f03c8b9a3228406a84c2cf55b0e5080f,SPY,buy,market,new,1,gtc,0.0,1,stock,,,
2020-08-28 09:30:00-04:00,MyStrategy,f03c8b9a3228406a84c2cf55b0e5080f,SPY,buy,market,fill,1,gtc,0.0,1,stock,349.44000244140625,1.0,0.0
2020-08-28 12:30:00-04:00,MyStrategy,a9749a99496b4a3eb1bbeac82dc39256,SPY,buy,market,new,1,gtc,0.0,1,stock,,,
2020-08-28 12:30:00-04:00,MyStrategy,a9749a99496b4a3eb1bbeac82dc39256,SPY,buy,market,fill,1,gtc,0.0,1,stock,349.44000244140625,1.0,0.0
2020-08-28 15:30:00-04:00,MyStrategy,802c763684544c8abb0bdef05f4b2be7,SPY,buy,market,new,1,gtc,0.0,1,stock,,,
2020-08-28 15:30:00-04:00,MyStrategy,802c763684544c8abb0bdef05f4b2be7,SPY,buy,market,fill,1,gtc,0.0,1,stock,349.44000244140625,1.0,0.0
2020-08-31 09:30:00-04:00,MyStrategy,50f94c6f49a14f6bbb9a83803eb6d898,SPY,buy,market,new,1,gtc,0.0,1,stock,,,
2020-08-31 09:30:00-04:00,MyStrategy,50f94c6f49a14f6bbb9a83803eb6d898,SPY,buy,market,fill,1,gtc,0.0,1,stock,350.3500061035156,1.0,0.0
2020-08-31 12:30:00-04:00,MyStrategy,1cfb396b42c1415eb20be5691b3cdfe6,SPY,buy,market,new,1,gtc,0.0,1,stock,,,
2020-08-31 12:30:00-04:00,MyStrategy,1cfb396b42c1415eb20be5691b3cdfe6,SPY,buy,market,fill,1,gtc,0.0,1,stock,350.3500061035156,1.0,0.0
2020-08-31 15:30:00-04:00,MyStrategy,3e7c391bb4cd4824b7180385cb0e499c,SPY,buy,market,new,1,gtc,0.0,1,stock,,,
2020-08-31 15:30:00-04:00,MyStrategy,3e7c391bb4cd4824b7180385cb0e499c,SPY,buy,market,fill,1,gtc,0.0,1,stock,350.3500061035156,1.0,0.0
2020-09-01 09:30:00-04:00,MyStrategy,bbce5730037c463da0e6834406519751,SPY,buy,market,new,1,gtc,0.0,1,stock,,,
2020-09-01 09:30:00-04:00,MyStrategy,bbce5730037c463da0e6834406519751,SPY,buy,market,fill,1,gtc,0.0,1,stock,350.2099914550781,1.0,0.0
2020-09-01 12:30:00-04:00,MyStrategy,224924d52e1b4e468ca72fd5a4db42c8,SPY,buy,market,new,1,gtc,0.0,1,stock,,,
2020-09-01 12:30:00-04:00,MyStrategy,224924d52e1b4e468ca72fd5a4db42c8,SPY,buy,market,fill,1,gtc,0.0,1,stock,350.2099914550781,1.0,0.0
2020-09-01 15:30:00-04:00,MyStrategy,d9e9faf509374b868302b4389ee35a04,SPY,buy,market,new,1,gtc,0.0,1,stock,,,
2020-09-01 15:30:00-04:00,MyStrategy,d9e9faf509374b868302b4389ee35a04,SPY,buy,market,fill,1,gtc,0.0,1,stock,350.2099914550781,1.0,0.0
2020-09-02 09:30:00-04:00,MyStrategy,bca205fcc3874f19ac4fa406e5b5103c,SPY,buy,market,new,1,gtc,0.0,1,stock,,,
2020-09-02 09:30:00-04:00,MyStrategy,bca205fcc3874f19ac4fa406e5b5103c,SPY,buy,market,fill,1,gtc,0.0,1,stock,354.6700134277344,1.0,0.0
2020-09-02 12:30:00-04:00,MyStrategy,86006b95935d4a718e2836b70812d358,SPY,buy,market,new,1,gtc,0.0,1,stock,,,
2020-09-02 12:30:00-04:00,MyStrategy,86006b95935d4a718e2836b70812d358,SPY,buy,market,fill,1,gtc,0.0,1,stock,354.6700134277344,1.0,0.0
2020-09-02 15:30:00-04:00,MyStrategy,27d7c026e0d141ee90be119528a914d0,SPY,buy,market,new,1,gtc,0.0,1,stock,,,
2020-09-02 15:30:00-04:00,MyStrategy,27d7c026e0d141ee90be119528a914d0,SPY,buy,market,fill,1,gtc,0.0,1,stock,354.6700134277344,1.0,0.0
2020-09-03 09:30:00-04:00,MyStrategy,836eb60742654d3981fc4bb7192a2b29,SPY,buy,market,new,1,gtc,0.0,1,stock,,,
2020-09-03 09:30:00-04:00,MyStrategy,836eb60742654d3981fc4bb7192a2b29,SPY,buy,market,fill,1,gtc,0.0,1,stock,355.8699951171875,1.0,0.0
2020-09-03 12:30:00-04:00,MyStrategy,5b9e006c94f7454ca05575234d8b2a5b,SPY,buy,market,new,1,gtc,0.0,1,stock,,,
2020-09-03 12:30:00-04:00,MyStrategy,5b9e006c94f7454ca05575234d8b2a5b,SPY,buy,market,fill,1,gtc,0.0,1,stock,355.8699951171875,1.0,0.0
2020-09-03 15:30:00-04:00,MyStrategy,b6c8d8dfc6d94bb7af0caf235916f23d,SPY,buy,market,new,1,gtc,0.0,1,stock,,,
2020-09-03 15:30:00-04:00,MyStrategy,b6c8d8dfc6d94bb7af0caf235916f23d,SPY,buy,market,fill,1,gtc,0.0,1,stock,355.8699951171875,1.0,0.0
2020-09-04 09:30:00-04:00,MyStrategy,7c4a742614a8475eb4ab032cab881657,SPY,buy,market,new,1,gtc,0.0,1,stock,,,
2020-09-04 09:30:00-04:00,MyStrategy,7c4a742614a8475eb4ab032cab881657,SPY,buy,market,fill,1,gtc,0.0,1,stock,346.1300048828125,1.0,0.0
2020-09-04 12:30:00-04:00,MyStrategy,a4f85726955741b5858d44bd5552c87c,SPY,buy,market,new,1,gtc,0.0,1,stock,,,
2020-09-04 12:30:00-04:00,MyStrategy,a4f85726955741b5858d44bd5552c87c,SPY,buy,market,fill,1,gtc,0.0,1,stock,346.1300048828125,1.0,0.0
2020-09-04 15:30:00-04:00,MyStrategy,a8b1f9763e16428cbe3ded83ac5ca87b,SPY,buy,market,new,1,gtc,0.0,1,stock,,,
2020-09-04 15:30:00-04:00,MyStrategy,a8b1f9763e16428cbe3ded83ac5ca87b,SPY,buy,market,fill,1,gtc,0.0,1,stock,346.1300048828125,1.0,0.0
2020-09-08 09:30:00-04:00,MyStrategy,ab00ba4403824a05abbc6d8521d32cc3,SPY,buy,market,new,1,gtc,0.0,1,stock,,,
2020-09-08 09:30:00-04:00,MyStrategy,ab00ba4403824a05abbc6d8521d32cc3,SPY,buy,market,fill,1,gtc,0.0,1,stock,336.7099914550781,1.0,0.0
2020-09-08 12:30:00-04:00,MyStrategy,5069aa342c794ccc8bae6eda5da0915c,SPY,buy,market,new,1,gtc,0.0,1,stock,,,
2020-09-08 12:30:00-04:00,MyStrategy,5069aa342c794ccc8bae6eda5da0915c,SPY,buy,market,fill,1,gtc,0.0,1,stock,336.7099914550781,1.0,0.0
2020-09-08 15:30:00-04:00,MyStrategy,3f6a9200421749db899806b5ab621ec0,SPY,buy,market,new,1,gtc,0.0,1,stock,,,
2020-09-08 15:30:00-04:00,MyStrategy,3f6a9200421749db899806b5ab621ec0,SPY,buy,market,fill,1,gtc,0.0,1,stock,336.7099914550781,1.0,0.0
2020-09-09 09:30:00-04:00,MyStrategy,1612797241e14fa88c6ac2e20cd3d1c1,SPY,buy,market,new,1,gtc,0.0,1,stock,,,
2020-09-09 09:30:00-04:00,MyStrategy,1612797241e14fa88c6ac2e20cd3d1c1,SPY,buy,market,fill,1,gtc,0.0,1,stock,337.54998779296875,1.0,0.0
2020-09-09 12:30:00-04:00,MyStrategy,86d43cd658c243218313ddccfd1c4555,SPY,buy,market,new,1,gtc,0.0,1,stock,,,
2020-09-09 12:30:00-04:00,MyStrategy,86d43cd658c243218313ddccfd1c4555,SPY,buy,market,fill,1,gtc,0.0,1,stock,337.54998779296875,1.0,0.0
2020-09-09 15:30:00-04:00,MyStrategy,e309e33d9c1a4ef48b26106f96fe3aa7,SPY,buy,market,new,1,gtc,0.0,1,stock,,,
2020-09-09 15:30:00-04:00,MyStrategy,e309e33d9c1a4ef48b26106f96fe3aa7,SPY,buy,market,fill,1,gtc,0.0,1,stock,337.54998779296875,1.0,0.0
2020-09-10 09:30:00-04:00,MyStrategy,bd3a2418c11f4590bb26cfbb17489471,SPY,buy,market,new,1,gtc,0.0,1,stock,,,
2020-09-10 09:30:00-04:00,MyStrategy,bd3a2418c11f4590bb26cfbb17489471,SPY,buy,market,fill,1,gtc,0.0,1,stock,341.82000732421875,1.0,0.0
2020-09-10 12:30:00-04:00,MyStrategy,79b9e204110c4cd2b41f2cb6f5913a6a,SPY,buy,market,new,1,gtc,0.0,1,stock,,,
2020-09-10 12:30:00-04:00,MyStrategy,79b9e204110c4cd2b41f2cb6f5913a6a,SPY,buy,market,fill,1,gtc,0.0,1,stock,341.82000732421875,1.0,0.0
2020-09-10 15:30:00-04:00,MyStrategy,b706acd8f7d04898ad9ea271b0bb4de2,SPY,buy,market,new,1,gtc,0.0,1,stock,,,
2020-09-10 15:30:00-04:00,MyStrategy,b706acd8f7d04898ad9ea271b0bb4de2,SPY,buy,market,fill,1,gtc,0.0,1,stock,341.82000732421875,1.0,0.0
2020-09-11 09:30:00-04:00,MyStrategy,4e1b5715c9a04f9b834165cf851e6826,SPY,buy,market,new,1,gtc,0.0,1,stock,,,
2020-09-11 09:30:00-04:00,MyStrategy,4e1b5715c9a04f9b834165cf851e6826,SPY,buy,market,fill,1,gtc,0.0,1,stock,335.82000732421875,1.0,0.0
2020-09-11 12:30:00-04:00,MyStrategy,c125704bfb70453eb23bc3e35fc7491b,SPY,buy,market,new,1,gtc,0.0,1,stock,,,
2020-09-11 12:30:00-04:00,MyStrategy,c125704bfb70453eb23bc3e35fc7491b,SPY,buy,market,fill,1,gtc,0.0,1,stock,335.82000732421875,1.0,0.0
2020-09-11 15:30:00-04:00,MyStrategy,137d957fb1f248f08af363bc484803a6,SPY,buy,market,new,1,gtc,0.0,1,stock,,,
2020-09-11 15:30:00-04:00,MyStrategy,137d957fb1f248f08af363bc484803a6,SPY,buy,market,fill,1,gtc,0.0,1,stock,335.82000732421875,1.0,0.0
2020-09-14 09:30:00-04:00,MyStrategy,5c56d362c98149fba8e6bafed79869b7,SPY,buy,market,new,1,gtc,0.0,1,stock,,,
2020-09-14 09:30:00-04:00,MyStrategy,5c56d362c98149fba8e6bafed79869b7,SPY,buy,market,fill,1,gtc,0.0,1,stock,337.489990234375,1.0,0.0
2020-09-14 12:30:00-04:00,MyStrategy,148a25277ab94ad0a89c7b01f7d21aba,SPY,buy,market,new,1,gtc,0.0,1,stock,,,
2020-09-14 12:30:00-04:00,MyStrategy,148a25277ab94ad0a89c7b01f7d21aba,SPY,buy,market,fill,1,gtc,0.0,1,stock,337.489990234375,1.0,0.0
2020-09-14 15:30:00-04:00,MyStrategy,74b649523cd24d8db70d142a5908de27,SPY,buy,market,new,1,gtc,0.0,1,stock,,,
2020-09-14 15:30:00-04:00,MyStrategy,74b649523cd24d8db70d142a5908de27,SPY,buy,market,fill,1,gtc,0.0,1,stock,337.489990234375,1.0,0.0
2020-09-15 09:30:00-04:00,MyStrategy,3514fbab3b0d4ba5a176568250f0ba19,SPY,buy,market,new,1,gtc,0.0,1,stock,,,
2020-09-15 09:30:00-04:00,MyStrategy,3514fbab3b0d4ba5a176568250f0ba19,SPY,buy,market,fill,1,gtc,0.0,1,stock,341.1199951171875,1.0,0.0
2020-09-15 12:30:00-04:00,MyStrategy,935bde47cac247a9884979477e09de32,SPY,buy,market,new,1,gtc,0.0,1,stock,,,
2020-09-15 12:30:00-04:00,MyStrategy,935bde47cac247a9884979477e09de32,SPY,buy,market,fill,1,gtc,0.0,1,stock,341.1199951171875,1.0,0.0
2020-09-15 15:30:00-04:00,MyStrategy,eadbf8339be74091b0a894d71c75bf48,SPY,buy,market,new,1,gtc,0.0,1,stock,,,
2020-09-15 15:30:00-04:00,MyStrategy,eadbf8339be74091b0a894d71c75bf48,SPY,buy,market,fill,1,gtc,0.0,1,stock,341.1199951171875,1.0,0.0
2020-09-16 09:30:00-04:00,MyStrategy,cae9b71ac6ad4ae3a4dafb7c00bd3926,SPY,buy,market,new,1,gtc,0.0,1,stock,,,
2020-09-16 09:30:00-04:00,MyStrategy,cae9b71ac6ad4ae3a4dafb7c00bd3926,SPY,buy,market,fill,1,gtc,0.0,1,stock,341.510009765625,1.0,0.0
2020-09-16 12:30:00-04:00,MyStrategy,cce8e5f929974d3ba73a0436f4ee6063,SPY,buy,market,new,1,gtc,0.0,1,stock,,,
2020-09-16 12:30:00-04:00,MyStrategy,cce8e5f929974d3ba73a0436f4ee6063,SPY,buy,market,fill,1,gtc,0.0,1,stock,341.510009765625,1.0,0.0
2020-09-16 15:30:00-04:00,MyStrategy,9e05f3b1745a43889ef7c6516242dfcd,SPY,buy,market,new,1,gtc,0.0,1,stock,,,
2020-09-16 15:30:00-04:00,MyStrategy,9e05f3b1745a43889ef7c6516242dfcd,SPY,buy,market,fill,1,gtc,0.0,1,stock,341.510009765625,1.0,0.0
2020-09-17 09:30:00-04:00,MyStrategy,8d6ab791ef4c4ba19c941522bd77cadf,SPY,buy,market,new,1,gtc,0.0,1,stock,,,
2020-09-17 09:30:00-04:00,MyStrategy,8d6ab791ef4c4ba19c941522bd77cadf,SPY,buy,market,fill,1,gtc,0.0,1,stock,333.55999755859375,1.0,0.0
2020-09-17 12:30:00-04:00,MyStrategy,99e6d58632b94d68827c8c2d12f0138f,SPY,buy,market,new,1,gtc,0.0,1,stock,,,
2020-09-17 12:30:00-04:00,MyStrategy,99e6d58632b94d68827c8c2d12f0138f,SPY,buy,market,fill,1,gtc,0.0,1,stock,333.55999755859375,1.0,0.0
2020-09-17 15:30:00-04:00,MyStrategy,b498299627434e828f23d26a183534c5,SPY,buy,market,new,1,gtc,0.0,1,stock,,,
2020-09-17 15:30:00-04:00,MyStrategy,b498299627434e828f23d26a183534c5,SPY,buy,market,fill,1,gtc,0.0,1,stock,333.55999755859375,1.0,0.0
2020-09-18 09:30:00-04:00,MyStrategy,34fc1a47af094c32a393bc9a5611a0c4,SPY,buy,market,new,1,gtc,0.0,1,stock,,,
2020-09-18 09:30:00-04:00,MyStrategy,34fc1a47af094c32a393bc9a5611a0c4,SPY,buy,market,fill,1,gtc,0.0,1,stock,335.3699951171875,1.0,0.0
2020-09-18 12:30:00-04:00,MyStrategy,200da00f325c41f08d23410715844984,SPY,buy,market,new,1,gtc,0.0,1,stock,,,
2020-09-18 12:30:00-04:00,MyStrategy,200da00f325c41f08d23410715844984,SPY,buy,market,fill,1,gtc,0.0,1,stock,335.3699951171875,1.0,0.0
2020-09-18 15:30:00-04:00,MyStrategy,620de55d82c7409f9490beba1646848e,SPY,buy,market,new,1,gtc,0.0,1,stock,,,
2020-09-18 15:30:00-04:00,MyStrategy,620de55d82c7409f9490beba1646848e,SPY,buy,market,fill,1,gtc,0.0,1,stock,335.3699951171875,1.0,0.0
2020-09-21 09:30:00-04:00,MyStrategy,4691a87c83ef4462a4d1cfb1e87f8b03,SPY,buy,market,new,1,gtc,0.0,1,stock,,,
2020-09-21 09:30:00-04:00,MyStrategy,4691a87c83ef4462a4d1cfb1e87f8b03,SPY,buy,market,fill,1,gtc,0.0,1,stock,325.70001220703125,1.0,0.0
2020-09-21 12:30:00-04:00,MyStrategy,5fde20b6d5674d748260cd77a8498909,SPY,buy,market,new,1,gtc,0.0,1,stock,,,
2020-09-21 12:30:00-04:00,MyStrategy,5fde20b6d5674d748260cd77a8498909,SPY,buy,market,fill,1,gtc,0.0,1,stock,325.70001220703125,1.0,0.0
2020-09-21 15:30:00-04:00,MyStrategy,4e5727053ccc444f8a8665a91a6ccea2,SPY,buy,market,new,1,gtc,0.0,1,stock,,,
2020-09-21 15:30:00-04:00,MyStrategy,4e5727053ccc444f8a8665a91a6ccea2,SPY,buy,market,fill,1,gtc,0.0,1,stock,325.70001220703125,1.0,0.0
2020-09-22 09:30:00-04:00,MyStrategy,e2bd0c7c99da44fbb65ade7665b6eb8d,SPY,buy,market,new,1,gtc,0.0,1,stock,,,
2020-09-22 09:30:00-04:00,MyStrategy,e2bd0c7c99da44fbb65ade7665b6eb8d,SPY,buy,market,fill,1,gtc,0.0,1,stock,328.57000732421875,1.0,0.0
2020-09-22 12:30:00-04:00,MyStrategy,4598bb08216d48cf9d9898b558726645,SPY,buy,market,new,1,gtc,0.0,1,stock,,,
2020-09-22 12:30:00-04:00,MyStrategy,4598bb08216d48cf9d9898b558726645,SPY,buy,market,fill,1,gtc,0.0,1,stock,328.57000732421875,1.0,0.0
2020-09-22 15:30:00-04:00,MyStrategy,6a8a74f4fa834af3ad99925fd1f48782,SPY,buy,market,new,1,gtc,0.0,1,stock,,,
2020-09-22 15:30:00-04:00,MyStrategy,6a8a74f4fa834af3ad99925fd1f48782,SPY,buy,market,fill,1,gtc,0.0,1,stock,328.57000732421875,1.0,0.0
2020-09-23 09:30:00-04:00,MyStrategy,e2b59a0375ce46839e5ff0d12de46597,SPY,buy,market,new,1,gtc,0.0,1,stock,,,
2020-09-23 09:30:00-04:00,MyStrategy,e2b59a0375ce46839e5ff0d12de46597,SPY,buy,market,fill,1,gtc,0.0,1,stock,330.8999938964844,1.0,0.0
2020-09-23 12:30:00-04:00,MyStrategy,5df6ad554577451991648f29f8a2bba6,SPY,buy,market,new,1,gtc,0.0,1,stock,,,
2020-09-23 12:30:00-04:00,MyStrategy,5df6ad554577451991648f29f8a2bba6,SPY,buy,market,fill,1,gtc,0.0,1,stock,330.8999938964844,1.0,0.0
2020-09-23 15:30:00-04:00,MyStrategy,4c8bce97256949aa95d2d355b3ab9113,SPY,buy,market,new,1,gtc,0.0,1,stock,,,
2020-09-23 15:30:00-04:00,MyStrategy,4c8bce97256949aa95d2d355b3ab9113,SPY,buy,market,fill,1,gtc,0.0,1,stock,330.8999938964844,1.0,0.0
2020-09-24 09:30:00-04:00,MyStrategy,f09a94572ba7424fad805c7ac111157c,SPY,buy,market,new,1,gtc,0.0,1,stock,,,
2020-09-24 09:30:00-04:00,MyStrategy,f09a94572ba7424fad805c7ac111157c,SPY,buy,market,fill,1,gtc,0.0,1,stock,321.2200012207031,1.0,0.0
2020-09-24 12:30:00-04:00,MyStrategy,47c12dbddd4a4f3b88199c318baf0f05,SPY,buy,market,new,1,gtc,0.0,1,stock,,,
2020-09-24 12:30:00-04:00,MyStrategy,47c12dbddd4a4f3b88199c318baf0f05,SPY,buy,market,fill,1,gtc,0.0,1,stock,321.2200012207031,1.0,0.0
2020-09-24 15:30:00-04:00,MyStrategy,635b0fa898974424b251b17d9f6008aa,SPY,buy,market,new,1,gtc,0.0,1,stock,,,
2020-09-24 15:30:00-04:00,MyStrategy,635b0fa898974424b251b17d9f6008aa,SPY,buy,market,fill,1,gtc,0.0,1,stock,321.2200012207031,1.0,0.0
2020-09-25 09:30:00-04:00,MyStrategy,bcb74587a7e64e2c84dd3883c240c9c6,SPY,buy,market,new,1,gtc,0.0,1,stock,,,
2020-09-25 09:30:00-04:00,MyStrategy,bcb74587a7e64e2c84dd3883c240c9c6,SPY,buy,market,fill,1,gtc,0.0,1,stock,322.5799865722656,1.0,0.0
2020-09-25 12:30:00-04:00,MyStrategy,aad430e26e34423ea2631496e732780b,SPY,buy,market,new,1,gtc,0.0,1,stock,,,
2020-09-25 12:30:00-04:00,MyStrategy,aad430e26e34423ea2631496e732780b,SPY,buy,market,fill,1,gtc,0.0,1,stock,322.5799865722656,1.0,0.0
2020-09-25 15:30:00-04:00,MyStrategy,7898cb1a54534842b2cfa332de9c7a81,SPY,buy,market,new,1,gtc,0.0,1,stock,,,
2020-09-25 15:30:00-04:00,MyStrategy,7898cb1a54534842b2cfa332de9c7a81,SPY,buy,market,fill,1,gtc,0.0,1,stock,322.5799865722656,1.0,0.0
2020-09-28 09:30:00-04:00,MyStrategy,0043fa64353f40beb57746ed05ab7150,SPY,buy,market,new,1,gtc,0.0,1,stock,,,
2020-09-28 09:30:00-04:00,MyStrategy,0043fa64353f40beb57746ed05ab7150,SPY,buy,market,fill,1,gtc,0.0,1,stock,333.2200012207031,1.0,0.0
2020-09-28 12:30:00-04:00,MyStrategy,d0ddf54a47f94801be4a099defb3ca7e,SPY,buy,market,new,1,gtc,0.0,1,stock,,,
2020-09-28 12:30:00-04:00,MyStrategy,d0ddf54a47f94801be4a099defb3ca7e,SPY,buy,market,fill,1,gtc,0.0,1,stock,333.2200012207031,1.0,0.0
2020-09-28 15:30:00-04:00,MyStrategy,744efdbd73574fb6bb01272955cd3e4e,SPY,buy,market,new,1,gtc,0.0,1,stock,,,
2020-09-28 15:30:00-04:00,MyStrategy,744efdbd73574fb6bb01272955cd3e4e,SPY,buy,market,fill,1,gtc,0.0,1,stock,333.2200012207031,1.0,0.0
2020-09-29 09:30:00-04:00,MyStrategy,1041a64cc49d4f128fd4f740f49a4d25,SPY,buy,market,new,1,gtc,0.0,1,stock,,,
2020-09-29 09:30:00-04:00,MyStrategy,1041a64cc49d4f128fd4f740f49a4d25,SPY,buy,market,fill,1,gtc,0.0,1,stock,333.9700012207031,1.0,0.0
2020-09-29 12:30:00-04:00,MyStrategy,70d7f49437b8418ca513101ab6fc5bf9,SPY,buy,market,new,1,gtc,0.0,1,stock,,,
2020-09-29 12:30:00-04:00,MyStrategy,70d7f49437b8418ca513101ab6fc5bf9,SPY,buy,market,fill,1,gtc,0.0,1,stock,333.9700012207031,1.0,0.0
2020-09-29 15:30:00-04:00,MyStrategy,723139d907474df8a63e46a6be7efda9,SPY,buy,market,new,1,gtc,0.0,1,stock,,,
2020-09-29 15:30:00-04:00,MyStrategy,723139d907474df8a63e46a6be7efda9,SPY,buy,market,fill,1,gtc,0.0,1,stock,333.9700012207031,1.0,0.0
2020-09-30 09:30:00-04:00,MyStrategy,4d79c037471e4650bc38b405bfc69650,SPY,buy,market,new,1,gtc,0.0,1,stock,,,
2020-09-30 09:30:00-04:00,MyStrategy,4d79c037471e4650bc38b405bfc69650,SPY,buy,market,fill,1,gtc,0.0,1,stock,333.0899963378906,1.0,0.0
2020-09-30 12:30:00-04:00,MyStrategy,b58c4b84b7bb455e9e441d1c80595dae,SPY,buy,market,new,1,gtc,0.0,1,stock,,,
2020-09-30 12:30:00-04:00,MyStrategy,b58c4b84b7bb455e9e441d1c80595dae,SPY,buy,market,fill,1,gtc,0.0,1,stock,333.0899963378906,1.0,0.0
2020-09-30 15:30:00-04:00,MyStrategy,ea781e515a91451b932b456217f448b7,SPY,buy,market,new,1,gtc,0.0,1,stock,,,
2020-09-30 15:30:00-04:00,MyStrategy,ea781e515a91451b932b456217f448b7,SPY,buy,market,fill,1,gtc,0.0,1,stock,333.0899963378906,1.0,0.0
2020-10-01 09:30:00-04:00,MyStrategy,6abb507c301946c39023d80343a3b271,SPY,buy,market,new,1,gtc,0.0,1,stock,,,
2020-10-01 09:30:00-04:00,MyStrategy,6abb507c301946c39023d80343a3b271,SPY,buy,market,fill,1,gtc,0.0,1,stock,337.69000244140625,1.0,0.0
2020-10-01 12:30:00-04:00,MyStrategy,4f0f3178409e46f8bff285edaef7f1db,SPY,buy,market,new,1,gtc,0.0,1,stock,,,
2020-10-01 12:30:00-04:00,MyStrategy,4f0f3178409e46f8bff285edaef7f1db,SPY,buy,market,fill,1,gtc,0.0,1,stock,337.69000244140625,1.0,0.0
2020-10-01 15:30:00-04:00,MyStrategy,d9f30ececf3741eb992f9ecb000ad47f,SPY,buy,market,new,1,gtc,0.0,1,stock,,,
2020-10-01 15:30:00-04:00,MyStrategy,d9f30ececf3741eb992f9ecb000ad47f,SPY,buy,market,fill,1,gtc,0.0,1,stock,337.69000244140625,1.0,0.0
2020-10-02 09:30:00-04:00,MyStrategy,cb0c5e5eb92840b6b3fb7a63673e0527,SPY,buy,market,new,1,gtc,0.0,1,stock,,,
2020-10-02 09:30:00-04:00,MyStrategy,cb0c5e5eb92840b6b3fb7a63673e0527,SPY,buy,market,fill,1,gtc,0.0,1,stock,331.70001220703125,1.0,0.0
2020-10-02 12:30:00-04:00,MyStrategy,a8c184cbe4334b398a8267912a2f79cc,SPY,buy,market,new,1,gtc,0.0,1,stock,,,
2020-10-02 12:30:00-04:00,MyStrategy,a8c184cbe4334b398a8267912a2f79cc,SPY,buy,market,fill,1,gtc,0.0,1,stock,331.70001220703125,1.0,0.0
2020-10-02 15:30:00-04:00,MyStrategy,fc16606c80ae481ebb4c615e33c2783a,SPY,buy,market,new,1,gtc,0.0,1,stock,,,
2020-10-02 15:30:00-04:00,MyStrategy,fc16606c80ae481ebb4c615e33c2783a,SPY,buy,market,fill,1,gtc,0.0,1,stock,331.70001220703125,1.0,0.0
2020-10-05 09:30:00-04:00,MyStrategy,35182f3d537f4235bf55a17e27a1163b,SPY,buy,market,new,1,gtc,0.0,1,stock,,,
2020-10-05 09:30:00-04:00,MyStrategy,35182f3d537f4235bf55a17e27a1163b,SPY,buy,market,fill,1,gtc,0.0,1,stock,336.05999755859375,1.0,0.0
2020-10-05 12:30:00-04:00,MyStrategy,68f4a61cfca34f8891d55dab0a8147c4,SPY,buy,market,new,1,gtc,0.0,1,stock,,,
2020-10-05 12:30:00-04:00,MyStrategy,68f4a61cfca34f8891d55dab0a8147c4,SPY,buy,market,fill,1,gtc,0.0,1,stock,336.05999755859375,1.0,0.0
2020-10-05 15:30:00-04:00,MyStrategy,e33b919fdd7943b3bb2658da262703a6,SPY,buy,market,new,1,gtc,0.0,1,stock,,,
2020-10-05 15:30:00-04:00,MyStrategy,e33b919fdd7943b3bb2658da262703a6,SPY,buy,market,fill,1,gtc,0.0,1,stock,336.05999755859375,1.0,0.0
2020-10-06 09:30:00-04:00,MyStrategy,096d8674060b4cf390294db195248d14,SPY,buy,market,new,1,gtc,0.0,1,stock,,,
2020-10-06 09:30:00-04:00,MyStrategy,096d8674060b4cf390294db195248d14,SPY,buy,market,fill,1,gtc,0.0,1,stock,339.9100036621094,1.0,0.0
2020-10-06 12:30:00-04:00,MyStrategy,e9d9e95e60c447ba98a84e05fbc15893,SPY,buy,market,new,1,gtc,0.0,1,stock,,,
2020-10-06 12:30:00-04:00,MyStrategy,e9d9e95e60c447ba98a84e05fbc15893,SPY,buy,market,fill,1,gtc,0.0,1,stock,339.9100036621094,1.0,0.0
2020-10-06 15:30:00-04:00,MyStrategy,fdfdc64896e44c33ac768a11ce8fab7b,SPY,buy,market,new,1,gtc,0.0,1,stock,,,
2020-10-06 15:30:00-04:00,MyStrategy,fdfdc64896e44c33ac768a11ce8fab7b,SPY,buy,market,fill,1,gtc,0.0,1,stock,339.9100036621094,1.0,0.0
2020-10-07 09:30:00-04:00,MyStrategy,e6915a134a6842f19f4102d0b11895c3,SPY,buy,market,new,1,gtc,0.0,1,stock,,,
2020-10-07 09:30:00-04:00,MyStrategy,e6915a134a6842f19f4102d0b11895c3,SPY,buy,market,fill,1,gtc,0.0,1,stock,338.1199951171875,1.0,0.0
2020-10-07 12:30:00-04:00,MyStrategy,49f5124a4c0d4857af25aeb4a62056f1,SPY,buy,market,new,1,gtc,0.0,1,stock,,,
2020-10-07 12:30:00-04:00,MyStrategy,49f5124a4c0d4857af25aeb4a62056f1,SPY,buy,market,fill,1,gtc,0.0,1,stock,338.1199951171875,1.0,0.0
2020-10-07 15:30:00-04:00,MyStrategy,74a918a87ada4027b16a53a9a3ef1acf,SPY,buy,market,new,1,gtc,0.0,1,stock,,,
2020-10-07 15:30:00-04:00,MyStrategy,74a918a87ada4027b16a53a9a3ef1acf,SPY,buy,market,fill,1,gtc,0.0,1,stock,338.1199951171875,1.0,0.0
2020-10-08 09:30:00-04:00,MyStrategy,e376934eaafb48ce937090c48b7c4513,SPY,buy,market,new,1,gtc,0.0,1,stock,,,
2020-10-08 09:30:00-04:00,MyStrategy,e376934eaafb48ce937090c48b7c4513,SPY,buy,market,fill,1,gtc,0.0,1,stock,342.8500061035156,1.0,0.0
2020-10-08 12:30:00-04:00,MyStrategy,444897d99d5f4fdbb3b47b1eae2b1048,SPY,buy,market,new,1,gtc,0.0,1,stock,,,
2020-10-08 12:30:00-04:00,MyStrategy,444897d99d5f4fdbb3b47b1eae2b1048,SPY,buy,market,fill,1,gtc,0.0,1,stock,342.8500061035156,1.0,0.0
2020-10-08 15:30:00-04:00,MyStrategy,cd176128642049be8df25b92062f59de,SPY,buy,market,new,1,gtc,0.0,1,stock,,,
2020-10-08 15:30:00-04:00,MyStrategy,cd176128642049be8df25b92062f59de,SPY,buy,market,fill,1,gtc,0.0,1,stock,342.8500061035156,1.0,0.0
2020-10-09 09:30:00-04:00,MyStrategy,5cd9751ddec14761b71b1b5b5d3699ce,SPY,buy,market,new,1,gtc,0.0,1,stock,,,
2020-10-09 09:30:00-04:00,MyStrategy,5cd9751ddec14761b71b1b5b5d3699ce,SPY,buy,market,fill,1,gtc,0.0,1,stock,345.55999755859375,1.0,0.0
2020-10-09 12:30:00-04:00,MyStrategy,b8003ce2a34b4eb7b098eb7f69bb0bf3,SPY,buy,market,new,1,gtc,0.0,1,stock,,,
2020-10-09 12:30:00-04:00,MyStrategy,b8003ce2a34b4eb7b098eb7f69bb0bf3,SPY,buy,market,fill,1,gtc,0.0,1,stock,345.55999755859375,1.0,0.0
2020-10-09 15:30:00-04:00,MyStrategy,f077db8ca07443c4915399c447fbe40f,SPY,buy,market,new,1,gtc,0.0,1,stock,,,
2020-10-09 15:30:00-04:00,MyStrategy,f077db8ca07443c4915399c447fbe40f,SPY,buy,market,fill,1,gtc,0.0,1,stock,345.55999755859375,1.0,0.0
2020-10-12 09:30:00-04:00,MyStrategy,c7e26bca638240ca9ce00cb9a752513d,SPY,buy,market,new,1,gtc,0.0,1,stock,,,
2020-10-12 09:30:00-04:00,MyStrategy,c7e26bca638240ca9ce00cb9a752513d,SPY,buy,market,fill,1,gtc,0.0,1,stock,349.5899963378906,1.0,0.0
2020-10-12 12:30:00-04:00,MyStrategy,f9209f30fa494f79b564b015f1a2c87c,SPY,buy,market,new,1,gtc,0.0,1,stock,,,
2020-10-12 12:30:00-04:00,MyStrategy,f9209f30fa494f79b564b015f1a2c87c,SPY,buy,market,fill,1,gtc,0.0,1,stock,349.5899963378906,1.0,0.0
2020-10-12 15:30:00-04:00,MyStrategy,7bca81b61dbe45199062cca711440b10,SPY,buy,market,new,1,gtc,0.0,1,stock,,,
2020-10-12 15:30:00-04:00,MyStrategy,7bca81b61dbe45199062cca711440b10,SPY,buy,market,fill,1,gtc,0.0,1,stock,349.5899963378906,1.0,0.0
2020-10-13 09:30:00-04:00,MyStrategy,53f0c06f1aba4d99b8f57cd99ad693ef,SPY,buy,market,new,1,gtc,0.0,1,stock,,,
2020-10-13 09:30:00-04:00,MyStrategy,53f0c06f1aba4d99b8f57cd99ad693ef,SPY,buy,market,fill,1,gtc,0.0,1,stock,352.2799987792969,1.0,0.0
2020-10-13 12:30:00-04:00,MyStrategy,91ee7fe2c1824afc876cd8d3be941e8b,SPY,buy,market,new,1,gtc,0.0,1,stock,,,
2020-10-13 12:30:00-04:00,MyStrategy,91ee7fe2c1824afc876cd8d3be941e8b,SPY,buy,market,fill,1,gtc,0.0,1,stock,352.2799987792969,1.0,0.0
2020-10-13 15:30:00-04:00,MyStrategy,aac295c0eefb429baeada7ada006895d,SPY,buy,market,new,1,gtc,0.0,1,stock,,,
2020-10-13 15:30:00-04:00,MyStrategy,aac295c0eefb429baeada7ada006895d,SPY,buy,market,fill,1,gtc,0.0,1,stock,352.2799987792969,1.0,0.0
2020-10-14 09:30:00-04:00,MyStrategy,2e349a1b360947d38643e172aeaeda31,SPY,buy,market,new,1,gtc,0.0,1,stock,,,
2020-10-14 09:30:00-04:00,MyStrategy,2e349a1b360947d38643e172aeaeda31,SPY,buy,market,fill,1,gtc,0.0,1,stock,350.75,1.0,0.0
2020-10-14 12:30:00-04:00,MyStrategy,c1691dfaa44e41548bae3b43e965c336,SPY,buy,market,new,1,gtc,0.0,1,stock,,,
2020-10-14 12:30:00-04:00,MyStrategy,c1691dfaa44e41548bae3b43e965c336,SPY,buy,market,fill,1,gtc,0.0,1,stock,350.75,1.0,0.0
2020-10-14 15:30:00-04:00,MyStrategy,5ae424b86e0048a695558de4b6593952,SPY,buy,market,new,1,gtc,0.0,1,stock,,,
2020-10-14 15:30:00-04:00,MyStrategy,5ae424b86e0048a695558de4b6593952,SPY,buy,market,fill,1,gtc,0.0,1,stock,350.75,1.0,0.0
2020-10-15 09:30:00-04:00,MyStrategy,0220928d4d3d4c5aa7eeb2666048fb1b,SPY,buy,market,new,1,gtc,0.0,1,stock,,,
2020-10-15 09:30:00-04:00,MyStrategy,0220928d4d3d4c5aa7eeb2666048fb1b,SPY,buy,market,fill,1,gtc,0.0,1,stock,343.7099914550781,1.0,0.0
2020-10-15 12:30:00-04:00,MyStrategy,4c985c0c816d4d46a36aac5539b4f94d,SPY,buy,market,new,1,gtc,0.0,1,stock,,,
2020-10-15 12:30:00-04:00,MyStrategy,4c985c0c816d4d46a36aac5539b4f94d,SPY,buy,market,fill,1,gtc,0.0,1,stock,343.7099914550781,1.0,0.0
2020-10-15 15:30:00-04:00,MyStrategy,ddc0f55cf83a41c69fdc6f74cebf9e68,SPY,buy,market,new,1,gtc,0.0,1,stock,,,
2020-10-15 15:30:00-04:00,MyStrategy,ddc0f55cf83a41c69fdc6f74cebf9e68,SPY,buy,market,fill,1,gtc,0.0,1,stock,343.7099914550781,1.0,0.0
2020-10-16 09:30:00-04:00,MyStrategy,65170bf07ace46e0a892fef2263508db,SPY,buy,market,new,1,gtc,0.0,1,stock,,,
2020-10-16 09:30:00-04:00,MyStrategy,65170bf07ace46e0a892fef2263508db,SPY,buy,market,fill,1,gtc,0.0,1,stock,348.9599914550781,1.0,0.0
2020-10-16 12:30:00-04:00,MyStrategy,51e9da5855574c0daa8dd6c5ecb8dc58,SPY,buy,market,new,1,gtc,0.0,1,stock,,,
2020-10-16 12:30:00-04:00,MyStrategy,51e9da5855574c0daa8dd6c5ecb8dc58,SPY,buy,market,fill,1,gtc,0.0,1,stock,348.9599914550781,1.0,0.0
2020-10-16 15:30:00-04:00,MyStrategy,4ff94dd10d9a44158e1140aead1289b3,SPY,buy,market,new,1,gtc,0.0,1,stock,,,
2020-10-16 15:30:00-04:00,MyStrategy,4ff94dd10d9a44158e1140aead1289b3,SPY,buy,market,fill,1,gtc,0.0,1,stock,348.9599914550781,1.0,0.0
2020-10-19 09:30:00-04:00,MyStrategy,224bc2a65def451ab7954a10decfdbec,SPY,buy,market,new,1,gtc,0.0,1,stock,,,
2020-10-19 09:30:00-04:00,MyStrategy,224bc2a65def451ab7954a10decfdbec,SPY,buy,market,fill,1,gtc,0.0,1,stock,348.6499938964844,1.0,0.0
2020-10-19 12:30:00-04:00,MyStrategy,03b25565016841d39dccea4f75ea5955,SPY,buy,market,new,1,gtc,0.0,1,stock,,,
2020-10-19 12:30:00-04:00,MyStrategy,03b25565016841d39dccea4f75ea5955,SPY,buy,market,fill,1,gtc,0.0,1,stock,348.6499938964844,1.0,0.0
2020-10-19 15:30:00-04:00,MyStrategy,5e4ca0df46a34fdd938131b791b2a8fb,SPY,buy,market,new,1,gtc,0.0,1,stock,,,
2020-10-19 15:30:00-04:00,MyStrategy,5e4ca0df46a34fdd938131b791b2a8fb,SPY,buy,market,fill,1,gtc,0.0,1,stock,348.6499938964844,1.0,0.0
2020-10-20 09:30:00-04:00,MyStrategy,691796c6abc6498db5948773bfb0a814,SPY,buy,market,new,1,gtc,0.0,1,stock,,,
2020-10-20 09:30:00-04:00,MyStrategy,691796c6abc6498db5948773bfb0a814,SPY,buy,market,fill,1,gtc,0.0,1,stock,343.4599914550781,1.0,0.0
2020-10-20 12:30:00-04:00,MyStrategy,739f5352ec6e450bb85ab535de05bc85,SPY,buy,market,new,1,gtc,0.0,1,stock,,,
2020-10-20 12:30:00-04:00,MyStrategy,739f5352ec6e450bb85ab535de05bc85,SPY,buy,market,fill,1,gtc,0.0,1,stock,343.4599914550781,1.0,0.0
2020-10-20 15:30:00-04:00,MyStrategy,c35a97c4c04b4b928efb3ee83bac63ec,SPY,buy,market,new,1,gtc,0.0,1,stock,,,
2020-10-20 15:30:00-04:00,MyStrategy,c35a97c4c04b4b928efb3ee83bac63ec,SPY,buy,market,fill,1,gtc,0.0,1,stock,343.4599914550781,1.0,0.0
2020-10-21 09:30:00-04:00,MyStrategy,c75145bdc86f4eceb28dd21f53efd4c4,SPY,buy,market,new,1,gtc,0.0,1,stock,,,
2020-10-21 09:30:00-04:00,MyStrategy,c75145bdc86f4eceb28dd21f53efd4c4,SPY,buy,market,fill,1,gtc,0.0,1,stock,343.3299865722656,1.0,0.0
2020-10-21 12:30:00-04:00,MyStrategy,787c4ae87e344811b5159e60927a1a3a,SPY,buy,market,new,1,gtc,0.0,1,stock,,,
2020-10-21 12:30:00-04:00,MyStrategy,787c4ae87e344811b5159e60927a1a3a,SPY,buy,market,fill,1,gtc,0.0,1,stock,343.3299865722656,1.0,0.0
2020-10-21 15:30:00-04:00,MyStrategy,4ccaeb5eb35c437db65e4d1dcab7a54c,SPY,buy,market,new,1,gtc,0.0,1,stock,,,
2020-10-21 15:30:00-04:00,MyStrategy,4ccaeb5eb35c437db65e4d1dcab7a54c,SPY,buy,market,fill,1,gtc,0.0,1,stock,343.3299865722656,1.0,0.0
2020-10-22 09:30:00-04:00,MyStrategy,da90faf4421148ff9015279982cf66e8,SPY,buy,market,new,1,gtc,0.0,1,stock,,,
2020-10-22 09:30:00-04:00,MyStrategy,da90faf4421148ff9015279982cf66e8,SPY,buy,market,fill,1,gtc,0.0,1,stock,342.9599914550781,1.0,0.0
2020-10-22 12:30:00-04:00,MyStrategy,0fe5764f3cce4c568dbde1fef09b52c8,SPY,buy,market,new,1,gtc,0.0,1,stock,,,
2020-10-22 12:30:00-04:00,MyStrategy,0fe5764f3cce4c568dbde1fef09b52c8,SPY,buy,market,fill,1,gtc,0.0,1,stock,342.9599914550781,1.0,0.0
2020-10-22 15:30:00-04:00,MyStrategy,01e5c8f843084b34a4bf7e83c09acaa0,SPY,buy,market,new,1,gtc,0.0,1,stock,,,
2020-10-22 15:30:00-04:00,MyStrategy,01e5c8f843084b34a4bf7e83c09acaa0,SPY,buy,market,fill,1,gtc,0.0,1,stock,342.9599914550781,1.0,0.0
2020-10-23 09:30:00-04:00,MyStrategy,d7a75b03e25a4aeaab945955c52550a9,SPY,buy,market,new,1,gtc,0.0,1,stock,,,
2020-10-23 09:30:00-04:00,MyStrategy,d7a75b03e25a4aeaab945955c52550a9,SPY,buy,market,fill,1,gtc,0.0,1,stock,345.92999267578125,1.0,0.0
2020-10-23 12:30:00-04:00,MyStrategy,2446441f49994fdbb2c6a0637636dfe7,SPY,buy,market,new,1,gtc,0.0,1,stock,,,
2020-10-23 12:30:00-04:00,MyStrategy,2446441f49994fdbb2c6a0637636dfe7,SPY,buy,market,fill,1,gtc,0.0,1,stock,345.92999267578125,1.0,0.0
2020-10-23 15:30:00-04:00,MyStrategy,c720e562ddba4e698bb011149b67e6a8,SPY,buy,market,new,1,gtc,0.0,1,stock,,,
2020-10-23 15:30:00-04:00,MyStrategy,c720e562ddba4e698bb011149b67e6a8,SPY,buy,market,fill,1,gtc,0.0,1,stock,345.92999267578125,1.0,0.0
2020-10-26 09:30:00-04:00,MyStrategy,841402260de34887a9b887e3016a898b,SPY,buy,market,new,1,gtc,0.0,1,stock,,,
2020-10-26 09:30:00-04:00,MyStrategy,841402260de34887a9b887e3016a898b,SPY,buy,market,fill,1,gtc,0.0,1,stock,342.1300048828125,1.0,0.0
2020-10-26 12:30:00-04:00,MyStrategy,5c05c0ff42c9491f803e45b868f61dc9,SPY,buy,market,new,1,gtc,0.0,1,stock,,,
2020-10-26 12:30:00-04:00,MyStrategy,5c05c0ff42c9491f803e45b868f61dc9,SPY,buy,market,fill,1,gtc,0.0,1,stock,342.1300048828125,1.0,0.0
2020-10-26 15:30:00-04:00,MyStrategy,a5e77d71797c4623ad2f76d5a1bde542,SPY,buy,market,new,1,gtc,0.0,1,stock,,,
2020-10-26 15:30:00-04:00,MyStrategy,a5e77d71797c4623ad2f76d5a1bde542,SPY,buy,market,fill,1,gtc,0.0,1,stock,342.1300048828125,1.0,0.0
2020-10-27 09:30:00-04:00,MyStrategy,c4f60aeb97c44871a20005ccb4f6470f,SPY,buy,market,new,1,gtc,0.0,1,stock,,,
2020-10-27 09:30:00-04:00,MyStrategy,c4f60aeb97c44871a20005ccb4f6470f,SPY,buy,market,fill,1,gtc,0.0,1,stock,339.760009765625,1.0,0.0
2020-10-27 12:30:00-04:00,MyStrategy,a4f9a318c1a84a03a97f5b7947ba152e,SPY,buy,market,new,1,gtc,0.0,1,stock,,,
2020-10-27 12:30:00-04:00,MyStrategy,a4f9a318c1a84a03a97f5b7947ba152e,SPY,buy,market,fill,1,gtc,0.0,1,stock,339.760009765625,1.0,0.0
2020-10-27 15:30:00-04:00,MyStrategy,776d25dcd47a4a79a8ee45bfda4303f5,SPY,buy,market,new,1,gtc,0.0,1,stock,,,
2020-10-27 15:30:00-04:00,MyStrategy,776d25dcd47a4a79a8ee45bfda4303f5,SPY,buy,market,fill,1,gtc,0.0,1,stock,339.760009765625,1.0,0.0
2020-10-28 09:30:00-04:00,MyStrategy,b242c2b0a57b4735a28ec17db1afe161,SPY,buy,market,new,1,gtc,0.0,1,stock,,,
2020-10-28 09:30:00-04:00,MyStrategy,b242c2b0a57b4735a28ec17db1afe161,SPY,buy,market,fill,1,gtc,0.0,1,stock,332.1000061035156,1.0,0.0
2020-10-28 12:30:00-04:00,MyStrategy,9a3184e9b7f44ecbb69159b9810aa087,SPY,buy,market,new,1,gtc,0.0,1,stock,,,
2020-10-28 12:30:00-04:00,MyStrategy,9a3184e9b7f44ecbb69159b9810aa087,SPY,buy,market,fill,1,gtc,0.0,1,stock,332.1000061035156,1.0,0.0
2020-10-28 15:30:00-04:00,MyStrategy,a4ed92bd42394e9b8b565b21566cf996,SPY,buy,market,new,1,gtc,0.0,1,stock,,,
2020-10-28 15:30:00-04:00,MyStrategy,a4ed92bd42394e9b8b565b21566cf996,SPY,buy,market,fill,1,gtc,0.0,1,stock,332.1000061035156,1.0,0.0
2020-10-29 09:30:00-04:00,MyStrategy,9476434596de4f9d8a6ca41aa851a377,SPY,buy,market,new,1,gtc,0.0,1,stock,,,
2020-10-29 09:30:00-04:00,MyStrategy,9476434596de4f9d8a6ca41aa851a377,SPY,buy,market,fill,1,gtc,0.0,1,stock,326.9100036621094,1.0,0.0
2020-10-29 12:30:00-04:00,MyStrategy,6592de6e3b034738ac85ba16b68ce3d8,SPY,buy,market,new,1,gtc,0.0,1,stock,,,
2020-10-29 12:30:00-04:00,MyStrategy,6592de6e3b034738ac85ba16b68ce3d8,SPY,buy,market,fill,1,gtc,0.0,1,stock,326.9100036621094,1.0,0.0
2020-10-29 15:30:00-04:00,MyStrategy,fd6d523f2dc4447ea6145bfd7ef76c8b,SPY,buy,market,new,1,gtc,0.0,1,stock,,,
2020-10-29 15:30:00-04:00,MyStrategy,fd6d523f2dc4447ea6145bfd7ef76c8b,SPY,buy,market,fill,1,gtc,0.0,1,stock,326.9100036621094,1.0,0.0
2020-10-30 09:30:00-04:00,MyStrategy,25775d9fdbd7462293190202969239e4,SPY,buy,market,new,1,gtc,0.0,1,stock,,,
2020-10-30 09:30:00-04:00,MyStrategy,25775d9fdbd7462293190202969239e4,SPY,buy,market,fill,1,gtc,0.0,1,stock,328.2799987792969,1.0,0.0
2020-10-30 12:30:00-04:00,MyStrategy,40d71ce92be446078517c649803875e0,SPY,buy,market,new,1,gtc,0.0,1,stock,,,
2020-10-30 12:30:00-04:00,MyStrategy,40d71ce92be446078517c649803875e0,SPY,buy,market,fill,1,gtc,0.0,1,stock,328.2799987792969,1.0,0.0
2020-10-30 15:30:00-04:00,MyStrategy,3cdf5810546f4d6f9efe2f26bdaa7a5a,SPY,buy,market,new,1,gtc,0.0,1,stock,,,
2020-10-30 15:30:00-04:00,MyStrategy,3cdf5810546f4d6f9efe2f26bdaa7a5a,SPY,buy,market,fill,1,gtc,0.0,1,stock,328.2799987792969,1.0,0.0
2020-11-02 09:30:00-05:00,MyStrategy,f0ddf48ee8f24051a535002f7bda1420,SPY,buy,market,new,1,gtc,0.0,1,stock,,,
2020-11-02 09:30:00-05:00,MyStrategy,f0ddf48ee8f24051a535002f7bda1420,SPY,buy,market,fill,1,gtc,0.0,1,stock,330.20001220703125,1.0,0.0
2020-11-02 12:30:00-05:00,MyStrategy,c79e385fbe3f45ff98a2da5e34449904,SPY,buy,market,new,1,gtc,0.0,1,stock,,,
2020-11-02 12:30:00-05:00,MyStrategy,c79e385fbe3f45ff98a2da5e34449904,SPY,buy,market,fill,1,gtc,0.0,1,stock,330.20001220703125,1.0,0.0
2020-11-02 15:30:00-05:00,MyStrategy,71a182e06a7643469a8cf02ee2614faa,SPY,buy,market,new,1,gtc,0.0,1,stock,,,
2020-11-02 15:30:00-05:00,MyStrategy,71a182e06a7643469a8cf02ee2614faa,SPY,buy,market,fill,1,gtc,0.0,1,stock,330.20001220703125,1.0,0.0
2020-11-03 09:30:00-05:00,MyStrategy,fb677f148320447a9c86eb50b3f1c513,SPY,buy,market,new,1,gtc,0.0,1,stock,,,
2020-11-03 09:30:00-05:00,MyStrategy,fb677f148320447a9c86eb50b3f1c513,SPY,buy,market,fill,1,gtc,0.0,1,stock,333.69000244140625,1.0,0.0
2020-11-03 12:30:00-05:00,MyStrategy,a43aa0dba50d41a28ae93fc96273d4f2,SPY,buy,market,new,1,gtc,0.0,1,stock,,,
2020-11-03 12:30:00-05:00,MyStrategy,a43aa0dba50d41a28ae93fc96273d4f2,SPY,buy,market,fill,1,gtc,0.0,1,stock,333.69000244140625,1.0,0.0
2020-11-03 15:30:00-05:00,MyStrategy,95376b54cabc4baeb47321315be20de4,SPY,buy,market,new,1,gtc,0.0,1,stock,,,
2020-11-03 15:30:00-05:00,MyStrategy,95376b54cabc4baeb47321315be20de4,SPY,buy,market,fill,1,gtc,0.0,1,stock,333.69000244140625,1.0,0.0
2020-11-04 09:30:00-05:00,MyStrategy,522c0a830289451bad1967269fc7500e,SPY,buy,market,new,1,gtc,0.0,1,stock,,,
2020-11-04 09:30:00-05:00,MyStrategy,522c0a830289451bad1967269fc7500e,SPY,buy,market,fill,1,gtc,0.0,1,stock,340.8599853515625,1.0,0.0
2020-11-04 12:30:00-05:00,MyStrategy,0a96c3358b3045299f0e0609e40258d7,SPY,buy,market,new,1,gtc,0.0,1,stock,,,
2020-11-04 12:30:00-05:00,MyStrategy,0a96c3358b3045299f0e0609e40258d7,SPY,buy,market,fill,1,gtc,0.0,1,stock,340.8599853515625,1.0,0.0
2020-11-04 15:30:00-05:00,MyStrategy,36be94d621f2429781cfd92ef459c3bf,SPY,buy,market,new,1,gtc,0.0,1,stock,,,
2020-11-04 15:30:00-05:00,MyStrategy,36be94d621f2429781cfd92ef459c3bf,SPY,buy,market,fill,1,gtc,0.0,1,stock,340.8599853515625,1.0,0.0
2020-11-05 09:30:00-05:00,MyStrategy,f6411f7b73174397bb398e97a07255f7,SPY,buy,market,new,1,gtc,0.0,1,stock,,,
2020-11-05 09:30:00-05:00,MyStrategy,f6411f7b73174397bb398e97a07255f7,SPY,buy,market,fill,1,gtc,0.0,1,stock,349.239990234375,1.0,0.0
2020-11-05 12:30:00-05:00,MyStrategy,24b0bbf22be849e29b9bf333dd084a6c,SPY,buy,market,new,1,gtc,0.0,1,stock,,,
2020-11-05 12:30:00-05:00,MyStrategy,24b0bbf22be849e29b9bf333dd084a6c,SPY,buy,market,fill,1,gtc,0.0,1,stock,349.239990234375,1.0,0.0
2020-11-05 15:30:00-05:00,MyStrategy,fe692cd342644c2abe6e6f1a490711bb,SPY,buy,market,new,1,gtc,0.0,1,stock,,,
2020-11-05 15:30:00-05:00,MyStrategy,fe692cd342644c2abe6e6f1a490711bb,SPY,buy,market,fill,1,gtc,0.0,1,stock,349.239990234375,1.0,0.0
2020-11-06 09:30:00-05:00,MyStrategy,7cb6141a9c91486c826bf7cec747f9ee,SPY,buy,market,new,1,gtc,0.0,1,stock,,,
2020-11-06 09:30:00-05:00,MyStrategy,7cb6141a9c91486c826bf7cec747f9ee,SPY,buy,market,fill,1,gtc,0.0,1,stock,349.92999267578125,1.0,0.0
2020-11-06 12:30:00-05:00,MyStrategy,6cc64fc344104124942e390e72a46315,SPY,buy,market,new,1,gtc,0.0,1,stock,,,
2020-11-06 12:30:00-05:00,MyStrategy,6cc64fc344104124942e390e72a46315,SPY,buy,market,fill,1,gtc,0.0,1,stock,349.92999267578125,1.0,0.0
2020-11-06 15:30:00-05:00,MyStrategy,b0bf5b091e984ff0a410d900d86720c6,SPY,buy,market,new,1,gtc,0.0,1,stock,,,
2020-11-06 15:30:00-05:00,MyStrategy,b0bf5b091e984ff0a410d900d86720c6,SPY,buy,market,fill,1,gtc,0.0,1,stock,349.92999267578125,1.0,0.0
2020-11-09 09:30:00-05:00,MyStrategy,afc861b7ea9c4f6d9dd60a8486c189f8,SPY,buy,market,new,1,gtc,0.0,1,stock,,,
2020-11-09 09:30:00-05:00,MyStrategy,afc861b7ea9c4f6d9dd60a8486c189f8,SPY,buy,market,fill,1,gtc,0.0,1,stock,363.9700012207031,1.0,0.0
2020-11-09 12:30:00-05:00,MyStrategy,5ee024b2cd6945ab9627e63782d6e231,SPY,buy,market,new,1,gtc,0.0,1,stock,,,
2020-11-09 12:30:00-05:00,MyStrategy,5ee024b2cd6945ab9627e63782d6e231,SPY,buy,market,fill,1,gtc,0.0,1,stock,363.9700012207031,1.0,0.0
2020-11-09 15:30:00-05:00,MyStrategy,7cc748ccb1fa4324babb5f44e5a087d7,SPY,buy,market,new,1,gtc,0.0,1,stock,,,
2020-11-09 15:30:00-05:00,MyStrategy,7cc748ccb1fa4324babb5f44e5a087d7,SPY,buy,market,fill,1,gtc,0.0,1,stock,363.9700012207031,1.0,0.0
2020-11-10 09:30:00-05:00,MyStrategy,64d5ac3c291e463a928dbe4aab5f6a33,SPY,buy,market,new,1,gtc,0.0,1,stock,,,
2020-11-10 09:30:00-05:00,MyStrategy,64d5ac3c291e463a928dbe4aab5f6a33,SPY,buy,market,fill,1,gtc,0.0,1,stock,353.489990234375,1.0,0.0
2020-11-10 12:30:00-05:00,MyStrategy,d045d04c67144ffa916c4fc867f8fb15,SPY,buy,market,new,1,gtc,0.0,1,stock,,,
2020-11-10 12:30:00-05:00,MyStrategy,d045d04c67144ffa916c4fc867f8fb15,SPY,buy,market,fill,1,gtc,0.0,1,stock,353.489990234375,1.0,0.0
2020-11-10 15:30:00-05:00,MyStrategy,cf2d11bc4ac04f3f91895f3d918af924,SPY,buy,market,new,1,gtc,0.0,1,stock,,,
2020-11-10 15:30:00-05:00,MyStrategy,cf2d11bc4ac04f3f91895f3d918af924,SPY,buy,market,fill,1,gtc,0.0,1,stock,353.489990234375,1.0,0.0
2020-11-11 09:30:00-05:00,MyStrategy,fdb0bfa00c5a4898be4ba49d647535e8,SPY,buy,market,new,1,gtc,0.0,1,stock,,,
2020-11-11 09:30:00-05:00,MyStrategy,fdb0bfa00c5a4898be4ba49d647535e8,SPY,buy,market,fill,1,gtc,0.0,1,stock,356.3999938964844,1.0,0.0
2020-11-11 12:30:00-05:00,MyStrategy,9bd29b9e12b848ec8cad8b54ba3500dc,SPY,buy,market,new,1,gtc,0.0,1,stock,,,
2020-11-11 12:30:00-05:00,MyStrategy,9bd29b9e12b848ec8cad8b54ba3500dc,SPY,buy,market,fill,1,gtc,0.0,1,stock,356.3999938964844,1.0,0.0
2020-11-11 15:30:00-05:00,MyStrategy,f669469088244d0789b82b002e8dc373,SPY,buy,market,new,1,gtc,0.0,1,stock,,,
2020-11-11 15:30:00-05:00,MyStrategy,f669469088244d0789b82b002e8dc373,SPY,buy,market,fill,1,gtc,0.0,1,stock,356.3999938964844,1.0,0.0
2020-11-12 09:30:00-05:00,MyStrategy,9821af6c8ff44990b71143edb11d3eca,SPY,buy,market,new,1,gtc,0.0,1,stock,,,
2020-11-12 09:30:00-05:00,MyStrategy,9821af6c8ff44990b71143edb11d3eca,SPY,buy,market,fill,1,gtc,0.0,1,stock,355.5799865722656,1.0,0.0
2020-11-12 12:30:00-05:00,MyStrategy,8e5b3f54e80f4ff48de810c67ac263a2,SPY,buy,market,new,1,gtc,0.0,1,stock,,,
2020-11-12 12:30:00-05:00,MyStrategy,8e5b3f54e80f4ff48de810c67ac263a2,SPY,buy,market,fill,1,gtc,0.0,1,stock,355.5799865722656,1.0,0.0
2020-11-12 15:30:00-05:00,MyStrategy,77ed871333e34730906ef26471b04ec2,SPY,buy,market,new,1,gtc,0.0,1,stock,,,
2020-11-12 15:30:00-05:00,MyStrategy,77ed871333e34730906ef26471b04ec2,SPY,buy,market,fill,1,gtc,0.0,1,stock,355.5799865722656,1.0,0.0
2020-11-13 09:30:00-05:00,MyStrategy,77533c977bda4d4a92f9a01f1f5ed513,SPY,buy,market,new,1,gtc,0.0,1,stock,,,
2020-11-13 09:30:00-05:00,MyStrategy,77533c977bda4d4a92f9a01f1f5ed513,SPY,buy,market,fill,1,gtc,0.0,1,stock,355.2699890136719,1.0,0.0
2020-11-13 12:30:00-05:00,MyStrategy,512ab6ed85c845c6a05be6adaecb8fd6,SPY,buy,market,new,1,gtc,0.0,1,stock,,,
2020-11-13 12:30:00-05:00,MyStrategy,512ab6ed85c845c6a05be6adaecb8fd6,SPY,buy,market,fill,1,gtc,0.0,1,stock,355.2699890136719,1.0,0.0
2020-11-13 15:30:00-05:00,MyStrategy,ecf3940d8c544a22b67b0697be24a49b,SPY,buy,market,new,1,gtc,0.0,1,stock,,,
2020-11-13 15:30:00-05:00,MyStrategy,ecf3940d8c544a22b67b0697be24a49b,SPY,buy,market,fill,1,gtc,0.0,1,stock,355.2699890136719,1.0,0.0
2020-11-16 09:30:00-05:00,MyStrategy,18c8ad1c00254c579d10dd60c8ebf3c6,SPY,buy,market,new,1,gtc,0.0,1,stock,,,
2020-11-16 09:30:00-05:00,MyStrategy,18c8ad1c00254c579d10dd60c8ebf3c6,SPY,buy,market,fill,1,gtc,0.0,1,stock,360.9800109863281,1.0,0.0
2020-11-16 12:30:00-05:00,MyStrategy,b894d0d5937349008dea7bedf0d22575,SPY,buy,market,new,1,gtc,0.0,1,stock,,,
2020-11-16 12:30:00-05:00,MyStrategy,b894d0d5937349008dea7bedf0d22575,SPY,buy,market,fill,1,gtc,0.0,1,stock,360.9800109863281,1.0,0.0
2020-11-16 15:30:00-05:00,MyStrategy,623dc0d842374e9e9f2ab2ea4929cebd,SPY,buy,market,new,1,gtc,0.0,1,stock,,,
2020-11-16 15:30:00-05:00,MyStrategy,623dc0d842374e9e9f2ab2ea4929cebd,SPY,buy,market,fill,1,gtc,0.0,1,stock,360.9800109863281,1.0,0.0
2020-11-17 09:30:00-05:00,MyStrategy,3c769989ac254e1f9607968edd7539d1,SPY,buy,market,new,1,gtc,0.0,1,stock,,,
2020-11-17 09:30:00-05:00,MyStrategy,3c769989ac254e1f9607968edd7539d1,SPY,buy,market,fill,1,gtc,0.0,1,stock,359.9700012207031,1.0,0.0
2020-11-17 12:30:00-05:00,MyStrategy,485543ceae2d41228a23e4feffc00da4,SPY,buy,market,new,1,gtc,0.0,1,stock,,,
2020-11-17 12:30:00-05:00,MyStrategy,485543ceae2d41228a23e4feffc00da4,SPY,buy,market,fill,1,gtc,0.0,1,stock,359.9700012207031,1.0,0.0
2020-11-17 15:30:00-05:00,MyStrategy,5a106615053b43e589c27e1e06d869c8,SPY,buy,market,new,1,gtc,0.0,1,stock,,,
2020-11-17 15:30:00-05:00,MyStrategy,5a106615053b43e589c27e1e06d869c8,SPY,buy,market,fill,1,gtc,0.0,1,stock,359.9700012207031,1.0,0.0
2020-11-18 09:30:00-05:00,MyStrategy,1863260040d64cb3b8d7dc441b139dbb,SPY,buy,market,new,1,gtc,0.0,1,stock,,,
2020-11-18 09:30:00-05:00,MyStrategy,1863260040d64cb3b8d7dc441b139dbb,SPY,buy,market,fill,1,gtc,0.0,1,stock,360.9100036621094,1.0,0.0
2020-11-18 12:30:00-05:00,MyStrategy,2f0fb0cf3a0e4535b16c66b30ff23ef2,SPY,buy,market,new,1,gtc,0.0,1,stock,,,
2020-11-18 12:30:00-05:00,MyStrategy,2f0fb0cf3a0e4535b16c66b30ff23ef2,SPY,buy,market,fill,1,gtc,0.0,1,stock,360.9100036621094,1.0,0.0
2020-11-18 15:30:00-05:00,MyStrategy,ee66adae61784c16abde648485142fc2,SPY,buy,market,new,1,gtc,0.0,1,stock,,,
2020-11-18 15:30:00-05:00,MyStrategy,ee66adae61784c16abde648485142fc2,SPY,buy,market,fill,1,gtc,0.0,1,stock,360.9100036621094,1.0,0.0
2020-11-19 09:30:00-05:00,MyStrategy,89aafc3b1990455fa9e584bd28fde960,SPY,buy,market,new,1,gtc,0.0,1,stock,,,
2020-11-19 09:30:00-05:00,MyStrategy,89aafc3b1990455fa9e584bd28fde960,SPY,buy,market,fill,1,gtc,0.0,1,stock,355.6000061035156,1.0,0.0
2020-11-19 12:30:00-05:00,MyStrategy,f16ca856acee46b88b154403a11567d7,SPY,buy,market,new,1,gtc,0.0,1,stock,,,
2020-11-19 12:30:00-05:00,MyStrategy,f16ca856acee46b88b154403a11567d7,SPY,buy,market,fill,1,gtc,0.0,1,stock,355.6000061035156,1.0,0.0
2020-11-19 15:30:00-05:00,MyStrategy,f68e735351164802875d6ae682af41fd,SPY,buy,market,new,1,gtc,0.0,1,stock,,,
2020-11-19 15:30:00-05:00,MyStrategy,f68e735351164802875d6ae682af41fd,SPY,buy,market,fill,1,gtc,0.0,1,stock,355.6000061035156,1.0,0.0
2020-11-20 09:30:00-05:00,MyStrategy,7fc1faa7a05948afb1e03592115ef4ef,SPY,buy,market,new,1,gtc,0.0,1,stock,,,
2020-11-20 09:30:00-05:00,MyStrategy,7fc1faa7a05948afb1e03592115ef4ef,SPY,buy,market,fill,1,gtc,0.0,1,stock,357.5,1.0,0.0
2020-11-20 12:30:00-05:00,MyStrategy,322ccdef937b426daa46810d42ddb2c1,SPY,buy,market,new,1,gtc,0.0,1,stock,,,
2020-11-20 12:30:00-05:00,MyStrategy,322ccdef937b426daa46810d42ddb2c1,SPY,buy,market,fill,1,gtc,0.0,1,stock,357.5,1.0,0.0
2020-11-20 15:30:00-05:00,MyStrategy,12218b49020a4a38a5b69de6f389d226,SPY,buy,market,new,1,gtc,0.0,1,stock,,,
2020-11-20 15:30:00-05:00,MyStrategy,12218b49020a4a38a5b69de6f389d226,SPY,buy,market,fill,1,gtc,0.0,1,stock,357.5,1.0,0.0
2020-11-23 09:30:00-05:00,MyStrategy,82893d957ec74adc852bae7f5e235d49,SPY,buy,market,new,1,gtc,0.0,1,stock,,,
2020-11-23 09:30:00-05:00,MyStrategy,82893d957ec74adc852bae7f5e235d49,SPY,buy,market,fill,1,gtc,0.0,1,stock,357.2799987792969,1.0,0.0
2020-11-23 12:30:00-05:00,MyStrategy,0fa6d4727809443997775e60c33de4ba,SPY,buy,market,new,1,gtc,0.0,1,stock,,,
2020-11-23 12:30:00-05:00,MyStrategy,0fa6d4727809443997775e60c33de4ba,SPY,buy,market,fill,1,gtc,0.0,1,stock,357.2799987792969,1.0,0.0
2020-11-23 15:30:00-05:00,MyStrategy,56c1629cfd884aa1a159e8f5f6e33146,SPY,buy,market,new,1,gtc,0.0,1,stock,,,
2020-11-23 15:30:00-05:00,MyStrategy,56c1629cfd884aa1a159e8f5f6e33146,SPY,buy,market,fill,1,gtc,0.0,1,stock,357.2799987792969,1.0,0.0
2020-11-24 09:30:00-05:00,MyStrategy,3adeebceb3cc49a8bceb53184242002d,SPY,buy,market,new,1,gtc,0.0,1,stock,,,
2020-11-24 09:30:00-05:00,MyStrategy,3adeebceb3cc49a8bceb53184242002d,SPY,buy,market,fill,1,gtc,0.0,1,stock,360.2099914550781,1.0,0.0
2020-11-24 12:30:00-05:00,MyStrategy,52f50823f75246b0b055ac0936c4feb3,SPY,buy,market,new,1,gtc,0.0,1,stock,,,
2020-11-24 12:30:00-05:00,MyStrategy,52f50823f75246b0b055ac0936c4feb3,SPY,buy,market,fill,1,gtc,0.0,1,stock,360.2099914550781,1.0,0.0
2020-11-24 15:30:00-05:00,MyStrategy,1f2fdeb898ff4c4cb06c8d14bd0516c5,SPY,buy,market,new,1,gtc,0.0,1,stock,,,
2020-11-24 15:30:00-05:00,MyStrategy,1f2fdeb898ff4c4cb06c8d14bd0516c5,SPY,buy,market,fill,1,gtc,0.0,1,stock,360.2099914550781,1.0,0.0
2020-11-25 09:30:00-05:00,MyStrategy,1ff9a05b8c224837b11843b8b0c3f025,SPY,buy,market,new,1,gtc,0.0,1,stock,,,
2020-11-25 09:30:00-05:00,MyStrategy,1ff9a05b8c224837b11843b8b0c3f025,SPY,buy,market,fill,1,gtc,0.0,1,stock,363.1300048828125,1.0,0.0
2020-11-25 12:30:00-05:00,MyStrategy,4c6465ca7e5a4fdda5b9226fb82d7dc6,SPY,buy,market,new,1,gtc,0.0,1,stock,,,
2020-11-25 12:30:00-05:00,MyStrategy,4c6465ca7e5a4fdda5b9226fb82d7dc6,SPY,buy,market,fill,1,gtc,0.0,1,stock,363.1300048828125,1.0,0.0
2020-11-25 15:30:00-05:00,MyStrategy,2513eeb241ef451fa7786d2144e20942,SPY,buy,market,new,1,gtc,0.0,1,stock,,,
2020-11-25 15:30:00-05:00,MyStrategy,2513eeb241ef451fa7786d2144e20942,SPY,buy,market,fill,1,gtc,0.0,1,stock,363.1300048828125,1.0,0.0
2020-11-27 09:30:00-05:00,MyStrategy,da7b5c0177cf454aad0cf0c486c97ac6,SPY,buy,market,new,1,gtc,0.0,1,stock,,,
2020-11-27 09:30:00-05:00,MyStrategy,da7b5c0177cf454aad0cf0c486c97ac6,SPY,buy,market,fill,1,gtc,0.0,1,stock,363.8399963378906,1.0,0.0
2020-11-27 12:30:00-05:00,MyStrategy,093bcd6ae92a45028ce341b9fb33d7f7,SPY,buy,market,new,1,gtc,0.0,1,stock,,,
2020-11-27 12:30:00-05:00,MyStrategy,093bcd6ae92a45028ce341b9fb33d7f7,SPY,buy,market,fill,1,gtc,0.0,1,stock,363.8399963378906,1.0,0.0
2020-11-30 09:30:00-05:00,MyStrategy,f27060b838ac4a5fa049255e232cfc80,SPY,buy,market,new,1,gtc,0.0,1,stock,,,
2020-11-30 09:30:00-05:00,MyStrategy,f27060b838ac4a5fa049255e232cfc80,SPY,buy,market,fill,1,gtc,0.0,1,stock,362.8299865722656,1.0,0.0
2020-11-30 12:30:00-05:00,MyStrategy,1a5d97496d744ddba8862adb522a1355,SPY,buy,market,new,1,gtc,0.0,1,stock,,,
2020-11-30 12:30:00-05:00,MyStrategy,1a5d97496d744ddba8862adb522a1355,SPY,buy,market,fill,1,gtc,0.0,1,stock,362.8299865722656,1.0,0.0
2020-11-30 15:30:00-05:00,MyStrategy,eb8ca0a8788740d6b637a8030dc90218,SPY,buy,market,new,1,gtc,0.0,1,stock,,,
2020-11-30 15:30:00-05:00,MyStrategy,eb8ca0a8788740d6b637a8030dc90218,SPY,buy,market,fill,1,gtc,0.0,1,stock,362.8299865722656,1.0,0.0
2020-12-01 09:30:00-05:00,MyStrategy,68ff5dc76d1b47808eb69035cecb73a2,SPY,buy,market,new,1,gtc,0.0,1,stock,,,
2020-12-01 09:30:00-05:00,MyStrategy,68ff5dc76d1b47808eb69035cecb73a2,SPY,buy,market,fill,1,gtc,0.0,1,stock,365.57000732421875,1.0,0.0
2020-12-01 12:30:00-05:00,MyStrategy,63ab3df8fa154d368fee79b52479985e,SPY,buy,market,new,1,gtc,0.0,1,stock,,,
2020-12-01 12:30:00-05:00,MyStrategy,63ab3df8fa154d368fee79b52479985e,SPY,buy,market,fill,1,gtc,0.0,1,stock,365.57000732421875,1.0,0.0
2020-12-01 15:30:00-05:00,MyStrategy,964b19ff239a44c0af2bb88990a113e5,SPY,buy,market,new,1,gtc,0.0,1,stock,,,
2020-12-01 15:30:00-05:00,MyStrategy,964b19ff239a44c0af2bb88990a113e5,SPY,buy,market,fill,1,gtc,0.0,1,stock,365.57000732421875,1.0,0.0
2020-12-02 09:30:00-05:00,MyStrategy,c8c7cf7cc06242e8992cd54fda64f2cb,SPY,buy,market,new,1,gtc,0.0,1,stock,,,
2020-12-02 09:30:00-05:00,MyStrategy,c8c7cf7cc06242e8992cd54fda64f2cb,SPY,buy,market,fill,1,gtc,0.0,1,stock,364.82000732421875,1.0,0.0
2020-12-02 12:30:00-05:00,MyStrategy,f33cf9d0da7441b3b872dc5537f2c0a1,SPY,buy,market,new,1,gtc,0.0,1,stock,,,
2020-12-02 12:30:00-05:00,MyStrategy,f33cf9d0da7441b3b872dc5537f2c0a1,SPY,buy,market,fill,1,gtc,0.0,1,stock,364.82000732421875,1.0,0.0
2020-12-02 15:30:00-05:00,MyStrategy,0f6479f6f71347b8a801a057a6d54606,SPY,buy,market,new,1,gtc,0.0,1,stock,,,
2020-12-02 15:30:00-05:00,MyStrategy,0f6479f6f71347b8a801a057a6d54606,SPY,buy,market,fill,1,gtc,0.0,1,stock,364.82000732421875,1.0,0.0
2020-12-03 09:30:00-05:00,MyStrategy,d354f2d1046d4388aa63051e6b6ae374,SPY,buy,market,new,1,gtc,0.0,1,stock,,,
2020-12-03 09:30:00-05:00,MyStrategy,d354f2d1046d4388aa63051e6b6ae374,SPY,buy,market,fill,1,gtc,0.0,1,stock,366.67999267578125,1.0,0.0
2020-12-03 12:30:00-05:00,MyStrategy,110a50fc69b0408eafee60b63f5a8f92,SPY,buy,market,new,1,gtc,0.0,1,stock,,,
2020-12-03 12:30:00-05:00,MyStrategy,110a50fc69b0408eafee60b63f5a8f92,SPY,buy,market,fill,1,gtc,0.0,1,stock,366.67999267578125,1.0,0.0
2020-12-03 15:30:00-05:00,MyStrategy,5e0153c9306141d184836034c4f71a37,SPY,buy,market,new,1,gtc,0.0,1,stock,,,
2020-12-03 15:30:00-05:00,MyStrategy,5e0153c9306141d184836034c4f71a37,SPY,buy,market,fill,1,gtc,0.0,1,stock,366.67999267578125,1.0,0.0
2020-12-04 09:30:00-05:00,MyStrategy,9c6e3ef303fb4b43875cc60578a6e4cb,SPY,buy,market,new,1,gtc,0.0,1,stock,,,
2020-12-04 09:30:00-05:00,MyStrategy,9c6e3ef303fb4b43875cc60578a6e4cb,SPY,buy,market,fill,1,gtc,0.0,1,stock,367.32000732421875,1.0,0.0
2020-12-04 12:30:00-05:00,MyStrategy,ebb230f9a5e749b1835db41410f5d3f5,SPY,buy,market,new,1,gtc,0.0,1,stock,,,
2020-12-04 12:30:00-05:00,MyStrategy,ebb230f9a5e749b1835db41410f5d3f5,SPY,buy,market,fill,1,gtc,0.0,1,stock,367.32000732421875,1.0,0.0
2020-12-04 15:30:00-05:00,MyStrategy,ed6ed3d3b8024bf7b112c7b59bcae969,SPY,buy,market,new,1,gtc,0.0,1,stock,,,
2020-12-04 15:30:00-05:00,MyStrategy,ed6ed3d3b8024bf7b112c7b59bcae969,SPY,buy,market,fill,1,gtc,0.0,1,stock,367.32000732421875,1.0,0.0
2020-12-07 09:30:00-05:00,MyStrategy,5395e67af1564b2a815dd14599b7ffa4,SPY,buy,market,new,1,gtc,0.0,1,stock,,,
2020-12-07 09:30:00-05:00,MyStrategy,5395e67af1564b2a815dd14599b7ffa4,SPY,buy,market,fill,1,gtc,0.0,1,stock,369.0199890136719,1.0,0.0
2020-12-07 12:30:00-05:00,MyStrategy,5d106c617b084edc9120f817a8a52924,SPY,buy,market,new,1,gtc,0.0,1,stock,,,
2020-12-07 12:30:00-05:00,MyStrategy,5d106c617b084edc9120f817a8a52924,SPY,buy,market,fill,1,gtc,0.0,1,stock,369.0199890136719,1.0,0.0
2020-12-07 15:30:00-05:00,MyStrategy,de18deca369f45e1ab46e284754af5f9,SPY,buy,market,new,1,gtc,0.0,1,stock,,,
2020-12-07 15:30:00-05:00,MyStrategy,de18deca369f45e1ab46e284754af5f9,SPY,buy,market,fill,1,gtc,0.0,1,stock,369.0199890136719,1.0,0.0
2020-12-08 09:30:00-05:00,MyStrategy,aff0058db2fa48c0a0b3e4d034f5bf1a,SPY,buy,market,new,1,gtc,0.0,1,stock,,,
2020-12-08 09:30:00-05:00,MyStrategy,aff0058db2fa48c0a0b3e4d034f5bf1a,SPY,buy,market,fill,1,gtc,0.0,1,stock,367.7200012207031,1.0,0.0
2020-12-08 12:30:00-05:00,MyStrategy,26c69b5155a04a7c9db50834847c75a9,SPY,buy,market,new,1,gtc,0.0,1,stock,,,
2020-12-08 12:30:00-05:00,MyStrategy,26c69b5155a04a7c9db50834847c75a9,SPY,buy,market,fill,1,gtc,0.0,1,stock,367.7200012207031,1.0,0.0
2020-12-08 15:30:00-05:00,MyStrategy,b8c1621cd45148faa25b34846e59dd92,SPY,buy,market,new,1,gtc,0.0,1,stock,,,
2020-12-08 15:30:00-05:00,MyStrategy,b8c1621cd45148faa25b34846e59dd92,SPY,buy,market,fill,1,gtc,0.0,1,stock,367.7200012207031,1.0,0.0
2020-12-09 09:30:00-05:00,MyStrategy,262d1ca20fd7485b9925672752ba7183,SPY,buy,market,new,1,gtc,0.0,1,stock,,,
2020-12-09 09:30:00-05:00,MyStrategy,262d1ca20fd7485b9925672752ba7183,SPY,buy,market,fill,1,gtc,0.0,1,stock,370.8800048828125,1.0,0.0
2020-12-09 12:30:00-05:00,MyStrategy,c478de9b242c47448ed8f8fd7003f973,SPY,buy,market,new,1,gtc,0.0,1,stock,,,
2020-12-09 12:30:00-05:00,MyStrategy,c478de9b242c47448ed8f8fd7003f973,SPY,buy,market,fill,1,gtc,0.0,1,stock,370.8800048828125,1.0,0.0
2020-12-09 15:30:00-05:00,MyStrategy,08160e57a3c44527afe15deab1262f5f,SPY,buy,market,new,1,gtc,0.0,1,stock,,,
2020-12-09 15:30:00-05:00,MyStrategy,08160e57a3c44527afe15deab1262f5f,SPY,buy,market,fill,1,gtc,0.0,1,stock,370.8800048828125,1.0,0.0
2020-12-10 09:30:00-05:00,MyStrategy,25a1de186cc24c82bb50532625d484c1,SPY,buy,market,new,1,gtc,0.0,1,stock,,,
2020-12-10 09:30:00-05:00,MyStrategy,25a1de186cc24c82bb50532625d484c1,SPY,buy,market,fill,1,gtc,0.0,1,stock,365.3699951171875,1.0,0.0
2020-12-10 12:30:00-05:00,MyStrategy,4ad5d88017cf478ba0fbe457ca5a642f,SPY,buy,market,new,1,gtc,0.0,1,stock,,,
2020-12-10 12:30:00-05:00,MyStrategy,4ad5d88017cf478ba0fbe457ca5a642f,SPY,buy,market,fill,1,gtc,0.0,1,stock,365.3699951171875,1.0,0.0
2020-12-10 15:30:00-05:00,MyStrategy,65964623e9894019bc78f138c8ae3c03,SPY,buy,market,new,1,gtc,0.0,1,stock,,,
2020-12-10 15:30:00-05:00,MyStrategy,65964623e9894019bc78f138c8ae3c03,SPY,buy,market,fill,1,gtc,0.0,1,stock,365.3699951171875,1.0,0.0
2020-12-11 09:30:00-05:00,MyStrategy,d6dbe199d8134eb0b218d628e4d410ba,SPY,buy,market,new,1,gtc,0.0,1,stock,,,
2020-12-11 09:30:00-05:00,MyStrategy,d6dbe199d8134eb0b218d628e4d410ba,SPY,buy,market,fill,1,gtc,0.0,1,stock,364.8999938964844,1.0,0.0
2020-12-11 12:30:00-05:00,MyStrategy,cd386eb570fa4e4b8a37ea33ab90d52c,SPY,buy,market,new,1,gtc,0.0,1,stock,,,
2020-12-11 12:30:00-05:00,MyStrategy,cd386eb570fa4e4b8a37ea33ab90d52c,SPY,buy,market,fill,1,gtc,0.0,1,stock,364.8999938964844,1.0,0.0
2020-12-11 15:30:00-05:00,MyStrategy,c0e7644374ca458091a293bdc84687c8,SPY,buy,market,new,1,gtc,0.0,1,stock,,,
2020-12-11 15:30:00-05:00,MyStrategy,c0e7644374ca458091a293bdc84687c8,SPY,buy,market,fill,1,gtc,0.0,1,stock,364.8999938964844,1.0,0.0
2020-12-14 09:30:00-05:00,MyStrategy,ddf8e6b165fe45d1b11ebdd1adb2dc73,SPY,buy,market,new,1,gtc,0.0,1,stock,,,
2020-12-14 09:30:00-05:00,MyStrategy,ddf8e6b165fe45d1b11ebdd1adb2dc73,SPY,buy,market,fill,1,gtc,0.0,1,stock,368.6400146484375,1.0,0.0
2020-12-14 12:30:00-05:00,MyStrategy,5cf837c7dcdc424498c1e9f78fa39c94,SPY,buy,market,new,1,gtc,0.0,1,stock,,,
2020-12-14 12:30:00-05:00,MyStrategy,5cf837c7dcdc424498c1e9f78fa39c94,SPY,buy,market,fill,1,gtc,0.0,1,stock,368.6400146484375,1.0,0.0
2020-12-14 15:30:00-05:00,MyStrategy,1d218b1ca21d41288f7d1acb5be35d38,SPY,buy,market,new,1,gtc,0.0,1,stock,,,
2020-12-14 15:30:00-05:00,MyStrategy,1d218b1ca21d41288f7d1acb5be35d38,SPY,buy,market,fill,1,gtc,0.0,1,stock,368.6400146484375,1.0,0.0
2020-12-15 09:30:00-05:00,MyStrategy,8c2442534bbb45d9974807192b2876ca,SPY,buy,market,new,1,gtc,0.0,1,stock,,,
2020-12-15 09:30:00-05:00,MyStrategy,8c2442534bbb45d9974807192b2876ca,SPY,buy,market,fill,1,gtc,0.0,1,stock,367.3999938964844,1.0,0.0
2020-12-15 12:30:00-05:00,MyStrategy,633729c4569343a5a3afc1dc1007716e,SPY,buy,market,new,1,gtc,0.0,1,stock,,,
2020-12-15 12:30:00-05:00,MyStrategy,633729c4569343a5a3afc1dc1007716e,SPY,buy,market,fill,1,gtc,0.0,1,stock,367.3999938964844,1.0,0.0
2020-12-15 15:30:00-05:00,MyStrategy,d9823917d24941dbbbcde83946c82642,SPY,buy,market,new,1,gtc,0.0,1,stock,,,
2020-12-15 15:30:00-05:00,MyStrategy,d9823917d24941dbbbcde83946c82642,SPY,buy,market,fill,1,gtc,0.0,1,stock,367.3999938964844,1.0,0.0
2020-12-16 09:30:00-05:00,MyStrategy,7334f2d4525746ea88a016060a83c763,SPY,buy,market,new,1,gtc,0.0,1,stock,,,
2020-12-16 09:30:00-05:00,MyStrategy,7334f2d4525746ea88a016060a83c763,SPY,buy,market,fill,1,gtc,0.0,1,stock,369.82000732421875,1.0,0.0
2020-12-16 12:30:00-05:00,MyStrategy,aa4ee26960b041f2b004afddc1f63dc0,SPY,buy,market,new,1,gtc,0.0,1,stock,,,
2020-12-16 12:30:00-05:00,MyStrategy,aa4ee26960b041f2b004afddc1f63dc0,SPY,buy,market,fill,1,gtc,0.0,1,stock,369.82000732421875,1.0,0.0
2020-12-16 15:30:00-05:00,MyStrategy,5a40e4cf731a490786df077447aae9a4,SPY,buy,market,new,1,gtc,0.0,1,stock,,,
2020-12-16 15:30:00-05:00,MyStrategy,5a40e4cf731a490786df077447aae9a4,SPY,buy,market,fill,1,gtc,0.0,1,stock,369.82000732421875,1.0,0.0
2020-12-17 09:30:00-05:00,MyStrategy,c36ba571f2d348288e8e8b9a659178d0,SPY,buy,market,new,1,gtc,0.0,1,stock,,,
2020-12-17 09:30:00-05:00,MyStrategy,c36ba571f2d348288e8e8b9a659178d0,SPY,buy,market,fill,1,gtc,0.0,1,stock,371.94000244140625,1.0,0.0
2020-12-17 12:30:00-05:00,MyStrategy,6bc9b85cbddb44a791324e05fda58a22,SPY,buy,market,new,1,gtc,0.0,1,stock,,,
2020-12-17 12:30:00-05:00,MyStrategy,6bc9b85cbddb44a791324e05fda58a22,SPY,buy,market,fill,1,gtc,0.0,1,stock,371.94000244140625,1.0,0.0
2020-12-17 15:30:00-05:00,MyStrategy,21606160885848eb97441166be462bc0,SPY,buy,market,new,1,gtc,0.0,1,stock,,,
2020-12-17 15:30:00-05:00,MyStrategy,21606160885848eb97441166be462bc0,SPY,buy,market,fill,1,gtc,0.0,1,stock,371.94000244140625,1.0,0.0
2020-12-18 09:30:00-05:00,MyStrategy,3d5dc1f5af5c4c5e8bf11267a8a42b04,SPY,buy,market,new,1,gtc,0.0,1,stock,,,
2020-12-18 09:30:00-05:00,MyStrategy,3d5dc1f5af5c4c5e8bf11267a8a42b04,SPY,buy,market,fill,1,gtc,0.0,1,stock,370.9700012207031,1.0,0.0
2020-12-18 12:30:00-05:00,MyStrategy,34956a269daa4b329bb4f543418a7cf7,SPY,buy,market,new,1,gtc,0.0,1,stock,,,
2020-12-18 12:30:00-05:00,MyStrategy,34956a269daa4b329bb4f543418a7cf7,SPY,buy,market,fill,1,gtc,0.0,1,stock,370.9700012207031,1.0,0.0
2020-12-18 15:30:00-05:00,MyStrategy,06b72b6c537541eda7ef17cb491be9de,SPY,buy,market,new,1,gtc,0.0,1,stock,,,
2020-12-18 15:30:00-05:00,MyStrategy,06b72b6c537541eda7ef17cb491be9de,SPY,buy,market,fill,1,gtc,0.0,1,stock,370.9700012207031,1.0,0.0
2020-12-21 09:30:00-05:00,MyStrategy,897c7c7ef6f048f4bf36cf5407ea497e,SPY,buy,market,new,1,gtc,0.0,1,stock,,,
2020-12-21 09:30:00-05:00,MyStrategy,897c7c7ef6f048f4bf36cf5407ea497e,SPY,buy,market,fill,1,gtc,0.0,1,stock,364.9700012207031,1.0,0.0
2020-12-21 12:30:00-05:00,MyStrategy,3554c8fcf2ce48929dfa4771505f20bc,SPY,buy,market,new,1,gtc,0.0,1,stock,,,
2020-12-21 12:30:00-05:00,MyStrategy,3554c8fcf2ce48929dfa4771505f20bc,SPY,buy,market,fill,1,gtc,0.0,1,stock,364.9700012207031,1.0,0.0
2020-12-21 15:30:00-05:00,MyStrategy,0fd566eeb7024dd483c43cf6ccdb7865,SPY,buy,market,new,1,gtc,0.0,1,stock,,,
2020-12-21 15:30:00-05:00,MyStrategy,0fd566eeb7024dd483c43cf6ccdb7865,SPY,buy,market,fill,1,gtc,0.0,1,stock,364.9700012207031,1.0,0.0
2020-12-22 09:30:00-05:00,MyStrategy,f877335d562e4b19a675fcce405e29e4,SPY,buy,market,new,1,gtc,0.0,1,stock,,,
2020-12-22 09:30:00-05:00,MyStrategy,f877335d562e4b19a675fcce405e29e4,SPY,buy,market,fill,1,gtc,0.0,1,stock,368.2099914550781,1.0,0.0
2020-12-22 12:30:00-05:00,MyStrategy,f1904bd67d3245f0949ba8aa7bffca90,SPY,buy,market,new,1,gtc,0.0,1,stock,,,
2020-12-22 12:30:00-05:00,MyStrategy,f1904bd67d3245f0949ba8aa7bffca90,SPY,buy,market,fill,1,gtc,0.0,1,stock,368.2099914550781,1.0,0.0
2020-12-22 15:30:00-05:00,MyStrategy,715e3f313b0944bf9071cc873c2b1b9f,SPY,buy,market,new,1,gtc,0.0,1,stock,,,
2020-12-22 15:30:00-05:00,MyStrategy,715e3f313b0944bf9071cc873c2b1b9f,SPY,buy,market,fill,1,gtc,0.0,1,stock,368.2099914550781,1.0,0.0
2020-12-23 09:30:00-05:00,MyStrategy,be59c38b9c1f49bcb3a87b9d2d1453fe,SPY,buy,market,new,1,gtc,0.0,1,stock,,,
2020-12-23 09:30:00-05:00,MyStrategy,be59c38b9c1f49bcb3a87b9d2d1453fe,SPY,buy,market,fill,1,gtc,0.0,1,stock,368.2799987792969,1.0,0.0
2020-12-23 12:30:00-05:00,MyStrategy,7f04756987e6448d875829ea197aef2c,SPY,buy,market,new,1,gtc,0.0,1,stock,,,
2020-12-23 12:30:00-05:00,MyStrategy,7f04756987e6448d875829ea197aef2c,SPY,buy,market,fill,1,gtc,0.0,1,stock,368.2799987792969,1.0,0.0
2020-12-23 15:30:00-05:00,MyStrategy,3c071704fa8d45f8a98e98ff4a7e532f,SPY,buy,market,new,1,gtc,0.0,1,stock,,,
2020-12-23 15:30:00-05:00,MyStrategy,3c071704fa8d45f8a98e98ff4a7e532f,SPY,buy,market,fill,1,gtc,0.0,1,stock,368.2799987792969,1.0,0.0
2020-12-24 09:30:00-05:00,MyStrategy,1e71f8dd5e0148948072ce81248d34ed,SPY,buy,market,new,1,gtc,0.0,1,stock,,,
2020-12-24 09:30:00-05:00,MyStrategy,1e71f8dd5e0148948072ce81248d34ed,SPY,buy,market,fill,1,gtc,0.0,1,stock,368.0799865722656,1.0,0.0
2020-12-24 12:30:00-05:00,MyStrategy,b3fcf1da67fc44259c62707dd1d3b276,SPY,buy,market,new,1,gtc,0.0,1,stock,,,
2020-12-24 12:30:00-05:00,MyStrategy,b3fcf1da67fc44259c62707dd1d3b276,SPY,buy,market,fill,1,gtc,0.0,1,stock,368.0799865722656,1.0,0.0
2020-12-28 09:30:00-05:00,MyStrategy,2f2979973099425092bdba4f6b935180,SPY,buy,market,new,1,gtc,0.0,1,stock,,,
2020-12-28 09:30:00-05:00,MyStrategy,2f2979973099425092bdba4f6b935180,SPY,buy,market,fill,1,gtc,0.0,1,stock,371.739990234375,1.0,0.0
2020-12-28 12:30:00-05:00,MyStrategy,f395f85ff39f445da165324f9541edf7,SPY,buy,market,new,1,gtc,0.0,1,stock,,,
2020-12-28 12:30:00-05:00,MyStrategy,f395f85ff39f445da165324f9541edf7,SPY,buy,market,fill,1,gtc,0.0,1,stock,371.739990234375,1.0,0.0
2020-12-28 15:30:00-05:00,MyStrategy,1f2bfabe07134d89b5cfe89d386a1e36,SPY,buy,market,new,1,gtc,0.0,1,stock,,,
2020-12-28 15:30:00-05:00,MyStrategy,1f2bfabe07134d89b5cfe89d386a1e36,SPY,buy,market,fill,1,gtc,0.0,1,stock,371.739990234375,1.0,0.0
2020-12-29 09:30:00-05:00,MyStrategy,2ef8230f49714e2a920929c5ee0da559,SPY,buy,market,new,1,gtc,0.0,1,stock,,,
2020-12-29 09:30:00-05:00,MyStrategy,2ef8230f49714e2a920929c5ee0da559,SPY,buy,market,fill,1,gtc,0.0,1,stock,373.80999755859375,1.0,0.0
2020-12-29 12:30:00-05:00,MyStrategy,00b00b42b22b4ded9911817390270d66,SPY,buy,market,new,1,gtc,0.0,1,stock,,,
2020-12-29 12:30:00-05:00,MyStrategy,00b00b42b22b4ded9911817390270d66,SPY,buy,market,fill,1,gtc,0.0,1,stock,373.80999755859375,1.0,0.0
2020-12-29 15:30:00-05:00,MyStrategy,b708f7b92ab6493c8b1da4c144653eb8,SPY,buy,market,new,1,gtc,0.0,1,stock,,,
2020-12-29 15:30:00-05:00,MyStrategy,b708f7b92ab6493c8b1da4c144653eb8,SPY,buy,market,fill,1,gtc,0.0,1,stock,373.80999755859375,1.0,0.0
2020-12-30 09:30:00-05:00,MyStrategy,1eb39676cc694e1cbc67b741ed064ac8,SPY,buy,market,new,1,gtc,0.0,1,stock,,,
2020-12-30 09:30:00-05:00,MyStrategy,1eb39676cc694e1cbc67b741ed064ac8,SPY,buy,market,fill,1,gtc,0.0,1,stock,372.3399963378906,1.0,0.0
2020-12-30 12:30:00-05:00,MyStrategy,488e287cb1234c0bac6195fb1f8cde41,SPY,buy,market,new,1,gtc,0.0,1,stock,,,
2020-12-30 12:30:00-05:00,MyStrategy,488e287cb1234c0bac6195fb1f8cde41,SPY,buy,market,fill,1,gtc,0.0,1,stock,372.3399963378906,1.0,0.0
2020-12-30 15:30:00-05:00,MyStrategy,0f5f867a7c2c46ea9d79ba6786da090a,SPY,buy,market,new,1,gtc,0.0,1,stock,,,
2020-12-30 15:30:00-05:00,MyStrategy,0f5f867a7c2c46ea9d79ba6786da090a,SPY,buy,market,fill,1,gtc,0.0,1,stock,372.3399963378906,1.0,0.0
