time,strategy,identifier,symbol,side,type,status,multiplier,time_in_force,asset.strike,asset.multiplier,asset.asset_type,price,filled_quantity,trade_cost
2024-01-02 09:30:00-05:00,MyStrategy,b2921a7214b84159b5ad20a2cea31b0a,SPY,buy,market,new,1,gtc,0.0,1,stock,,,
2024-01-02 09:30:00-05:00,MyStrategy,b2921a7214b84159b5ad20a2cea31b0a,SPY,buy,market,fill,1,gtc,0.0,1,stock,472.1600036621094,1.0,0.0
2024-01-02 12:30:00-05:00,MyStrategy,7cb7a79ee8f44a9badabbc1f27df6153,SPY,buy,market,new,1,gtc,0.0,1,stock,,,
2024-01-02 12:30:00-05:00,MyStrategy,7cb7a79ee8f44a9badabbc1f27df6153,SPY,buy,market,fill,1,gtc,0.0,1,stock,472.1600036621094,1.0,0.0
2024-01-02 15:30:00-05:00,MyStrategy,c7482f0cc5834e8f84437af390c15d4a,SPY,buy,market,new,1,gtc,0.0,1,stock,,,
2024-01-02 15:30:00-05:00,MyStrategy,c7482f0cc5834e8f84437af390c15d4a,SPY,buy,market,fill,1,gtc,0.0,1,stock,472.1600036621094,1.0,0.0
2024-01-03 09:30:00-05:00,MyStrategy,9ca4c44dc7b6429b93343798eb53f2c9,SPY,buy,market,new,1,gtc,0.0,1,stock,,,
2024-01-03 09:30:00-05:00,MyStrategy,9ca4c44dc7b6429b93343798eb53f2c9,SPY,buy,market,fill,1,gtc,0.0,1,stock,470.42999267578125,1.0,0.0
2024-01-03 12:30:00-05:00,MyStrategy,0614d89555a74f179715e7ecc4a5f45a,SPY,buy,market,new,1,gtc,0.0,1,stock,,,
2024-01-03 12:30:00-05:00,MyStrategy,0614d89555a74f179715e7ecc4a5f45a,SPY,buy,market,fill,1,gtc,0.0,1,stock,470.42999267578125,1.0,0.0
2024-01-03 15:30:00-05:00,MyStrategy,9902ac2de16443bb9b73231b865a6927,SPY,buy,market,new,1,gtc,0.0,1,stock,,,
2024-01-03 15:30:00-05:00,MyStrategy,9902ac2de16443bb9b73231b865a6927,SPY,buy,market,fill,1,gtc,0.0,1,stock,470.42999267578125,1.0,0.0
2024-01-04 09:30:00-05:00,MyStrategy,2980f78cc4404259ac48fa7338bb1f41,SPY,buy,market,new,1,gtc,0.0,1,stock,,,
2024-01-04 09:30:00-05:00,MyStrategy,2980f78cc4404259ac48fa7338bb1f41,SPY,buy,market,fill,1,gtc,0.0,1,stock,468.29998779296875,1.0,0.0
2024-01-04 12:30:00-05:00,MyStrategy,6a78906582c64bba88ece9f9995dd512,SPY,buy,market,new,1,gtc,0.0,1,stock,,,
2024-01-04 12:30:00-05:00,MyStrategy,6a78906582c64bba88ece9f9995dd512,SPY,buy,market,fill,1,gtc,0.0,1,stock,468.29998779296875,1.0,0.0
2024-01-04 15:30:00-05:00,MyStrategy,bdc8eb1198b543799d0b26d68358c40e,SPY,buy,market,new,1,gtc,0.0,1,stock,,,
2024-01-04 15:30:00-05:00,MyStrategy,bdc8eb1198b543799d0b26d68358c40e,SPY,buy,market,fill,1,gtc,0.0,1,stock,468.29998779296875,1.0,0.0
2024-01-05 09:30:00-05:00,MyStrategy,0184fbcf26d44391a7bf87b74fc4634d,SPY,buy,market,new,1,gtc,0.0,1,stock,,,
2024-01-05 09:30:00-05:00,MyStrategy,0184fbcf26d44391a7bf87b74fc4634d,SPY,buy,market,fill,1,gtc,0.0,1,stock,467.489990234375,1.0,0.0
2024-01-05 12:30:00-05:00,MyStrategy,b39a48c27b624c049a1d4f15c638c082,SPY,buy,market,new,1,gtc,0.0,1,stock,,,
2024-01-05 12:30:00-05:00,MyStrategy,b39a48c27b624c049a1d4f15c638c082,SPY,buy,market,fill,1,gtc,0.0,1,stock,467.489990234375,1.0,0.0
2024-01-05 15:30:00-05:00,MyStrategy,fbc2424726c0446092a674c1aa622438,SPY,buy,market,new,1,gtc,0.0,1,stock,,,
2024-01-05 15:30:00-05:00,MyStrategy,fbc2424726c0446092a674c1aa622438,SPY,buy,market,fill,1,gtc,0.0,1,stock,467.489990234375,1.0,0.0
2024-01-08 09:30:00-05:00,MyStrategy,412a1f8eb98249368a103205d7498420,SPY,buy,market,new,1,gtc,0.0,1,stock,,,
2024-01-08 09:30:00-05:00,MyStrategy,412a1f8eb98249368a103205d7498420,SPY,buy,market,fill,1,gtc,0.0,1,stock,468.42999267578125,1.0,0.0
2024-01-08 12:30:00-05:00,MyStrategy,c635984593984187941107d433d3840b,SPY,buy,market,new,1,gtc,0.0,1,stock,,,
2024-01-08 12:30:00-05:00,MyStrategy,c635984593984187941107d433d3840b,SPY,buy,market,fill,1,gtc,0.0,1,stock,468.42999267578125,1.0,0.0
2024-01-08 15:30:00-05:00,MyStrategy,e60052dfd4de43ec9ae72cb6d75d010d,SPY,buy,market,new,1,gtc,0.0,1,stock,,,
2024-01-08 15:30:00-05:00,MyStrategy,e60052dfd4de43ec9ae72cb6d75d010d,SPY,buy,market,fill,1,gtc,0.0,1,stock,468.42999267578125,1.0,0.0
2024-01-09 09:30:00-05:00,MyStrategy,24ace4852fd74b66848d075fa40afdfd,SPY,buy,market,new,1,gtc,0.0,1,stock,,,
2024-01-09 09:30:00-05:00,MyStrategy,24ace4852fd74b66848d075fa40afdfd,SPY,buy,market,fill,1,gtc,0.0,1,stock,471.8699951171875,1.0,0.0
2024-01-09 12:30:00-05:00,MyStrategy,86a4282426264878b8e63f8db5a612f1,SPY,buy,market,new,1,gtc,0.0,1,stock,,,
2024-01-09 12:30:00-05:00,MyStrategy,86a4282426264878b8e63f8db5a612f1,SPY,buy,market,fill,1,gtc,0.0,1,stock,471.8699951171875,1.0,0.0
2024-01-09 15:30:00-05:00,MyStrategy,ef6a22ae026248a98e0dd0ba2763b3f4,SPY,buy,market,new,1,gtc,0.0,1,stock,,,
2024-01-09 15:30:00-05:00,MyStrategy,ef6a22ae026248a98e0dd0ba2763b3f4,SPY,buy,market,fill,1,gtc,0.0,1,stock,471.8699951171875,1.0,0.0
2024-01-10 09:30:00-05:00,MyStrategy,5fc1d2d33ce349b2a46c4967aaf1b4a9,SPY,buy,market,new,1,gtc,0.0,1,stock,,,
2024-01-10 09:30:00-05:00,MyStrategy,5fc1d2d33ce349b2a46c4967aaf1b4a9,SPY,buy,market,fill,1,gtc,0.0,1,stock,474.1600036621094,1.0,0.0
2024-01-10 12:30:00-05:00,MyStrategy,1f05d21c7d784287bed245d3df6692ce,SPY,buy,market,new,1,gtc,0.0,1,stock,,,
2024-01-10 12:30:00-05:00,MyStrategy,1f05d21c7d784287bed245d3df6692ce,SPY,buy,market,fill,1,gtc,0.0,1,stock,474.1600036621094,1.0,0.0
2024-01-10 15:30:00-05:00,MyStrategy,f537132dd81a4416a80ade16d18a8aa3,SPY,buy,market,new,1,gtc,0.0,1,stock,,,
2024-01-10 15:30:00-05:00,MyStrategy,f537132dd81a4416a80ade16d18a8aa3,SPY,buy,market,fill,1,gtc,0.0,1,stock,474.1600036621094,1.0,0.0
2024-01-11 09:30:00-05:00,MyStrategy,d76531653a7e43ff8cb394d8f724fdff,SPY,buy,market,new,1,gtc,0.0,1,stock,,,
2024-01-11 09:30:00-05:00,MyStrategy,d76531653a7e43ff8cb394d8f724fdff,SPY,buy,market,fill,1,gtc,0.0,1,stock,477.5899963378906,1.0,0.0
2024-01-11 12:30:00-05:00,MyStrategy,8c9619275923410fa36caf36ebb0795c,SPY,buy,market,new,1,gtc,0.0,1,stock,,,
2024-01-11 12:30:00-05:00,MyStrategy,8c9619275923410fa36caf36ebb0795c,SPY,buy,market,fill,1,gtc,0.0,1,stock,477.5899963378906,1.0,0.0
2024-01-11 15:30:00-05:00,MyStrategy,299bde8fa3b04d78a4807354416ca61f,SPY,buy,market,new,1,gtc,0.0,1,stock,,,
2024-01-11 15:30:00-05:00,MyStrategy,299bde8fa3b04d78a4807354416ca61f,SPY,buy,market,fill,1,gtc,0.0,1,stock,477.5899963378906,1.0,0.0
2024-01-12 09:30:00-05:00,MyStrategy,97c3851ebc0547d3b2c2854bdf421df5,SPY,buy,market,new,1,gtc,0.0,1,stock,,,
2024-01-12 09:30:00-05:00,MyStrategy,97c3851ebc0547d3b2c2854bdf421df5,SPY,buy,market,fill,1,gtc,0.0,1,stock,477.8399963378906,1.0,0.0
2024-01-12 12:30:00-05:00,MyStrategy,66e1f180c1f84d5191701b30dbcfb716,SPY,buy,market,new,1,gtc,0.0,1,stock,,,
2024-01-12 12:30:00-05:00,MyStrategy,66e1f180c1f84d5191701b30dbcfb716,SPY,buy,market,fill,1,gtc,0.0,1,stock,477.8399963378906,1.0,0.0
2024-01-12 15:30:00-05:00,MyStrategy,d91ecd422b2f49c1b99807a666722769,SPY,buy,market,new,1,gtc,0.0,1,stock,,,
2024-01-12 15:30:00-05:00,MyStrategy,d91ecd422b2f49c1b99807a666722769,SPY,buy,market,fill,1,gtc,0.0,1,stock,477.8399963378906,1.0,0.0
2024-01-16 09:30:00-05:00,MyStrategy,6a651a441f7f438c846a62105f65bf27,SPY,buy,market,new,1,gtc,0.0,1,stock,,,
2024-01-16 09:30:00-05:00,MyStrategy,6a651a441f7f438c846a62105f65bf27,SPY,buy,market,fill,1,gtc,0.0,1,stock,475.260009765625,1.0,0.0
2024-01-16 12:30:00-05:00,MyStrategy,26fb88bf52774c5095d130a660d63a92,SPY,buy,market,new,1,gtc,0.0,1,stock,,,
2024-01-16 12:30:00-05:00,MyStrategy,26fb88bf52774c5095d130a660d63a92,SPY,buy,market,fill,1,gtc,0.0,1,stock,475.260009765625,1.0,0.0
2024-01-16 15:30:00-05:00,MyStrategy,181f06ed7425493086d2f74cdbb380b8,SPY,buy,market,new,1,gtc,0.0,1,stock,,,
2024-01-16 15:30:00-05:00,MyStrategy,181f06ed7425493086d2f74cdbb380b8,SPY,buy,market,fill,1,gtc,0.0,1,stock,475.260009765625,1.0,0.0
2024-01-17 09:30:00-05:00,MyStrategy,7d637ab6b04946e49c3e183e319773be,SPY,buy,market,new,1,gtc,0.0,1,stock,,,
2024-01-17 09:30:00-05:00,MyStrategy,7d637ab6b04946e49c3e183e319773be,SPY,buy,market,fill,1,gtc,0.0,1,stock,471.82000732421875,1.0,0.0
2024-01-17 12:30:00-05:00,MyStrategy,ff062bb9d43f41478f2dc9c5287f806b,SPY,buy,market,new,1,gtc,0.0,1,stock,,,
2024-01-17 12:30:00-05:00,MyStrategy,ff062bb9d43f41478f2dc9c5287f806b,SPY,buy,market,fill,1,gtc,0.0,1,stock,471.82000732421875,1.0,0.0
2024-01-17 15:30:00-05:00,MyStrategy,0667a4a760c5470fa47eba48119e9eb0,SPY,buy,market,new,1,gtc,0.0,1,stock,,,
2024-01-17 15:30:00-05:00,MyStrategy,0667a4a760c5470fa47eba48119e9eb0,SPY,buy,market,fill,1,gtc,0.0,1,stock,471.82000732421875,1.0,0.0
2024-01-18 09:30:00-05:00,MyStrategy,7bc3e96ef5294ac98d08582ccfb57ddd,SPY,buy,market,new,1,gtc,0.0,1,stock,,,
2024-01-18 09:30:00-05:00,MyStrategy,7bc3e96ef5294ac98d08582ccfb57ddd,SPY,buy,market,fill,1,gtc,0.0,1,stock,474.010009765625,1.0,0.0
2024-01-18 12:30:00-05:00,MyStrategy,4cc3ce2947344bfbae923407ec61c4e3,SPY,buy,market,new,1,gtc,0.0,1,stock,,,
2024-01-18 12:30:00-05:00,MyStrategy,4cc3ce2947344bfbae923407ec61c4e3,SPY,buy,market,fill,1,gtc,0.0,1,stock,474.010009765625,1.0,0.0
2024-01-18 15:30:00-05:00,MyStrategy,0165937ada0a4c4794443726e86d9d3f,SPY,buy,market,new,1,gtc,0.0,1,stock,,,
2024-01-18 15:30:00-05:00,MyStrategy,0165937ada0a4c4794443726e86d9d3f,SPY,buy,market,fill,1,gtc,0.0,1,stock,474.010009765625,1.0,0.0
2024-01-19 09:30:00-05:00,MyStrategy,7fe0cbf13dda4fd0a128827a8ce9a85a,SPY,buy,market,new,1,gtc,0.0,1,stock,,,
2024-01-19 09:30:00-05:00,MyStrategy,7fe0cbf13dda4fd0a128827a8ce9a85a,SPY,buy,market,fill,1,gtc,0.0,1,stock,477.6499938964844,1.0,0.0
2024-01-19 12:30:00-05:00,MyStrategy,f50efd36c6c94ec099af7601ec508c1b,SPY,buy,market,new,1,gtc,0.0,1,stock,,,
2024-01-19 12:30:00-05:00,MyStrategy,f50efd36c6c94ec099af7601ec508c1b,SPY,buy,market,fill,1,gtc,0.0,1,stock,477.6499938964844,1.0,0.0
2024-01-19 15:30:00-05:00,MyStrategy,148ba2f7825741308b9b852c06e86f0a,SPY,buy,market,new,1,gtc,0.0,1,stock,,,
2024-01-19 15:30:00-05:00,MyStrategy,148ba2f7825741308b9b852c06e86f0a,SPY,buy,market,fill,1,gtc,0.0,1,stock,477.6499938964844,1.0,0.0
2024-01-22 09:30:00-05:00,MyStrategy,dca4ab46f7c8490ea1d521a834cc068d,SPY,buy,market,new,1,gtc,0.0,1,stock,,,
2024-01-22 09:30:00-05:00,MyStrategy,dca4ab46f7c8490ea1d521a834cc068d,SPY,buy,market,fill,1,gtc,0.0,1,stock,484.010009765625,1.0,0.0
2024-01-22 12:30:00-05:00,MyStrategy,134056292abb4a968f9edd645162deac,SPY,buy,market,new,1,gtc,0.0,1,stock,,,
2024-01-22 12:30:00-05:00,MyStrategy,134056292abb4a968f9edd645162deac,SPY,buy,market,fill,1,gtc,0.0,1,stock,484.010009765625,1.0,0.0
2024-01-22 15:30:00-05:00,MyStrategy,1321198163c8432492a602e383f3b18d,SPY,buy,market,new,1,gtc,0.0,1,stock,,,
2024-01-22 15:30:00-05:00,MyStrategy,1321198163c8432492a602e383f3b18d,SPY,buy,market,fill,1,gtc,0.0,1,stock,484.010009765625,1.0,0.0
2024-01-23 09:30:00-05:00,MyStrategy,480efd63299441e9b97b2910e82d09e4,SPY,buy,market,new,1,gtc,0.0,1,stock,,,
2024-01-23 09:30:00-05:00,MyStrategy,480efd63299441e9b97b2910e82d09e4,SPY,buy,market,fill,1,gtc,0.0,1,stock,484.010009765625,1.0,0.0
2024-01-23 12:30:00-05:00,MyStrategy,e53fde4ccde3494d9bf06908af9caeee,SPY,buy,market,new,1,gtc,0.0,1,stock,,,
2024-01-23 12:30:00-05:00,MyStrategy,e53fde4ccde3494d9bf06908af9caeee,SPY,buy,market,fill,1,gtc,0.0,1,stock,484.010009765625,1.0,0.0
2024-01-23 15:30:00-05:00,MyStrategy,5ac296a256344c19b99fc7b0b53fba43,SPY,buy,market,new,1,gtc,0.0,1,stock,,,
2024-01-23 15:30:00-05:00,MyStrategy,5ac296a256344c19b99fc7b0b53fba43,SPY,buy,market,fill,1,gtc,0.0,1,stock,484.010009765625,1.0,0.0
2024-01-24 09:30:00-05:00,MyStrategy,cbde01813ada4671847ee97e6f6dd0f1,SPY,buy,market,new,1,gtc,0.0,1,stock,,,
2024-01-24 09:30:00-05:00,MyStrategy,cbde01813ada4671847ee97e6f6dd0f1,SPY,buy,market,fill,1,gtc,0.0,1,stock,487.80999755859375,1.0,0.0
2024-01-24 12:30:00-05:00,MyStrategy,d1e8072ecf584c678342decf06d4a5c4,SPY,buy,market,new,1,gtc,0.0,1,stock,,,
2024-01-24 12:30:00-05:00,MyStrategy,d1e8072ecf584c678342decf06d4a5c4,SPY,buy,market,fill,1,gtc,0.0,1,stock,487.80999755859375,1.0,0.0
2024-01-24 15:30:00-05:00,MyStrategy,827e3bae1ca04b36911f3314540de3b8,SPY,buy,market,new,1,gtc,0.0,1,stock,,,
2024-01-24 15:30:00-05:00,MyStrategy,827e3bae1ca04b36911f3314540de3b8,SPY,buy,market,fill,1,gtc,0.0,1,stock,487.80999755859375,1.0,0.0
2024-01-25 09:30:00-05:00,MyStrategy,6f1a3913429b4c25bff00765beccf215,SPY,buy,market,new,1,gtc,0.0,1,stock,,,
2024-01-25 09:30:00-05:00,MyStrategy,6f1a3913429b4c25bff00765beccf215,SPY,buy,market,fill,1,gtc,0.0,1,stock,487.5799865722656,1.0,0.0
2024-01-25 12:30:00-05:00,MyStrategy,a3fb7296053642848b65acc2f242b5e2,SPY,buy,market,new,1,gtc,0.0,1,stock,,,
2024-01-25 12:30:00-05:00,MyStrategy,a3fb7296053642848b65acc2f242b5e2,SPY,buy,market,fill,1,gtc,0.0,1,stock,487.5799865722656,1.0,0.0
2024-01-25 15:30:00-05:00,MyStrategy,c95625d0993845b78a83950f557ef659,SPY,buy,market,new,1,gtc,0.0,1,stock,,,
2024-01-25 15:30:00-05:00,MyStrategy,c95625d0993845b78a83950f557ef659,SPY,buy,market,fill,1,gtc,0.0,1,stock,487.5799865722656,1.0,0.0
2024-01-26 09:30:00-05:00,MyStrategy,7f1eff5b9e354f72ae7c9417033871d1,SPY,buy,market,new,1,gtc,0.0,1,stock,,,
2024-01-26 09:30:00-05:00,MyStrategy,7f1eff5b9e354f72ae7c9417033871d1,SPY,buy,market,fill,1,gtc,0.0,1,stock,487.5899963378906,1.0,0.0
2024-01-26 12:30:00-05:00,MyStrategy,e8ea5d7c48b74272868c4faeb98e866e,SPY,buy,market,new,1,gtc,0.0,1,stock,,,
2024-01-26 12:30:00-05:00,MyStrategy,e8ea5d7c48b74272868c4faeb98e866e,SPY,buy,market,fill,1,gtc,0.0,1,stock,487.5899963378906,1.0,0.0
2024-01-26 15:30:00-05:00,MyStrategy,3a0f5966164049979d8f6d814bfabc64,SPY,buy,market,new,1,gtc,0.0,1,stock,,,
2024-01-26 15:30:00-05:00,MyStrategy,3a0f5966164049979d8f6d814bfabc64,SPY,buy,market,fill,1,gtc,0.0,1,stock,487.5899963378906,1.0,0.0
2024-01-29 09:30:00-05:00,MyStrategy,3cc8c04fe4c64a818d5877f8429e432d,SPY,buy,market,new,1,gtc,0.0,1,stock,,,
2024-01-29 09:30:00-05:00,MyStrategy,3cc8c04fe4c64a818d5877f8429e432d,SPY,buy,market,fill,1,gtc,0.0,1,stock,487.7300109863281,1.0,0.0
2024-01-29 12:30:00-05:00,MyStrategy,ef3346f35aab41568de1a12336d24100,SPY,buy,market,new,1,gtc,0.0,1,stock,,,
2024-01-29 12:30:00-05:00,MyStrategy,ef3346f35aab41568de1a12336d24100,SPY,buy,market,fill,1,gtc,0.0,1,stock,487.7300109863281,1.0,0.0
2024-01-29 15:30:00-05:00,MyStrategy,6bc296d289e547eea31bdc7b9a8bed32,SPY,buy,market,new,1,gtc,0.0,1,stock,,,
2024-01-29 15:30:00-05:00,MyStrategy,6bc296d289e547eea31bdc7b9a8bed32,SPY,buy,market,fill,1,gtc,0.0,1,stock,487.7300109863281,1.0,0.0
2024-01-30 09:30:00-05:00,MyStrategy,12e714dc918542f48ed7ff58f181c56e,SPY,buy,market,new,1,gtc,0.0,1,stock,,,
2024-01-30 09:30:00-05:00,MyStrategy,12e714dc918542f48ed7ff58f181c56e,SPY,buy,market,fill,1,gtc,0.0,1,stock,490.55999755859375,1.0,0.0
2024-01-30 12:30:00-05:00,MyStrategy,a3fba296a5ba4e679591cdfa6f274bcb,SPY,buy,market,new,1,gtc,0.0,1,stock,,,
2024-01-30 12:30:00-05:00,MyStrategy,a3fba296a5ba4e679591cdfa6f274bcb,SPY,buy,market,fill,1,gtc,0.0,1,stock,490.55999755859375,1.0,0.0
2024-01-30 15:30:00-05:00,MyStrategy,dcd5a7f710f646d49b3d88a542d51c83,SPY,buy,market,new,1,gtc,0.0,1,stock,,,
2024-01-30 15:30:00-05:00,MyStrategy,dcd5a7f710f646d49b3d88a542d51c83,SPY,buy,market,fill,1,gtc,0.0,1,stock,490.55999755859375,1.0,0.0
2024-01-31 09:30:00-05:00,MyStrategy,4d484643db324999b51d74c012042970,SPY,buy,market,new,1,gtc,0.0,1,stock,,,
2024-01-31 09:30:00-05:00,MyStrategy,4d484643db324999b51d74c012042970,SPY,buy,market,fill,1,gtc,0.0,1,stock,488.6199951171875,1.0,0.0
2024-01-31 12:30:00-05:00,MyStrategy,cff5318353414b4dabf11a86a9333081,SPY,buy,market,new,1,gtc,0.0,1,stock,,,
2024-01-31 12:30:00-05:00,MyStrategy,cff5318353414b4dabf11a86a9333081,SPY,buy,market,fill,1,gtc,0.0,1,stock,488.6199951171875,1.0,0.0
2024-01-31 15:30:00-05:00,MyStrategy,6aeef38e14f7400f99c0ce3738405ffa,SPY,buy,market,new,1,gtc,0.0,1,stock,,,
2024-01-31 15:30:00-05:00,MyStrategy,6aeef38e14f7400f99c0ce3738405ffa,SPY,buy,market,fill,1,gtc,0.0,1,stock,488.6199951171875,1.0,0.0
2024-02-01 09:30:00-05:00,MyStrategy,34dc7d412de74dfa8b54cf0e5c404c77,SPY,buy,market,new,1,gtc,0.0,1,stock,,,
2024-02-01 09:30:00-05:00,MyStrategy,34dc7d412de74dfa8b54cf0e5c404c77,SPY,buy,market,fill,1,gtc,0.0,1,stock,484.6300048828125,1.0,0.0
2024-02-01 12:30:00-05:00,MyStrategy,85fb01aac4ad4790bb59ab9906f58317,SPY,buy,market,new,1,gtc,0.0,1,stock,,,
2024-02-01 12:30:00-05:00,MyStrategy,85fb01aac4ad4790bb59ab9906f58317,SPY,buy,market,fill,1,gtc,0.0,1,stock,484.6300048828125,1.0,0.0
2024-02-01 15:30:00-05:00,MyStrategy,6ab0fd1082d84eb88867916d35356f3f,SPY,buy,market,new,1,gtc,0.0,1,stock,,,
2024-02-01 15:30:00-05:00,MyStrategy,6ab0fd1082d84eb88867916d35356f3f,SPY,buy,market,fill,1,gtc,0.0,1,stock,484.6300048828125,1.0,0.0
2024-02-02 09:30:00-05:00,MyStrategy,a160dd4367304730aca4d4436a008b92,SPY,buy,market,new,1,gtc,0.0,1,stock,,,
2024-02-02 09:30:00-05:00,MyStrategy,a160dd4367304730aca4d4436a008b92,SPY,buy,market,fill,1,gtc,0.0,1,stock,489.6499938964844,1.0,0.0
2024-02-02 12:30:00-05:00,MyStrategy,330e55da31f441bc85d871307564fae0,SPY,buy,market,new,1,gtc,0.0,1,stock,,,
2024-02-02 12:30:00-05:00,MyStrategy,330e55da31f441bc85d871307564fae0,SPY,buy,market,fill,1,gtc,0.0,1,stock,489.6499938964844,1.0,0.0
2024-02-02 15:30:00-05:00,MyStrategy,f102f311d50d46168a36f8df730ad800,SPY,buy,market,new,1,gtc,0.0,1,stock,,,
2024-02-02 15:30:00-05:00,MyStrategy,f102f311d50d46168a36f8df730ad800,SPY,buy,market,fill,1,gtc,0.0,1,stock,489.6499938964844,1.0,0.0
2024-02-05 09:30:00-05:00,MyStrategy,7998d288c4f44100b72e9033c07e2edc,SPY,buy,market,new,1,gtc,0.0,1,stock,,,
2024-02-05 09:30:00-05:00,MyStrategy,7998d288c4f44100b72e9033c07e2edc,SPY,buy,market,fill,1,gtc,0.0,1,stock,493.70001220703125,1.0,0.0
2024-02-05 12:30:00-05:00,MyStrategy,53efb14cf9cb4ea5aacc03f7c6fd3530,SPY,buy,market,new,1,gtc,0.0,1,stock,,,
2024-02-05 12:30:00-05:00,MyStrategy,53efb14cf9cb4ea5aacc03f7c6fd3530,SPY,buy,market,fill,1,gtc,0.0,1,stock,493.70001220703125,1.0,0.0
2024-02-05 15:30:00-05:00,MyStrategy,2850852ab26643b7aad180444a7913f5,SPY,buy,market,new,1,gtc,0.0,1,stock,,,
2024-02-05 15:30:00-05:00,MyStrategy,2850852ab26643b7aad180444a7913f5,SPY,buy,market,fill,1,gtc,0.0,1,stock,493.70001220703125,1.0,0.0
2024-02-06 09:30:00-05:00,MyStrategy,bf24b2734887465383ba4fca3082aee6,SPY,buy,market,new,1,gtc,0.0,1,stock,,,
2024-02-06 09:30:00-05:00,MyStrategy,bf24b2734887465383ba4fca3082aee6,SPY,buy,market,fill,1,gtc,0.0,1,stock,493.5199890136719,1.0,0.0
2024-02-06 12:30:00-05:00,MyStrategy,8b250b402e0c48189a82b46754eb7976,SPY,buy,market,new,1,gtc,0.0,1,stock,,,
2024-02-06 12:30:00-05:00,MyStrategy,8b250b402e0c48189a82b46754eb7976,SPY,buy,market,fill,1,gtc,0.0,1,stock,493.5199890136719,1.0,0.0
2024-02-06 15:30:00-05:00,MyStrategy,7ccdee6b6b124c7e8489ae1de44bcb1f,SPY,buy,market,new,1,gtc,0.0,1,stock,,,
2024-02-06 15:30:00-05:00,MyStrategy,7ccdee6b6b124c7e8489ae1de44bcb1f,SPY,buy,market,fill,1,gtc,0.0,1,stock,493.5199890136719,1.0,0.0
2024-02-07 09:30:00-05:00,MyStrategy,06504109888e4a2d9c3dae9fe94ac892,SPY,buy,market,new,1,gtc,0.0,1,stock,,,
2024-02-07 09:30:00-05:00,MyStrategy,06504109888e4a2d9c3dae9fe94ac892,SPY,buy,market,fill,1,gtc,0.0,1,stock,496.2900085449219,1.0,0.0
2024-02-07 12:30:00-05:00,MyStrategy,f7aa104d8c714ddc927712334cc1ccd5,SPY,buy,market,new,1,gtc,0.0,1,stock,,,
2024-02-07 12:30:00-05:00,MyStrategy,f7aa104d8c714ddc927712334cc1ccd5,SPY,buy,market,fill,1,gtc,0.0,1,stock,496.2900085449219,1.0,0.0
2024-02-07 15:30:00-05:00,MyStrategy,569236bc1d31467f8002d84fffbef598,SPY,buy,market,new,1,gtc,0.0,1,stock,,,
2024-02-07 15:30:00-05:00,MyStrategy,569236bc1d31467f8002d84fffbef598,SPY,buy,market,fill,1,gtc,0.0,1,stock,496.2900085449219,1.0,0.0
2024-02-08 09:30:00-05:00,MyStrategy,0c7fe661a1e14b95a9bc0eb44177ab8d,SPY,buy,market,new,1,gtc,0.0,1,stock,,,
2024-02-08 09:30:00-05:00,MyStrategy,0c7fe661a1e14b95a9bc0eb44177ab8d,SPY,buy,market,fill,1,gtc,0.0,1,stock,498.1000061035156,1.0,0.0
2024-02-08 12:30:00-05:00,MyStrategy,d71042a1ad334eb99035ba0c3b874630,SPY,buy,market,new,1,gtc,0.0,1,stock,,,
2024-02-08 12:30:00-05:00,MyStrategy,d71042a1ad334eb99035ba0c3b874630,SPY,buy,market,fill,1,gtc,0.0,1,stock,498.1000061035156,1.0,0.0
2024-02-08 15:30:00-05:00,MyStrategy,53334def2d614c559c08e10c03b29cee,SPY,buy,market,new,1,gtc,0.0,1,stock,,,
2024-02-08 15:30:00-05:00,MyStrategy,53334def2d614c559c08e10c03b29cee,SPY,buy,market,fill,1,gtc,0.0,1,stock,498.1000061035156,1.0,0.0
2024-02-09 09:30:00-05:00,MyStrategy,d17c360733eb470d8437c8eebaa6612b,SPY,buy,market,new,1,gtc,0.0,1,stock,,,
2024-02-09 09:30:00-05:00,MyStrategy,d17c360733eb470d8437c8eebaa6612b,SPY,buy,market,fill,1,gtc,0.0,1,stock,498.8399963378906,1.0,0.0
2024-02-09 12:30:00-05:00,MyStrategy,24eb41ee6e8f4165b3adbeb96407e96b,SPY,buy,market,new,1,gtc,0.0,1,stock,,,
2024-02-09 12:30:00-05:00,MyStrategy,24eb41ee6e8f4165b3adbeb96407e96b,SPY,buy,market,fill,1,gtc,0.0,1,stock,498.8399963378906,1.0,0.0
2024-02-09 15:30:00-05:00,MyStrategy,f1e67081d9e142d9a053caf827af88f5,SPY,buy,market,new,1,gtc,0.0,1,stock,,,
2024-02-09 15:30:00-05:00,MyStrategy,f1e67081d9e142d9a053caf827af88f5,SPY,buy,market,fill,1,gtc,0.0,1,stock,498.8399963378906,1.0,0.0
2024-02-12 09:30:00-05:00,MyStrategy,b8f7d1d0de944aa4b02d1a0046c89c21,SPY,buy,market,new,1,gtc,0.0,1,stock,,,
2024-02-12 09:30:00-05:00,MyStrategy,b8f7d1d0de944aa4b02d1a0046c89c21,SPY,buy,market,fill,1,gtc,0.0,1,stock,501.1700134277344,1.0,0.0
2024-02-12 12:30:00-05:00,MyStrategy,b8ee9375f16e4ea9b061a4a1b2d755aa,SPY,buy,market,new,1,gtc,0.0,1,stock,,,
2024-02-12 12:30:00-05:00,MyStrategy,b8ee9375f16e4ea9b061a4a1b2d755aa,SPY,buy,market,fill,1,gtc,0.0,1,stock,501.1700134277344,1.0,0.0
2024-02-12 15:30:00-05:00,MyStrategy,16ff9fd16dbe4bf4ad8223065c42a608,SPY,buy,market,new,1,gtc,0.0,1,stock,,,
2024-02-12 15:30:00-05:00,MyStrategy,16ff9fd16dbe4bf4ad8223065c42a608,SPY,buy,market,fill,1,gtc,0.0,1,stock,501.1700134277344,1.0,0.0
2024-02-13 09:30:00-05:00,MyStrategy,5446bcf0ef0343939f0083628eca9dba,SPY,buy,market,new,1,gtc,0.0,1,stock,,,
2024-02-13 09:30:00-05:00,MyStrategy,5446bcf0ef0343939f0083628eca9dba,SPY,buy,market,fill,1,gtc,0.0,1,stock,494.5299987792969,1.0,0.0
2024-02-13 12:30:00-05:00,MyStrategy,800d2a6cab844c0d9141f02fb678543e,SPY,buy,market,new,1,gtc,0.0,1,stock,,,
2024-02-13 12:30:00-05:00,MyStrategy,800d2a6cab844c0d9141f02fb678543e,SPY,buy,market,fill,1,gtc,0.0,1,stock,494.5299987792969,1.0,0.0
2024-02-13 15:30:00-05:00,MyStrategy,871ef4d59711412cb4ef9df7c68ec49e,SPY,buy,market,new,1,gtc,0.0,1,stock,,,
2024-02-13 15:30:00-05:00,MyStrategy,871ef4d59711412cb4ef9df7c68ec49e,SPY,buy,market,fill,1,gtc,0.0,1,stock,494.5299987792969,1.0,0.0
2024-02-14 09:30:00-05:00,MyStrategy,51430adaa735489faf65d07eece44fc1,SPY,buy,market,new,1,gtc,0.0,1,stock,,,
2024-02-14 09:30:00-05:00,MyStrategy,51430adaa735489faf65d07eece44fc1,SPY,buy,market,fill,1,gtc,0.0,1,stock,496.7900085449219,1.0,0.0
2024-02-14 12:30:00-05:00,MyStrategy,19ee2b7f63304c06a0b28f4227ba1570,SPY,buy,market,new,1,gtc,0.0,1,stock,,,
2024-02-14 12:30:00-05:00,MyStrategy,19ee2b7f63304c06a0b28f4227ba1570,SPY,buy,market,fill,1,gtc,0.0,1,stock,496.7900085449219,1.0,0.0
2024-02-14 15:30:00-05:00,MyStrategy,f2c27b9d7ab2414d9e4fcbb909659166,SPY,buy,market,new,1,gtc,0.0,1,stock,,,
2024-02-14 15:30:00-05:00,MyStrategy,f2c27b9d7ab2414d9e4fcbb909659166,SPY,buy,market,fill,1,gtc,0.0,1,stock,496.7900085449219,1.0,0.0
2024-02-15 09:30:00-05:00,MyStrategy,e84199f5f5174f61b8b7b22d71f762fa,SPY,buy,market,new,1,gtc,0.0,1,stock,,,
2024-02-15 09:30:00-05:00,MyStrategy,e84199f5f5174f61b8b7b22d71f762fa,SPY,buy,market,fill,1,gtc,0.0,1,stock,499.2900085449219,1.0,0.0
2024-02-15 12:30:00-05:00,MyStrategy,47313e5de11544109d38fcb354b9681d,SPY,buy,market,new,1,gtc,0.0,1,stock,,,
2024-02-15 12:30:00-05:00,MyStrategy,47313e5de11544109d38fcb354b9681d,SPY,buy,market,fill,1,gtc,0.0,1,stock,499.2900085449219,1.0,0.0
2024-02-15 15:30:00-05:00,MyStrategy,ca18cca5a5df4f528e9aef63a52a0663,SPY,buy,market,new,1,gtc,0.0,1,stock,,,
2024-02-15 15:30:00-05:00,MyStrategy,ca18cca5a5df4f528e9aef63a52a0663,SPY,buy,market,fill,1,gtc,0.0,1,stock,499.2900085449219,1.0,0.0
2024-02-16 09:30:00-05:00,MyStrategy,56e75fb2436e49468a25279d859844c3,SPY,buy,market,new,1,gtc,0.0,1,stock,,,
2024-02-16 09:30:00-05:00,MyStrategy,56e75fb2436e49468a25279d859844c3,SPY,buy,market,fill,1,gtc,0.0,1,stock,501.70001220703125,1.0,0.0
2024-02-16 12:30:00-05:00,MyStrategy,41dafefd72d74a7989a5b6ff79707809,SPY,buy,market,new,1,gtc,0.0,1,stock,,,
2024-02-16 12:30:00-05:00,MyStrategy,41dafefd72d74a7989a5b6ff79707809,SPY,buy,market,fill,1,gtc,0.0,1,stock,501.70001220703125,1.0,0.0
2024-02-16 15:30:00-05:00,MyStrategy,e5441b20f13c430b80740177a2b66a50,SPY,buy,market,new,1,gtc,0.0,1,stock,,,
2024-02-16 15:30:00-05:00,MyStrategy,e5441b20f13c430b80740177a2b66a50,SPY,buy,market,fill,1,gtc,0.0,1,stock,501.70001220703125,1.0,0.0
2024-02-20 09:30:00-05:00,MyStrategy,41a5a22bebe84024bd297dffa2d86e31,SPY,buy,market,new,1,gtc,0.0,1,stock,,,
2024-02-20 09:30:00-05:00,MyStrategy,41a5a22bebe84024bd297dffa2d86e31,SPY,buy,market,fill,1,gtc,0.0,1,stock,497.7200012207031,1.0,0.0
2024-02-20 12:30:00-05:00,MyStrategy,b486c0296a3f4239a5812429b9ab1d42,SPY,buy,market,new,1,gtc,0.0,1,stock,,,
2024-02-20 12:30:00-05:00,MyStrategy,b486c0296a3f4239a5812429b9ab1d42,SPY,buy,market,fill,1,gtc,0.0,1,stock,497.7200012207031,1.0,0.0
2024-02-20 15:30:00-05:00,MyStrategy,0fb48bf5778e40009e23883207e9549f,SPY,buy,market,new,1,gtc,0.0,1,stock,,,
2024-02-20 15:30:00-05:00,MyStrategy,0fb48bf5778e40009e23883207e9549f,SPY,buy,market,fill,1,gtc,0.0,1,stock,497.7200012207031,1.0,0.0
2024-02-21 09:30:00-05:00,MyStrategy,35559f75a09f4d2898ddaaf63ffb8c48,SPY,buy,market,new,1,gtc,0.0,1,stock,,,
2024-02-21 09:30:00-05:00,MyStrategy,35559f75a09f4d2898ddaaf63ffb8c48,SPY,buy,market,fill,1,gtc,0.0,1,stock,495.4200134277344,1.0,0.0
2024-02-21 12:30:00-05:00,MyStrategy,eda488aaecdb4567b1e9400d730bfde7,SPY,buy,market,new,1,gtc,0.0,1,stock,,,
2024-02-21 12:30:00-05:00,MyStrategy,eda488aaecdb4567b1e9400d730bfde7,SPY,buy,market,fill,1,gtc,0.0,1,stock,495.4200134277344,1.0,0.0
2024-02-21 15:30:00-05:00,MyStrategy,6dd756f9bd2046e486628c84a7084b39,SPY,buy,market,new,1,gtc,0.0,1,stock,,,
2024-02-21 15:30:00-05:00,MyStrategy,6dd756f9bd2046e486628c84a7084b39,SPY,buy,market,fill,1,gtc,0.0,1,stock,495.4200134277344,1.0,0.0
2024-02-22 09:30:00-05:00,MyStrategy,02b88d3bfccb45e9ba0c25d71003d9b7,SPY,buy,market,new,1,gtc,0.0,1,stock,,,
2024-02-22 09:30:00-05:00,MyStrategy,02b88d3bfccb45e9ba0c25d71003d9b7,SPY,buy,market,fill,1,gtc,0.0,1,stock,504.010009765625,1.0,0.0
2024-02-22 12:30:00-05:00,MyStrategy,80f9681ca1b24bf7a7fededcc8d5200f,SPY,buy,market,new,1,gtc,0.0,1,stock,,,
2024-02-22 12:30:00-05:00,MyStrategy,80f9681ca1b24bf7a7fededcc8d5200f,SPY,buy,market,fill,1,gtc,0.0,1,stock,504.010009765625,1.0,0.0
2024-02-22 15:30:00-05:00,MyStrategy,3b74406924dd4ab287447598eb657ddc,SPY,buy,market,new,1,gtc,0.0,1,stock,,,
2024-02-22 15:30:00-05:00,MyStrategy,3b74406924dd4ab287447598eb657ddc,SPY,buy,market,fill,1,gtc,0.0,1,stock,504.010009765625,1.0,0.0
2024-02-23 09:30:00-05:00,MyStrategy,9453043429e84ac2bf5875a2d6accfa3,SPY,buy,market,new,1,gtc,0.0,1,stock,,,
2024-02-23 09:30:00-05:00,MyStrategy,9453043429e84ac2bf5875a2d6accfa3,SPY,buy,market,fill,1,gtc,0.0,1,stock,509.2699890136719,1.0,0.0
2024-02-23 12:30:00-05:00,MyStrategy,337853b7386047978b7a8e3cb9214bed,SPY,buy,market,new,1,gtc,0.0,1,stock,,,
2024-02-23 12:30:00-05:00,MyStrategy,337853b7386047978b7a8e3cb9214bed,SPY,buy,market,fill,1,gtc,0.0,1,stock,509.2699890136719,1.0,0.0
2024-02-23 15:30:00-05:00,MyStrategy,088425d862a94251b2e5916501bea627,SPY,buy,market,new,1,gtc,0.0,1,stock,,,
2024-02-23 15:30:00-05:00,MyStrategy,088425d862a94251b2e5916501bea627,SPY,buy,market,fill,1,gtc,0.0,1,stock,509.2699890136719,1.0,0.0
2024-02-26 09:30:00-05:00,MyStrategy,537cedfca17a47098f8629664cd5cad1,SPY,buy,market,new,1,gtc,0.0,1,stock,,,
2024-02-26 09:30:00-05:00,MyStrategy,537cedfca17a47098f8629664cd5cad1,SPY,buy,market,fill,1,gtc,0.0,1,stock,508.29998779296875,1.0,0.0
2024-02-26 12:30:00-05:00,MyStrategy,5d2becd7dedc4a74bc649399fc54a80d,SPY,buy,market,new,1,gtc,0.0,1,stock,,,
2024-02-26 12:30:00-05:00,MyStrategy,5d2becd7dedc4a74bc649399fc54a80d,SPY,buy,market,fill,1,gtc,0.0,1,stock,508.29998779296875,1.0,0.0
2024-02-26 15:30:00-05:00,MyStrategy,dfe3151200f046e5836a814f3220b244,SPY,buy,market,new,1,gtc,0.0,1,stock,,,
2024-02-26 15:30:00-05:00,MyStrategy,dfe3151200f046e5836a814f3220b244,SPY,buy,market,fill,1,gtc,0.0,1,stock,508.29998779296875,1.0,0.0
2024-02-27 09:30:00-05:00,MyStrategy,3c7ce137870443a3a3c5feaf973283c1,SPY,buy,market,new,1,gtc,0.0,1,stock,,,
2024-02-27 09:30:00-05:00,MyStrategy,3c7ce137870443a3a3c5feaf973283c1,SPY,buy,market,fill,1,gtc,0.0,1,stock,506.70001220703125,1.0,0.0
2024-02-27 12:30:00-05:00,MyStrategy,5cf07adef46d45a680862f26560d1cb8,SPY,buy,market,new,1,gtc,0.0,1,stock,,,
2024-02-27 12:30:00-05:00,MyStrategy,5cf07adef46d45a680862f26560d1cb8,SPY,buy,market,fill,1,gtc,0.0,1,stock,506.70001220703125,1.0,0.0
2024-02-27 15:30:00-05:00,MyStrategy,5dde847c18f84d1280267c336da5573a,SPY,buy,market,new,1,gtc,0.0,1,stock,,,
2024-02-27 15:30:00-05:00,MyStrategy,5dde847c18f84d1280267c336da5573a,SPY,buy,market,fill,1,gtc,0.0,1,stock,506.70001220703125,1.0,0.0
2024-02-28 09:30:00-05:00,MyStrategy,6bab2ce8201a4c54b2ed2b6be75a87c4,SPY,buy,market,new,1,gtc,0.0,1,stock,,,
2024-02-28 09:30:00-05:00,MyStrategy,6bab2ce8201a4c54b2ed2b6be75a87c4,SPY,buy,market,fill,1,gtc,0.0,1,stock,505.3299865722656,1.0,0.0
2024-02-28 12:30:00-05:00,MyStrategy,5a263f562c7543518811534bb6138bd2,SPY,buy,market,new,1,gtc,0.0,1,stock,,,
2024-02-28 12:30:00-05:00,MyStrategy,5a263f562c7543518811534bb6138bd2,SPY,buy,market,fill,1,gtc,0.0,1,stock,505.3299865722656,1.0,0.0
2024-02-28 15:30:00-05:00,MyStrategy,5198ce60c75a467183b3c1abae53b0c2,SPY,buy,market,new,1,gtc,0.0,1,stock,,,
2024-02-28 15:30:00-05:00,MyStrategy,5198ce60c75a467183b3c1abae53b0c2,SPY,buy,market,fill,1,gtc,0.0,1,stock,505.3299865722656,1.0,0.0
2024-02-29 09:30:00-05:00,MyStrategy,a2c22ec3ffb74cd08e0f73d79127b82c,SPY,buy,market,new,1,gtc,0.0,1,stock,,,
2024-02-29 09:30:00-05:00,MyStrategy,a2c22ec3ffb74cd08e0f73d79127b82c,SPY,buy,market,fill,1,gtc,0.0,1,stock,508.07000732421875,1.0,0.0
2024-02-29 12:30:00-05:00,MyStrategy,7f6423ad40524d22860172477d19f112,SPY,buy,market,new,1,gtc,0.0,1,stock,,,
2024-02-29 12:30:00-05:00,MyStrategy,7f6423ad40524d22860172477d19f112,SPY,buy,market,fill,1,gtc,0.0,1,stock,508.07000732421875,1.0,0.0
2024-02-29 15:30:00-05:00,MyStrategy,bcf6033552a94a6b9f583f9219bdc68c,SPY,buy,market,new,1,gtc,0.0,1,stock,,,
2024-02-29 15:30:00-05:00,MyStrategy,bcf6033552a94a6b9f583f9219bdc68c,SPY,buy,market,fill,1,gtc,0.0,1,stock,508.07000732421875,1.0,0.0
2024-03-01 09:30:00-05:00,MyStrategy,0800e6dfc3b94794b09e404b4f5759ae,SPY,buy,market,new,1,gtc,0.0,1,stock,,,
2024-03-01 09:30:00-05:00,MyStrategy,0800e6dfc3b94794b09e404b4f5759ae,SPY,buy,market,fill,1,gtc,0.0,1,stock,508.9800109863281,1.0,0.0
2024-03-01 12:30:00-05:00,MyStrategy,9ecc7f38ede94c9fbcf216eb4e969a3e,SPY,buy,market,new,1,gtc,0.0,1,stock,,,
2024-03-01 12:30:00-05:00,MyStrategy,9ecc7f38ede94c9fbcf216eb4e969a3e,SPY,buy,market,fill,1,gtc,0.0,1,stock,508.9800109863281,1.0,0.0
2024-03-01 15:30:00-05:00,MyStrategy,0b294e5ef49f4e21a791940688471b9e,SPY,buy,market,new,1,gtc,0.0,1,stock,,,
2024-03-01 15:30:00-05:00,MyStrategy,0b294e5ef49f4e21a791940688471b9e,SPY,buy,market,fill,1,gtc,0.0,1,stock,508.9800109863281,1.0,0.0
2024-03-04 09:30:00-05:00,MyStrategy,fc362a568d754bbf909df607ed8a0a5a,SPY,buy,market,new,1,gtc,0.0,1,stock,,,
2024-03-04 09:30:00-05:00,MyStrategy,fc362a568d754bbf909df607ed8a0a5a,SPY,buy,market,fill,1,gtc,0.0,1,stock,512.030029296875,1.0,0.0
2024-03-04 12:30:00-05:00,MyStrategy,361102a095554d40aa45e4466e983080,SPY,buy,market,new,1,gtc,0.0,1,stock,,,
2024-03-04 12:30:00-05:00,MyStrategy,361102a095554d40aa45e4466e983080,SPY,buy,market,fill,1,gtc,0.0,1,stock,512.030029296875,1.0,0.0
2024-03-04 15:30:00-05:00,MyStrategy,0f3bdf9fd5d44fb7abc6e4e9dc3fccc2,SPY,buy,market,new,1,gtc,0.0,1,stock,,,
2024-03-04 15:30:00-05:00,MyStrategy,0f3bdf9fd5d44fb7abc6e4e9dc3fccc2,SPY,buy,market,fill,1,gtc,0.0,1,stock,512.030029296875,1.0,0.0
2024-03-05 09:30:00-05:00,MyStrategy,f10d961570bf4eb6a59fc2b3bf24a005,SPY,buy,market,new,1,gtc,0.0,1,stock,,,
2024-03-05 09:30:00-05:00,MyStrategy,f10d961570bf4eb6a59fc2b3bf24a005,SPY,buy,market,fill,1,gtc,0.0,1,stock,510.239990234375,1.0,0.0
2024-03-05 12:30:00-05:00,MyStrategy,da30fa7ebdf04680862b61c7e6b99699,SPY,buy,market,new,1,gtc,0.0,1,stock,,,
2024-03-05 12:30:00-05:00,MyStrategy,da30fa7ebdf04680862b61c7e6b99699,SPY,buy,market,fill,1,gtc,0.0,1,stock,510.239990234375,1.0,0.0
2024-03-05 15:30:00-05:00,MyStrategy,199508c6a60843d6bb6ecae9d7d17018,SPY,buy,market,new,1,gtc,0.0,1,stock,,,
2024-03-05 15:30:00-05:00,MyStrategy,199508c6a60843d6bb6ecae9d7d17018,SPY,buy,market,fill,1,gtc,0.0,1,stock,510.239990234375,1.0,0.0
2024-03-06 09:30:00-05:00,MyStrategy,b16cc1e083af43829017ab1c8958f244,SPY,buy,market,new,1,gtc,0.0,1,stock,,,
2024-03-06 09:30:00-05:00,MyStrategy,b16cc1e083af43829017ab1c8958f244,SPY,buy,market,fill,1,gtc,0.0,1,stock,510.54998779296875,1.0,0.0
2024-03-06 12:30:00-05:00,MyStrategy,ba3779d2b2694bbc8df17c7c9d73bdf7,SPY,buy,market,new,1,gtc,0.0,1,stock,,,
2024-03-06 12:30:00-05:00,MyStrategy,ba3779d2b2694bbc8df17c7c9d73bdf7,SPY,buy,market,fill,1,gtc,0.0,1,stock,510.54998779296875,1.0,0.0
2024-03-06 15:30:00-05:00,MyStrategy,60a5674ff351437dba5bc85bb12a99d3,SPY,buy,market,new,1,gtc,0.0,1,stock,,,
2024-03-06 15:30:00-05:00,MyStrategy,60a5674ff351437dba5bc85bb12a99d3,SPY,buy,market,fill,1,gtc,0.0,1,stock,510.54998779296875,1.0,0.0
2024-03-07 09:30:00-05:00,MyStrategy,9a32a6fd76b947c4aedcbd5c259bbadb,SPY,buy,market,new,1,gtc,0.0,1,stock,,,
2024-03-07 09:30:00-05:00,MyStrategy,9a32a6fd76b947c4aedcbd5c259bbadb,SPY,buy,market,fill,1,gtc,0.0,1,stock,513.1400146484375,1.0,0.0
2024-03-07 12:30:00-05:00,MyStrategy,6b5b5ff463664f2b953ad4eb9d2d0557,SPY,buy,market,new,1,gtc,0.0,1,stock,,,
2024-03-07 12:30:00-05:00,MyStrategy,6b5b5ff463664f2b953ad4eb9d2d0557,SPY,buy,market,fill,1,gtc,0.0,1,stock,513.1400146484375,1.0,0.0
2024-03-07 15:30:00-05:00,MyStrategy,12e5a70a9059460ba0a6ba23917585b9,SPY,buy,market,new,1,gtc,0.0,1,stock,,,
2024-03-07 15:30:00-05:00,MyStrategy,12e5a70a9059460ba0a6ba23917585b9,SPY,buy,market,fill,1,gtc,0.0,1,stock,513.1400146484375,1.0,0.0
2024-03-08 09:30:00-05:00,MyStrategy,370c94b97a7f4dfcbab72c9af89a9421,SPY,buy,market,new,1,gtc,0.0,1,stock,,,
2024-03-08 09:30:00-05:00,MyStrategy,370c94b97a7f4dfcbab72c9af89a9421,SPY,buy,market,fill,1,gtc,0.0,1,stock,515.4600219726562,1.0,0.0
2024-03-08 12:30:00-05:00,MyStrategy,479cc834be644f2f934e0a88d9617b26,SPY,buy,market,new,1,gtc,0.0,1,stock,,,
2024-03-08 12:30:00-05:00,MyStrategy,479cc834be644f2f934e0a88d9617b26,SPY,buy,market,fill,1,gtc,0.0,1,stock,515.4600219726562,1.0,0.0
2024-03-08 15:30:00-05:00,MyStrategy,a63882e399da4e24814bac577e0e0a82,SPY,buy,market,new,1,gtc,0.0,1,stock,,,
2024-03-08 15:30:00-05:00,MyStrategy,a63882e399da4e24814bac577e0e0a82,SPY,buy,market,fill,1,gtc,0.0,1,stock,515.4600219726562,1.0,0.0
2024-03-11 09:30:00-04:00,MyStrategy,9a8ed7dd87fd41daac61fa8bc98e0245,SPY,buy,market,new,1,gtc,0.0,1,stock,,,
2024-03-11 09:30:00-04:00,MyStrategy,9a8ed7dd87fd41daac61fa8bc98e0245,SPY,buy,market,fill,1,gtc,0.0,1,stock,510.4800109863281,1.0,0.0
2024-03-11 12:30:00-04:00,MyStrategy,7cfe42ca7e2d4dd49ed5268df0174dc9,SPY,buy,market,new,1,gtc,0.0,1,stock,,,
2024-03-11 12:30:00-04:00,MyStrategy,7cfe42ca7e2d4dd49ed5268df0174dc9,SPY,buy,market,fill,1,gtc,0.0,1,stock,510.4800109863281,1.0,0.0
2024-03-11 15:30:00-04:00,MyStrategy,7bf3243095754e20bb80b260f760776b,SPY,buy,market,new,1,gtc,0.0,1,stock,,,
2024-03-11 15:30:00-04:00,MyStrategy,7bf3243095754e20bb80b260f760776b,SPY,buy,market,fill,1,gtc,0.0,1,stock,510.4800109863281,1.0,0.0
2024-03-12 09:30:00-04:00,MyStrategy,1b07710e2c794901a02ca95286f759ac,SPY,buy,market,new,1,gtc,0.0,1,stock,,,
2024-03-12 09:30:00-04:00,MyStrategy,1b07710e2c794901a02ca95286f759ac,SPY,buy,market,fill,1,gtc,0.0,1,stock,513.4500122070312,1.0,0.0
2024-03-12 12:30:00-04:00,MyStrategy,d285b26ca5df43fc994e8cac2d5ab854,SPY,buy,market,new,1,gtc,0.0,1,stock,,,
2024-03-12 12:30:00-04:00,MyStrategy,d285b26ca5df43fc994e8cac2d5ab854,SPY,buy,market,fill,1,gtc,0.0,1,stock,513.4500122070312,1.0,0.0
2024-03-12 15:30:00-04:00,MyStrategy,bcdc9b2362104704ab4573bafe3f479e,SPY,buy,market,new,1,gtc,0.0,1,stock,,,
2024-03-12 15:30:00-04:00,MyStrategy,bcdc9b2362104704ab4573bafe3f479e,SPY,buy,market,fill,1,gtc,0.0,1,stock,513.4500122070312,1.0,0.0
2024-03-13 09:30:00-04:00,MyStrategy,3aac66283a1f4d0e9278c1a5e6c3a942,SPY,buy,market,new,1,gtc,0.0,1,stock,,,
2024-03-13 09:30:00-04:00,MyStrategy,3aac66283a1f4d0e9278c1a5e6c3a942,SPY,buy,market,fill,1,gtc,0.0,1,stock,517.1099853515625,1.0,0.0
2024-03-13 12:30:00-04:00,MyStrategy,a623c6cdd36847af8e880113aba6db86,SPY,buy,market,new,1,gtc,0.0,1,stock,,,
2024-03-13 12:30:00-04:00,MyStrategy,a623c6cdd36847af8e880113aba6db86,SPY,buy,market,fill,1,gtc,0.0,1,stock,517.1099853515625,1.0,0.0
2024-03-13 15:30:00-04:00,MyStrategy,47beb36cb6954d7eb013670d35dfc51c,SPY,buy,market,new,1,gtc,0.0,1,stock,,,
2024-03-13 15:30:00-04:00,MyStrategy,47beb36cb6954d7eb013670d35dfc51c,SPY,buy,market,fill,1,gtc,0.0,1,stock,517.1099853515625,1.0,0.0
2024-03-14 09:30:00-04:00,MyStrategy,8780420672e04aaa87ff8bcf35d05bbb,SPY,buy,market,new,1,gtc,0.0,1,stock,,,
2024-03-14 09:30:00-04:00,MyStrategy,8780420672e04aaa87ff8bcf35d05bbb,SPY,buy,market,fill,1,gtc,0.0,1,stock,516.969970703125,1.0,0.0
2024-03-14 12:30:00-04:00,MyStrategy,4ccb2ca36a1e45e98398965d8b1649b4,SPY,buy,market,new,1,gtc,0.0,1,stock,,,
2024-03-14 12:30:00-04:00,MyStrategy,4ccb2ca36a1e45e98398965d8b1649b4,SPY,buy,market,fill,1,gtc,0.0,1,stock,516.969970703125,1.0,0.0
2024-03-14 15:30:00-04:00,MyStrategy,b93c0feb72004d409d211154c1e1e7f9,SPY,buy,market,new,1,gtc,0.0,1,stock,,,
2024-03-14 15:30:00-04:00,MyStrategy,b93c0feb72004d409d211154c1e1e7f9,SPY,buy,market,fill,1,gtc,0.0,1,stock,516.969970703125,1.0,0.0
2024-03-15 09:30:00-04:00,MyStrategy,612d55fa4c55453ba5a844c295f00180,SPY,buy,market,new,1,gtc,0.0,1,stock,,,
2024-03-15 09:30:00-04:00,MyStrategy,612d55fa4c55453ba5a844c295f00180,SPY,buy,market,fill,1,gtc,0.0,1,stock,510.2099914550781,1.0,0.0
2024-03-15 12:30:00-04:00,MyStrategy,22dbf12d57c4486db85245a724e9d021,SPY,buy,market,new,1,gtc,0.0,1,stock,,,
2024-03-15 12:30:00-04:00,MyStrategy,22dbf12d57c4486db85245a724e9d021,SPY,buy,market,fill,1,gtc,0.0,1,stock,510.2099914550781,1.0,0.0
2024-03-15 15:30:00-04:00,MyStrategy,d8dc03c72ec7463793f5397602fffa9f,SPY,buy,market,new,1,gtc,0.0,1,stock,,,
2024-03-15 15:30:00-04:00,MyStrategy,d8dc03c72ec7463793f5397602fffa9f,SPY,buy,market,fill,1,gtc,0.0,1,stock,510.2099914550781,1.0,0.0
2024-03-18 09:30:00-04:00,MyStrategy,ca651249348547f2aaffdff31fe988ca,SPY,buy,market,new,1,gtc,0.0,1,stock,,,
2024-03-18 09:30:00-04:00,MyStrategy,ca651249348547f2aaffdff31fe988ca,SPY,buy,market,fill,1,gtc,0.0,1,stock,514.0,1.0,0.0
2024-03-18 12:30:00-04:00,MyStrategy,b72ce8d2d22048e4abcb7942f9c69cd8,SPY,buy,market,new,1,gtc,0.0,1,stock,,,
2024-03-18 12:30:00-04:00,MyStrategy,b72ce8d2d22048e4abcb7942f9c69cd8,SPY,buy,market,fill,1,gtc,0.0,1,stock,514.0,1.0,0.0
2024-03-18 15:30:00-04:00,MyStrategy,9ef8b93b173543ae92b96538ee5881dc,SPY,buy,market,new,1,gtc,0.0,1,stock,,,
2024-03-18 15:30:00-04:00,MyStrategy,9ef8b93b173543ae92b96538ee5881dc,SPY,buy,market,fill,1,gtc,0.0,1,stock,514.0,1.0,0.0
2024-03-19 09:30:00-04:00,MyStrategy,ed3e89174dbb449fabbcdee871e5a5cc,SPY,buy,market,new,1,gtc,0.0,1,stock,,,
2024-03-19 09:30:00-04:00,MyStrategy,ed3e89174dbb449fabbcdee871e5a5cc,SPY,buy,market,fill,1,gtc,0.0,1,stock,512.1500244140625,1.0,0.0
2024-03-19 12:30:00-04:00,MyStrategy,9e0b374d9dc34947ba764df687b6d83d,SPY,buy,market,new,1,gtc,0.0,1,stock,,,
2024-03-19 12:30:00-04:00,MyStrategy,9e0b374d9dc34947ba764df687b6d83d,SPY,buy,market,fill,1,gtc,0.0,1,stock,512.1500244140625,1.0,0.0
2024-03-19 15:30:00-04:00,MyStrategy,31b179a9e7cd44b085aff56f3f19f295,SPY,buy,market,new,1,gtc,0.0,1,stock,,,
2024-03-19 15:30:00-04:00,MyStrategy,31b179a9e7cd44b085aff56f3f19f295,SPY,buy,market,fill,1,gtc,0.0,1,stock,512.1500244140625,1.0,0.0
2024-03-20 09:30:00-04:00,MyStrategy,b0e784700729407f82eadda5848d8bec,SPY,buy,market,new,1,gtc,0.0,1,stock,,,
2024-03-20 09:30:00-04:00,MyStrategy,b0e784700729407f82eadda5848d8bec,SPY,buy,market,fill,1,gtc,0.0,1,stock,515.77001953125,1.0,0.0
2024-03-20 12:30:00-04:00,MyStrategy,fd16d86b010a43a2b7930f269661c3ab,SPY,buy,market,new,1,gtc,0.0,1,stock,,,
2024-03-20 12:30:00-04:00,MyStrategy,fd16d86b010a43a2b7930f269661c3ab,SPY,buy,market,fill,1,gtc,0.0,1,stock,515.77001953125,1.0,0.0
2024-03-20 15:30:00-04:00,MyStrategy,7be7f82869ba477e9aee2b46b53e3da3,SPY,buy,market,new,1,gtc,0.0,1,stock,,,
2024-03-20 15:30:00-04:00,MyStrategy,7be7f82869ba477e9aee2b46b53e3da3,SPY,buy,market,fill,1,gtc,0.0,1,stock,515.77001953125,1.0,0.0
2024-03-21 09:30:00-04:00,MyStrategy,ce18b323cf9c43f4ae35ab732710440c,SPY,buy,market,new,1,gtc,0.0,1,stock,,,
2024-03-21 09:30:00-04:00,MyStrategy,ce18b323cf9c43f4ae35ab732710440c,SPY,buy,market,fill,1,gtc,0.0,1,stock,523.3900146484375,1.0,0.0
2024-03-21 12:30:00-04:00,MyStrategy,91bc4c6761084996bc78f52eb3c6f89a,SPY,buy,market,new,1,gtc,0.0,1,stock,,,
2024-03-21 12:30:00-04:00,MyStrategy,91bc4c6761084996bc78f52eb3c6f89a,SPY,buy,market,fill,1,gtc,0.0,1,stock,523.3900146484375,1.0,0.0
2024-03-21 15:30:00-04:00,MyStrategy,a004e714c96a427c9e56f3b3f23c7e08,SPY,buy,market,new,1,gtc,0.0,1,stock,,,
2024-03-21 15:30:00-04:00,MyStrategy,a004e714c96a427c9e56f3b3f23c7e08,SPY,buy,market,fill,1,gtc,0.0,1,stock,523.3900146484375,1.0,0.0
2024-03-22 09:30:00-04:00,MyStrategy,a4c5791b44f941bd9600102157b5078a,SPY,buy,market,new,1,gtc,0.0,1,stock,,,
2024-03-22 09:30:00-04:00,MyStrategy,a4c5791b44f941bd9600102157b5078a,SPY,buy,market,fill,1,gtc,0.0,1,stock,522.1099853515625,1.0,0.0
2024-03-22 12:30:00-04:00,MyStrategy,ee9691c7f8ba492ca7f217b73d56b8a2,SPY,buy,market,new,1,gtc,0.0,1,stock,,,
2024-03-22 12:30:00-04:00,MyStrategy,ee9691c7f8ba492ca7f217b73d56b8a2,SPY,buy,market,fill,1,gtc,0.0,1,stock,522.1099853515625,1.0,0.0
2024-03-22 15:30:00-04:00,MyStrategy,42db02fb4e7545778824a6ce844f2a36,SPY,buy,market,new,1,gtc,0.0,1,stock,,,
2024-03-22 15:30:00-04:00,MyStrategy,42db02fb4e7545778824a6ce844f2a36,SPY,buy,market,fill,1,gtc,0.0,1,stock,522.1099853515625,1.0,0.0
2024-03-25 09:30:00-04:00,MyStrategy,8fc46f72c59f4d279f4d97e39cc7437a,SPY,buy,market,new,1,gtc,0.0,1,stock,,,
2024-03-25 09:30:00-04:00,MyStrategy,8fc46f72c59f4d279f4d97e39cc7437a,SPY,buy,market,fill,1,gtc,0.0,1,stock,519.7999877929688,1.0,0.0
2024-03-25 12:30:00-04:00,MyStrategy,f2a217290c9a494eaae1849185ea0b81,SPY,buy,market,new,1,gtc,0.0,1,stock,,,
2024-03-25 12:30:00-04:00,MyStrategy,f2a217290c9a494eaae1849185ea0b81,SPY,buy,market,fill,1,gtc,0.0,1,stock,519.7999877929688,1.0,0.0
2024-03-25 15:30:00-04:00,MyStrategy,553533b80be9428687c7e7aa4894542b,SPY,buy,market,new,1,gtc,0.0,1,stock,,,
2024-03-25 15:30:00-04:00,MyStrategy,553533b80be9428687c7e7aa4894542b,SPY,buy,market,fill,1,gtc,0.0,1,stock,519.7999877929688,1.0,0.0
2024-03-26 09:30:00-04:00,MyStrategy,e193ffb065954cbe9758f187ab98424d,SPY,buy,market,new,1,gtc,0.0,1,stock,,,
2024-03-26 09:30:00-04:00,MyStrategy,e193ffb065954cbe9758f187ab98424d,SPY,buy,market,fill,1,gtc,0.0,1,stock,521.22998046875,1.0,0.0
2024-03-26 12:30:00-04:00,MyStrategy,8839348272f5433291803fd820575ac9,SPY,buy,market,new,1,gtc,0.0,1,stock,,,
2024-03-26 12:30:00-04:00,MyStrategy,8839348272f5433291803fd820575ac9,SPY,buy,market,fill,1,gtc,0.0,1,stock,521.22998046875,1.0,0.0
2024-03-26 15:30:00-04:00,MyStrategy,42dce5d33aa74efb9e4bbc0f72bfeb5f,SPY,buy,market,new,1,gtc,0.0,1,stock,,,
2024-03-26 15:30:00-04:00,MyStrategy,42dce5d33aa74efb9e4bbc0f72bfeb5f,SPY,buy,market,fill,1,gtc,0.0,1,stock,521.22998046875,1.0,0.0
2024-03-27 09:30:00-04:00,MyStrategy,8dc313a35a34463c9d21e5278ff6e497,SPY,buy,market,new,1,gtc,0.0,1,stock,,,
2024-03-27 09:30:00-04:00,MyStrategy,8dc313a35a34463c9d21e5278ff6e497,SPY,buy,market,fill,1,gtc,0.0,1,stock,521.7100219726562,1.0,0.0
2024-03-27 12:30:00-04:00,MyStrategy,ba6d1c1cb28041979da93d671164097d,SPY,buy,market,new,1,gtc,0.0,1,stock,,,
2024-03-27 12:30:00-04:00,MyStrategy,ba6d1c1cb28041979da93d671164097d,SPY,buy,market,fill,1,gtc,0.0,1,stock,521.7100219726562,1.0,0.0
2024-03-27 15:30:00-04:00,MyStrategy,fd75316916634c2f8dd60016e97e274b,SPY,buy,market,new,1,gtc,0.0,1,stock,,,
2024-03-27 15:30:00-04:00,MyStrategy,fd75316916634c2f8dd60016e97e274b,SPY,buy,market,fill,1,gtc,0.0,1,stock,521.7100219726562,1.0,0.0
2024-03-28 09:30:00-04:00,MyStrategy,1d8975673f3f48a894fb6a1638827ec7,SPY,buy,market,new,1,gtc,0.0,1,stock,,,
2024-03-28 09:30:00-04:00,MyStrategy,1d8975673f3f48a894fb6a1638827ec7,SPY,buy,market,fill,1,gtc,0.0,1,stock,523.2100219726562,1.0,0.0
2024-03-28 12:30:00-04:00,MyStrategy,9a7d0e30f4c940f4b57813f8c7bb9971,SPY,buy,market,new,1,gtc,0.0,1,stock,,,
2024-03-28 12:30:00-04:00,MyStrategy,9a7d0e30f4c940f4b57813f8c7bb9971,SPY,buy,market,fill,1,gtc,0.0,1,stock,523.2100219726562,1.0,0.0
2024-03-28 15:30:00-04:00,MyStrategy,aec440813737490d9ad171fa9b8c3267,SPY,buy,market,new,1,gtc,0.0,1,stock,,,
2024-03-28 15:30:00-04:00,MyStrategy,aec440813737490d9ad171fa9b8c3267,SPY,buy,market,fill,1,gtc,0.0,1,stock,523.2100219726562,1.0,0.0
2024-04-01 09:30:00-04:00,MyStrategy,e3e6ad52072b4e2faecc296d329365d0,SPY,buy,market,new,1,gtc,0.0,1,stock,,,
2024-04-01 09:30:00-04:00,MyStrategy,e3e6ad52072b4e2faecc296d329365d0,SPY,buy,market,fill,1,gtc,0.0,1,stock,523.8300170898438,1.0,0.0
2024-04-01 12:30:00-04:00,MyStrategy,7bcaf2114ec54957aa63d08306f38831,SPY,buy,market,new,1,gtc,0.0,1,stock,,,
2024-04-01 12:30:00-04:00,MyStrategy,7bcaf2114ec54957aa63d08306f38831,SPY,buy,market,fill,1,gtc,0.0,1,stock,523.8300170898438,1.0,0.0
2024-04-01 15:30:00-04:00,MyStrategy,d3edeb9277024d76a39508483035a4e7,SPY,buy,market,new,1,gtc,0.0,1,stock,,,
2024-04-01 15:30:00-04:00,MyStrategy,d3edeb9277024d76a39508483035a4e7,SPY,buy,market,fill,1,gtc,0.0,1,stock,523.8300170898438,1.0,0.0
2024-04-02 09:30:00-04:00,MyStrategy,9027670280404cbeb9cbf69bce3c449e,SPY,buy,market,new,1,gtc,0.0,1,stock,,,
2024-04-02 09:30:00-04:00,MyStrategy,9027670280404cbeb9cbf69bce3c449e,SPY,buy,market,fill,1,gtc,0.0,1,stock,518.239990234375,1.0,0.0
2024-04-02 12:30:00-04:00,MyStrategy,988f78648e5e4b52b109305d32134e2b,SPY,buy,market,new,1,gtc,0.0,1,stock,,,
2024-04-02 12:30:00-04:00,MyStrategy,988f78648e5e4b52b109305d32134e2b,SPY,buy,market,fill,1,gtc,0.0,1,stock,518.239990234375,1.0,0.0
2024-04-02 15:30:00-04:00,MyStrategy,4385d9b1eed84881a0cd8e2290565724,SPY,buy,market,new,1,gtc,0.0,1,stock,,,
2024-04-02 15:30:00-04:00,MyStrategy,4385d9b1eed84881a0cd8e2290565724,SPY,buy,market,fill,1,gtc,0.0,1,stock,518.239990234375,1.0,0.0
2024-04-03 09:30:00-04:00,MyStrategy,2cb1e9fe2c99436694cadf293696a682,SPY,buy,market,new,1,gtc,0.0,1,stock,,,
2024-04-03 09:30:00-04:00,MyStrategy,2cb1e9fe2c99436694cadf293696a682,SPY,buy,market,fill,1,gtc,0.0,1,stock,517.719970703125,1.0,0.0
2024-04-03 12:30:00-04:00,MyStrategy,c2d17405c6fb43df8122894e0ec24cdf,SPY,buy,market,new,1,gtc,0.0,1,stock,,,
2024-04-03 12:30:00-04:00,MyStrategy,c2d17405c6fb43df8122894e0ec24cdf,SPY,buy,market,fill,1,gtc,0.0,1,stock,517.719970703125,1.0,0.0
2024-04-03 15:30:00-04:00,MyStrategy,cf99a9111f804280af42a27ef3e596f1,SPY,buy,market,new,1,gtc,0.0,1,stock,,,
2024-04-03 15:30:00-04:00,MyStrategy,cf99a9111f804280af42a27ef3e596f1,SPY,buy,market,fill,1,gtc,0.0,1,stock,517.719970703125,1.0,0.0
2024-04-04 09:30:00-04:00,MyStrategy,ed91f393e6064910bcf60489ea3201e2,SPY,buy,market,new,1,gtc,0.0,1,stock,,,
2024-04-04 09:30:00-04:00,MyStrategy,ed91f393e6064910bcf60489ea3201e2,SPY,buy,market,fill,1,gtc,0.0,1,stock,523.52001953125,1.0,0.0
2024-04-04 12:30:00-04:00,MyStrategy,1e3609880f9646ad9a928ca074833370,SPY,buy,market,new,1,gtc,0.0,1,stock,,,
2024-04-04 12:30:00-04:00,MyStrategy,1e3609880f9646ad9a928ca074833370,SPY,buy,market,fill,1,gtc,0.0,1,stock,523.52001953125,1.0,0.0
2024-04-04 15:30:00-04:00,MyStrategy,af266982f72c4809acbf238fc8eedc95,SPY,buy,market,new,1,gtc,0.0,1,stock,,,
2024-04-04 15:30:00-04:00,MyStrategy,af266982f72c4809acbf238fc8eedc95,SPY,buy,market,fill,1,gtc,0.0,1,stock,523.52001953125,1.0,0.0
2024-04-05 09:30:00-04:00,MyStrategy,c2c1691b65b34839a09887f688f1f8d9,SPY,buy,market,new,1,gtc,0.0,1,stock,,,
2024-04-05 09:30:00-04:00,MyStrategy,c2c1691b65b34839a09887f688f1f8d9,SPY,buy,market,fill,1,gtc,0.0,1,stock,514.4600219726562,1.0,0.0
2024-04-05 12:30:00-04:00,MyStrategy,76b7c064c4134cfda2c58c6996da849f,SPY,buy,market,new,1,gtc,0.0,1,stock,,,
2024-04-05 12:30:00-04:00,MyStrategy,76b7c064c4134cfda2c58c6996da849f,SPY,buy,market,fill,1,gtc,0.0,1,stock,514.4600219726562,1.0,0.0
2024-04-05 15:30:00-04:00,MyStrategy,076761ca52284e7e9a939e24ad206075,SPY,buy,market,new,1,gtc,0.0,1,stock,,,
2024-04-05 15:30:00-04:00,MyStrategy,076761ca52284e7e9a939e24ad206075,SPY,buy,market,fill,1,gtc,0.0,1,stock,514.4600219726562,1.0,0.0
2024-04-08 09:30:00-04:00,MyStrategy,47b46c1bdef44ad2a2a2d19396b012f5,SPY,buy,market,new,1,gtc,0.0,1,stock,,,
2024-04-08 09:30:00-04:00,MyStrategy,47b46c1bdef44ad2a2a2d19396b012f5,SPY,buy,market,fill,1,gtc,0.0,1,stock,519.1500244140625,1.0,0.0
2024-04-08 12:30:00-04:00,MyStrategy,30901965397743f78e2a7e1107ccf211,SPY,buy,market,new,1,gtc,0.0,1,stock,,,
2024-04-08 12:30:00-04:00,MyStrategy,30901965397743f78e2a7e1107ccf211,SPY,buy,market,fill,1,gtc,0.0,1,stock,519.1500244140625,1.0,0.0
2024-04-08 15:30:00-04:00,MyStrategy,d7f1fbb919db4d19a0746cbb3a64e8c5,SPY,buy,market,new,1,gtc,0.0,1,stock,,,
2024-04-08 15:30:00-04:00,MyStrategy,d7f1fbb919db4d19a0746cbb3a64e8c5,SPY,buy,market,fill,1,gtc,0.0,1,stock,519.1500244140625,1.0,0.0
2024-04-09 09:30:00-04:00,MyStrategy,1423250012d840a1ab382793e20a3ecc,SPY,buy,market,new,1,gtc,0.0,1,stock,,,
2024-04-09 09:30:00-04:00,MyStrategy,1423250012d840a1ab382793e20a3ecc,SPY,buy,market,fill,1,gtc,0.0,1,stock,520.5,1.0,0.0
2024-04-09 12:30:00-04:00,MyStrategy,908645c323a14f439a87488b8f6a36e7,SPY,buy,market,new,1,gtc,0.0,1,stock,,,
2024-04-09 12:30:00-04:00,MyStrategy,908645c323a14f439a87488b8f6a36e7,SPY,buy,market,fill,1,gtc,0.0,1,stock,520.5,1.0,0.0
2024-04-09 15:30:00-04:00,MyStrategy,53d7c62160b745d4a8c8179d2c05573b,SPY,buy,market,new,1,gtc,0.0,1,stock,,,
2024-04-09 15:30:00-04:00,MyStrategy,53d7c62160b745d4a8c8179d2c05573b,SPY,buy,market,fill,1,gtc,0.0,1,stock,520.5,1.0,0.0
2024-04-10 09:30:00-04:00,MyStrategy,c584fbfe6dd84e2e9ad36e6cf45b3972,SPY,buy,market,new,1,gtc,0.0,1,stock,,,
2024-04-10 09:30:00-04:00,MyStrategy,c584fbfe6dd84e2e9ad36e6cf45b3972,SPY,buy,market,fill,1,gtc,0.0,1,stock,513.47998046875,1.0,0.0
2024-04-10 12:30:00-04:00,MyStrategy,df73fd71ef40470586f0c94a5c0032a0,SPY,buy,market,new,1,gtc,0.0,1,stock,,,
2024-04-10 12:30:00-04:00,MyStrategy,df73fd71ef40470586f0c94a5c0032a0,SPY,buy,market,fill,1,gtc,0.0,1,stock,513.47998046875,1.0,0.0
2024-04-10 15:30:00-04:00,MyStrategy,792ce233f46243c7ac16c8395201acd1,SPY,buy,market,new,1,gtc,0.0,1,stock,,,
2024-04-10 15:30:00-04:00,MyStrategy,792ce233f46243c7ac16c8395201acd1,SPY,buy,market,fill,1,gtc,0.0,1,stock,513.47998046875,1.0,0.0
2024-04-11 09:30:00-04:00,MyStrategy,31dd323fdec74958b2ac674ba1bba576,SPY,buy,market,new,1,gtc,0.0,1,stock,,,
2024-04-11 09:30:00-04:00,MyStrategy,31dd323fdec74958b2ac674ba1bba576,SPY,buy,market,fill,1,gtc,0.0,1,stock,515.6799926757812,1.0,0.0
2024-04-11 12:30:00-04:00,MyStrategy,b3431d95c8e44c4aa7da512a55ef5e9a,SPY,buy,market,new,1,gtc,0.0,1,stock,,,
2024-04-11 12:30:00-04:00,MyStrategy,b3431d95c8e44c4aa7da512a55ef5e9a,SPY,buy,market,fill,1,gtc,0.0,1,stock,515.6799926757812,1.0,0.0
2024-04-11 15:30:00-04:00,MyStrategy,f721a120748242f59a403b3d9f07cbf9,SPY,buy,market,new,1,gtc,0.0,1,stock,,,
2024-04-11 15:30:00-04:00,MyStrategy,f721a120748242f59a403b3d9f07cbf9,SPY,buy,market,fill,1,gtc,0.0,1,stock,515.6799926757812,1.0,0.0
2024-04-12 09:30:00-04:00,MyStrategy,cb13a09781e54017ba81266133cf38f1,SPY,buy,market,new,1,gtc,0.0,1,stock,,,
2024-04-12 09:30:00-04:00,MyStrategy,cb13a09781e54017ba81266133cf38f1,SPY,buy,market,fill,1,gtc,0.0,1,stock,514.3699951171875,1.0,0.0
2024-04-12 12:30:00-04:00,MyStrategy,cdee2e32bb1342159e72d9458211e5a9,SPY,buy,market,new,1,gtc,0.0,1,stock,,,
2024-04-12 12:30:00-04:00,MyStrategy,cdee2e32bb1342159e72d9458211e5a9,SPY,buy,market,fill,1,gtc,0.0,1,stock,514.3699951171875,1.0,0.0
2024-04-12 15:30:00-04:00,MyStrategy,8a8701a076e74e49a945fd46b895278e,SPY,buy,market,new,1,gtc,0.0,1,stock,,,
2024-04-12 15:30:00-04:00,MyStrategy,8a8701a076e74e49a945fd46b895278e,SPY,buy,market,fill,1,gtc,0.0,1,stock,514.3699951171875,1.0,0.0
2024-04-15 09:30:00-04:00,MyStrategy,bc169a60d6664633ac88c2aeafdc7d26,SPY,buy,market,new,1,gtc,0.0,1,stock,,,
2024-04-15 09:30:00-04:00,MyStrategy,bc169a60d6664633ac88c2aeafdc7d26,SPY,buy,market,fill,1,gtc,0.0,1,stock,515.1300048828125,1.0,0.0
2024-04-15 12:30:00-04:00,MyStrategy,076577385ca04fbda2dbd3fed5d3887c,SPY,buy,market,new,1,gtc,0.0,1,stock,,,
2024-04-15 12:30:00-04:00,MyStrategy,076577385ca04fbda2dbd3fed5d3887c,SPY,buy,market,fill,1,gtc,0.0,1,stock,515.1300048828125,1.0,0.0
2024-04-15 15:30:00-04:00,MyStrategy,aa7673a371354af1869c75917afd78ec,SPY,buy,market,new,1,gtc,0.0,1,stock,,,
2024-04-15 15:30:00-04:00,MyStrategy,aa7673a371354af1869c75917afd78ec,SPY,buy,market,fill,1,gtc,0.0,1,stock,515.1300048828125,1.0,0.0
2024-04-16 09:30:00-04:00,MyStrategy,c611a98eda1845f5be5d510295d51730,SPY,buy,market,new,1,gtc,0.0,1,stock,,,
2024-04-16 09:30:00-04:00,MyStrategy,c611a98eda1845f5be5d510295d51730,SPY,buy,market,fill,1,gtc,0.0,1,stock,504.94000244140625,1.0,0.0
2024-04-16 12:30:00-04:00,MyStrategy,0108a27303234693bc8ec2fbbc9ab9b3,SPY,buy,market,new,1,gtc,0.0,1,stock,,,
2024-04-16 12:30:00-04:00,MyStrategy,0108a27303234693bc8ec2fbbc9ab9b3,SPY,buy,market,fill,1,gtc,0.0,1,stock,504.94000244140625,1.0,0.0
2024-04-16 15:30:00-04:00,MyStrategy,05f5d47462d84a558bf56209ef93024a,SPY,buy,market,new,1,gtc,0.0,1,stock,,,
2024-04-16 15:30:00-04:00,MyStrategy,05f5d47462d84a558bf56209ef93024a,SPY,buy,market,fill,1,gtc,0.0,1,stock,504.94000244140625,1.0,0.0
2024-04-17 09:30:00-04:00,MyStrategy,9d2f2fa4438f44e5add27d932a388d16,SPY,buy,market,new,1,gtc,0.0,1,stock,,,
2024-04-17 09:30:00-04:00,MyStrategy,9d2f2fa4438f44e5add27d932a388d16,SPY,buy,market,fill,1,gtc,0.0,1,stock,506.04998779296875,1.0,0.0
2024-04-17 12:30:00-04:00,MyStrategy,f4c24aad139f42928e877bb62e7517cb,SPY,buy,market,new,1,gtc,0.0,1,stock,,,
2024-04-17 12:30:00-04:00,MyStrategy,f4c24aad139f42928e877bb62e7517cb,SPY,buy,market,fill,1,gtc,0.0,1,stock,506.04998779296875,1.0,0.0
2024-04-17 15:30:00-04:00,MyStrategy,0915728901874b6a932bb04e501473f8,SPY,buy,market,new,1,gtc,0.0,1,stock,,,
2024-04-17 15:30:00-04:00,MyStrategy,0915728901874b6a932bb04e501473f8,SPY,buy,market,fill,1,gtc,0.0,1,stock,506.04998779296875,1.0,0.0
2024-04-18 09:30:00-04:00,MyStrategy,09516a65937943939c40e181b9ec0101,SPY,buy,market,new,1,gtc,0.0,1,stock,,,
2024-04-18 09:30:00-04:00,MyStrategy,09516a65937943939c40e181b9ec0101,SPY,buy,market,fill,1,gtc,0.0,1,stock,501.9800109863281,1.0,0.0
2024-04-18 12:30:00-04:00,MyStrategy,b0eab969fd954722a3635e4792a2353f,SPY,buy,market,new,1,gtc,0.0,1,stock,,,
2024-04-18 12:30:00-04:00,MyStrategy,b0eab969fd954722a3635e4792a2353f,SPY,buy,market,fill,1,gtc,0.0,1,stock,501.9800109863281,1.0,0.0
2024-04-18 15:30:00-04:00,MyStrategy,91bec110e78846d6998b232138e85c23,SPY,buy,market,new,1,gtc,0.0,1,stock,,,
2024-04-18 15:30:00-04:00,MyStrategy,91bec110e78846d6998b232138e85c23,SPY,buy,market,fill,1,gtc,0.0,1,stock,501.9800109863281,1.0,0.0
2024-04-19 09:30:00-04:00,MyStrategy,1b720868cfed4db89e072555bc2d6c7c,SPY,buy,market,new,1,gtc,0.0,1,stock,,,
2024-04-19 09:30:00-04:00,MyStrategy,1b720868cfed4db89e072555bc2d6c7c,SPY,buy,market,fill,1,gtc,0.0,1,stock,499.44000244140625,1.0,0.0
2024-04-19 12:30:00-04:00,MyStrategy,907de6127e3344f9a908b98c0ff2466c,SPY,buy,market,new,1,gtc,0.0,1,stock,,,
2024-04-19 12:30:00-04:00,MyStrategy,907de6127e3344f9a908b98c0ff2466c,SPY,buy,market,fill,1,gtc,0.0,1,stock,499.44000244140625,1.0,0.0
2024-04-19 15:30:00-04:00,MyStrategy,9bf8b097e6f84320b59153fcf0cc462b,SPY,buy,market,new,1,gtc,0.0,1,stock,,,
2024-04-19 15:30:00-04:00,MyStrategy,9bf8b097e6f84320b59153fcf0cc462b,SPY,buy,market,fill,1,gtc,0.0,1,stock,499.44000244140625,1.0,0.0
2024-04-22 09:30:00-04:00,MyStrategy,c1cf8b69ec8344d9850a5c5abbb360c9,SPY,buy,market,new,1,gtc,0.0,1,stock,,,
2024-04-22 09:30:00-04:00,MyStrategy,c1cf8b69ec8344d9850a5c5abbb360c9,SPY,buy,market,fill,1,gtc,0.0,1,stock,497.8299865722656,1.0,0.0
2024-04-22 12:30:00-04:00,MyStrategy,5e9bc9683f7b467c8306d2c4a818a10d,SPY,buy,market,new,1,gtc,0.0,1,stock,,,
2024-04-22 12:30:00-04:00,MyStrategy,5e9bc9683f7b467c8306d2c4a818a10d,SPY,buy,market,fill,1,gtc,0.0,1,stock,497.8299865722656,1.0,0.0
2024-04-22 15:30:00-04:00,MyStrategy,0290377932d9430e88c0336006cc7d91,SPY,buy,market,new,1,gtc,0.0,1,stock,,,
2024-04-22 15:30:00-04:00,MyStrategy,0290377932d9430e88c0336006cc7d91,SPY,buy,market,fill,1,gtc,0.0,1,stock,497.8299865722656,1.0,0.0
2024-04-23 09:30:00-04:00,MyStrategy,6c147095b60343b3b40bd0007fe69c76,SPY,buy,market,new,1,gtc,0.0,1,stock,,,
2024-04-23 09:30:00-04:00,MyStrategy,6c147095b60343b3b40bd0007fe69c76,SPY,buy,market,fill,1,gtc,0.0,1,stock,501.7799987792969,1.0,0.0
2024-04-23 12:30:00-04:00,MyStrategy,9c5313d8185e4f8c9da261d22d8d5d1a,SPY,buy,market,new,1,gtc,0.0,1,stock,,,
2024-04-23 12:30:00-04:00,MyStrategy,9c5313d8185e4f8c9da261d22d8d5d1a,SPY,buy,market,fill,1,gtc,0.0,1,stock,501.7799987792969,1.0,0.0
2024-04-23 15:30:00-04:00,MyStrategy,32440d48aed3410c8482c416f1883e91,SPY,buy,market,new,1,gtc,0.0,1,stock,,,
2024-04-23 15:30:00-04:00,MyStrategy,32440d48aed3410c8482c416f1883e91,SPY,buy,market,fill,1,gtc,0.0,1,stock,501.7799987792969,1.0,0.0
2024-04-24 09:30:00-04:00,MyStrategy,416b290252734433838699180b24c964,SPY,buy,market,new,1,gtc,0.0,1,stock,,,
2024-04-24 09:30:00-04:00,MyStrategy,416b290252734433838699180b24c964,SPY,buy,market,fill,1,gtc,0.0,1,stock,506.55999755859375,1.0,0.0
2024-04-24 12:30:00-04:00,MyStrategy,dcffbf56674c40d9a11c9f898c66a7f3,SPY,buy,market,new,1,gtc,0.0,1,stock,,,
2024-04-24 12:30:00-04:00,MyStrategy,dcffbf56674c40d9a11c9f898c66a7f3,SPY,buy,market,fill,1,gtc,0.0,1,stock,506.55999755859375,1.0,0.0
2024-04-24 15:30:00-04:00,MyStrategy,5fc5e96696614c9ba001e63daa9593e2,SPY,buy,market,new,1,gtc,0.0,1,stock,,,
2024-04-24 15:30:00-04:00,MyStrategy,5fc5e96696614c9ba001e63daa9593e2,SPY,buy,market,fill,1,gtc,0.0,1,stock,506.55999755859375,1.0,0.0
2024-04-25 09:30:00-04:00,MyStrategy,5b99ce7c25834a93a168dda17dddc2b0,SPY,buy,market,new,1,gtc,0.0,1,stock,,,
2024-04-25 09:30:00-04:00,MyStrategy,5b99ce7c25834a93a168dda17dddc2b0,SPY,buy,market,fill,1,gtc,0.0,1,stock,499.17999267578125,1.0,0.0
2024-04-25 12:30:00-04:00,MyStrategy,417279d4490241c69731ef428718b253,SPY,buy,market,new,1,gtc,0.0,1,stock,,,
2024-04-25 12:30:00-04:00,MyStrategy,417279d4490241c69731ef428718b253,SPY,buy,market,fill,1,gtc,0.0,1,stock,499.17999267578125,1.0,0.0
2024-04-25 15:30:00-04:00,MyStrategy,3bf4cda2688f4458949d1cec26ab3563,SPY,buy,market,new,1,gtc,0.0,1,stock,,,
2024-04-25 15:30:00-04:00,MyStrategy,3bf4cda2688f4458949d1cec26ab3563,SPY,buy,market,fill,1,gtc,0.0,1,stock,499.17999267578125,1.0,0.0
2024-04-26 09:30:00-04:00,MyStrategy,8546c88fd93840c398e71506ee42e997,SPY,buy,market,new,1,gtc,0.0,1,stock,,,
2024-04-26 09:30:00-04:00,MyStrategy,8546c88fd93840c398e71506ee42e997,SPY,buy,market,fill,1,gtc,0.0,1,stock,506.3500061035156,1.0,0.0
2024-04-26 12:30:00-04:00,MyStrategy,5995c9ab287f47529a1cc1b19be762b9,SPY,buy,market,new,1,gtc,0.0,1,stock,,,
2024-04-26 12:30:00-04:00,MyStrategy,5995c9ab287f47529a1cc1b19be762b9,SPY,buy,market,fill,1,gtc,0.0,1,stock,506.3500061035156,1.0,0.0
2024-04-26 15:30:00-04:00,MyStrategy,c0d79fee65bc4b0092ad1fad26627649,SPY,buy,market,new,1,gtc,0.0,1,stock,,,
2024-04-26 15:30:00-04:00,MyStrategy,c0d79fee65bc4b0092ad1fad26627649,SPY,buy,market,fill,1,gtc,0.0,1,stock,506.3500061035156,1.0,0.0
2024-04-29 09:30:00-04:00,MyStrategy,26bd194e38cd4bd399f3e1e999523746,SPY,buy,market,new,1,gtc,0.0,1,stock,,,
2024-04-29 09:30:00-04:00,MyStrategy,26bd194e38cd4bd399f3e1e999523746,SPY,buy,market,fill,1,gtc,0.0,1,stock,510.0899963378906,1.0,0.0
2024-04-29 12:30:00-04:00,MyStrategy,386c67f3f06f4546a51e4c4b0c3f82d7,SPY,buy,market,new,1,gtc,0.0,1,stock,,,
2024-04-29 12:30:00-04:00,MyStrategy,386c67f3f06f4546a51e4c4b0c3f82d7,SPY,buy,market,fill,1,gtc,0.0,1,stock,510.0899963378906,1.0,0.0
2024-04-29 15:30:00-04:00,MyStrategy,4a7ac416adb44968898860fa433df09b,SPY,buy,market,new,1,gtc,0.0,1,stock,,,
2024-04-29 15:30:00-04:00,MyStrategy,4a7ac416adb44968898860fa433df09b,SPY,buy,market,fill,1,gtc,0.0,1,stock,510.0899963378906,1.0,0.0
2024-04-30 09:30:00-04:00,MyStrategy,81cffdbf07c945748407aa8d8a78fd38,SPY,buy,market,new,1,gtc,0.0,1,stock,,,
2024-04-30 09:30:00-04:00,MyStrategy,81cffdbf07c945748407aa8d8a78fd38,SPY,buy,market,fill,1,gtc,0.0,1,stock,508.55999755859375,1.0,0.0
2024-04-30 12:30:00-04:00,MyStrategy,2732121e487f4301bc1338116926b5c6,SPY,buy,market,new,1,gtc,0.0,1,stock,,,
2024-04-30 12:30:00-04:00,MyStrategy,2732121e487f4301bc1338116926b5c6,SPY,buy,market,fill,1,gtc,0.0,1,stock,508.55999755859375,1.0,0.0
2024-04-30 15:30:00-04:00,MyStrategy,1d394328e2a7475497d524d9ffe10e2d,SPY,buy,market,new,1,gtc,0.0,1,stock,,,
2024-04-30 15:30:00-04:00,MyStrategy,1d394328e2a7475497d524d9ffe10e2d,SPY,buy,market,fill,1,gtc,0.0,1,stock,508.55999755859375,1.0,0.0
2024-05-01 09:30:00-04:00,MyStrategy,de974b48c9cf4ef3bb9c8cbd52305d5e,SPY,buy,market,new,1,gtc,0.0,1,stock,,,
2024-05-01 09:30:00-04:00,MyStrategy,de974b48c9cf4ef3bb9c8cbd52305d5e,SPY,buy,market,fill,1,gtc,0.0,1,stock,501.3800048828125,1.0,0.0
2024-05-01 12:30:00-04:00,MyStrategy,8a3d5442e48e4dccb9d99a3abaab20a3,SPY,buy,market,new,1,gtc,0.0,1,stock,,,
2024-05-01 12:30:00-04:00,MyStrategy,8a3d5442e48e4dccb9d99a3abaab20a3,SPY,buy,market,fill,1,gtc,0.0,1,stock,501.3800048828125,1.0,0.0
2024-05-01 15:30:00-04:00,MyStrategy,27be58fa711c484b8362d813e1840b63,SPY,buy,market,new,1,gtc,0.0,1,stock,,,
2024-05-01 15:30:00-04:00,MyStrategy,27be58fa711c484b8362d813e1840b63,SPY,buy,market,fill,1,gtc,0.0,1,stock,501.3800048828125,1.0,0.0
2024-05-02 09:30:00-04:00,MyStrategy,ea83fda5627c4d86898dfb8a1661c597,SPY,buy,market,new,1,gtc,0.0,1,stock,,,
2024-05-02 09:30:00-04:00,MyStrategy,ea83fda5627c4d86898dfb8a1661c597,SPY,buy,market,fill,1,gtc,0.0,1,stock,504.1499938964844,1.0,0.0
2024-05-02 12:30:00-04:00,MyStrategy,d19899443cdc4030ac3b0814dddec13c,SPY,buy,market,new,1,gtc,0.0,1,stock,,,
2024-05-02 12:30:00-04:00,MyStrategy,d19899443cdc4030ac3b0814dddec13c,SPY,buy,market,fill,1,gtc,0.0,1,stock,504.1499938964844,1.0,0.0
2024-05-02 15:30:00-04:00,MyStrategy,e4f626fe56b7423cbc7c3407b5dbaffd,SPY,buy,market,new,1,gtc,0.0,1,stock,,,
2024-05-02 15:30:00-04:00,MyStrategy,e4f626fe56b7423cbc7c3407b5dbaffd,SPY,buy,market,fill,1,gtc,0.0,1,stock,504.1499938964844,1.0,0.0
2024-05-03 09:30:00-04:00,MyStrategy,d2e9b7e5665c46f091f98c32821ad264,SPY,buy,market,new,1,gtc,0.0,1,stock,,,
2024-05-03 09:30:00-04:00,MyStrategy,d2e9b7e5665c46f091f98c32821ad264,SPY,buy,market,fill,1,gtc,0.0,1,stock,511.1600036621094,1.0,0.0
2024-05-03 12:30:00-04:00,MyStrategy,dd1db8877f8d43f3bc6f71c1ee1f8051,SPY,buy,market,new,1,gtc,0.0,1,stock,,,
2024-05-03 12:30:00-04:00,MyStrategy,dd1db8877f8d43f3bc6f71c1ee1f8051,SPY,buy,market,fill,1,gtc,0.0,1,stock,511.1600036621094,1.0,0.0
2024-05-03 15:30:00-04:00,MyStrategy,be50b9650af04c08ad02f6b7e85317c1,SPY,buy,market,new,1,gtc,0.0,1,stock,,,
2024-05-03 15:30:00-04:00,MyStrategy,be50b9650af04c08ad02f6b7e85317c1,SPY,buy,market,fill,1,gtc,0.0,1,stock,511.1600036621094,1.0,0.0
2024-05-06 09:30:00-04:00,MyStrategy,1c933b408f384b909a3840e371af62f8,SPY,buy,market,new,1,gtc,0.0,1,stock,,,
2024-05-06 09:30:00-04:00,MyStrategy,1c933b408f384b909a3840e371af62f8,SPY,buy,market,fill,1,gtc,0.0,1,stock,513.75,1.0,0.0
2024-05-06 12:30:00-04:00,MyStrategy,57f4de9e80004516a8afaa2416175dcd,SPY,buy,market,new,1,gtc,0.0,1,stock,,,
2024-05-06 12:30:00-04:00,MyStrategy,57f4de9e80004516a8afaa2416175dcd,SPY,buy,market,fill,1,gtc,0.0,1,stock,513.75,1.0,0.0
2024-05-06 15:30:00-04:00,MyStrategy,864f0c79df3f47beb2242cf67893a74e,SPY,buy,market,new,1,gtc,0.0,1,stock,,,
2024-05-06 15:30:00-04:00,MyStrategy,864f0c79df3f47beb2242cf67893a74e,SPY,buy,market,fill,1,gtc,0.0,1,stock,513.75,1.0,0.0
2024-05-07 09:30:00-04:00,MyStrategy,2f672cd244a64740af89a2cc928a938b,SPY,buy,market,new,1,gtc,0.0,1,stock,,,
2024-05-07 09:30:00-04:00,MyStrategy,2f672cd244a64740af89a2cc928a938b,SPY,buy,market,fill,1,gtc,0.0,1,stock,517.5599975585938,1.0,0.0
2024-05-07 12:30:00-04:00,MyStrategy,1cd35521941b4e24af13289c2505247d,SPY,buy,market,new,1,gtc,0.0,1,stock,,,
2024-05-07 12:30:00-04:00,MyStrategy,1cd35521941b4e24af13289c2505247d,SPY,buy,market,fill,1,gtc,0.0,1,stock,517.5599975585938,1.0,0.0
2024-05-07 15:30:00-04:00,MyStrategy,0a80f2a01c8d4b3ba92f9eef32fc4224,SPY,buy,market,new,1,gtc,0.0,1,stock,,,
2024-05-07 15:30:00-04:00,MyStrategy,0a80f2a01c8d4b3ba92f9eef32fc4224,SPY,buy,market,fill,1,gtc,0.0,1,stock,517.5599975585938,1.0,0.0
2024-05-08 09:30:00-04:00,MyStrategy,32fd52645bde4d079e28154629e14d99,SPY,buy,market,new,1,gtc,0.0,1,stock,,,
2024-05-08 09:30:00-04:00,MyStrategy,32fd52645bde4d079e28154629e14d99,SPY,buy,market,fill,1,gtc,0.0,1,stock,515.260009765625,1.0,0.0
2024-05-08 12:30:00-04:00,MyStrategy,fc811cfc5e2749548feb34081512e824,SPY,buy,market,new,1,gtc,0.0,1,stock,,,
2024-05-08 12:30:00-04:00,MyStrategy,fc811cfc5e2749548feb34081512e824,SPY,buy,market,fill,1,gtc,0.0,1,stock,515.260009765625,1.0,0.0
2024-05-08 15:30:00-04:00,MyStrategy,773eb358a22e4cbfbe3b40276b6bd326,SPY,buy,market,new,1,gtc,0.0,1,stock,,,
2024-05-08 15:30:00-04:00,MyStrategy,773eb358a22e4cbfbe3b40276b6bd326,SPY,buy,market,fill,1,gtc,0.0,1,stock,515.260009765625,1.0,0.0
2024-05-09 09:30:00-04:00,MyStrategy,319889a9373c42c5bdbaec252ccc807a,SPY,buy,market,new,1,gtc,0.0,1,stock,,,
2024-05-09 09:30:00-04:00,MyStrategy,319889a9373c42c5bdbaec252ccc807a,SPY,buy,market,fill,1,gtc,0.0,1,stock,517.3800048828125,1.0,0.0
2024-05-09 12:30:00-04:00,MyStrategy,6745e251f71a4e1cb166afbd5ec23d8d,SPY,buy,market,new,1,gtc,0.0,1,stock,,,
2024-05-09 12:30:00-04:00,MyStrategy,6745e251f71a4e1cb166afbd5ec23d8d,SPY,buy,market,fill,1,gtc,0.0,1,stock,517.3800048828125,1.0,0.0
2024-05-09 15:30:00-04:00,MyStrategy,f0b6b636f95d44a19896f5314307b5b7,SPY,buy,market,new,1,gtc,0.0,1,stock,,,
2024-05-09 15:30:00-04:00,MyStrategy,f0b6b636f95d44a19896f5314307b5b7,SPY,buy,market,fill,1,gtc,0.0,1,stock,517.3800048828125,1.0,0.0
2024-05-10 09:30:00-04:00,MyStrategy,383b872a73a34e9daf0f2e997ec14749,SPY,buy,market,new,1,gtc,0.0,1,stock,,,
2024-05-10 09:30:00-04:00,MyStrategy,383b872a73a34e9daf0f2e997ec14749,SPY,buy,market,fill,1,gtc,0.0,1,stock,521.8099975585938,1.0,0.0
2024-05-10 12:30:00-04:00,MyStrategy,57992d04763441bb8958034070b64cb5,SPY,buy,market,new,1,gtc,0.0,1,stock,,,
2024-05-10 12:30:00-04:00,MyStrategy,57992d04763441bb8958034070b64cb5,SPY,buy,market,fill,1,gtc,0.0,1,stock,521.8099975585938,1.0,0.0
2024-05-10 15:30:00-04:00,MyStrategy,c2c47cedf6924e22b4cdc65ff0a00360,SPY,buy,market,new,1,gtc,0.0,1,stock,,,
2024-05-10 15:30:00-04:00,MyStrategy,c2c47cedf6924e22b4cdc65ff0a00360,SPY,buy,market,fill,1,gtc,0.0,1,stock,521.8099975585938,1.0,0.0
2024-05-13 09:30:00-04:00,MyStrategy,b43aeb724c694a98a8650730c84fd222,SPY,buy,market,new,1,gtc,0.0,1,stock,,,
2024-05-13 09:30:00-04:00,MyStrategy,b43aeb724c694a98a8650730c84fd222,SPY,buy,market,fill,1,gtc,0.0,1,stock,522.5599975585938,1.0,0.0
2024-05-13 12:30:00-04:00,MyStrategy,36d00eae3e4146c6871fbe7e267fe9c1,SPY,buy,market,new,1,gtc,0.0,1,stock,,,
2024-05-13 12:30:00-04:00,MyStrategy,36d00eae3e4146c6871fbe7e267fe9c1,SPY,buy,market,fill,1,gtc,0.0,1,stock,522.5599975585938,1.0,0.0
2024-05-13 15:30:00-04:00,MyStrategy,a6c9fd449a7e405e9f6c256ae70d0db5,SPY,buy,market,new,1,gtc,0.0,1,stock,,,
2024-05-13 15:30:00-04:00,MyStrategy,a6c9fd449a7e405e9f6c256ae70d0db5,SPY,buy,market,fill,1,gtc,0.0,1,stock,522.5599975585938,1.0,0.0
2024-05-14 09:30:00-04:00,MyStrategy,dc9c1017c2244459a39a2f65a632707f,SPY,buy,market,new,1,gtc,0.0,1,stock,,,
2024-05-14 09:30:00-04:00,MyStrategy,dc9c1017c2244459a39a2f65a632707f,SPY,buy,market,fill,1,gtc,0.0,1,stock,521.1099853515625,1.0,0.0
2024-05-14 12:30:00-04:00,MyStrategy,eb4c21356c114c379e715985b242ac6b,SPY,buy,market,new,1,gtc,0.0,1,stock,,,
2024-05-14 12:30:00-04:00,MyStrategy,eb4c21356c114c379e715985b242ac6b,SPY,buy,market,fill,1,gtc,0.0,1,stock,521.1099853515625,1.0,0.0
2024-05-14 15:30:00-04:00,MyStrategy,fda1421b10264bd0a18349d679145e43,SPY,buy,market,new,1,gtc,0.0,1,stock,,,
2024-05-14 15:30:00-04:00,MyStrategy,fda1421b10264bd0a18349d679145e43,SPY,buy,market,fill,1,gtc,0.0,1,stock,521.1099853515625,1.0,0.0
2024-05-15 09:30:00-04:00,MyStrategy,8814fa0e742a49528c9462fb08f6b59e,SPY,buy,market,new,1,gtc,0.0,1,stock,,,
2024-05-15 09:30:00-04:00,MyStrategy,8814fa0e742a49528c9462fb08f6b59e,SPY,buy,market,fill,1,gtc,0.0,1,stock,525.8300170898438,1.0,0.0
2024-05-15 12:30:00-04:00,MyStrategy,cfd3da9f93a14564b771d78319ac1f41,SPY,buy,market,new,1,gtc,0.0,1,stock,,,
2024-05-15 12:30:00-04:00,MyStrategy,cfd3da9f93a14564b771d78319ac1f41,SPY,buy,market,fill,1,gtc,0.0,1,stock,525.8300170898438,1.0,0.0
2024-05-15 15:30:00-04:00,MyStrategy,d9a92ced0ad94bfe85ea7c97c7f84875,SPY,buy,market,new,1,gtc,0.0,1,stock,,,
2024-05-15 15:30:00-04:00,MyStrategy,d9a92ced0ad94bfe85ea7c97c7f84875,SPY,buy,market,fill,1,gtc,0.0,1,stock,525.8300170898438,1.0,0.0
2024-05-16 09:30:00-04:00,MyStrategy,2c030d1f35a84b8fa75b1530647bd78a,SPY,buy,market,new,1,gtc,0.0,1,stock,,,
2024-05-16 09:30:00-04:00,MyStrategy,2c030d1f35a84b8fa75b1530647bd78a,SPY,buy,market,fill,1,gtc,0.0,1,stock,529.8800048828125,1.0,0.0
2024-05-16 12:30:00-04:00,MyStrategy,90a3ddff5c74453fa25dea04a21e8e44,SPY,buy,market,new,1,gtc,0.0,1,stock,,,
2024-05-16 12:30:00-04:00,MyStrategy,90a3ddff5c74453fa25dea04a21e8e44,SPY,buy,market,fill,1,gtc,0.0,1,stock,529.8800048828125,1.0,0.0
2024-05-16 15:30:00-04:00,MyStrategy,1919be790b7c453ea8699e6cab2af902,SPY,buy,market,new,1,gtc,0.0,1,stock,,,
2024-05-16 15:30:00-04:00,MyStrategy,1919be790b7c453ea8699e6cab2af902,SPY,buy,market,fill,1,gtc,0.0,1,stock,529.8800048828125,1.0,0.0
2024-05-17 09:30:00-04:00,MyStrategy,b2e75c9be237431a8a7921a81307d38f,SPY,buy,market,new,1,gtc,0.0,1,stock,,,
2024-05-17 09:30:00-04:00,MyStrategy,b2e75c9be237431a8a7921a81307d38f,SPY,buy,market,fill,1,gtc,0.0,1,stock,528.8099975585938,1.0,0.0
2024-05-17 12:30:00-04:00,MyStrategy,b916cf646af5419b93baf84e0f591528,SPY,buy,market,new,1,gtc,0.0,1,stock,,,
2024-05-17 12:30:00-04:00,MyStrategy,b916cf646af5419b93baf84e0f591528,SPY,buy,market,fill,1,gtc,0.0,1,stock,528.8099975585938,1.0,0.0
2024-05-17 15:30:00-04:00,MyStrategy,1aa8a6bfd2f54685ada9115001b3e238,SPY,buy,market,new,1,gtc,0.0,1,stock,,,
2024-05-17 15:30:00-04:00,MyStrategy,1aa8a6bfd2f54685ada9115001b3e238,SPY,buy,market,fill,1,gtc,0.0,1,stock,528.8099975585938,1.0,0.0
2024-05-20 09:30:00-04:00,MyStrategy,9edf98852f9448789c134bcc4b657e6e,SPY,buy,market,new,1,gtc,0.0,1,stock,,,
2024-05-20 09:30:00-04:00,MyStrategy,9edf98852f9448789c134bcc4b657e6e,SPY,buy,market,fill,1,gtc,0.0,1,stock,529.5700073242188,1.0,0.0
2024-05-20 12:30:00-04:00,MyStrategy,0a679a0d569f4bdaa3ff1051415286e0,SPY,buy,market,new,1,gtc,0.0,1,stock,,,
2024-05-20 12:30:00-04:00,MyStrategy,0a679a0d569f4bdaa3ff1051415286e0,SPY,buy,market,fill,1,gtc,0.0,1,stock,529.5700073242188,1.0,0.0
2024-05-20 15:30:00-04:00,MyStrategy,38e970cb5af140d1ac4074c020d3831d,SPY,buy,market,new,1,gtc,0.0,1,stock,,,
2024-05-20 15:30:00-04:00,MyStrategy,38e970cb5af140d1ac4074c020d3831d,SPY,buy,market,fill,1,gtc,0.0,1,stock,529.5700073242188,1.0,0.0
2024-05-21 09:30:00-04:00,MyStrategy,d712d64be6714dd18af945ad66fa3053,SPY,buy,market,new,1,gtc,0.0,1,stock,,,
2024-05-21 09:30:00-04:00,MyStrategy,d712d64be6714dd18af945ad66fa3053,SPY,buy,market,fill,1,gtc,0.0,1,stock,529.280029296875,1.0,0.0
2024-05-21 12:30:00-04:00,MyStrategy,ef19d90daaa2417289c6a265cf11fbfb,SPY,buy,market,new,1,gtc,0.0,1,stock,,,
2024-05-21 12:30:00-04:00,MyStrategy,ef19d90daaa2417289c6a265cf11fbfb,SPY,buy,market,fill,1,gtc,0.0,1,stock,529.280029296875,1.0,0.0
2024-05-21 15:30:00-04:00,MyStrategy,b5384394e23a420995d3bc06edb4b40d,SPY,buy,market,new,1,gtc,0.0,1,stock,,,
2024-05-21 15:30:00-04:00,MyStrategy,b5384394e23a420995d3bc06edb4b40d,SPY,buy,market,fill,1,gtc,0.0,1,stock,529.280029296875,1.0,0.0
2024-05-22 09:30:00-04:00,MyStrategy,f1c508d59e1b451eae1686999a623733,SPY,buy,market,new,1,gtc,0.0,1,stock,,,
2024-05-22 09:30:00-04:00,MyStrategy,f1c508d59e1b451eae1686999a623733,SPY,buy,market,fill,1,gtc,0.0,1,stock,530.6500244140625,1.0,0.0
2024-05-22 12:30:00-04:00,MyStrategy,ade566707c704c889eaf955bb87bf4f0,SPY,buy,market,new,1,gtc,0.0,1,stock,,,
2024-05-22 12:30:00-04:00,MyStrategy,ade566707c704c889eaf955bb87bf4f0,SPY,buy,market,fill,1,gtc,0.0,1,stock,530.6500244140625,1.0,0.0
2024-05-22 15:30:00-04:00,MyStrategy,4c04a9028bac4cb6a698545d15d26056,SPY,buy,market,new,1,gtc,0.0,1,stock,,,
2024-05-22 15:30:00-04:00,MyStrategy,4c04a9028bac4cb6a698545d15d26056,SPY,buy,market,fill,1,gtc,0.0,1,stock,530.6500244140625,1.0,0.0
2024-05-23 09:30:00-04:00,MyStrategy,7e17873d88b745d8a97150b3285a7c46,SPY,buy,market,new,1,gtc,0.0,1,stock,,,
2024-05-23 09:30:00-04:00,MyStrategy,7e17873d88b745d8a97150b3285a7c46,SPY,buy,market,fill,1,gtc,0.0,1,stock,532.9600219726562,1.0,0.0
2024-05-23 12:30:00-04:00,MyStrategy,e689ad9eea484bafae5251ff05913c4b,SPY,buy,market,new,1,gtc,0.0,1,stock,,,
2024-05-23 12:30:00-04:00,MyStrategy,e689ad9eea484bafae5251ff05913c4b,SPY,buy,market,fill,1,gtc,0.0,1,stock,532.9600219726562,1.0,0.0
2024-05-23 15:30:00-04:00,MyStrategy,561733841e2d4c129d9ec17de157a064,SPY,buy,market,new,1,gtc,0.0,1,stock,,,
2024-05-23 15:30:00-04:00,MyStrategy,561733841e2d4c129d9ec17de157a064,SPY,buy,market,fill,1,gtc,0.0,1,stock,532.9600219726562,1.0,0.0
2024-05-24 09:30:00-04:00,MyStrategy,8d8a85b7344644f281f1a0819c9796f0,SPY,buy,market,new,1,gtc,0.0,1,stock,,,
2024-05-24 09:30:00-04:00,MyStrategy,8d8a85b7344644f281f1a0819c9796f0,SPY,buy,market,fill,1,gtc,0.0,1,stock,527.8499755859375,1.0,0.0
2024-05-24 12:30:00-04:00,MyStrategy,1e7b23f0c7c84c698c4c561cb454544e,SPY,buy,market,new,1,gtc,0.0,1,stock,,,
2024-05-24 12:30:00-04:00,MyStrategy,1e7b23f0c7c84c698c4c561cb454544e,SPY,buy,market,fill,1,gtc,0.0,1,stock,527.8499755859375,1.0,0.0
2024-05-24 15:30:00-04:00,MyStrategy,84c415f667494f47bb5c03a3007eae85,SPY,buy,market,new,1,gtc,0.0,1,stock,,,
2024-05-24 15:30:00-04:00,MyStrategy,84c415f667494f47bb5c03a3007eae85,SPY,buy,market,fill,1,gtc,0.0,1,stock,527.8499755859375,1.0,0.0
2024-05-28 09:30:00-04:00,MyStrategy,95b553bc90a7447f98c7449b6eae9c32,SPY,buy,market,new,1,gtc,0.0,1,stock,,,
2024-05-28 09:30:00-04:00,MyStrategy,95b553bc90a7447f98c7449b6eae9c32,SPY,buy,market,fill,1,gtc,0.0,1,stock,530.27001953125,1.0,0.0
2024-05-28 12:30:00-04:00,MyStrategy,311b87a461d540d1880f0cd0a3b3715f,SPY,buy,market,new,1,gtc,0.0,1,stock,,,
2024-05-28 12:30:00-04:00,MyStrategy,311b87a461d540d1880f0cd0a3b3715f,SPY,buy,market,fill,1,gtc,0.0,1,stock,530.27001953125,1.0,0.0
2024-05-28 15:30:00-04:00,MyStrategy,c906b045728b48be8b29c2bb2e0d18d3,SPY,buy,market,new,1,gtc,0.0,1,stock,,,
2024-05-28 15:30:00-04:00,MyStrategy,c906b045728b48be8b29c2bb2e0d18d3,SPY,buy,market,fill,1,gtc,0.0,1,stock,530.27001953125,1.0,0.0
2024-05-29 09:30:00-04:00,MyStrategy,757173caf12e421f98d178365f3b7cac,SPY,buy,market,new,1,gtc,0.0,1,stock,,,
2024-05-29 09:30:00-04:00,MyStrategy,757173caf12e421f98d178365f3b7cac,SPY,buy,market,fill,1,gtc,0.0,1,stock,525.6799926757812,1.0,0.0
2024-05-29 12:30:00-04:00,MyStrategy,b032afd0c1bd446bae3e96d40f491862,SPY,buy,market,new,1,gtc,0.0,1,stock,,,
2024-05-29 12:30:00-04:00,MyStrategy,b032afd0c1bd446bae3e96d40f491862,SPY,buy,market,fill,1,gtc,0.0,1,stock,525.6799926757812,1.0,0.0
2024-05-29 15:30:00-04:00,MyStrategy,b123b3685fe24a6e85f4c158b4cb8b64,SPY,buy,market,new,1,gtc,0.0,1,stock,,,
2024-05-29 15:30:00-04:00,MyStrategy,b123b3685fe24a6e85f4c158b4cb8b64,SPY,buy,market,fill,1,gtc,0.0,1,stock,525.6799926757812,1.0,0.0
2024-05-30 09:30:00-04:00,MyStrategy,c28ac40d0f72425b8a93e66f9815f87c,SPY,buy,market,new,1,gtc,0.0,1,stock,,,
2024-05-30 09:30:00-04:00,MyStrategy,c28ac40d0f72425b8a93e66f9815f87c,SPY,buy,market,fill,1,gtc,0.0,1,stock,524.52001953125,1.0,0.0
2024-05-30 12:30:00-04:00,MyStrategy,1ed421667877430f8fc8980fa8eece0d,SPY,buy,market,new,1,gtc,0.0,1,stock,,,
2024-05-30 12:30:00-04:00,MyStrategy,1ed421667877430f8fc8980fa8eece0d,SPY,buy,market,fill,1,gtc,0.0,1,stock,524.52001953125,1.0,0.0
2024-05-30 15:30:00-04:00,MyStrategy,8fe64934c75d42f79301443d4f321728,SPY,buy,market,new,1,gtc,0.0,1,stock,,,
2024-05-30 15:30:00-04:00,MyStrategy,8fe64934c75d42f79301443d4f321728,SPY,buy,market,fill,1,gtc,0.0,1,stock,524.52001953125,1.0,0.0
2024-05-31 09:30:00-04:00,MyStrategy,ee7da984725b4e17b872d76ba86a07bd,SPY,buy,market,new,1,gtc,0.0,1,stock,,,
2024-05-31 09:30:00-04:00,MyStrategy,ee7da984725b4e17b872d76ba86a07bd,SPY,buy,market,fill,1,gtc,0.0,1,stock,523.5900268554688,1.0,0.0
2024-05-31 12:30:00-04:00,MyStrategy,0ef0678e11984d7ea93cecfc7896682e,SPY,buy,market,new,1,gtc,0.0,1,stock,,,
2024-05-31 12:30:00-04:00,MyStrategy,0ef0678e11984d7ea93cecfc7896682e,SPY,buy,market,fill,1,gtc,0.0,1,stock,523.5900268554688,1.0,0.0
2024-05-31 15:30:00-04:00,MyStrategy,ca745591c05241faa8967c8f153af8a3,SPY,buy,market,new,1,gtc,0.0,1,stock,,,
2024-05-31 15:30:00-04:00,MyStrategy,ca745591c05241faa8967c8f153af8a3,SPY,buy,market,fill,1,gtc,0.0,1,stock,523.5900268554688,1.0,0.0
2024-06-03 09:30:00-04:00,MyStrategy,c08e33aa47b04d1691a8964426c88e1a,SPY,buy,market,new,1,gtc,0.0,1,stock,,,
2024-06-03 09:30:00-04:00,MyStrategy,c08e33aa47b04d1691a8964426c88e1a,SPY,buy,market,fill,1,gtc,0.0,1,stock,529.02001953125,1.0,0.0
2024-06-03 12:30:00-04:00,MyStrategy,6418b1b9a2b146e08db02fea6bba03f4,SPY,buy,market,new,1,gtc,0.0,1,stock,,,
2024-06-03 12:30:00-04:00,MyStrategy,6418b1b9a2b146e08db02fea6bba03f4,SPY,buy,market,fill,1,gtc,0.0,1,stock,529.02001953125,1.0,0.0
2024-06-03 15:30:00-04:00,MyStrategy,ea25f778c4f843d28fb4efb7f99e468d,SPY,buy,market,new,1,gtc,0.0,1,stock,,,
2024-06-03 15:30:00-04:00,MyStrategy,ea25f778c4f843d28fb4efb7f99e468d,SPY,buy,market,fill,1,gtc,0.0,1,stock,529.02001953125,1.0,0.0
2024-06-04 09:30:00-04:00,MyStrategy,f2f03f8204394183b803777bfa872313,SPY,buy,market,new,1,gtc,0.0,1,stock,,,
2024-06-04 09:30:00-04:00,MyStrategy,f2f03f8204394183b803777bfa872313,SPY,buy,market,fill,1,gtc,0.0,1,stock,526.4600219726562,1.0,0.0
2024-06-04 12:30:00-04:00,MyStrategy,c596130b99f34862af86d8b98cb474a6,SPY,buy,market,new,1,gtc,0.0,1,stock,,,
2024-06-04 12:30:00-04:00,MyStrategy,c596130b99f34862af86d8b98cb474a6,SPY,buy,market,fill,1,gtc,0.0,1,stock,526.4600219726562,1.0,0.0
2024-06-04 15:30:00-04:00,MyStrategy,530558ab98624f31afb8f17037917d0d,SPY,buy,market,new,1,gtc,0.0,1,stock,,,
2024-06-04 15:30:00-04:00,MyStrategy,530558ab98624f31afb8f17037917d0d,SPY,buy,market,fill,1,gtc,0.0,1,stock,526.4600219726562,1.0,0.0
2024-06-05 09:30:00-04:00,MyStrategy,795fa406a24d41fc9d81390ceb9a661f,SPY,buy,market,new,1,gtc,0.0,1,stock,,,
2024-06-05 09:30:00-04:00,MyStrategy,795fa406a24d41fc9d81390ceb9a661f,SPY,buy,market,fill,1,gtc,0.0,1,stock,530.77001953125,1.0,0.0
2024-06-05 12:30:00-04:00,MyStrategy,7c88b1ca067b4ca5be33dc1e18b78581,SPY,buy,market,new,1,gtc,0.0,1,stock,,,
2024-06-05 12:30:00-04:00,MyStrategy,7c88b1ca067b4ca5be33dc1e18b78581,SPY,buy,market,fill,1,gtc,0.0,1,stock,530.77001953125,1.0,0.0
2024-06-05 15:30:00-04:00,MyStrategy,155cafa632714e2a9972cae9d2fd27e9,SPY,buy,market,new,1,gtc,0.0,1,stock,,,
2024-06-05 15:30:00-04:00,MyStrategy,155cafa632714e2a9972cae9d2fd27e9,SPY,buy,market,fill,1,gtc,0.0,1,stock,530.77001953125,1.0,0.0
2024-06-06 09:30:00-04:00,MyStrategy,cce54e41ed164302b69240c9c29d8326,SPY,buy,market,new,1,gtc,0.0,1,stock,,,
2024-06-06 09:30:00-04:00,MyStrategy,cce54e41ed164302b69240c9c29d8326,SPY,buy,market,fill,1,gtc,0.0,1,stock,534.97998046875,1.0,0.0
2024-06-06 12:30:00-04:00,MyStrategy,feddcbcbb450429992456e776786c8b1,SPY,buy,market,new,1,gtc,0.0,1,stock,,,
2024-06-06 12:30:00-04:00,MyStrategy,feddcbcbb450429992456e776786c8b1,SPY,buy,market,fill,1,gtc,0.0,1,stock,534.97998046875,1.0,0.0
2024-06-06 15:30:00-04:00,MyStrategy,e484c984e6a44732951ae3bf6cc89c4f,SPY,buy,market,new,1,gtc,0.0,1,stock,,,
2024-06-06 15:30:00-04:00,MyStrategy,e484c984e6a44732951ae3bf6cc89c4f,SPY,buy,market,fill,1,gtc,0.0,1,stock,534.97998046875,1.0,0.0
2024-06-07 09:30:00-04:00,MyStrategy,2636279418014051ad2130754b187440,SPY,buy,market,new,1,gtc,0.0,1,stock,,,
2024-06-07 09:30:00-04:00,MyStrategy,2636279418014051ad2130754b187440,SPY,buy,market,fill,1,gtc,0.0,1,stock,533.6599731445312,1.0,0.0
2024-06-07 12:30:00-04:00,MyStrategy,c4ddd80c89c04e96861bfa2a80b74996,SPY,buy,market,new,1,gtc,0.0,1,stock,,,
2024-06-07 12:30:00-04:00,MyStrategy,c4ddd80c89c04e96861bfa2a80b74996,SPY,buy,market,fill,1,gtc,0.0,1,stock,533.6599731445312,1.0,0.0
2024-06-07 15:30:00-04:00,MyStrategy,39f558e474384937b6467e1453b9ff6c,SPY,buy,market,new,1,gtc,0.0,1,stock,,,
2024-06-07 15:30:00-04:00,MyStrategy,39f558e474384937b6467e1453b9ff6c,SPY,buy,market,fill,1,gtc,0.0,1,stock,533.6599731445312,1.0,0.0
2024-06-10 09:30:00-04:00,MyStrategy,a923b5d7771343b1be9249dbcd40474f,SPY,buy,market,new,1,gtc,0.0,1,stock,,,
2024-06-10 09:30:00-04:00,MyStrategy,a923b5d7771343b1be9249dbcd40474f,SPY,buy,market,fill,1,gtc,0.0,1,stock,533.1799926757812,1.0,0.0
2024-06-10 12:30:00-04:00,MyStrategy,794ae61da1944920b471380937d4b41c,SPY,buy,market,new,1,gtc,0.0,1,stock,,,
2024-06-10 12:30:00-04:00,MyStrategy,794ae61da1944920b471380937d4b41c,SPY,buy,market,fill,1,gtc,0.0,1,stock,533.1799926757812,1.0,0.0
2024-06-10 15:30:00-04:00,MyStrategy,8858ff10ecb44dc38ac5e1e271bbbb03,SPY,buy,market,new,1,gtc,0.0,1,stock,,,
2024-06-10 15:30:00-04:00,MyStrategy,8858ff10ecb44dc38ac5e1e271bbbb03,SPY,buy,market,fill,1,gtc,0.0,1,stock,533.1799926757812,1.0,0.0
2024-06-11 09:30:00-04:00,MyStrategy,d7937e17fefe4ed5b30a41c23c736a70,SPY,buy,market,new,1,gtc,0.0,1,stock,,,
2024-06-11 09:30:00-04:00,MyStrategy,d7937e17fefe4ed5b30a41c23c736a70,SPY,buy,market,fill,1,gtc,0.0,1,stock,534.0700073242188,1.0,0.0
2024-06-11 12:30:00-04:00,MyStrategy,b206eeea98394b95809305d180d9255b,SPY,buy,market,new,1,gtc,0.0,1,stock,,,
2024-06-11 12:30:00-04:00,MyStrategy,b206eeea98394b95809305d180d9255b,SPY,buy,market,fill,1,gtc,0.0,1,stock,534.0700073242188,1.0,0.0
2024-06-11 15:30:00-04:00,MyStrategy,4c3d464e4c4b4179bedc8773b7bddf71,SPY,buy,market,new,1,gtc,0.0,1,stock,,,
2024-06-11 15:30:00-04:00,MyStrategy,4c3d464e4c4b4179bedc8773b7bddf71,SPY,buy,market,fill,1,gtc,0.0,1,stock,534.0700073242188,1.0,0.0
2024-06-12 09:30:00-04:00,MyStrategy,ea63d0dff142461ba9df9a53a33b978b,SPY,buy,market,new,1,gtc,0.0,1,stock,,,
2024-06-12 09:30:00-04:00,MyStrategy,ea63d0dff142461ba9df9a53a33b978b,SPY,buy,market,fill,1,gtc,0.0,1,stock,541.6300048828125,1.0,0.0
2024-06-12 12:30:00-04:00,MyStrategy,bca138ce4a8a4d358b56495f29558700,SPY,buy,market,new,1,gtc,0.0,1,stock,,,
2024-06-12 12:30:00-04:00,MyStrategy,bca138ce4a8a4d358b56495f29558700,SPY,buy,market,fill,1,gtc,0.0,1,stock,541.6300048828125,1.0,0.0
2024-06-12 15:30:00-04:00,MyStrategy,39af8739d9e64e4489c24fe4ac848850,SPY,buy,market,new,1,gtc,0.0,1,stock,,,
2024-06-12 15:30:00-04:00,MyStrategy,39af8739d9e64e4489c24fe4ac848850,SPY,buy,market,fill,1,gtc,0.0,1,stock,541.6300048828125,1.0,0.0
2024-06-13 09:30:00-04:00,MyStrategy,a3a51bbb5cac486a9602ef9110fd061f,SPY,buy,market,new,1,gtc,0.0,1,stock,,,
2024-06-13 09:30:00-04:00,MyStrategy,a3a51bbb5cac486a9602ef9110fd061f,SPY,buy,market,fill,1,gtc,0.0,1,stock,543.1500244140625,1.0,0.0
2024-06-13 12:30:00-04:00,MyStrategy,39216ccf6c33476c930fbe3529a6bec6,SPY,buy,market,new,1,gtc,0.0,1,stock,,,
2024-06-13 12:30:00-04:00,MyStrategy,39216ccf6c33476c930fbe3529a6bec6,SPY,buy,market,fill,1,gtc,0.0,1,stock,543.1500244140625,1.0,0.0
2024-06-13 15:30:00-04:00,MyStrategy,017a0fa5f68f434b8fa51e37babeae7d,SPY,buy,market,new,1,gtc,0.0,1,stock,,,
2024-06-13 15:30:00-04:00,MyStrategy,017a0fa5f68f434b8fa51e37babeae7d,SPY,buy,market,fill,1,gtc,0.0,1,stock,543.1500244140625,1.0,0.0
2024-06-14 09:30:00-04:00,MyStrategy,b49dec817b794147b995cd211a2b93a0,SPY,buy,market,new,1,gtc,0.0,1,stock,,,
2024-06-14 09:30:00-04:00,MyStrategy,b49dec817b794147b995cd211a2b93a0,SPY,buy,market,fill,1,gtc,0.0,1,stock,540.8800048828125,1.0,0.0
2024-06-14 12:30:00-04:00,MyStrategy,89918d2263864a03adfd772e18131559,SPY,buy,market,new,1,gtc,0.0,1,stock,,,
2024-06-14 12:30:00-04:00,MyStrategy,89918d2263864a03adfd772e18131559,SPY,buy,market,fill,1,gtc,0.0,1,stock,540.8800048828125,1.0,0.0
2024-06-14 15:30:00-04:00,MyStrategy,ee601a1cc4ac4d2881bd5b26d1014d4d,SPY,buy,market,new,1,gtc,0.0,1,stock,,,
2024-06-14 15:30:00-04:00,MyStrategy,ee601a1cc4ac4d2881bd5b26d1014d4d,SPY,buy,market,fill,1,gtc,0.0,1,stock,540.8800048828125,1.0,0.0
2024-06-17 09:30:00-04:00,MyStrategy,866d02bb73134cee91dec7a59e25d981,SPY,buy,market,new,1,gtc,0.0,1,stock,,,
2024-06-17 09:30:00-04:00,MyStrategy,866d02bb73134cee91dec7a59e25d981,SPY,buy,market,fill,1,gtc,0.0,1,stock,542.0800170898438,1.0,0.0
2024-06-17 12:30:00-04:00,MyStrategy,558b45532b0f4738becf5f33534dbc04,SPY,buy,market,new,1,gtc,0.0,1,stock,,,
2024-06-17 12:30:00-04:00,MyStrategy,558b45532b0f4738becf5f33534dbc04,SPY,buy,market,fill,1,gtc,0.0,1,stock,542.0800170898438,1.0,0.0
2024-06-17 15:30:00-04:00,MyStrategy,f0a20bd570d44532b263f87a09046d3f,SPY,buy,market,new,1,gtc,0.0,1,stock,,,
2024-06-17 15:30:00-04:00,MyStrategy,f0a20bd570d44532b263f87a09046d3f,SPY,buy,market,fill,1,gtc,0.0,1,stock,542.0800170898438,1.0,0.0
2024-06-18 09:30:00-04:00,MyStrategy,3553c4a8af704e86b9db567fba73521a,SPY,buy,market,new,1,gtc,0.0,1,stock,,,
2024-06-18 09:30:00-04:00,MyStrategy,3553c4a8af704e86b9db567fba73521a,SPY,buy,market,fill,1,gtc,0.0,1,stock,547.1599731445312,1.0,0.0
2024-06-18 12:30:00-04:00,MyStrategy,6cac38c19f4a4435ac98f8a0a7a2889a,SPY,buy,market,new,1,gtc,0.0,1,stock,,,
2024-06-18 12:30:00-04:00,MyStrategy,6cac38c19f4a4435ac98f8a0a7a2889a,SPY,buy,market,fill,1,gtc,0.0,1,stock,547.1599731445312,1.0,0.0
2024-06-18 15:30:00-04:00,MyStrategy,3cda304936c3483d946088f4e3ca499c,SPY,buy,market,new,1,gtc,0.0,1,stock,,,
2024-06-18 15:30:00-04:00,MyStrategy,3cda304936c3483d946088f4e3ca499c,SPY,buy,market,fill,1,gtc,0.0,1,stock,547.1599731445312,1.0,0.0
2024-06-20 09:30:00-04:00,MyStrategy,b6f5694276264cef8046be4128320405,SPY,buy,market,new,1,gtc,0.0,1,stock,,,
2024-06-20 09:30:00-04:00,MyStrategy,b6f5694276264cef8046be4128320405,SPY,buy,market,fill,1,gtc,0.0,1,stock,549.4400024414062,1.0,0.0
2024-06-20 12:30:00-04:00,MyStrategy,deb8d6834b11445795dde13b194473f6,SPY,buy,market,new,1,gtc,0.0,1,stock,,,
2024-06-20 12:30:00-04:00,MyStrategy,deb8d6834b11445795dde13b194473f6,SPY,buy,market,fill,1,gtc,0.0,1,stock,549.4400024414062,1.0,0.0
2024-06-20 15:30:00-04:00,MyStrategy,ef738488656e40019d7ee7465e130b60,SPY,buy,market,new,1,gtc,0.0,1,stock,,,
2024-06-20 15:30:00-04:00,MyStrategy,ef738488656e40019d7ee7465e130b60,SPY,buy,market,fill,1,gtc,0.0,1,stock,549.4400024414062,1.0,0.0
2024-06-21 09:30:00-04:00,MyStrategy,03f4be93835a48e3b0e62795486ea20e,SPY,buy,market,new,1,gtc,0.0,1,stock,,,
2024-06-21 09:30:00-04:00,MyStrategy,03f4be93835a48e3b0e62795486ea20e,SPY,buy,market,fill,1,gtc,0.0,1,stock,544.4000244140625,1.0,0.0
2024-06-21 12:30:00-04:00,MyStrategy,3e4f1d512de140dc83929eb4d6e67e35,SPY,buy,market,new,1,gtc,0.0,1,stock,,,
2024-06-21 12:30:00-04:00,MyStrategy,3e4f1d512de140dc83929eb4d6e67e35,SPY,buy,market,fill,1,gtc,0.0,1,stock,544.4000244140625,1.0,0.0
2024-06-21 15:30:00-04:00,MyStrategy,f758902207644920853d40f6b3356a86,SPY,buy,market,new,1,gtc,0.0,1,stock,,,
2024-06-21 15:30:00-04:00,MyStrategy,f758902207644920853d40f6b3356a86,SPY,buy,market,fill,1,gtc,0.0,1,stock,544.4000244140625,1.0,0.0
2024-06-24 09:30:00-04:00,MyStrategy,90c9035563714a66b71bcccce70d42d7,SPY,buy,market,new,1,gtc,0.0,1,stock,,,
2024-06-24 09:30:00-04:00,MyStrategy,90c9035563714a66b71bcccce70d42d7,SPY,buy,market,fill,1,gtc,0.0,1,stock,544.3300170898438,1.0,0.0
2024-06-24 12:30:00-04:00,MyStrategy,723c890d79c843fd93b8a58694effc81,SPY,buy,market,new,1,gtc,0.0,1,stock,,,
2024-06-24 12:30:00-04:00,MyStrategy,723c890d79c843fd93b8a58694effc81,SPY,buy,market,fill,1,gtc,0.0,1,stock,544.3300170898438,1.0,0.0
2024-06-24 15:30:00-04:00,MyStrategy,0d94733323c94bb5ae833599e5bd6dea,SPY,buy,market,new,1,gtc,0.0,1,stock,,,
2024-06-24 15:30:00-04:00,MyStrategy,0d94733323c94bb5ae833599e5bd6dea,SPY,buy,market,fill,1,gtc,0.0,1,stock,544.3300170898438,1.0,0.0
2024-06-25 09:30:00-04:00,MyStrategy,1434376281204d6fbd980bf34389b9de,SPY,buy,market,new,1,gtc,0.0,1,stock,,,
2024-06-25 09:30:00-04:00,MyStrategy,1434376281204d6fbd980bf34389b9de,SPY,buy,market,fill,1,gtc,0.0,1,stock,543.989990234375,1.0,0.0
2024-06-25 12:30:00-04:00,MyStrategy,b934e6f549dd42aa860fe417161bdb78,SPY,buy,market,new,1,gtc,0.0,1,stock,,,
2024-06-25 12:30:00-04:00,MyStrategy,b934e6f549dd42aa860fe417161bdb78,SPY,buy,market,fill,1,gtc,0.0,1,stock,543.989990234375,1.0,0.0
2024-06-25 15:30:00-04:00,MyStrategy,675552022ada4db0a395b4fb02dd4c78,SPY,buy,market,new,1,gtc,0.0,1,stock,,,
2024-06-25 15:30:00-04:00,MyStrategy,675552022ada4db0a395b4fb02dd4c78,SPY,buy,market,fill,1,gtc,0.0,1,stock,543.989990234375,1.0,0.0
2024-06-26 09:30:00-04:00,MyStrategy,4df6ed4434b94668a5c7127e86c3e336,SPY,buy,market,new,1,gtc,0.0,1,stock,,,
2024-06-26 09:30:00-04:00,MyStrategy,4df6ed4434b94668a5c7127e86c3e336,SPY,buy,market,fill,1,gtc,0.0,1,stock,543.6900024414062,1.0,0.0
2024-06-26 12:30:00-04:00,MyStrategy,b54fdb9ed5244804aef87f7070c27a3b,SPY,buy,market,new,1,gtc,0.0,1,stock,,,
2024-06-26 12:30:00-04:00,MyStrategy,b54fdb9ed5244804aef87f7070c27a3b,SPY,buy,market,fill,1,gtc,0.0,1,stock,543.6900024414062,1.0,0.0
2024-06-26 15:30:00-04:00,MyStrategy,415a17f9340e4ddab31dbc164ffb3b42,SPY,buy,market,new,1,gtc,0.0,1,stock,,,
2024-06-26 15:30:00-04:00,MyStrategy,415a17f9340e4ddab31dbc164ffb3b42,SPY,buy,market,fill,1,gtc,0.0,1,stock,543.6900024414062,1.0,0.0
2024-06-27 09:30:00-04:00,MyStrategy,312c0e65a74547a9ad7595badbfc299a,SPY,buy,market,new,1,gtc,0.0,1,stock,,,
2024-06-27 09:30:00-04:00,MyStrategy,312c0e65a74547a9ad7595badbfc299a,SPY,buy,market,fill,1,gtc,0.0,1,stock,545.3699951171875,1.0,0.0
2024-06-27 12:30:00-04:00,MyStrategy,75486c3a4cd944d8bf51b40470ff5b8a,SPY,buy,market,new,1,gtc,0.0,1,stock,,,
2024-06-27 12:30:00-04:00,MyStrategy,75486c3a4cd944d8bf51b40470ff5b8a,SPY,buy,market,fill,1,gtc,0.0,1,stock,545.3699951171875,1.0,0.0
2024-06-27 15:30:00-04:00,MyStrategy,e9c46f4010324f75a219e8d5aa68e57d,SPY,buy,market,new,1,gtc,0.0,1,stock,,,
2024-06-27 15:30:00-04:00,MyStrategy,e9c46f4010324f75a219e8d5aa68e57d,SPY,buy,market,fill,1,gtc,0.0,1,stock,545.3699951171875,1.0,0.0
2024-06-28 09:30:00-04:00,MyStrategy,3ee17e8f85f34149bb579f3be6139593,SPY,buy,market,new,1,gtc,0.0,1,stock,,,
2024-06-28 09:30:00-04:00,MyStrategy,3ee17e8f85f34149bb579f3be6139593,SPY,buy,market,fill,1,gtc,0.0,1,stock,547.1599731445312,1.0,0.0
2024-06-28 12:30:00-04:00,MyStrategy,7e65f6074d4e44e5a1f8b55531a56ee2,SPY,buy,market,new,1,gtc,0.0,1,stock,,,
2024-06-28 12:30:00-04:00,MyStrategy,7e65f6074d4e44e5a1f8b55531a56ee2,SPY,buy,market,fill,1,gtc,0.0,1,stock,547.1599731445312,1.0,0.0
2024-06-28 15:30:00-04:00,MyStrategy,89d3ebc94e4142ba95f2d769c7d80405,SPY,buy,market,new,1,gtc,0.0,1,stock,,,
2024-06-28 15:30:00-04:00,MyStrategy,89d3ebc94e4142ba95f2d769c7d80405,SPY,buy,market,fill,1,gtc,0.0,1,stock,547.1599731445312,1.0,0.0
2024-07-01 09:30:00-04:00,MyStrategy,fa58ff5eb6314185bbfe506f2e6f615f,SPY,buy,market,new,1,gtc,0.0,1,stock,,,
2024-07-01 09:30:00-04:00,MyStrategy,fa58ff5eb6314185bbfe506f2e6f615f,SPY,buy,market,fill,1,gtc,0.0,1,stock,545.6300048828125,1.0,0.0
2024-07-01 12:30:00-04:00,MyStrategy,6913f515f6e742799a96f3eef4180eec,SPY,buy,market,new,1,gtc,0.0,1,stock,,,
2024-07-01 12:30:00-04:00,MyStrategy,6913f515f6e742799a96f3eef4180eec,SPY,buy,market,fill,1,gtc,0.0,1,stock,545.6300048828125,1.0,0.0
2024-07-01 15:30:00-04:00,MyStrategy,f2080f2af5da4e6bad6b19af85ef023f,SPY,buy,market,new,1,gtc,0.0,1,stock,,,
2024-07-01 15:30:00-04:00,MyStrategy,f2080f2af5da4e6bad6b19af85ef023f,SPY,buy,market,fill,1,gtc,0.0,1,stock,545.6300048828125,1.0,0.0
2024-07-02 09:30:00-04:00,MyStrategy,763f9ebfb16c40b79ce521b42dfeac02,SPY,buy,market,new,1,gtc,0.0,1,stock,,,
2024-07-02 09:30:00-04:00,MyStrategy,763f9ebfb16c40b79ce521b42dfeac02,SPY,buy,market,fill,1,gtc,0.0,1,stock,543.7000122070312,1.0,0.0
2024-07-02 12:30:00-04:00,MyStrategy,0acaed68b785473498c1532254c977e7,SPY,buy,market,new,1,gtc,0.0,1,stock,,,
2024-07-02 12:30:00-04:00,MyStrategy,0acaed68b785473498c1532254c977e7,SPY,buy,market,fill,1,gtc,0.0,1,stock,543.7000122070312,1.0,0.0
2024-07-02 15:30:00-04:00,MyStrategy,1ebef2e63c7a43d1a3bbbad3595cb119,SPY,buy,market,new,1,gtc,0.0,1,stock,,,
2024-07-02 15:30:00-04:00,MyStrategy,1ebef2e63c7a43d1a3bbbad3595cb119,SPY,buy,market,fill,1,gtc,0.0,1,stock,543.7000122070312,1.0,0.0
2024-07-03 09:30:00-04:00,MyStrategy,73a66ad4ae3340cca581242e9e740032,SPY,buy,market,new,1,gtc,0.0,1,stock,,,
2024-07-03 09:30:00-04:00,MyStrategy,73a66ad4ae3340cca581242e9e740032,SPY,buy,market,fill,1,gtc,0.0,1,stock,548.6900024414062,1.0,0.0
2024-07-03 12:30:00-04:00,MyStrategy,8222800261e04a8ba2ebfb07c86c944d,SPY,buy,market,new,1,gtc,0.0,1,stock,,,
2024-07-03 12:30:00-04:00,MyStrategy,8222800261e04a8ba2ebfb07c86c944d,SPY,buy,market,fill,1,gtc,0.0,1,stock,548.6900024414062,1.0,0.0
2024-07-05 09:30:00-04:00,MyStrategy,fafb477690964757b0d08e3ab844c3d4,SPY,buy,market,new,1,gtc,0.0,1,stock,,,
2024-07-05 09:30:00-04:00,MyStrategy,fafb477690964757b0d08e3ab844c3d4,SPY,buy,market,fill,1,gtc,0.0,1,stock,551.77001953125,1.0,0.0
2024-07-05 12:30:00-04:00,MyStrategy,313c5512b559432a96030b453866955e,SPY,buy,market,new,1,gtc,0.0,1,stock,,,
2024-07-05 12:30:00-04:00,MyStrategy,313c5512b559432a96030b453866955e,SPY,buy,market,fill,1,gtc,0.0,1,stock,551.77001953125,1.0,0.0
2024-07-05 15:30:00-04:00,MyStrategy,2db83d53534d491a89e84c6801b0f8b0,SPY,buy,market,new,1,gtc,0.0,1,stock,,,
2024-07-05 15:30:00-04:00,MyStrategy,2db83d53534d491a89e84c6801b0f8b0,SPY,buy,market,fill,1,gtc,0.0,1,stock,551.77001953125,1.0,0.0
2024-07-08 09:30:00-04:00,MyStrategy,ed8f6ad2b8534a1aae98c4b8913e8297,SPY,buy,market,new,1,gtc,0.0,1,stock,,,
2024-07-08 09:30:00-04:00,MyStrategy,ed8f6ad2b8534a1aae98c4b8913e8297,SPY,buy,market,fill,1,gtc,0.0,1,stock,555.4400024414062,1.0,0.0
2024-07-08 12:30:00-04:00,MyStrategy,d841d10cc565428b8f0c14dfc15bb674,SPY,buy,market,new,1,gtc,0.0,1,stock,,,
2024-07-08 12:30:00-04:00,MyStrategy,d841d10cc565428b8f0c14dfc15bb674,SPY,buy,market,fill,1,gtc,0.0,1,stock,555.4400024414062,1.0,0.0
2024-07-08 15:30:00-04:00,MyStrategy,218ea2df88aa49a4bb11f01deb99f2e3,SPY,buy,market,new,1,gtc,0.0,1,stock,,,
2024-07-08 15:30:00-04:00,MyStrategy,218ea2df88aa49a4bb11f01deb99f2e3,SPY,buy,market,fill,1,gtc,0.0,1,stock,555.4400024414062,1.0,0.0
2024-07-09 09:30:00-04:00,MyStrategy,6bcb4b2f334d4e9cacf5166c341f914c,SPY,buy,market,new,1,gtc,0.0,1,stock,,,
2024-07-09 09:30:00-04:00,MyStrategy,6bcb4b2f334d4e9cacf5166c341f914c,SPY,buy,market,fill,1,gtc,0.0,1,stock,556.260009765625,1.0,0.0
2024-07-09 12:30:00-04:00,MyStrategy,a08af5f5625d481f935538f00419716d,SPY,buy,market,new,1,gtc,0.0,1,stock,,,
2024-07-09 12:30:00-04:00,MyStrategy,a08af5f5625d481f935538f00419716d,SPY,buy,market,fill,1,gtc,0.0,1,stock,556.260009765625,1.0,0.0
2024-07-09 15:30:00-04:00,MyStrategy,014513650af64a9fbf93ab74f76c9f1b,SPY,buy,market,new,1,gtc,0.0,1,stock,,,
2024-07-09 15:30:00-04:00,MyStrategy,014513650af64a9fbf93ab74f76c9f1b,SPY,buy,market,fill,1,gtc,0.0,1,stock,556.260009765625,1.0,0.0
2024-07-10 09:30:00-04:00,MyStrategy,915e490536b44c74b953cf73e165fa05,SPY,buy,market,new,1,gtc,0.0,1,stock,,,
2024-07-10 09:30:00-04:00,MyStrategy,915e490536b44c74b953cf73e165fa05,SPY,buy,market,fill,1,gtc,0.0,1,stock,557.0700073242188,1.0,0.0
2024-07-10 12:30:00-04:00,MyStrategy,80c45620b49a4ce78aa08cb4c1c7e2f6,SPY,buy,market,new,1,gtc,0.0,1,stock,,,
2024-07-10 12:30:00-04:00,MyStrategy,80c45620b49a4ce78aa08cb4c1c7e2f6,SPY,buy,market,fill,1,gtc,0.0,1,stock,557.0700073242188,1.0,0.0
2024-07-10 15:30:00-04:00,MyStrategy,4cd8e190a9784b84aa258b12edd69766,SPY,buy,market,new,1,gtc,0.0,1,stock,,,
2024-07-10 15:30:00-04:00,MyStrategy,4cd8e190a9784b84aa258b12edd69766,SPY,buy,market,fill,1,gtc,0.0,1,stock,557.0700073242188,1.0,0.0
2024-07-11 09:30:00-04:00,MyStrategy,c2048e0c5c1d411496ec6e4d4720211b,SPY,buy,market,new,1,gtc,0.0,1,stock,,,
2024-07-11 09:30:00-04:00,MyStrategy,c2048e0c5c1d411496ec6e4d4720211b,SPY,buy,market,fill,1,gtc,0.0,1,stock,561.4400024414062,1.0,0.0
2024-07-11 12:30:00-04:00,MyStrategy,174d89a395bc43d2a22564cfd7a5a6e6,SPY,buy,market,new,1,gtc,0.0,1,stock,,,
2024-07-11 12:30:00-04:00,MyStrategy,174d89a395bc43d2a22564cfd7a5a6e6,SPY,buy,market,fill,1,gtc,0.0,1,stock,561.4400024414062,1.0,0.0
2024-07-11 15:30:00-04:00,MyStrategy,c857299c1bf542d2a42b5c04239c3378,SPY,buy,market,new,1,gtc,0.0,1,stock,,,
2024-07-11 15:30:00-04:00,MyStrategy,c857299c1bf542d2a42b5c04239c3378,SPY,buy,market,fill,1,gtc,0.0,1,stock,561.4400024414062,1.0,0.0
2024-07-12 09:30:00-04:00,MyStrategy,37288f40c81d48078cd5921e60a5e7f8,SPY,buy,market,new,1,gtc,0.0,1,stock,,,
2024-07-12 09:30:00-04:00,MyStrategy,37288f40c81d48078cd5921e60a5e7f8,SPY,buy,market,fill,1,gtc,0.0,1,stock,557.6300048828125,1.0,0.0
2024-07-12 12:30:00-04:00,MyStrategy,b2445ed939fb4a33b9aa30cecff34f6c,SPY,buy,market,new,1,gtc,0.0,1,stock,,,
2024-07-12 12:30:00-04:00,MyStrategy,b2445ed939fb4a33b9aa30cecff34f6c,SPY,buy,market,fill,1,gtc,0.0,1,stock,557.6300048828125,1.0,0.0
2024-07-12 15:30:00-04:00,MyStrategy,a99df2317d694b9eaf7efeaa32e66f5f,SPY,buy,market,new,1,gtc,0.0,1,stock,,,
2024-07-12 15:30:00-04:00,MyStrategy,a99df2317d694b9eaf7efeaa32e66f5f,SPY,buy,market,fill,1,gtc,0.0,1,stock,557.6300048828125,1.0,0.0
2024-07-15 09:30:00-04:00,MyStrategy,f21aa6511def42c2bb98dd657ce9f059,SPY,buy,market,new,1,gtc,0.0,1,stock,,,
2024-07-15 09:30:00-04:00,MyStrategy,f21aa6511def42c2bb98dd657ce9f059,SPY,buy,market,fill,1,gtc,0.0,1,stock,562.030029296875,1.0,0.0
2024-07-15 12:30:00-04:00,MyStrategy,5977a6e85bda4db5ba0df5e6bf6aab7a,SPY,buy,market,new,1,gtc,0.0,1,stock,,,
2024-07-15 12:30:00-04:00,MyStrategy,5977a6e85bda4db5ba0df5e6bf6aab7a,SPY,buy,market,fill,1,gtc,0.0,1,stock,562.030029296875,1.0,0.0
2024-07-15 15:30:00-04:00,MyStrategy,28f12a58fada4309a3527392554f6b66,SPY,buy,market,new,1,gtc,0.0,1,stock,,,
2024-07-15 15:30:00-04:00,MyStrategy,28f12a58fada4309a3527392554f6b66,SPY,buy,market,fill,1,gtc,0.0,1,stock,562.030029296875,1.0,0.0
2024-07-16 09:30:00-04:00,MyStrategy,1cfa243e617a4dabb9ec7ca640c72177,SPY,buy,market,new,1,gtc,0.0,1,stock,,,
2024-07-16 09:30:00-04:00,MyStrategy,1cfa243e617a4dabb9ec7ca640c72177,SPY,buy,market,fill,1,gtc,0.0,1,stock,562.8699951171875,1.0,0.0
2024-07-16 12:30:00-04:00,MyStrategy,85249176a0fa4af4abf8cc593294611c,SPY,buy,market,new,1,gtc,0.0,1,stock,,,
2024-07-16 12:30:00-04:00,MyStrategy,85249176a0fa4af4abf8cc593294611c,SPY,buy,market,fill,1,gtc,0.0,1,stock,562.8699951171875,1.0,0.0
2024-07-16 15:30:00-04:00,MyStrategy,8187f15f42a74140af42ee016f5a4c7c,SPY,buy,market,new,1,gtc,0.0,1,stock,,,
2024-07-16 15:30:00-04:00,MyStrategy,8187f15f42a74140af42ee016f5a4c7c,SPY,buy,market,fill,1,gtc,0.0,1,stock,562.8699951171875,1.0,0.0
2024-07-17 09:30:00-04:00,MyStrategy,80f78f07a30543d784080fc3eb77617f,SPY,buy,market,new,1,gtc,0.0,1,stock,,,
2024-07-17 09:30:00-04:00,MyStrategy,80f78f07a30543d784080fc3eb77617f,SPY,buy,market,fill,1,gtc,0.0,1,stock,558.7999877929688,1.0,0.0
2024-07-17 12:30:00-04:00,MyStrategy,223d74d1c3ac4a12b65b595380e8dd70,SPY,buy,market,new,1,gtc,0.0,1,stock,,,
2024-07-17 12:30:00-04:00,MyStrategy,223d74d1c3ac4a12b65b595380e8dd70,SPY,buy,market,fill,1,gtc,0.0,1,stock,558.7999877929688,1.0,0.0
2024-07-17 15:30:00-04:00,MyStrategy,90967641c09e4082a2d5a6b0c9209e96,SPY,buy,market,new,1,gtc,0.0,1,stock,,,
2024-07-17 15:30:00-04:00,MyStrategy,90967641c09e4082a2d5a6b0c9209e96,SPY,buy,market,fill,1,gtc,0.0,1,stock,558.7999877929688,1.0,0.0
2024-07-18 09:30:00-04:00,MyStrategy,e198cebde8c2425996f9eebcb48ad2d5,SPY,buy,market,new,1,gtc,0.0,1,stock,,,
2024-07-18 09:30:00-04:00,MyStrategy,e198cebde8c2425996f9eebcb48ad2d5,SPY,buy,market,fill,1,gtc,0.0,1,stock,558.510009765625,1.0,0.0
2024-07-18 12:30:00-04:00,MyStrategy,cf140b46d7484a9095b9dba50ae1036d,SPY,buy,market,new,1,gtc,0.0,1,stock,,,
2024-07-18 12:30:00-04:00,MyStrategy,cf140b46d7484a9095b9dba50ae1036d,SPY,buy,market,fill,1,gtc,0.0,1,stock,558.510009765625,1.0,0.0
2024-07-18 15:30:00-04:00,MyStrategy,1e27b4b507334418bd8e93a7d3485366,SPY,buy,market,new,1,gtc,0.0,1,stock,,,
2024-07-18 15:30:00-04:00,MyStrategy,1e27b4b507334418bd8e93a7d3485366,SPY,buy,market,fill,1,gtc,0.0,1,stock,558.510009765625,1.0,0.0
2024-07-19 09:30:00-04:00,MyStrategy,55c2b35cd646404db3cc483d43b9d045,SPY,buy,market,new,1,gtc,0.0,1,stock,,,
2024-07-19 09:30:00-04:00,MyStrategy,55c2b35cd646404db3cc483d43b9d045,SPY,buy,market,fill,1,gtc,0.0,1,stock,552.4199829101562,1.0,0.0
2024-07-19 12:30:00-04:00,MyStrategy,eb1e0ffb2b9c40b5a0d644ba1dd4d603,SPY,buy,market,new,1,gtc,0.0,1,stock,,,
2024-07-19 12:30:00-04:00,MyStrategy,eb1e0ffb2b9c40b5a0d644ba1dd4d603,SPY,buy,market,fill,1,gtc,0.0,1,stock,552.4199829101562,1.0,0.0
2024-07-19 15:30:00-04:00,MyStrategy,bb4b54d74f9d41c4b4291b61abe99bc8,SPY,buy,market,new,1,gtc,0.0,1,stock,,,
2024-07-19 15:30:00-04:00,MyStrategy,bb4b54d74f9d41c4b4291b61abe99bc8,SPY,buy,market,fill,1,gtc,0.0,1,stock,552.4199829101562,1.0,0.0
2024-07-22 09:30:00-04:00,MyStrategy,82ca91aa09684cb080ff8630af6ee904,SPY,buy,market,new,1,gtc,0.0,1,stock,,,
2024-07-22 09:30:00-04:00,MyStrategy,82ca91aa09684cb080ff8630af6ee904,SPY,buy,market,fill,1,gtc,0.0,1,stock,553.0,1.0,0.0
2024-07-22 12:30:00-04:00,MyStrategy,28c415dc5d694bb686dd7ff6be596f22,SPY,buy,market,new,1,gtc,0.0,1,stock,,,
2024-07-22 12:30:00-04:00,MyStrategy,28c415dc5d694bb686dd7ff6be596f22,SPY,buy,market,fill,1,gtc,0.0,1,stock,553.0,1.0,0.0
2024-07-22 15:30:00-04:00,MyStrategy,b6cf7b56f9504dff9dbbf51ffb61dd0f,SPY,buy,market,new,1,gtc,0.0,1,stock,,,
2024-07-22 15:30:00-04:00,MyStrategy,b6cf7b56f9504dff9dbbf51ffb61dd0f,SPY,buy,market,fill,1,gtc,0.0,1,stock,553.0,1.0,0.0
2024-07-23 09:30:00-04:00,MyStrategy,983551740501452597f473036d1b6ceb,SPY,buy,market,new,1,gtc,0.0,1,stock,,,
2024-07-23 09:30:00-04:00,MyStrategy,983551740501452597f473036d1b6ceb,SPY,buy,market,fill,1,gtc,0.0,1,stock,554.5399780273438,1.0,0.0
2024-07-23 12:30:00-04:00,MyStrategy,0ecfed6ce4b94d01a2121e21064cf618,SPY,buy,market,new,1,gtc,0.0,1,stock,,,
2024-07-23 12:30:00-04:00,MyStrategy,0ecfed6ce4b94d01a2121e21064cf618,SPY,buy,market,fill,1,gtc,0.0,1,stock,554.5399780273438,1.0,0.0
2024-07-23 15:30:00-04:00,MyStrategy,249bd8db79dc4433bea20d8bd00d79b1,SPY,buy,market,new,1,gtc,0.0,1,stock,,,
2024-07-23 15:30:00-04:00,MyStrategy,249bd8db79dc4433bea20d8bd00d79b1,SPY,buy,market,fill,1,gtc,0.0,1,stock,554.5399780273438,1.0,0.0
2024-07-24 09:30:00-04:00,MyStrategy,9e7f9f11351e46a5abe8c0e122720669,SPY,buy,market,new,1,gtc,0.0,1,stock,,,
2024-07-24 09:30:00-04:00,MyStrategy,9e7f9f11351e46a5abe8c0e122720669,SPY,buy,market,fill,1,gtc,0.0,1,stock,548.8599853515625,1.0,0.0
2024-07-24 12:30:00-04:00,MyStrategy,21f31bf24de44a068940c56a811d0c19,SPY,buy,market,new,1,gtc,0.0,1,stock,,,
2024-07-24 12:30:00-04:00,MyStrategy,21f31bf24de44a068940c56a811d0c19,SPY,buy,market,fill,1,gtc,0.0,1,stock,548.8599853515625,1.0,0.0
2024-07-24 15:30:00-04:00,MyStrategy,99380af375f8425d8914a122b7f27460,SPY,buy,market,new,1,gtc,0.0,1,stock,,,
2024-07-24 15:30:00-04:00,MyStrategy,99380af375f8425d8914a122b7f27460,SPY,buy,market,fill,1,gtc,0.0,1,stock,548.8599853515625,1.0,0.0
2024-07-25 09:30:00-04:00,MyStrategy,d848b804fc6d4950914030023fca6e1e,SPY,buy,market,new,1,gtc,0.0,1,stock,,,
2024-07-25 09:30:00-04:00,MyStrategy,d848b804fc6d4950914030023fca6e1e,SPY,buy,market,fill,1,gtc,0.0,1,stock,541.3499755859375,1.0,0.0
2024-07-25 12:30:00-04:00,MyStrategy,d598e43835444cb588bc9268f186ac7b,SPY,buy,market,new,1,gtc,0.0,1,stock,,,
2024-07-25 12:30:00-04:00,MyStrategy,d598e43835444cb588bc9268f186ac7b,SPY,buy,market,fill,1,gtc,0.0,1,stock,541.3499755859375,1.0,0.0
2024-07-25 15:30:00-04:00,MyStrategy,69fd78d24aa74aeda4866f2422b274d6,SPY,buy,market,new,1,gtc,0.0,1,stock,,,
2024-07-25 15:30:00-04:00,MyStrategy,69fd78d24aa74aeda4866f2422b274d6,SPY,buy,market,fill,1,gtc,0.0,1,stock,541.3499755859375,1.0,0.0
2024-07-26 09:30:00-04:00,MyStrategy,9ec1061d995f4f42a5cbbb78e3da7d6a,SPY,buy,market,new,1,gtc,0.0,1,stock,,,
2024-07-26 09:30:00-04:00,MyStrategy,9ec1061d995f4f42a5cbbb78e3da7d6a,SPY,buy,market,fill,1,gtc,0.0,1,stock,542.280029296875,1.0,0.0
2024-07-26 12:30:00-04:00,MyStrategy,6feb7c83cb9c4d34bb4cd5f88605491f,SPY,buy,market,new,1,gtc,0.0,1,stock,,,
2024-07-26 12:30:00-04:00,MyStrategy,6feb7c83cb9c4d34bb4cd5f88605491f,SPY,buy,market,fill,1,gtc,0.0,1,stock,542.280029296875,1.0,0.0
2024-07-26 15:30:00-04:00,MyStrategy,6008a95a7854431a8cf175baa3f9e40f,SPY,buy,market,new,1,gtc,0.0,1,stock,,,
2024-07-26 15:30:00-04:00,MyStrategy,6008a95a7854431a8cf175baa3f9e40f,SPY,buy,market,fill,1,gtc,0.0,1,stock,542.280029296875,1.0,0.0
2024-07-29 09:30:00-04:00,MyStrategy,d87d65f088d54f6b8a5892512b705bfd,SPY,buy,market,new,1,gtc,0.0,1,stock,,,
2024-07-29 09:30:00-04:00,MyStrategy,d87d65f088d54f6b8a5892512b705bfd,SPY,buy,market,fill,1,gtc,0.0,1,stock,546.02001953125,1.0,0.0
2024-07-29 12:30:00-04:00,MyStrategy,aaa87331c20044c8adb7961855a9ea57,SPY,buy,market,new,1,gtc,0.0,1,stock,,,
2024-07-29 12:30:00-04:00,MyStrategy,aaa87331c20044c8adb7961855a9ea57,SPY,buy,market,fill,1,gtc,0.0,1,stock,546.02001953125,1.0,0.0
2024-07-29 15:30:00-04:00,MyStrategy,efb0e9a765194cb8acc1f046a51e9e23,SPY,buy,market,new,1,gtc,0.0,1,stock,,,
2024-07-29 15:30:00-04:00,MyStrategy,efb0e9a765194cb8acc1f046a51e9e23,SPY,buy,market,fill,1,gtc,0.0,1,stock,546.02001953125,1.0,0.0
2024-07-30 09:30:00-04:00,MyStrategy,b59e02c88e8540308386db7d75706634,SPY,buy,market,new,1,gtc,0.0,1,stock,,,
2024-07-30 09:30:00-04:00,MyStrategy,b59e02c88e8540308386db7d75706634,SPY,buy,market,fill,1,gtc,0.0,1,stock,546.260009765625,1.0,0.0
2024-07-30 12:30:00-04:00,MyStrategy,9e5a049e05bc456f93e78fcddd423955,SPY,buy,market,new,1,gtc,0.0,1,stock,,,
2024-07-30 12:30:00-04:00,MyStrategy,9e5a049e05bc456f93e78fcddd423955,SPY,buy,market,fill,1,gtc,0.0,1,stock,546.260009765625,1.0,0.0
2024-07-30 15:30:00-04:00,MyStrategy,967202dad311498a86905dfb2ed77b5b,SPY,buy,market,new,1,gtc,0.0,1,stock,,,
2024-07-30 15:30:00-04:00,MyStrategy,967202dad311498a86905dfb2ed77b5b,SPY,buy,market,fill,1,gtc,0.0,1,stock,546.260009765625,1.0,0.0
2024-07-31 09:30:00-04:00,MyStrategy,0792f2c939354186bf426d6665df0618,SPY,buy,market,new,1,gtc,0.0,1,stock,,,
2024-07-31 09:30:00-04:00,MyStrategy,0792f2c939354186bf426d6665df0618,SPY,buy,market,fill,1,gtc,0.0,1,stock,548.97998046875,1.0,0.0
2024-07-31 12:30:00-04:00,MyStrategy,0b73f055fa9d4df4941b7649a288a577,SPY,buy,market,new,1,gtc,0.0,1,stock,,,
2024-07-31 12:30:00-04:00,MyStrategy,0b73f055fa9d4df4941b7649a288a577,SPY,buy,market,fill,1,gtc,0.0,1,stock,548.97998046875,1.0,0.0
2024-07-31 15:30:00-04:00,MyStrategy,7f173bfbfd5d46b88b706bfd0360e10e,SPY,buy,market,new,1,gtc,0.0,1,stock,,,
2024-07-31 15:30:00-04:00,MyStrategy,7f173bfbfd5d46b88b706bfd0360e10e,SPY,buy,market,fill,1,gtc,0.0,1,stock,548.97998046875,1.0,0.0
2024-08-01 09:30:00-04:00,MyStrategy,c72cb81a1d3b4ff3b44c1478dca453d5,SPY,buy,market,new,1,gtc,0.0,1,stock,,,
2024-08-01 09:30:00-04:00,MyStrategy,c72cb81a1d3b4ff3b44c1478dca453d5,SPY,buy,market,fill,1,gtc,0.0,1,stock,552.5700073242188,1.0,0.0
2024-08-01 12:30:00-04:00,MyStrategy,734087fce096463aadb89ae28b0f0b0f,SPY,buy,market,new,1,gtc,0.0,1,stock,,,
2024-08-01 12:30:00-04:00,MyStrategy,734087fce096463aadb89ae28b0f0b0f,SPY,buy,market,fill,1,gtc,0.0,1,stock,552.5700073242188,1.0,0.0
2024-08-01 15:30:00-04:00,MyStrategy,5348dc2928074c6a9026be2908b567dd,SPY,buy,market,new,1,gtc,0.0,1,stock,,,
2024-08-01 15:30:00-04:00,MyStrategy,5348dc2928074c6a9026be2908b567dd,SPY,buy,market,fill,1,gtc,0.0,1,stock,552.5700073242188,1.0,0.0
2024-08-02 09:30:00-04:00,MyStrategy,6facea6bd3784010a208f0173e0ce555,SPY,buy,market,new,1,gtc,0.0,1,stock,,,
2024-08-02 09:30:00-04:00,MyStrategy,6facea6bd3784010a208f0173e0ce555,SPY,buy,market,fill,1,gtc,0.0,1,stock,535.75,1.0,0.0
2024-08-02 12:30:00-04:00,MyStrategy,d547cd12e2cd4e72a7b42b8aa16f9d4f,SPY,buy,market,new,1,gtc,0.0,1,stock,,,
2024-08-02 12:30:00-04:00,MyStrategy,d547cd12e2cd4e72a7b42b8aa16f9d4f,SPY,buy,market,fill,1,gtc,0.0,1,stock,535.75,1.0,0.0
2024-08-02 15:30:00-04:00,MyStrategy,1a39ff68767a4fa8b23541b4cb669f28,SPY,buy,market,new,1,gtc,0.0,1,stock,,,
2024-08-02 15:30:00-04:00,MyStrategy,1a39ff68767a4fa8b23541b4cb669f28,SPY,buy,market,fill,1,gtc,0.0,1,stock,535.75,1.0,0.0
2024-08-05 09:30:00-04:00,MyStrategy,0abeb868d6f240aeab507505f607348b,SPY,buy,market,new,1,gtc,0.0,1,stock,,,
2024-08-05 09:30:00-04:00,MyStrategy,0abeb868d6f240aeab507505f607348b,SPY,buy,market,fill,1,gtc,0.0,1,stock,511.6400146484375,1.0,0.0
2024-08-05 12:30:00-04:00,MyStrategy,e11877653f6a4178b0f77d9db306ef61,SPY,buy,market,new,1,gtc,0.0,1,stock,,,
2024-08-05 12:30:00-04:00,MyStrategy,e11877653f6a4178b0f77d9db306ef61,SPY,buy,market,fill,1,gtc,0.0,1,stock,511.6400146484375,1.0,0.0
2024-08-05 15:30:00-04:00,MyStrategy,e60ef0707efc47928c35c7bd2adcacc6,SPY,buy,market,new,1,gtc,0.0,1,stock,,,
2024-08-05 15:30:00-04:00,MyStrategy,e60ef0707efc47928c35c7bd2adcacc6,SPY,buy,market,fill,1,gtc,0.0,1,stock,511.6400146484375,1.0,0.0
2024-08-06 09:30:00-04:00,MyStrategy,0213743c6cc64b0fb91504c0ff52c185,SPY,buy,market,new,1,gtc,0.0,1,stock,,,
2024-08-06 09:30:00-04:00,MyStrategy,0213743c6cc64b0fb91504c0ff52c185,SPY,buy,market,fill,1,gtc,0.0,1,stock,519.219970703125,1.0,0.0
2024-08-06 12:30:00-04:00,MyStrategy,5ca3061981c04450a16e174f58687ff0,SPY,buy,market,new,1,gtc,0.0,1,stock,,,
2024-08-06 12:30:00-04:00,MyStrategy,5ca3061981c04450a16e174f58687ff0,SPY,buy,market,fill,1,gtc,0.0,1,stock,519.219970703125,1.0,0.0
2024-08-06 15:30:00-04:00,MyStrategy,c2968ab759c14a5d8015208281ff92d4,SPY,buy,market,new,1,gtc,0.0,1,stock,,,
2024-08-06 15:30:00-04:00,MyStrategy,c2968ab759c14a5d8015208281ff92d4,SPY,buy,market,fill,1,gtc,0.0,1,stock,519.219970703125,1.0,0.0
2024-08-07 09:30:00-04:00,MyStrategy,9f2af920206646fab6053a06ed1d8417,SPY,buy,market,new,1,gtc,0.0,1,stock,,,
2024-08-07 09:30:00-04:00,MyStrategy,9f2af920206646fab6053a06ed1d8417,SPY,buy,market,fill,1,gtc,0.0,1,stock,528.469970703125,1.0,0.0
2024-08-07 12:30:00-04:00,MyStrategy,1d0f728117e448d0b46fb5d7aaac0712,SPY,buy,market,new,1,gtc,0.0,1,stock,,,
2024-08-07 12:30:00-04:00,MyStrategy,1d0f728117e448d0b46fb5d7aaac0712,SPY,buy,market,fill,1,gtc,0.0,1,stock,528.469970703125,1.0,0.0
2024-08-07 15:30:00-04:00,MyStrategy,70a04d7bc8e94677b0e5207dd4cf0198,SPY,buy,market,new,1,gtc,0.0,1,stock,,,
2024-08-07 15:30:00-04:00,MyStrategy,70a04d7bc8e94677b0e5207dd4cf0198,SPY,buy,market,fill,1,gtc,0.0,1,stock,528.469970703125,1.0,0.0
2024-08-08 09:30:00-04:00,MyStrategy,9a2564990c5442e9a1a888e3827d3845,SPY,buy,market,new,1,gtc,0.0,1,stock,,,
2024-08-08 09:30:00-04:00,MyStrategy,9a2564990c5442e9a1a888e3827d3845,SPY,buy,market,fill,1,gtc,0.0,1,stock,523.9099731445312,1.0,0.0
2024-08-08 12:30:00-04:00,MyStrategy,144e7a20bb714645ace86572edbcadf2,SPY,buy,market,new,1,gtc,0.0,1,stock,,,
2024-08-08 12:30:00-04:00,MyStrategy,144e7a20bb714645ace86572edbcadf2,SPY,buy,market,fill,1,gtc,0.0,1,stock,523.9099731445312,1.0,0.0
2024-08-08 15:30:00-04:00,MyStrategy,c590f75d05ae42e3a2bf4f60807a1406,SPY,buy,market,new,1,gtc,0.0,1,stock,,,
2024-08-08 15:30:00-04:00,MyStrategy,c590f75d05ae42e3a2bf4f60807a1406,SPY,buy,market,fill,1,gtc,0.0,1,stock,523.9099731445312,1.0,0.0
2024-08-09 09:30:00-04:00,MyStrategy,b188cc1f85364b9e9f08ada0babcf1bf,SPY,buy,market,new,1,gtc,0.0,1,stock,,,
2024-08-09 09:30:00-04:00,MyStrategy,b188cc1f85364b9e9f08ada0babcf1bf,SPY,buy,market,fill,1,gtc,0.0,1,stock,529.8099975585938,1.0,0.0
2024-08-09 12:30:00-04:00,MyStrategy,086b8578c4d9420da57df553347b0d92,SPY,buy,market,new,1,gtc,0.0,1,stock,,,
2024-08-09 12:30:00-04:00,MyStrategy,086b8578c4d9420da57df553347b0d92,SPY,buy,market,fill,1,gtc,0.0,1,stock,529.8099975585938,1.0,0.0
2024-08-09 15:30:00-04:00,MyStrategy,707a596fe25944fc86fe55e1a160ce14,SPY,buy,market,new,1,gtc,0.0,1,stock,,,
2024-08-09 15:30:00-04:00,MyStrategy,707a596fe25944fc86fe55e1a160ce14,SPY,buy,market,fill,1,gtc,0.0,1,stock,529.8099975585938,1.0,0.0
2024-08-12 09:30:00-04:00,MyStrategy,e1de38d778da47fa9daee0190a81326e,SPY,buy,market,new,1,gtc,0.0,1,stock,,,
2024-08-12 09:30:00-04:00,MyStrategy,e1de38d778da47fa9daee0190a81326e,SPY,buy,market,fill,1,gtc,0.0,1,stock,534.2100219726562,1.0,0.0
2024-08-12 12:30:00-04:00,MyStrategy,48ae16011b564a648590e5bb86de010d,SPY,buy,market,new,1,gtc,0.0,1,stock,,,
2024-08-12 12:30:00-04:00,MyStrategy,48ae16011b564a648590e5bb86de010d,SPY,buy,market,fill,1,gtc,0.0,1,stock,534.2100219726562,1.0,0.0
2024-08-12 15:30:00-04:00,MyStrategy,fcb1914f52d34449bb46612226819c63,SPY,buy,market,new,1,gtc,0.0,1,stock,,,
2024-08-12 15:30:00-04:00,MyStrategy,fcb1914f52d34449bb46612226819c63,SPY,buy,market,fill,1,gtc,0.0,1,stock,534.2100219726562,1.0,0.0
2024-08-13 09:30:00-04:00,MyStrategy,742d5f0eaf684d99843338c064ff4805,SPY,buy,market,new,1,gtc,0.0,1,stock,,,
2024-08-13 09:30:00-04:00,MyStrategy,742d5f0eaf684d99843338c064ff4805,SPY,buy,market,fill,1,gtc,0.0,1,stock,536.530029296875,1.0,0.0
2024-08-13 12:30:00-04:00,MyStrategy,375be4b866244f55a3224aef4b026c2b,SPY,buy,market,new,1,gtc,0.0,1,stock,,,
2024-08-13 12:30:00-04:00,MyStrategy,375be4b866244f55a3224aef4b026c2b,SPY,buy,market,fill,1,gtc,0.0,1,stock,536.530029296875,1.0,0.0
2024-08-13 15:30:00-04:00,MyStrategy,a911a497eb8b4b01b8cd1327273cb9fa,SPY,buy,market,new,1,gtc,0.0,1,stock,,,
2024-08-13 15:30:00-04:00,MyStrategy,a911a497eb8b4b01b8cd1327273cb9fa,SPY,buy,market,fill,1,gtc,0.0,1,stock,536.530029296875,1.0,0.0
2024-08-14 09:30:00-04:00,MyStrategy,2b5b315032ae4978b8436f9aee301794,SPY,buy,market,new,1,gtc,0.0,1,stock,,,
2024-08-14 09:30:00-04:00,MyStrategy,2b5b315032ae4978b8436f9aee301794,SPY,buy,market,fill,1,gtc,0.0,1,stock,542.8499755859375,1.0,0.0
2024-08-14 12:30:00-04:00,MyStrategy,f45dda476b4b490785af836e332a4945,SPY,buy,market,new,1,gtc,0.0,1,stock,,,
2024-08-14 12:30:00-04:00,MyStrategy,f45dda476b4b490785af836e332a4945,SPY,buy,market,fill,1,gtc,0.0,1,stock,542.8499755859375,1.0,0.0
2024-08-14 15:30:00-04:00,MyStrategy,2cabe88bab9f4e0e80aa547aebe26faa,SPY,buy,market,new,1,gtc,0.0,1,stock,,,
2024-08-14 15:30:00-04:00,MyStrategy,2cabe88bab9f4e0e80aa547aebe26faa,SPY,buy,market,fill,1,gtc,0.0,1,stock,542.8499755859375,1.0,0.0
2024-08-15 09:30:00-04:00,MyStrategy,735122998e674849913322d109547d09,SPY,buy,market,new,1,gtc,0.0,1,stock,,,
2024-08-15 09:30:00-04:00,MyStrategy,735122998e674849913322d109547d09,SPY,buy,market,fill,1,gtc,0.0,1,stock,549.5,1.0,0.0
2024-08-15 12:30:00-04:00,MyStrategy,ea4c1cd8dc524fc3bdafa0df4a65a8b6,SPY,buy,market,new,1,gtc,0.0,1,stock,,,
2024-08-15 12:30:00-04:00,MyStrategy,ea4c1cd8dc524fc3bdafa0df4a65a8b6,SPY,buy,market,fill,1,gtc,0.0,1,stock,549.5,1.0,0.0
2024-08-15 15:30:00-04:00,MyStrategy,babfc175a3f7494db302a34327abdff4,SPY,buy,market,new,1,gtc,0.0,1,stock,,,
2024-08-15 15:30:00-04:00,MyStrategy,babfc175a3f7494db302a34327abdff4,SPY,buy,market,fill,1,gtc,0.0,1,stock,549.5,1.0,0.0
2024-08-16 09:30:00-04:00,MyStrategy,f00f1047fa104e9884eb4d1e7c008383,SPY,buy,market,new,1,gtc,0.0,1,stock,,,
2024-08-16 09:30:00-04:00,MyStrategy,f00f1047fa104e9884eb4d1e7c008383,SPY,buy,market,fill,1,gtc,0.0,1,stock,551.4199829101562,1.0,0.0
2024-08-16 12:30:00-04:00,MyStrategy,2cc47a9e21254af599be5c95c4fa73c9,SPY,buy,market,new,1,gtc,0.0,1,stock,,,
2024-08-16 12:30:00-04:00,MyStrategy,2cc47a9e21254af599be5c95c4fa73c9,SPY,buy,market,fill,1,gtc,0.0,1,stock,551.4199829101562,1.0,0.0
2024-08-16 15:30:00-04:00,MyStrategy,646c5a08a53a4b60b5f78e78c338fb95,SPY,buy,market,new,1,gtc,0.0,1,stock,,,
2024-08-16 15:30:00-04:00,MyStrategy,646c5a08a53a4b60b5f78e78c338fb95,SPY,buy,market,fill,1,gtc,0.0,1,stock,551.4199829101562,1.0,0.0
2024-08-19 09:30:00-04:00,MyStrategy,54588ec45bd34da093fdf5afff829cd1,SPY,buy,market,new,1,gtc,0.0,1,stock,,,
2024-08-19 09:30:00-04:00,MyStrategy,54588ec45bd34da093fdf5afff829cd1,SPY,buy,market,fill,1,gtc,0.0,1,stock,554.72998046875,1.0,0.0
2024-08-19 12:30:00-04:00,MyStrategy,4043310e1e98435eb1c6b11dbe721d52,SPY,buy,market,new,1,gtc,0.0,1,stock,,,
2024-08-19 12:30:00-04:00,MyStrategy,4043310e1e98435eb1c6b11dbe721d52,SPY,buy,market,fill,1,gtc,0.0,1,stock,554.72998046875,1.0,0.0
2024-08-19 15:30:00-04:00,MyStrategy,d7f49ff6e62d45269ee08dee726e6f63,SPY,buy,market,new,1,gtc,0.0,1,stock,,,
2024-08-19 15:30:00-04:00,MyStrategy,d7f49ff6e62d45269ee08dee726e6f63,SPY,buy,market,fill,1,gtc,0.0,1,stock,554.72998046875,1.0,0.0
2024-08-20 09:30:00-04:00,MyStrategy,fc4e20296a344eec89d1bbf27524d610,SPY,buy,market,new,1,gtc,0.0,1,stock,,,
2024-08-20 09:30:00-04:00,MyStrategy,fc4e20296a344eec89d1bbf27524d610,SPY,buy,market,fill,1,gtc,0.0,1,stock,559.1500244140625,1.0,0.0
2024-08-20 12:30:00-04:00,MyStrategy,e4b24f8596d44166b73b12c99ff4ac5b,SPY,buy,market,new,1,gtc,0.0,1,stock,,,
2024-08-20 12:30:00-04:00,MyStrategy,e4b24f8596d44166b73b12c99ff4ac5b,SPY,buy,market,fill,1,gtc,0.0,1,stock,559.1500244140625,1.0,0.0
2024-08-20 15:30:00-04:00,MyStrategy,3e7fa5f70b26413dacfe46254175bac0,SPY,buy,market,new,1,gtc,0.0,1,stock,,,
2024-08-20 15:30:00-04:00,MyStrategy,3e7fa5f70b26413dacfe46254175bac0,SPY,buy,market,fill,1,gtc,0.0,1,stock,559.1500244140625,1.0,0.0
2024-08-21 09:30:00-04:00,MyStrategy,0ef1fb16bbe248f6b1460eac67500e00,SPY,buy,market,new,1,gtc,0.0,1,stock,,,
2024-08-21 09:30:00-04:00,MyStrategy,0ef1fb16bbe248f6b1460eac67500e00,SPY,buy,market,fill,1,gtc,0.0,1,stock,559.77001953125,1.0,0.0
2024-08-21 12:30:00-04:00,MyStrategy,42e76bae0ff244b797853e95f61da10e,SPY,buy,market,new,1,gtc,0.0,1,stock,,,
2024-08-21 12:30:00-04:00,MyStrategy,42e76bae0ff244b797853e95f61da10e,SPY,buy,market,fill,1,gtc,0.0,1,stock,559.77001953125,1.0,0.0
2024-08-21 15:30:00-04:00,MyStrategy,a938e3d5fdb54516990d23a43a4cab4d,SPY,buy,market,new,1,gtc,0.0,1,stock,,,
2024-08-21 15:30:00-04:00,MyStrategy,a938e3d5fdb54516990d23a43a4cab4d,SPY,buy,market,fill,1,gtc,0.0,1,stock,559.77001953125,1.0,0.0
2024-08-22 09:30:00-04:00,MyStrategy,d9e9664fbd6b49e28d2ef416776f4fd7,SPY,buy,market,new,1,gtc,0.0,1,stock,,,
2024-08-22 09:30:00-04:00,MyStrategy,d9e9664fbd6b49e28d2ef416776f4fd7,SPY,buy,market,fill,1,gtc,0.0,1,stock,562.5599975585938,1.0,0.0
2024-08-22 12:30:00-04:00,MyStrategy,9743572020d2403e8262f6e7dc9f8517,SPY,buy,market,new,1,gtc,0.0,1,stock,,,
2024-08-22 12:30:00-04:00,MyStrategy,9743572020d2403e8262f6e7dc9f8517,SPY,buy,market,fill,1,gtc,0.0,1,stock,562.5599975585938,1.0,0.0
2024-08-22 15:30:00-04:00,MyStrategy,07da70beef3148ba9fa847ebaec15913,SPY,buy,market,new,1,gtc,0.0,1,stock,,,
2024-08-22 15:30:00-04:00,MyStrategy,07da70beef3148ba9fa847ebaec15913,SPY,buy,market,fill,1,gtc,0.0,1,stock,562.5599975585938,1.0,0.0
2024-08-23 09:30:00-04:00,MyStrategy,3b28b8d0d6204be5be54c422b98e4f75,SPY,buy,market,new,1,gtc,0.0,1,stock,,,
2024-08-23 09:30:00-04:00,MyStrategy,3b28b8d0d6204be5be54c422b98e4f75,SPY,buy,market,fill,1,gtc,0.0,1,stock,559.530029296875,1.0,0.0
2024-08-23 12:30:00-04:00,MyStrategy,2fd0605fa6b84b09abafbb3559af0e01,SPY,buy,market,new,1,gtc,0.0,1,stock,,,
2024-08-23 12:30:00-04:00,MyStrategy,2fd0605fa6b84b09abafbb3559af0e01,SPY,buy,market,fill,1,gtc,0.0,1,stock,559.530029296875,1.0,0.0
2024-08-23 15:30:00-04:00,MyStrategy,e73c15ba8190487997f64d641a22cf3d,SPY,buy,market,new,1,gtc,0.0,1,stock,,,
2024-08-23 15:30:00-04:00,MyStrategy,e73c15ba8190487997f64d641a22cf3d,SPY,buy,market,fill,1,gtc,0.0,1,stock,559.530029296875,1.0,0.0
2024-08-26 09:30:00-04:00,MyStrategy,0f62b76f29ca47c0b45fe4381d660017,SPY,buy,market,new,1,gtc,0.0,1,stock,,,
2024-08-26 09:30:00-04:00,MyStrategy,0f62b76f29ca47c0b45fe4381d660017,SPY,buy,market,fill,1,gtc,0.0,1,stock,563.1799926757812,1.0,0.0
2024-08-26 12:30:00-04:00,MyStrategy,40b7e8fd30c04dcb8932aa1134eb1419,SPY,buy,market,new,1,gtc,0.0,1,stock,,,
2024-08-26 12:30:00-04:00,MyStrategy,40b7e8fd30c04dcb8932aa1134eb1419,SPY,buy,market,fill,1,gtc,0.0,1,stock,563.1799926757812,1.0,0.0
2024-08-26 15:30:00-04:00,MyStrategy,bfabc3e33f4c4468ae7a3ba7c9736848,SPY,buy,market,new,1,gtc,0.0,1,stock,,,
2024-08-26 15:30:00-04:00,MyStrategy,bfabc3e33f4c4468ae7a3ba7c9736848,SPY,buy,market,fill,1,gtc,0.0,1,stock,563.1799926757812,1.0,0.0
2024-08-27 09:30:00-04:00,MyStrategy,29c79d150b394cf0989a074f47ec21ab,SPY,buy,market,new,1,gtc,0.0,1,stock,,,
2024-08-27 09:30:00-04:00,MyStrategy,29c79d150b394cf0989a074f47ec21ab,SPY,buy,market,fill,1,gtc,0.0,1,stock,559.489990234375,1.0,0.0
2024-08-27 12:30:00-04:00,MyStrategy,0609ea0895414a408628d9792d01d6d4,SPY,buy,market,new,1,gtc,0.0,1,stock,,,
2024-08-27 12:30:00-04:00,MyStrategy,0609ea0895414a408628d9792d01d6d4,SPY,buy,market,fill,1,gtc,0.0,1,stock,559.489990234375,1.0,0.0
2024-08-27 15:30:00-04:00,MyStrategy,16ebc85a77754f1fbf408b58cfb1ec02,SPY,buy,market,new,1,gtc,0.0,1,stock,,,
2024-08-27 15:30:00-04:00,MyStrategy,16ebc85a77754f1fbf408b58cfb1ec02,SPY,buy,market,fill,1,gtc,0.0,1,stock,559.489990234375,1.0,0.0
2024-08-28 09:30:00-04:00,MyStrategy,01a9995bed5e47c7a593ddbb444b3831,SPY,buy,market,new,1,gtc,0.0,1,stock,,,
2024-08-28 09:30:00-04:00,MyStrategy,01a9995bed5e47c7a593ddbb444b3831,SPY,buy,market,fill,1,gtc,0.0,1,stock,561.2100219726562,1.0,0.0
2024-08-28 12:30:00-04:00,MyStrategy,caa31925cb164b8aba08925e55fbf0bf,SPY,buy,market,new,1,gtc,0.0,1,stock,,,
2024-08-28 12:30:00-04:00,MyStrategy,caa31925cb164b8aba08925e55fbf0bf,SPY,buy,market,fill,1,gtc,0.0,1,stock,561.2100219726562,1.0,0.0
2024-08-28 15:30:00-04:00,MyStrategy,b99336f61df744e6a63ed683dd2dcdd9,SPY,buy,market,new,1,gtc,0.0,1,stock,,,
2024-08-28 15:30:00-04:00,MyStrategy,b99336f61df744e6a63ed683dd2dcdd9,SPY,buy,market,fill,1,gtc,0.0,1,stock,561.2100219726562,1.0,0.0
2024-08-29 09:30:00-04:00,MyStrategy,ac7c9347310a49ea891c753513e4e302,SPY,buy,market,new,1,gtc,0.0,1,stock,,,
2024-08-29 09:30:00-04:00,MyStrategy,ac7c9347310a49ea891c753513e4e302,SPY,buy,market,fill,1,gtc,0.0,1,stock,560.3099975585938,1.0,0.0
2024-08-29 12:30:00-04:00,MyStrategy,cbc541e373454c3d86bf4897956763ec,SPY,buy,market,new,1,gtc,0.0,1,stock,,,
2024-08-29 12:30:00-04:00,MyStrategy,cbc541e373454c3d86bf4897956763ec,SPY,buy,market,fill,1,gtc,0.0,1,stock,560.3099975585938,1.0,0.0
2024-08-29 15:30:00-04:00,MyStrategy,fc8a369f7b544c6eb5e064a64a8abe7e,SPY,buy,market,new,1,gtc,0.0,1,stock,,,
2024-08-29 15:30:00-04:00,MyStrategy,fc8a369f7b544c6eb5e064a64a8abe7e,SPY,buy,market,fill,1,gtc,0.0,1,stock,560.3099975585938,1.0,0.0
2024-08-30 09:30:00-04:00,MyStrategy,2d2cbe05d59c4f14a4c8ad37dab1533b,SPY,buy,market,new,1,gtc,0.0,1,stock,,,
2024-08-30 09:30:00-04:00,MyStrategy,2d2cbe05d59c4f14a4c8ad37dab1533b,SPY,buy,market,fill,1,gtc,0.0,1,stock,560.77001953125,1.0,0.0
2024-08-30 12:30:00-04:00,MyStrategy,e4b1a1993b074060acf19074833ab298,SPY,buy,market,new,1,gtc,0.0,1,stock,,,
2024-08-30 12:30:00-04:00,MyStrategy,e4b1a1993b074060acf19074833ab298,SPY,buy,market,fill,1,gtc,0.0,1,stock,560.77001953125,1.0,0.0
2024-08-30 15:30:00-04:00,MyStrategy,4ddfb473331e448ebde0aca1863a5edd,SPY,buy,market,new,1,gtc,0.0,1,stock,,,
2024-08-30 15:30:00-04:00,MyStrategy,4ddfb473331e448ebde0aca1863a5edd,SPY,buy,market,fill,1,gtc,0.0,1,stock,560.77001953125,1.0,0.0
2024-09-03 09:30:00-04:00,MyStrategy,8f2ee56e19d84b8882b3ab31bcb15907,SPY,buy,market,new,1,gtc,0.0,1,stock,,,
2024-09-03 09:30:00-04:00,MyStrategy,8f2ee56e19d84b8882b3ab31bcb15907,SPY,buy,market,fill,1,gtc,0.0,1,stock,560.469970703125,1.0,0.0
2024-09-03 12:30:00-04:00,MyStrategy,9093b34dbaff43f280cd1ec6a8072c3f,SPY,buy,market,new,1,gtc,0.0,1,stock,,,
2024-09-03 12:30:00-04:00,MyStrategy,9093b34dbaff43f280cd1ec6a8072c3f,SPY,buy,market,fill,1,gtc,0.0,1,stock,560.469970703125,1.0,0.0
2024-09-03 15:30:00-04:00,MyStrategy,15bbe256302246898a5efdc6afa06610,SPY,buy,market,new,1,gtc,0.0,1,stock,,,
2024-09-03 15:30:00-04:00,MyStrategy,15bbe256302246898a5efdc6afa06610,SPY,buy,market,fill,1,gtc,0.0,1,stock,560.469970703125,1.0,0.0
2024-09-04 09:30:00-04:00,MyStrategy,d87065e55123417889751b053947ee85,SPY,buy,market,new,1,gtc,0.0,1,stock,,,
2024-09-04 09:30:00-04:00,MyStrategy,d87065e55123417889751b053947ee85,SPY,buy,market,fill,1,gtc,0.0,1,stock,550.2000122070312,1.0,0.0
2024-09-04 12:30:00-04:00,MyStrategy,54894d9cb3704ba59faf9c6c4327d686,SPY,buy,market,new,1,gtc,0.0,1,stock,,,
2024-09-04 12:30:00-04:00,MyStrategy,54894d9cb3704ba59faf9c6c4327d686,SPY,buy,market,fill,1,gtc,0.0,1,stock,550.2000122070312,1.0,0.0
2024-09-04 15:30:00-04:00,MyStrategy,6a32f120964543f08f7500ad96c9c6dc,SPY,buy,market,new,1,gtc,0.0,1,stock,,,
2024-09-04 15:30:00-04:00,MyStrategy,6a32f120964543f08f7500ad96c9c6dc,SPY,buy,market,fill,1,gtc,0.0,1,stock,550.2000122070312,1.0,0.0
2024-09-05 09:30:00-04:00,MyStrategy,a14d15db7a9d4e90ab507c389d5f217e,SPY,buy,market,new,1,gtc,0.0,1,stock,,,
2024-09-05 09:30:00-04:00,MyStrategy,a14d15db7a9d4e90ab507c389d5f217e,SPY,buy,market,fill,1,gtc,0.0,1,stock,550.8900146484375,1.0,0.0
2024-09-05 12:30:00-04:00,MyStrategy,03e19a5b7eb742b7a026c4cac43135b5,SPY,buy,market,new,1,gtc,0.0,1,stock,,,
2024-09-05 12:30:00-04:00,MyStrategy,03e19a5b7eb742b7a026c4cac43135b5,SPY,buy,market,fill,1,gtc,0.0,1,stock,550.8900146484375,1.0,0.0
2024-09-05 15:30:00-04:00,MyStrategy,916bf351a3094926962b05e75beb65fe,SPY,buy,market,new,1,gtc,0.0,1,stock,,,
2024-09-05 15:30:00-04:00,MyStrategy,916bf351a3094926962b05e75beb65fe,SPY,buy,market,fill,1,gtc,0.0,1,stock,550.8900146484375,1.0,0.0
2024-09-06 09:30:00-04:00,MyStrategy,d2e5b0dd2d93489ba3c63727afb6f81a,SPY,buy,market,new,1,gtc,0.0,1,stock,,,
2024-09-06 09:30:00-04:00,MyStrategy,d2e5b0dd2d93489ba3c63727afb6f81a,SPY,buy,market,fill,1,gtc,0.0,1,stock,549.9400024414062,1.0,0.0
2024-09-06 12:30:00-04:00,MyStrategy,2781c5d877084b889321f86f25d892cd,SPY,buy,market,new,1,gtc,0.0,1,stock,,,
2024-09-06 12:30:00-04:00,MyStrategy,2781c5d877084b889321f86f25d892cd,SPY,buy,market,fill,1,gtc,0.0,1,stock,549.9400024414062,1.0,0.0
2024-09-06 15:30:00-04:00,MyStrategy,93ca708aa8d446539498570bb2891ecd,SPY,buy,market,new,1,gtc,0.0,1,stock,,,
2024-09-06 15:30:00-04:00,MyStrategy,93ca708aa8d446539498570bb2891ecd,SPY,buy,market,fill,1,gtc,0.0,1,stock,549.9400024414062,1.0,0.0
2024-09-09 09:30:00-04:00,MyStrategy,71bac64927d74d43b1d2700eea62f96d,SPY,buy,market,new,1,gtc,0.0,1,stock,,,
2024-09-09 09:30:00-04:00,MyStrategy,71bac64927d74d43b1d2700eea62f96d,SPY,buy,market,fill,1,gtc,0.0,1,stock,544.6500244140625,1.0,0.0
2024-09-09 12:30:00-04:00,MyStrategy,88345b3d44dc4a2a8beef5e4a15a956c,SPY,buy,market,new,1,gtc,0.0,1,stock,,,
2024-09-09 12:30:00-04:00,MyStrategy,88345b3d44dc4a2a8beef5e4a15a956c,SPY,buy,market,fill,1,gtc,0.0,1,stock,544.6500244140625,1.0,0.0
2024-09-09 15:30:00-04:00,MyStrategy,1bb1c4e2e6714f75887a08e90b873e67,SPY,buy,market,new,1,gtc,0.0,1,stock,,,
2024-09-09 15:30:00-04:00,MyStrategy,1bb1c4e2e6714f75887a08e90b873e67,SPY,buy,market,fill,1,gtc,0.0,1,stock,544.6500244140625,1.0,0.0
2024-09-10 09:30:00-04:00,MyStrategy,40c2ec5a737349eea5abb8bc936307b8,SPY,buy,market,new,1,gtc,0.0,1,stock,,,
2024-09-10 09:30:00-04:00,MyStrategy,40c2ec5a737349eea5abb8bc936307b8,SPY,buy,market,fill,1,gtc,0.0,1,stock,548.3599853515625,1.0,0.0
2024-09-10 12:30:00-04:00,MyStrategy,bdb6bfbfc45c4f6293defaf6ae920c5a,SPY,buy,market,new,1,gtc,0.0,1,stock,,,
2024-09-10 12:30:00-04:00,MyStrategy,bdb6bfbfc45c4f6293defaf6ae920c5a,SPY,buy,market,fill,1,gtc,0.0,1,stock,548.3599853515625,1.0,0.0
2024-09-10 15:30:00-04:00,MyStrategy,c436f50c39e14b9aa6acc5eb527ee7bd,SPY,buy,market,new,1,gtc,0.0,1,stock,,,
2024-09-10 15:30:00-04:00,MyStrategy,c436f50c39e14b9aa6acc5eb527ee7bd,SPY,buy,market,fill,1,gtc,0.0,1,stock,548.3599853515625,1.0,0.0
2024-09-11 09:30:00-04:00,MyStrategy,0d5463211f4c44b9917969bb156b3efd,SPY,buy,market,new,1,gtc,0.0,1,stock,,,
2024-09-11 09:30:00-04:00,MyStrategy,0d5463211f4c44b9917969bb156b3efd,SPY,buy,market,fill,1,gtc,0.0,1,stock,548.7000122070312,1.0,0.0
2024-09-11 12:30:00-04:00,MyStrategy,c2fb5a532b39456a92449d3990a8a390,SPY,buy,market,new,1,gtc,0.0,1,stock,,,
2024-09-11 12:30:00-04:00,MyStrategy,c2fb5a532b39456a92449d3990a8a390,SPY,buy,market,fill,1,gtc,0.0,1,stock,548.7000122070312,1.0,0.0
2024-09-11 15:30:00-04:00,MyStrategy,ddc5c4127fe44fc798de9834c1faa753,SPY,buy,market,new,1,gtc,0.0,1,stock,,,
2024-09-11 15:30:00-04:00,MyStrategy,ddc5c4127fe44fc798de9834c1faa753,SPY,buy,market,fill,1,gtc,0.0,1,stock,548.7000122070312,1.0,0.0
2024-09-12 09:30:00-04:00,MyStrategy,e5036327a1a94330b324c3772da1d759,SPY,buy,market,new,1,gtc,0.0,1,stock,,,
2024-09-12 09:30:00-04:00,MyStrategy,e5036327a1a94330b324c3772da1d759,SPY,buy,market,fill,1,gtc,0.0,1,stock,555.010009765625,1.0,0.0
2024-09-12 12:30:00-04:00,MyStrategy,ac485a8a11af4c0192e7d615f2961f61,SPY,buy,market,new,1,gtc,0.0,1,stock,,,
2024-09-12 12:30:00-04:00,MyStrategy,ac485a8a11af4c0192e7d615f2961f61,SPY,buy,market,fill,1,gtc,0.0,1,stock,555.010009765625,1.0,0.0
2024-09-12 15:30:00-04:00,MyStrategy,6ec5b450926148eab97983c8b1900171,SPY,buy,market,new,1,gtc,0.0,1,stock,,,
2024-09-12 15:30:00-04:00,MyStrategy,6ec5b450926148eab97983c8b1900171,SPY,buy,market,fill,1,gtc,0.0,1,stock,555.010009765625,1.0,0.0
2024-09-13 09:30:00-04:00,MyStrategy,6eff0d31a40f45e6ac703a73a0910a65,SPY,buy,market,new,1,gtc,0.0,1,stock,,,
2024-09-13 09:30:00-04:00,MyStrategy,6eff0d31a40f45e6ac703a73a0910a65,SPY,buy,market,fill,1,gtc,0.0,1,stock,559.7100219726562,1.0,0.0
2024-09-13 12:30:00-04:00,MyStrategy,6248a2469ae840af994b131fc5e6cdde,SPY,buy,market,new,1,gtc,0.0,1,stock,,,
2024-09-13 12:30:00-04:00,MyStrategy,6248a2469ae840af994b131fc5e6cdde,SPY,buy,market,fill,1,gtc,0.0,1,stock,559.7100219726562,1.0,0.0
2024-09-13 15:30:00-04:00,MyStrategy,ccb5d11ee9504cbfa75f12a6ccb81b1d,SPY,buy,market,new,1,gtc,0.0,1,stock,,,
2024-09-13 15:30:00-04:00,MyStrategy,ccb5d11ee9504cbfa75f12a6ccb81b1d,SPY,buy,market,fill,1,gtc,0.0,1,stock,559.7100219726562,1.0,0.0
2024-09-16 09:30:00-04:00,MyStrategy,b88369abd0f14c2ca4dc5cc5ffd2db35,SPY,buy,market,new,1,gtc,0.0,1,stock,,,
2024-09-16 09:30:00-04:00,MyStrategy,b88369abd0f14c2ca4dc5cc5ffd2db35,SPY,buy,market,fill,1,gtc,0.0,1,stock,561.739990234375,1.0,0.0
2024-09-16 12:30:00-04:00,MyStrategy,e8b6677612474a90918f4b74dd78de90,SPY,buy,market,new,1,gtc,0.0,1,stock,,,
2024-09-16 12:30:00-04:00,MyStrategy,e8b6677612474a90918f4b74dd78de90,SPY,buy,market,fill,1,gtc,0.0,1,stock,561.739990234375,1.0,0.0
2024-09-16 15:30:00-04:00,MyStrategy,7fbd1cd51e2f4dcd8c5e95497a501079,SPY,buy,market,new,1,gtc,0.0,1,stock,,,
2024-09-16 15:30:00-04:00,MyStrategy,7fbd1cd51e2f4dcd8c5e95497a501079,SPY,buy,market,fill,1,gtc,0.0,1,stock,561.739990234375,1.0,0.0
2024-09-17 09:30:00-04:00,MyStrategy,54b0cac72f844dd0a99382073c8c7510,SPY,buy,market,new,1,gtc,0.0,1,stock,,,
2024-09-17 09:30:00-04:00,MyStrategy,54b0cac72f844dd0a99382073c8c7510,SPY,buy,market,fill,1,gtc,0.0,1,stock,565.0999755859375,1.0,0.0
2024-09-17 12:30:00-04:00,MyStrategy,734c0393b3ef4761955c15bb7afff080,SPY,buy,market,new,1,gtc,0.0,1,stock,,,
2024-09-17 12:30:00-04:00,MyStrategy,734c0393b3ef4761955c15bb7afff080,SPY,buy,market,fill,1,gtc,0.0,1,stock,565.0999755859375,1.0,0.0
2024-09-17 15:30:00-04:00,MyStrategy,5e8cf1e960504021b8a7661b8a0264f8,SPY,buy,market,new,1,gtc,0.0,1,stock,,,
2024-09-17 15:30:00-04:00,MyStrategy,5e8cf1e960504021b8a7661b8a0264f8,SPY,buy,market,fill,1,gtc,0.0,1,stock,565.0999755859375,1.0,0.0
2024-09-18 09:30:00-04:00,MyStrategy,8377f6fea5704406b1d171c2967ee857,SPY,buy,market,new,1,gtc,0.0,1,stock,,,
2024-09-18 09:30:00-04:00,MyStrategy,8377f6fea5704406b1d171c2967ee857,SPY,buy,market,fill,1,gtc,0.0,1,stock,563.739990234375,1.0,0.0
2024-09-18 12:30:00-04:00,MyStrategy,39c3f15805cb4c2d8260f69a03cfea71,SPY,buy,market,new,1,gtc,0.0,1,stock,,,
2024-09-18 12:30:00-04:00,MyStrategy,39c3f15805cb4c2d8260f69a03cfea71,SPY,buy,market,fill,1,gtc,0.0,1,stock,563.739990234375,1.0,0.0
2024-09-18 15:30:00-04:00,MyStrategy,3bf7e59b59c74aa6b3005612458059f5,SPY,buy,market,new,1,gtc,0.0,1,stock,,,
2024-09-18 15:30:00-04:00,MyStrategy,3bf7e59b59c74aa6b3005612458059f5,SPY,buy,market,fill,1,gtc,0.0,1,stock,563.739990234375,1.0,0.0
2024-09-19 09:30:00-04:00,MyStrategy,84e7b692b83947bb94e316f7404d3581,SPY,buy,market,new,1,gtc,0.0,1,stock,,,
2024-09-19 09:30:00-04:00,MyStrategy,84e7b692b83947bb94e316f7404d3581,SPY,buy,market,fill,1,gtc,0.0,1,stock,571.010009765625,1.0,0.0
2024-09-19 12:30:00-04:00,MyStrategy,6a888ffdc67b41e8a040c9b9e965b832,SPY,buy,market,new,1,gtc,0.0,1,stock,,,
2024-09-19 12:30:00-04:00,MyStrategy,6a888ffdc67b41e8a040c9b9e965b832,SPY,buy,market,fill,1,gtc,0.0,1,stock,571.010009765625,1.0,0.0
2024-09-19 15:30:00-04:00,MyStrategy,80ccb3c132914fffb31f401acb83cc99,SPY,buy,market,new,1,gtc,0.0,1,stock,,,
2024-09-19 15:30:00-04:00,MyStrategy,80ccb3c132914fffb31f401acb83cc99,SPY,buy,market,fill,1,gtc,0.0,1,stock,571.010009765625,1.0,0.0
2024-09-20 09:30:00-04:00,MyStrategy,9fb4a1f67e254f8ab66b40bc4671a37c,SPY,buy,market,new,1,gtc,0.0,1,stock,,,
2024-09-20 09:30:00-04:00,MyStrategy,9fb4a1f67e254f8ab66b40bc4671a37c,SPY,buy,market,fill,1,gtc,0.0,1,stock,567.8400268554688,1.0,0.0
2024-09-20 12:30:00-04:00,MyStrategy,d89e2a45ae08420895686da1e1431213,SPY,buy,market,new,1,gtc,0.0,1,stock,,,
2024-09-20 12:30:00-04:00,MyStrategy,d89e2a45ae08420895686da1e1431213,SPY,buy,market,fill,1,gtc,0.0,1,stock,567.8400268554688,1.0,0.0
2024-09-20 15:30:00-04:00,MyStrategy,56d88cbca06943e2909fed40fdcd6709,SPY,buy,market,new,1,gtc,0.0,1,stock,,,
2024-09-20 15:30:00-04:00,MyStrategy,56d88cbca06943e2909fed40fdcd6709,SPY,buy,market,fill,1,gtc,0.0,1,stock,567.8400268554688,1.0,0.0
2024-09-23 09:30:00-04:00,MyStrategy,81d3518395a24a938e3437f7e4bbcbf3,SPY,buy,market,new,1,gtc,0.0,1,stock,,,
2024-09-23 09:30:00-04:00,MyStrategy,81d3518395a24a938e3437f7e4bbcbf3,SPY,buy,market,fill,1,gtc,0.0,1,stock,569.3400268554688,1.0,0.0
2024-09-23 12:30:00-04:00,MyStrategy,6a616049ec9b4fa09db6dab2b13f3a48,SPY,buy,market,new,1,gtc,0.0,1,stock,,,
2024-09-23 12:30:00-04:00,MyStrategy,6a616049ec9b4fa09db6dab2b13f3a48,SPY,buy,market,fill,1,gtc,0.0,1,stock,569.3400268554688,1.0,0.0
2024-09-23 15:30:00-04:00,MyStrategy,7a4659fc437142438797b4a51547ef97,SPY,buy,market,new,1,gtc,0.0,1,stock,,,
2024-09-23 15:30:00-04:00,MyStrategy,7a4659fc437142438797b4a51547ef97,SPY,buy,market,fill,1,gtc,0.0,1,stock,569.3400268554688,1.0,0.0
2024-09-24 09:30:00-04:00,MyStrategy,90c8bb59c8674d83862901fb4ff49338,SPY,buy,market,new,1,gtc,0.0,1,stock,,,
2024-09-24 09:30:00-04:00,MyStrategy,90c8bb59c8674d83862901fb4ff49338,SPY,buy,market,fill,1,gtc,0.0,1,stock,570.47998046875,1.0,0.0
2024-09-24 12:30:00-04:00,MyStrategy,8a6dd1dcc71b4d25975a431b58c7964a,SPY,buy,market,new,1,gtc,0.0,1,stock,,,
2024-09-24 12:30:00-04:00,MyStrategy,8a6dd1dcc71b4d25975a431b58c7964a,SPY,buy,market,fill,1,gtc,0.0,1,stock,570.47998046875,1.0,0.0
2024-09-24 15:30:00-04:00,MyStrategy,8ffc170cadb74f559548497fcb68d04d,SPY,buy,market,new,1,gtc,0.0,1,stock,,,
2024-09-24 15:30:00-04:00,MyStrategy,8ffc170cadb74f559548497fcb68d04d,SPY,buy,market,fill,1,gtc,0.0,1,stock,570.47998046875,1.0,0.0
2024-09-25 09:30:00-04:00,MyStrategy,44daa090e86e4861abdabd9c65ab423c,SPY,buy,market,new,1,gtc,0.0,1,stock,,,
2024-09-25 09:30:00-04:00,MyStrategy,44daa090e86e4861abdabd9c65ab423c,SPY,buy,market,fill,1,gtc,0.0,1,stock,571.1400146484375,1.0,0.0
2024-09-25 12:30:00-04:00,MyStrategy,50cc7d55124a4ae1ab367b1d3bc62cbb,SPY,buy,market,new,1,gtc,0.0,1,stock,,,
2024-09-25 12:30:00-04:00,MyStrategy,50cc7d55124a4ae1ab367b1d3bc62cbb,SPY,buy,market,fill,1,gtc,0.0,1,stock,571.1400146484375,1.0,0.0
2024-09-25 15:30:00-04:00,MyStrategy,01993b4abfc7462490df2830b95292a4,SPY,buy,market,new,1,gtc,0.0,1,stock,,,
2024-09-25 15:30:00-04:00,MyStrategy,01993b4abfc7462490df2830b95292a4,SPY,buy,market,fill,1,gtc,0.0,1,stock,571.1400146484375,1.0,0.0
2024-09-26 09:30:00-04:00,MyStrategy,68ea0edf86f24d2ca3322f17be784121,SPY,buy,market,new,1,gtc,0.0,1,stock,,,
2024-09-26 09:30:00-04:00,MyStrategy,68ea0edf86f24d2ca3322f17be784121,SPY,buy,market,fill,1,gtc,0.0,1,stock,574.3800048828125,1.0,0.0
2024-09-26 12:30:00-04:00,MyStrategy,feb835dcd24f41c0b8f5b2e0cc9528fa,SPY,buy,market,new,1,gtc,0.0,1,stock,,,
2024-09-26 12:30:00-04:00,MyStrategy,feb835dcd24f41c0b8f5b2e0cc9528fa,SPY,buy,market,fill,1,gtc,0.0,1,stock,574.3800048828125,1.0,0.0
2024-09-26 15:30:00-04:00,MyStrategy,d133450f7f4140bfbe288b9ef580e9be,SPY,buy,market,new,1,gtc,0.0,1,stock,,,
2024-09-26 15:30:00-04:00,MyStrategy,d133450f7f4140bfbe288b9ef580e9be,SPY,buy,market,fill,1,gtc,0.0,1,stock,574.3800048828125,1.0,0.0
2024-09-27 09:30:00-04:00,MyStrategy,e3f43d377cd24101bb0096af320f76ec,SPY,buy,market,new,1,gtc,0.0,1,stock,,,
2024-09-27 09:30:00-04:00,MyStrategy,e3f43d377cd24101bb0096af320f76ec,SPY,buy,market,fill,1,gtc,0.0,1,stock,573.3900146484375,1.0,0.0
2024-09-27 12:30:00-04:00,MyStrategy,ff2d408517254e9e856d6d070eceadf2,SPY,buy,market,new,1,gtc,0.0,1,stock,,,
2024-09-27 12:30:00-04:00,MyStrategy,ff2d408517254e9e856d6d070eceadf2,SPY,buy,market,fill,1,gtc,0.0,1,stock,573.3900146484375,1.0,0.0
2024-09-27 15:30:00-04:00,MyStrategy,abb1d65a43664c66bc9b353644cdf0b3,SPY,buy,market,new,1,gtc,0.0,1,stock,,,
2024-09-27 15:30:00-04:00,MyStrategy,abb1d65a43664c66bc9b353644cdf0b3,SPY,buy,market,fill,1,gtc,0.0,1,stock,573.3900146484375,1.0,0.0
2024-09-30 09:30:00-04:00,MyStrategy,5453f8e693f24ed1b77e300bc1222526,SPY,buy,market,new,1,gtc,0.0,1,stock,,,
2024-09-30 09:30:00-04:00,MyStrategy,5453f8e693f24ed1b77e300bc1222526,SPY,buy,market,fill,1,gtc,0.0,1,stock,570.4199829101562,1.0,0.0
2024-09-30 12:30:00-04:00,MyStrategy,136e0be351734c73b98199060e77339b,SPY,buy,market,new,1,gtc,0.0,1,stock,,,
2024-09-30 12:30:00-04:00,MyStrategy,136e0be351734c73b98199060e77339b,SPY,buy,market,fill,1,gtc,0.0,1,stock,570.4199829101562,1.0,0.0
2024-09-30 15:30:00-04:00,MyStrategy,6dca58cf32ce4454a691de287618357b,SPY,buy,market,new,1,gtc,0.0,1,stock,,,
2024-09-30 15:30:00-04:00,MyStrategy,6dca58cf32ce4454a691de287618357b,SPY,buy,market,fill,1,gtc,0.0,1,stock,570.4199829101562,1.0,0.0
2024-10-01 09:30:00-04:00,MyStrategy,c8d8d26298e94d33b1877eb011378bad,SPY,buy,market,new,1,gtc,0.0,1,stock,,,
2024-10-01 09:30:00-04:00,MyStrategy,c8d8d26298e94d33b1877eb011378bad,SPY,buy,market,fill,1,gtc,0.0,1,stock,573.4000244140625,1.0,0.0
2024-10-01 12:30:00-04:00,MyStrategy,10720307e9004f2bb656e2f7921d1d02,SPY,buy,market,new,1,gtc,0.0,1,stock,,,
2024-10-01 12:30:00-04:00,MyStrategy,10720307e9004f2bb656e2f7921d1d02,SPY,buy,market,fill,1,gtc,0.0,1,stock,573.4000244140625,1.0,0.0
2024-10-01 15:30:00-04:00,MyStrategy,342b5437823a42f78c84224ca1317e51,SPY,buy,market,new,1,gtc,0.0,1,stock,,,
2024-10-01 15:30:00-04:00,MyStrategy,342b5437823a42f78c84224ca1317e51,SPY,buy,market,fill,1,gtc,0.0,1,stock,573.4000244140625,1.0,0.0
2024-10-02 09:30:00-04:00,MyStrategy,fa8fc9316a8e4239876f6ed70209fe87,SPY,buy,market,new,1,gtc,0.0,1,stock,,,
2024-10-02 09:30:00-04:00,MyStrategy,fa8fc9316a8e4239876f6ed70209fe87,SPY,buy,market,fill,1,gtc,0.0,1,stock,567.7100219726562,1.0,0.0
2024-10-02 12:30:00-04:00,MyStrategy,31b7087502b64e4da8d754dd7b7c7270,SPY,buy,market,new,1,gtc,0.0,1,stock,,,
2024-10-02 12:30:00-04:00,MyStrategy,31b7087502b64e4da8d754dd7b7c7270,SPY,buy,market,fill,1,gtc,0.0,1,stock,567.7100219726562,1.0,0.0
2024-10-02 15:30:00-04:00,MyStrategy,5f00ce8f198e4d2aa4a4a0cb4539d5af,SPY,buy,market,new,1,gtc,0.0,1,stock,,,
2024-10-02 15:30:00-04:00,MyStrategy,5f00ce8f198e4d2aa4a4a0cb4539d5af,SPY,buy,market,fill,1,gtc,0.0,1,stock,567.7100219726562,1.0,0.0
2024-10-03 09:30:00-04:00,MyStrategy,b6f952bc86d54cccb530c4eac43d7500,SPY,buy,market,new,1,gtc,0.0,1,stock,,,
2024-10-03 09:30:00-04:00,MyStrategy,b6f952bc86d54cccb530c4eac43d7500,SPY,buy,market,fill,1,gtc,0.0,1,stock,567.3599853515625,1.0,0.0
2024-10-03 12:30:00-04:00,MyStrategy,472bc16bfb0d4f5ea4e19edb38cea0ec,SPY,buy,market,new,1,gtc,0.0,1,stock,,,
2024-10-03 12:30:00-04:00,MyStrategy,472bc16bfb0d4f5ea4e19edb38cea0ec,SPY,buy,market,fill,1,gtc,0.0,1,stock,567.3599853515625,1.0,0.0
2024-10-03 15:30:00-04:00,MyStrategy,e3258b11bbf748028279a5366fe12534,SPY,buy,market,new,1,gtc,0.0,1,stock,,,
2024-10-03 15:30:00-04:00,MyStrategy,e3258b11bbf748028279a5366fe12534,SPY,buy,market,fill,1,gtc,0.0,1,stock,567.3599853515625,1.0,0.0
2024-10-04 09:30:00-04:00,MyStrategy,73b32cae8ea141acaaf3b3af52c7ad2f,SPY,buy,market,new,1,gtc,0.0,1,stock,,,
2024-10-04 09:30:00-04:00,MyStrategy,73b32cae8ea141acaaf3b3af52c7ad2f,SPY,buy,market,fill,1,gtc,0.0,1,stock,572.3499755859375,1.0,0.0
2024-10-04 12:30:00-04:00,MyStrategy,7e516535592b4623961305d526b5e57c,SPY,buy,market,new,1,gtc,0.0,1,stock,,,
2024-10-04 12:30:00-04:00,MyStrategy,7e516535592b4623961305d526b5e57c,SPY,buy,market,fill,1,gtc,0.0,1,stock,572.3499755859375,1.0,0.0
2024-10-04 15:30:00-04:00,MyStrategy,312dc96f4c2147e18798aacfb15f2b9e,SPY,buy,market,new,1,gtc,0.0,1,stock,,,
2024-10-04 15:30:00-04:00,MyStrategy,312dc96f4c2147e18798aacfb15f2b9e,SPY,buy,market,fill,1,gtc,0.0,1,stock,572.3499755859375,1.0,0.0
2024-10-07 09:30:00-04:00,MyStrategy,94267f25e4ce4d98a14849905e5d33ba,SPY,buy,market,new,1,gtc,0.0,1,stock,,,
2024-10-07 09:30:00-04:00,MyStrategy,94267f25e4ce4d98a14849905e5d33ba,SPY,buy,market,fill,1,gtc,0.0,1,stock,571.2999877929688,1.0,0.0
2024-10-07 12:30:00-04:00,MyStrategy,eeb7d0eed9d6489d81929e75ee5a344f,SPY,buy,market,new,1,gtc,0.0,1,stock,,,
2024-10-07 12:30:00-04:00,MyStrategy,eeb7d0eed9d6489d81929e75ee5a344f,SPY,buy,market,fill,1,gtc,0.0,1,stock,571.2999877929688,1.0,0.0
2024-10-07 15:30:00-04:00,MyStrategy,529bb085c9184e62a4f1c8d0a3df2813,SPY,buy,market,new,1,gtc,0.0,1,stock,,,
2024-10-07 15:30:00-04:00,MyStrategy,529bb085c9184e62a4f1c8d0a3df2813,SPY,buy,market,fill,1,gtc,0.0,1,stock,571.2999877929688,1.0,0.0
2024-10-08 09:30:00-04:00,MyStrategy,c55c002ebcee41259811be78fd3b94e0,SPY,buy,market,new,1,gtc,0.0,1,stock,,,
2024-10-08 09:30:00-04:00,MyStrategy,c55c002ebcee41259811be78fd3b94e0,SPY,buy,market,fill,1,gtc,0.0,1,stock,570.4199829101562,1.0,0.0
2024-10-08 12:30:00-04:00,MyStrategy,073ae730042645048186b291f9dc78c8,SPY,buy,market,new,1,gtc,0.0,1,stock,,,
2024-10-08 12:30:00-04:00,MyStrategy,073ae730042645048186b291f9dc78c8,SPY,buy,market,fill,1,gtc,0.0,1,stock,570.4199829101562,1.0,0.0
2024-10-08 15:30:00-04:00,MyStrategy,ef62a9e1fac440cfbd5abc712f6fe3ae,SPY,buy,market,new,1,gtc,0.0,1,stock,,,
2024-10-08 15:30:00-04:00,MyStrategy,ef62a9e1fac440cfbd5abc712f6fe3ae,SPY,buy,market,fill,1,gtc,0.0,1,stock,570.4199829101562,1.0,0.0
2024-10-09 09:30:00-04:00,MyStrategy,7d014c10b8f74465b93540e465335fa3,SPY,buy,market,new,1,gtc,0.0,1,stock,,,
2024-10-09 09:30:00-04:00,MyStrategy,7d014c10b8f74465b93540e465335fa3,SPY,buy,market,fill,1,gtc,0.0,1,stock,573.1599731445312,1.0,0.0
2024-10-09 12:30:00-04:00,MyStrategy,ec628db625a74f98b8f2fd44ef2a61fe,SPY,buy,market,new,1,gtc,0.0,1,stock,,,
2024-10-09 12:30:00-04:00,MyStrategy,ec628db625a74f98b8f2fd44ef2a61fe,SPY,buy,market,fill,1,gtc,0.0,1,stock,573.1599731445312,1.0,0.0
2024-10-09 15:30:00-04:00,MyStrategy,cebceec94dfe43b39466ea8c579016c2,SPY,buy,market,new,1,gtc,0.0,1,stock,,,
2024-10-09 15:30:00-04:00,MyStrategy,cebceec94dfe43b39466ea8c579016c2,SPY,buy,market,fill,1,gtc,0.0,1,stock,573.1599731445312,1.0,0.0
2024-10-10 09:30:00-04:00,MyStrategy,fc7e28f4555c4e66b982a7e1e47d7b6d,SPY,buy,market,new,1,gtc,0.0,1,stock,,,
2024-10-10 09:30:00-04:00,MyStrategy,fc7e28f4555c4e66b982a7e1e47d7b6d,SPY,buy,market,fill,1,gtc,0.0,1,stock,575.77001953125,1.0,0.0
2024-10-10 12:30:00-04:00,MyStrategy,89b69a774fec46f28c06df85a556c6f9,SPY,buy,market,new,1,gtc,0.0,1,stock,,,
2024-10-10 12:30:00-04:00,MyStrategy,89b69a774fec46f28c06df85a556c6f9,SPY,buy,market,fill,1,gtc,0.0,1,stock,575.77001953125,1.0,0.0
2024-10-10 15:30:00-04:00,MyStrategy,b7135b2a8a2449878e7d9343116ac484,SPY,buy,market,new,1,gtc,0.0,1,stock,,,
2024-10-10 15:30:00-04:00,MyStrategy,b7135b2a8a2449878e7d9343116ac484,SPY,buy,market,fill,1,gtc,0.0,1,stock,575.77001953125,1.0,0.0
2024-10-11 09:30:00-04:00,MyStrategy,606b30f99f00473a9478cdb1d5b550d1,SPY,buy,market,new,1,gtc,0.0,1,stock,,,
2024-10-11 09:30:00-04:00,MyStrategy,606b30f99f00473a9478cdb1d5b550d1,SPY,buy,market,fill,1,gtc,0.0,1,stock,576.0499877929688,1.0,0.0
2024-10-11 12:30:00-04:00,MyStrategy,9dda0eae3ce347cb8553f546c2ab0810,SPY,buy,market,new,1,gtc,0.0,1,stock,,,
2024-10-11 12:30:00-04:00,MyStrategy,9dda0eae3ce347cb8553f546c2ab0810,SPY,buy,market,fill,1,gtc,0.0,1,stock,576.0499877929688,1.0,0.0
2024-10-11 15:30:00-04:00,MyStrategy,590e315a847a472389b9fb86411e6742,SPY,buy,market,new,1,gtc,0.0,1,stock,,,
2024-10-11 15:30:00-04:00,MyStrategy,590e315a847a472389b9fb86411e6742,SPY,buy,market,fill,1,gtc,0.0,1,stock,576.0499877929688,1.0,0.0
2024-10-14 09:30:00-04:00,MyStrategy,a5609b1ffb534c22a76c9cf2dd0dadec,SPY,buy,market,new,1,gtc,0.0,1,stock,,,
2024-10-14 09:30:00-04:00,MyStrategy,a5609b1ffb534c22a76c9cf2dd0dadec,SPY,buy,market,fill,1,gtc,0.0,1,stock,581.219970703125,1.0,0.0
2024-10-14 12:30:00-04:00,MyStrategy,12608a8dda784e60a5ff5c2d878f75ee,SPY,buy,market,new,1,gtc,0.0,1,stock,,,
2024-10-14 12:30:00-04:00,MyStrategy,12608a8dda784e60a5ff5c2d878f75ee,SPY,buy,market,fill,1,gtc,0.0,1,stock,581.219970703125,1.0,0.0
2024-10-14 15:30:00-04:00,MyStrategy,97eaae5f23534469838fe988d3188246,SPY,buy,market,new,1,gtc,0.0,1,stock,,,
2024-10-14 15:30:00-04:00,MyStrategy,97eaae5f23534469838fe988d3188246,SPY,buy,market,fill,1,gtc,0.0,1,stock,581.219970703125,1.0,0.0
2024-10-15 09:30:00-04:00,MyStrategy,bef8c157b6f34b13baf8150bd65c8b6b,SPY,buy,market,new,1,gtc,0.0,1,stock,,,
2024-10-15 09:30:00-04:00,MyStrategy,bef8c157b6f34b13baf8150bd65c8b6b,SPY,buy,market,fill,1,gtc,0.0,1,stock,584.5900268554688,1.0,0.0
2024-10-15 12:30:00-04:00,MyStrategy,f02ab6cd523a49479bfb67d4400fc41f,SPY,buy,market,new,1,gtc,0.0,1,stock,,,
2024-10-15 12:30:00-04:00,MyStrategy,f02ab6cd523a49479bfb67d4400fc41f,SPY,buy,market,fill,1,gtc,0.0,1,stock,584.5900268554688,1.0,0.0
2024-10-15 15:30:00-04:00,MyStrategy,8535ffc312974897a41fc5c2ff2167d4,SPY,buy,market,new,1,gtc,0.0,1,stock,,,
2024-10-15 15:30:00-04:00,MyStrategy,8535ffc312974897a41fc5c2ff2167d4,SPY,buy,market,fill,1,gtc,0.0,1,stock,584.5900268554688,1.0,0.0
2024-10-16 09:30:00-04:00,MyStrategy,698f6a6327b042898ec9f9532dd919b1,SPY,buy,market,new,1,gtc,0.0,1,stock,,,
2024-10-16 09:30:00-04:00,MyStrategy,698f6a6327b042898ec9f9532dd919b1,SPY,buy,market,fill,1,gtc,0.0,1,stock,579.780029296875,1.0,0.0
2024-10-16 12:30:00-04:00,MyStrategy,02c96966c4434dcbac7a56ecce38020f,SPY,buy,market,new,1,gtc,0.0,1,stock,,,
2024-10-16 12:30:00-04:00,MyStrategy,02c96966c4434dcbac7a56ecce38020f,SPY,buy,market,fill,1,gtc,0.0,1,stock,579.780029296875,1.0,0.0
2024-10-16 15:30:00-04:00,MyStrategy,5930fa33eaa541b49caf8ce73ed3fbbc,SPY,buy,market,new,1,gtc,0.0,1,stock,,,
2024-10-16 15:30:00-04:00,MyStrategy,5930fa33eaa541b49caf8ce73ed3fbbc,SPY,buy,market,fill,1,gtc,0.0,1,stock,579.780029296875,1.0,0.0
2024-10-17 09:30:00-04:00,MyStrategy,dcca312b8f5849ee89c5382551010bce,SPY,buy,market,new,1,gtc,0.0,1,stock,,,
2024-10-17 09:30:00-04:00,MyStrategy,dcca312b8f5849ee89c5382551010bce,SPY,buy,market,fill,1,gtc,0.0,1,stock,585.9099731445312,1.0,0.0
2024-10-17 12:30:00-04:00,MyStrategy,619c86f5c0e442188645ea457f8b9e4d,SPY,buy,market,new,1,gtc,0.0,1,stock,,,
2024-10-17 12:30:00-04:00,MyStrategy,619c86f5c0e442188645ea457f8b9e4d,SPY,buy,market,fill,1,gtc,0.0,1,stock,585.9099731445312,1.0,0.0
2024-10-17 15:30:00-04:00,MyStrategy,3f40bc54258949ae87b797d292c48e3b,SPY,buy,market,new,1,gtc,0.0,1,stock,,,
2024-10-17 15:30:00-04:00,MyStrategy,3f40bc54258949ae87b797d292c48e3b,SPY,buy,market,fill,1,gtc,0.0,1,stock,585.9099731445312,1.0,0.0
2024-10-18 09:30:00-04:00,MyStrategy,730d125c73a54ebf9b56169707712631,SPY,buy,market,new,1,gtc,0.0,1,stock,,,
2024-10-18 09:30:00-04:00,MyStrategy,730d125c73a54ebf9b56169707712631,SPY,buy,market,fill,1,gtc,0.0,1,stock,584.0700073242188,1.0,0.0
2024-10-18 12:30:00-04:00,MyStrategy,e51764fd3d6245aaa6995f350438fecc,SPY,buy,market,new,1,gtc,0.0,1,stock,,,
2024-10-18 12:30:00-04:00,MyStrategy,e51764fd3d6245aaa6995f350438fecc,SPY,buy,market,fill,1,gtc,0.0,1,stock,584.0700073242188,1.0,0.0
2024-10-18 15:30:00-04:00,MyStrategy,019591a4c5e242d89f417e58201e4f2a,SPY,buy,market,new,1,gtc,0.0,1,stock,,,
2024-10-18 15:30:00-04:00,MyStrategy,019591a4c5e242d89f417e58201e4f2a,SPY,buy,market,fill,1,gtc,0.0,1,stock,584.0700073242188,1.0,0.0
2024-10-21 09:30:00-04:00,MyStrategy,b48647883ea144dc93e37f611a27832b,SPY,buy,market,new,1,gtc,0.0,1,stock,,,
2024-10-21 09:30:00-04:00,MyStrategy,b48647883ea144dc93e37f611a27832b,SPY,buy,market,fill,1,gtc,0.0,1,stock,583.8499755859375,1.0,0.0
2024-10-21 12:30:00-04:00,MyStrategy,8773281e0fad44c895d2e10f095e42e6,SPY,buy,market,new,1,gtc,0.0,1,stock,,,
2024-10-21 12:30:00-04:00,MyStrategy,8773281e0fad44c895d2e10f095e42e6,SPY,buy,market,fill,1,gtc,0.0,1,stock,583.8499755859375,1.0,0.0
2024-10-21 15:30:00-04:00,MyStrategy,38cfda596dda4a84b4e3e73346c68036,SPY,buy,market,new,1,gtc,0.0,1,stock,,,
2024-10-21 15:30:00-04:00,MyStrategy,38cfda596dda4a84b4e3e73346c68036,SPY,buy,market,fill,1,gtc,0.0,1,stock,583.8499755859375,1.0,0.0
2024-10-22 09:30:00-04:00,MyStrategy,3ba2adcc80fc4f38b0fa90dfae2f48fb,SPY,buy,market,new,1,gtc,0.0,1,stock,,,
2024-10-22 09:30:00-04:00,MyStrategy,3ba2adcc80fc4f38b0fa90dfae2f48fb,SPY,buy,market,fill,1,gtc,0.0,1,stock,581.0499877929688,1.0,0.0
2024-10-22 12:30:00-04:00,MyStrategy,13569f696dd5486084f9025ae9a8904e,SPY,buy,market,new,1,gtc,0.0,1,stock,,,
2024-10-22 12:30:00-04:00,MyStrategy,13569f696dd5486084f9025ae9a8904e,SPY,buy,market,fill,1,gtc,0.0,1,stock,581.0499877929688,1.0,0.0
2024-10-22 15:30:00-04:00,MyStrategy,1758485d175a4c6cb427e0ca0c0515cd,SPY,buy,market,new,1,gtc,0.0,1,stock,,,
2024-10-22 15:30:00-04:00,MyStrategy,1758485d175a4c6cb427e0ca0c0515cd,SPY,buy,market,fill,1,gtc,0.0,1,stock,581.0499877929688,1.0,0.0
2024-10-23 09:30:00-04:00,MyStrategy,6eb043bd7bae4dee91ab8dcb11bc3ea8,SPY,buy,market,new,1,gtc,0.0,1,stock,,,
2024-10-23 09:30:00-04:00,MyStrategy,6eb043bd7bae4dee91ab8dcb11bc3ea8,SPY,buy,market,fill,1,gtc,0.0,1,stock,581.260009765625,1.0,0.0
2024-10-23 12:30:00-04:00,MyStrategy,cdc032cfd39c4555a3963f55930ed2fe,SPY,buy,market,new,1,gtc,0.0,1,stock,,,
2024-10-23 12:30:00-04:00,MyStrategy,cdc032cfd39c4555a3963f55930ed2fe,SPY,buy,market,fill,1,gtc,0.0,1,stock,581.260009765625,1.0,0.0
2024-10-23 15:30:00-04:00,MyStrategy,e91959e585a84cc9a4655cbc4bfae67c,SPY,buy,market,new,1,gtc,0.0,1,stock,,,
2024-10-23 15:30:00-04:00,MyStrategy,e91959e585a84cc9a4655cbc4bfae67c,SPY,buy,market,fill,1,gtc,0.0,1,stock,581.260009765625,1.0,0.0
2024-10-24 09:30:00-04:00,MyStrategy,cee502b472b34eb78d1f6171be3652bb,SPY,buy,market,new,1,gtc,0.0,1,stock,,,
2024-10-24 09:30:00-04:00,MyStrategy,cee502b472b34eb78d1f6171be3652bb,SPY,buy,market,fill,1,gtc,0.0,1,stock,579.97998046875,1.0,0.0
2024-10-24 12:30:00-04:00,MyStrategy,1c97e25990014159a11e237127f3e53d,SPY,buy,market,new,1,gtc,0.0,1,stock,,,
2024-10-24 12:30:00-04:00,MyStrategy,1c97e25990014159a11e237127f3e53d,SPY,buy,market,fill,1,gtc,0.0,1,stock,579.97998046875,1.0,0.0
2024-10-24 15:30:00-04:00,MyStrategy,1589d39d756447469453d9a2161fad11,SPY,buy,market,new,1,gtc,0.0,1,stock,,,
2024-10-24 15:30:00-04:00,MyStrategy,1589d39d756447469453d9a2161fad11,SPY,buy,market,fill,1,gtc,0.0,1,stock,579.97998046875,1.0,0.0
2024-10-25 09:30:00-04:00,MyStrategy,cef989e26ebf4bf3a4a3f3c2d930b607,SPY,buy,market,new,1,gtc,0.0,1,stock,,,
2024-10-25 09:30:00-04:00,MyStrategy,cef989e26ebf4bf3a4a3f3c2d930b607,SPY,buy,market,fill,1,gtc,0.0,1,stock,581.510009765625,1.0,0.0
2024-10-25 12:30:00-04:00,MyStrategy,054d724353b2457ca6791935ffdb8ab4,SPY,buy,market,new,1,gtc,0.0,1,stock,,,
2024-10-25 12:30:00-04:00,MyStrategy,054d724353b2457ca6791935ffdb8ab4,SPY,buy,market,fill,1,gtc,0.0,1,stock,581.510009765625,1.0,0.0
2024-10-25 15:30:00-04:00,MyStrategy,903934df98b241e2b4d96b79bfddb81c,SPY,buy,market,new,1,gtc,0.0,1,stock,,,
2024-10-25 15:30:00-04:00,MyStrategy,903934df98b241e2b4d96b79bfddb81c,SPY,buy,market,fill,1,gtc,0.0,1,stock,581.510009765625,1.0,0.0
2024-10-28 09:30:00-04:00,MyStrategy,23515a78ed3e4db28f796c4c234f57db,SPY,buy,market,new,1,gtc,0.0,1,stock,,,
2024-10-28 09:30:00-04:00,MyStrategy,23515a78ed3e4db28f796c4c234f57db,SPY,buy,market,fill,1,gtc,0.0,1,stock,582.5800170898438,1.0,0.0
2024-10-28 12:30:00-04:00,MyStrategy,91132a437d394d9797debb8ed7d773fd,SPY,buy,market,new,1,gtc,0.0,1,stock,,,
2024-10-28 12:30:00-04:00,MyStrategy,91132a437d394d9797debb8ed7d773fd,SPY,buy,market,fill,1,gtc,0.0,1,stock,582.5800170898438,1.0,0.0
2024-10-28 15:30:00-04:00,MyStrategy,ac7d49466d894a59bf74ab9be8e8b155,SPY,buy,market,new,1,gtc,0.0,1,stock,,,
2024-10-28 15:30:00-04:00,MyStrategy,ac7d49466d894a59bf74ab9be8e8b155,SPY,buy,market,fill,1,gtc,0.0,1,stock,582.5800170898438,1.0,0.0
2024-10-29 09:30:00-04:00,MyStrategy,4dd96764745e48b4933478f43a5ecbef,SPY,buy,market,new,1,gtc,0.0,1,stock,,,
2024-10-29 09:30:00-04:00,MyStrategy,4dd96764745e48b4933478f43a5ecbef,SPY,buy,market,fill,1,gtc,0.0,1,stock,579.8499755859375,1.0,0.0
2024-10-29 12:30:00-04:00,MyStrategy,3a1d80b89adb4cae89635147f87a1c6f,SPY,buy,market,new,1,gtc,0.0,1,stock,,,
2024-10-29 12:30:00-04:00,MyStrategy,3a1d80b89adb4cae89635147f87a1c6f,SPY,buy,market,fill,1,gtc,0.0,1,stock,579.8499755859375,1.0,0.0
2024-10-29 15:30:00-04:00,MyStrategy,5201cc727ab041c7a1bb06ff9a6d4255,SPY,buy,market,new,1,gtc,0.0,1,stock,,,
2024-10-29 15:30:00-04:00,MyStrategy,5201cc727ab041c7a1bb06ff9a6d4255,SPY,buy,market,fill,1,gtc,0.0,1,stock,579.8499755859375,1.0,0.0
2024-10-30 09:30:00-04:00,MyStrategy,927e44de24754a8ba3e7b22cd997f3ad,SPY,buy,market,new,1,gtc,0.0,1,stock,,,
2024-10-30 09:30:00-04:00,MyStrategy,927e44de24754a8ba3e7b22cd997f3ad,SPY,buy,market,fill,1,gtc,0.0,1,stock,581.2899780273438,1.0,0.0
2024-10-30 12:30:00-04:00,MyStrategy,d85b7a366ea2496ca8f2f2508960bb83,SPY,buy,market,new,1,gtc,0.0,1,stock,,,
2024-10-30 12:30:00-04:00,MyStrategy,d85b7a366ea2496ca8f2f2508960bb83,SPY,buy,market,fill,1,gtc,0.0,1,stock,581.2899780273438,1.0,0.0
2024-10-30 15:30:00-04:00,MyStrategy,18ef57870ddb45b4ba9c4f9e0a893fba,SPY,buy,market,new,1,gtc,0.0,1,stock,,,
2024-10-30 15:30:00-04:00,MyStrategy,18ef57870ddb45b4ba9c4f9e0a893fba,SPY,buy,market,fill,1,gtc,0.0,1,stock,581.2899780273438,1.0,0.0
2024-10-31 09:30:00-04:00,MyStrategy,dead1f7310ea447ab45b8f90ddfdfadd,SPY,buy,market,new,1,gtc,0.0,1,stock,,,
2024-10-31 09:30:00-04:00,MyStrategy,dead1f7310ea447ab45b8f90ddfdfadd,SPY,buy,market,fill,1,gtc,0.0,1,stock,575.5599975585938,1.0,0.0
2024-10-31 12:30:00-04:00,MyStrategy,2b55e6cde5fd4ecbab7aa508a5fa5c4d,SPY,buy,market,new,1,gtc,0.0,1,stock,,,
2024-10-31 12:30:00-04:00,MyStrategy,2b55e6cde5fd4ecbab7aa508a5fa5c4d,SPY,buy,market,fill,1,gtc,0.0,1,stock,575.5599975585938,1.0,0.0
2024-10-31 15:30:00-04:00,MyStrategy,20e152e6483d4518ad4924c1a1131dac,SPY,buy,market,new,1,gtc,0.0,1,stock,,,
2024-10-31 15:30:00-04:00,MyStrategy,20e152e6483d4518ad4924c1a1131dac,SPY,buy,market,fill,1,gtc,0.0,1,stock,575.5599975585938,1.0,0.0
2024-11-01 09:30:00-04:00,MyStrategy,121d2cba9fe84b60b2f87bd5cfc7850d,SPY,buy,market,new,1,gtc,0.0,1,stock,,,
2024-11-01 09:30:00-04:00,MyStrategy,121d2cba9fe84b60b2f87bd5cfc7850d,SPY,buy,market,fill,1,gtc,0.0,1,stock,571.3200073242188,1.0,0.0
2024-11-01 12:30:00-04:00,MyStrategy,917ef26b05e9428c9492dea822f080ac,SPY,buy,market,new,1,gtc,0.0,1,stock,,,
2024-11-01 12:30:00-04:00,MyStrategy,917ef26b05e9428c9492dea822f080ac,SPY,buy,market,fill,1,gtc,0.0,1,stock,571.3200073242188,1.0,0.0
2024-11-01 15:30:00-04:00,MyStrategy,8224c8ef9229482ca46c6df8afde658b,SPY,buy,market,new,1,gtc,0.0,1,stock,,,
2024-11-01 15:30:00-04:00,MyStrategy,8224c8ef9229482ca46c6df8afde658b,SPY,buy,market,fill,1,gtc,0.0,1,stock,571.3200073242188,1.0,0.0
2024-11-04 09:30:00-05:00,MyStrategy,d37657e1d4a842e0bbe2af3691c56255,SPY,buy,market,new,1,gtc,0.0,1,stock,,,
2024-11-04 09:30:00-05:00,MyStrategy,d37657e1d4a842e0bbe2af3691c56255,SPY,buy,market,fill,1,gtc,0.0,1,stock,571.1799926757812,1.0,0.0
2024-11-04 12:30:00-05:00,MyStrategy,03e4ef18764c48acba401f8bc4b66557,SPY,buy,market,new,1,gtc,0.0,1,stock,,,
2024-11-04 12:30:00-05:00,MyStrategy,03e4ef18764c48acba401f8bc4b66557,SPY,buy,market,fill,1,gtc,0.0,1,stock,571.1799926757812,1.0,0.0
2024-11-04 15:30:00-05:00,MyStrategy,b7486c04a1d94791bf967b65b342876f,SPY,buy,market,new,1,gtc,0.0,1,stock,,,
2024-11-04 15:30:00-05:00,MyStrategy,b7486c04a1d94791bf967b65b342876f,SPY,buy,market,fill,1,gtc,0.0,1,stock,571.1799926757812,1.0,0.0
2024-11-05 09:30:00-05:00,MyStrategy,b939422476d8498fb89623755451e162,SPY,buy,market,new,1,gtc,0.0,1,stock,,,
2024-11-05 09:30:00-05:00,MyStrategy,b939422476d8498fb89623755451e162,SPY,buy,market,fill,1,gtc,0.0,1,stock,570.739990234375,1.0,0.0
2024-11-05 12:30:00-05:00,MyStrategy,dccf1bc67a81454bbec73613d7fac67f,SPY,buy,market,new,1,gtc,0.0,1,stock,,,
2024-11-05 12:30:00-05:00,MyStrategy,dccf1bc67a81454bbec73613d7fac67f,SPY,buy,market,fill,1,gtc,0.0,1,stock,570.739990234375,1.0,0.0
2024-11-05 15:30:00-05:00,MyStrategy,4e29799df18b4d2ab400d939f3b96e79,SPY,buy,market,new,1,gtc,0.0,1,stock,,,
2024-11-05 15:30:00-05:00,MyStrategy,4e29799df18b4d2ab400d939f3b96e79,SPY,buy,market,fill,1,gtc,0.0,1,stock,570.739990234375,1.0,0.0
2024-11-06 09:30:00-05:00,MyStrategy,7094cb22a52547c285d35e65496b8c70,SPY,buy,market,new,1,gtc,0.0,1,stock,,,
2024-11-06 09:30:00-05:00,MyStrategy,7094cb22a52547c285d35e65496b8c70,SPY,buy,market,fill,1,gtc,0.0,1,stock,589.2000122070312,1.0,0.0
2024-11-06 12:30:00-05:00,MyStrategy,e89d90acfbea48fbaa105fc1619ca016,SPY,buy,market,new,1,gtc,0.0,1,stock,,,
2024-11-06 12:30:00-05:00,MyStrategy,e89d90acfbea48fbaa105fc1619ca016,SPY,buy,market,fill,1,gtc,0.0,1,stock,589.2000122070312,1.0,0.0
2024-11-06 15:30:00-05:00,MyStrategy,ee6cde081f6a4dd2854010da7d20be75,SPY,buy,market,new,1,gtc,0.0,1,stock,,,
2024-11-06 15:30:00-05:00,MyStrategy,ee6cde081f6a4dd2854010da7d20be75,SPY,buy,market,fill,1,gtc,0.0,1,stock,589.2000122070312,1.0,0.0
2024-11-07 09:30:00-05:00,MyStrategy,df9f073301034d63ba2bf662e00fa4c9,SPY,buy,market,new,1,gtc,0.0,1,stock,,,
2024-11-07 09:30:00-05:00,MyStrategy,df9f073301034d63ba2bf662e00fa4c9,SPY,buy,market,fill,1,gtc,0.0,1,stock,593.0800170898438,1.0,0.0
2024-11-07 12:30:00-05:00,MyStrategy,e810cfe0ccee427b87a79ac0f01b80df,SPY,buy,market,new,1,gtc,0.0,1,stock,,,
2024-11-07 12:30:00-05:00,MyStrategy,e810cfe0ccee427b87a79ac0f01b80df,SPY,buy,market,fill,1,gtc,0.0,1,stock,593.0800170898438,1.0,0.0
2024-11-07 15:30:00-05:00,MyStrategy,1a4d6c2d65484fa2bea96a9333ce30c1,SPY,buy,market,new,1,gtc,0.0,1,stock,,,
2024-11-07 15:30:00-05:00,MyStrategy,1a4d6c2d65484fa2bea96a9333ce30c1,SPY,buy,market,fill,1,gtc,0.0,1,stock,593.0800170898438,1.0,0.0
2024-11-08 09:30:00-05:00,MyStrategy,f3f2cd58357c4c079ce983c15669900a,SPY,buy,market,new,1,gtc,0.0,1,stock,,,
2024-11-08 09:30:00-05:00,MyStrategy,f3f2cd58357c4c079ce983c15669900a,SPY,buy,market,fill,1,gtc,0.0,1,stock,596.1699829101562,1.0,0.0
2024-11-08 12:30:00-05:00,MyStrategy,ecd831af9b244689abe8a2c28f9e6da1,SPY,buy,market,new,1,gtc,0.0,1,stock,,,
2024-11-08 12:30:00-05:00,MyStrategy,ecd831af9b244689abe8a2c28f9e6da1,SPY,buy,market,fill,1,gtc,0.0,1,stock,596.1699829101562,1.0,0.0
2024-11-08 15:30:00-05:00,MyStrategy,32c5c059b2104a078bcfd1aaf636eb58,SPY,buy,market,new,1,gtc,0.0,1,stock,,,
2024-11-08 15:30:00-05:00,MyStrategy,32c5c059b2104a078bcfd1aaf636eb58,SPY,buy,market,fill,1,gtc,0.0,1,stock,596.1699829101562,1.0,0.0
2024-11-11 09:30:00-05:00,MyStrategy,042368d0b3d146ac85e5e630ef08fa17,SPY,buy,market,new,1,gtc,0.0,1,stock,,,
2024-11-11 09:30:00-05:00,MyStrategy,042368d0b3d146ac85e5e630ef08fa17,SPY,buy,market,fill,1,gtc,0.0,1,stock,599.8099975585938,1.0,0.0
2024-11-11 12:30:00-05:00,MyStrategy,bf1cb27319fa40e2a176971b0c0b2d1a,SPY,buy,market,new,1,gtc,0.0,1,stock,,,
2024-11-11 12:30:00-05:00,MyStrategy,bf1cb27319fa40e2a176971b0c0b2d1a,SPY,buy,market,fill,1,gtc,0.0,1,stock,599.8099975585938,1.0,0.0
2024-11-11 15:30:00-05:00,MyStrategy,31201b64bc01456a94ecb001a2eb0b4e,SPY,buy,market,new,1,gtc,0.0,1,stock,,,
2024-11-11 15:30:00-05:00,MyStrategy,31201b64bc01456a94ecb001a2eb0b4e,SPY,buy,market,fill,1,gtc,0.0,1,stock,599.8099975585938,1.0,0.0
2024-11-12 09:30:00-05:00,MyStrategy,1a8f9e968a1440d3a1f5d6de4a25c91b,SPY,buy,market,new,1,gtc,0.0,1,stock,,,
2024-11-12 09:30:00-05:00,MyStrategy,1a8f9e968a1440d3a1f5d6de4a25c91b,SPY,buy,market,fill,1,gtc,0.0,1,stock,598.6799926757812,1.0,0.0
2024-11-12 12:30:00-05:00,MyStrategy,40e1451caa8146f4b0d5b38923b8bcd7,SPY,buy,market,new,1,gtc,0.0,1,stock,,,
2024-11-12 12:30:00-05:00,MyStrategy,40e1451caa8146f4b0d5b38923b8bcd7,SPY,buy,market,fill,1,gtc,0.0,1,stock,598.6799926757812,1.0,0.0
2024-11-12 15:30:00-05:00,MyStrategy,1e9586e519fb40bf986e132b7e600e55,SPY,buy,market,new,1,gtc,0.0,1,stock,,,
2024-11-12 15:30:00-05:00,MyStrategy,1e9586e519fb40bf986e132b7e600e55,SPY,buy,market,fill,1,gtc,0.0,1,stock,598.6799926757812,1.0,0.0
2024-11-13 09:30:00-05:00,MyStrategy,ac0589e566eb450f940aa83e9d61c901,SPY,buy,market,new,1,gtc,0.0,1,stock,,,
2024-11-13 09:30:00-05:00,MyStrategy,ac0589e566eb450f940aa83e9d61c901,SPY,buy,market,fill,1,gtc,0.0,1,stock,597.3699951171875,1.0,0.0
2024-11-13 12:30:00-05:00,MyStrategy,ac04bdcd555c4a83b8cba99bdaf3c8ef,SPY,buy,market,new,1,gtc,0.0,1,stock,,,
2024-11-13 12:30:00-05:00,MyStrategy,ac04bdcd555c4a83b8cba99bdaf3c8ef,SPY,buy,market,fill,1,gtc,0.0,1,stock,597.3699951171875,1.0,0.0
2024-11-13 15:30:00-05:00,MyStrategy,8fce10e211634afbb47d5abe6162b2a2,SPY,buy,market,new,1,gtc,0.0,1,stock,,,
2024-11-13 15:30:00-05:00,MyStrategy,8fce10e211634afbb47d5abe6162b2a2,SPY,buy,market,fill,1,gtc,0.0,1,stock,597.3699951171875,1.0,0.0
2024-11-14 09:30:00-05:00,MyStrategy,a1628719eb9c4981952e8b3a49d66dee,SPY,buy,market,new,1,gtc,0.0,1,stock,,,
2024-11-14 09:30:00-05:00,MyStrategy,a1628719eb9c4981952e8b3a49d66dee,SPY,buy,market,fill,1,gtc,0.0,1,stock,597.3200073242188,1.0,0.0
2024-11-14 12:30:00-05:00,MyStrategy,24a3aa6475e64936aa77d6a0f3c0bcee,SPY,buy,market,new,1,gtc,0.0,1,stock,,,
2024-11-14 12:30:00-05:00,MyStrategy,24a3aa6475e64936aa77d6a0f3c0bcee,SPY,buy,market,fill,1,gtc,0.0,1,stock,597.3200073242188,1.0,0.0
2024-11-14 15:30:00-05:00,MyStrategy,eab87328406a49c9a7e2c9dd3ef32407,SPY,buy,market,new,1,gtc,0.0,1,stock,,,
2024-11-14 15:30:00-05:00,MyStrategy,eab87328406a49c9a7e2c9dd3ef32407,SPY,buy,market,fill,1,gtc,0.0,1,stock,597.3200073242188,1.0,0.0
2024-11-15 09:30:00-05:00,MyStrategy,bce1e9c8494e44229a512e511d4164ad,SPY,buy,market,new,1,gtc,0.0,1,stock,,,
2024-11-15 09:30:00-05:00,MyStrategy,bce1e9c8494e44229a512e511d4164ad,SPY,buy,market,fill,1,gtc,0.0,1,stock,589.719970703125,1.0,0.0
2024-11-15 12:30:00-05:00,MyStrategy,e546a3e48f96488b82c87f176aa25fd8,SPY,buy,market,new,1,gtc,0.0,1,stock,,,
2024-11-15 12:30:00-05:00,MyStrategy,e546a3e48f96488b82c87f176aa25fd8,SPY,buy,market,fill,1,gtc,0.0,1,stock,589.719970703125,1.0,0.0
2024-11-15 15:30:00-05:00,MyStrategy,eeeac3b85cd54429a48dfd9c86f27dc0,SPY,buy,market,new,1,gtc,0.0,1,stock,,,
2024-11-15 15:30:00-05:00,MyStrategy,eeeac3b85cd54429a48dfd9c86f27dc0,SPY,buy,market,fill,1,gtc,0.0,1,stock,589.719970703125,1.0,0.0
2024-11-18 09:30:00-05:00,MyStrategy,42ce8eee56af4d33be970d59ebb3590d,SPY,buy,market,new,1,gtc,0.0,1,stock,,,
2024-11-18 09:30:00-05:00,MyStrategy,42ce8eee56af4d33be970d59ebb3590d,SPY,buy,market,fill,1,gtc,0.0,1,stock,586.219970703125,1.0,0.0
2024-11-18 12:30:00-05:00,MyStrategy,007cedf383274bb28b3347084c780e4b,SPY,buy,market,new,1,gtc,0.0,1,stock,,,
2024-11-18 12:30:00-05:00,MyStrategy,007cedf383274bb28b3347084c780e4b,SPY,buy,market,fill,1,gtc,0.0,1,stock,586.219970703125,1.0,0.0
2024-11-18 15:30:00-05:00,MyStrategy,da53f8f395bf467f90bdb9c6b55c25eb,SPY,buy,market,new,1,gtc,0.0,1,stock,,,
2024-11-18 15:30:00-05:00,MyStrategy,da53f8f395bf467f90bdb9c6b55c25eb,SPY,buy,market,fill,1,gtc,0.0,1,stock,586.219970703125,1.0,0.0
2024-11-19 09:30:00-05:00,MyStrategy,a0cfb29597604a4692b2adee3f2f1f80,SPY,buy,market,new,1,gtc,0.0,1,stock,,,
2024-11-19 09:30:00-05:00,MyStrategy,a0cfb29597604a4692b2adee3f2f1f80,SPY,buy,market,fill,1,gtc,0.0,1,stock,584.7100219726562,1.0,0.0
2024-11-19 12:30:00-05:00,MyStrategy,2a12e39574084536a8cf3152448ab937,SPY,buy,market,new,1,gtc,0.0,1,stock,,,
2024-11-19 12:30:00-05:00,MyStrategy,2a12e39574084536a8cf3152448ab937,SPY,buy,market,fill,1,gtc,0.0,1,stock,584.7100219726562,1.0,0.0
2024-11-19 15:30:00-05:00,MyStrategy,bfb2199d4d814e7bb09b161a9615d160,SPY,buy,market,new,1,gtc,0.0,1,stock,,,
2024-11-19 15:30:00-05:00,MyStrategy,bfb2199d4d814e7bb09b161a9615d160,SPY,buy,market,fill,1,gtc,0.0,1,stock,584.7100219726562,1.0,0.0
2024-11-20 09:30:00-05:00,MyStrategy,77e242dc45fa4fa8bbb5de96010a5014,SPY,buy,market,new,1,gtc,0.0,1,stock,,,
2024-11-20 09:30:00-05:00,MyStrategy,77e242dc45fa4fa8bbb5de96010a5014,SPY,buy,market,fill,1,gtc,0.0,1,stock,590.3800048828125,1.0,0.0
2024-11-20 12:30:00-05:00,MyStrategy,2670ef7987be4d618a411b7e41aa2f77,SPY,buy,market,new,1,gtc,0.0,1,stock,,,
2024-11-20 12:30:00-05:00,MyStrategy,2670ef7987be4d618a411b7e41aa2f77,SPY,buy,market,fill,1,gtc,0.0,1,stock,590.3800048828125,1.0,0.0
2024-11-20 15:30:00-05:00,MyStrategy,4560765b147d441fb98c541dafc53393,SPY,buy,market,new,1,gtc,0.0,1,stock,,,
2024-11-20 15:30:00-05:00,MyStrategy,4560765b147d441fb98c541dafc53393,SPY,buy,market,fill,1,gtc,0.0,1,stock,590.3800048828125,1.0,0.0
2024-11-21 09:30:00-05:00,MyStrategy,bc8f8a27392d465883193e11bcd15de2,SPY,buy,market,new,1,gtc,0.0,1,stock,,,
2024-11-21 09:30:00-05:00,MyStrategy,bc8f8a27392d465883193e11bcd15de2,SPY,buy,market,fill,1,gtc,0.0,1,stock,593.4000244140625,1.0,0.0
2024-11-21 12:30:00-05:00,MyStrategy,a6b12ceb8d94450cb55b3184c8e2208f,SPY,buy,market,new,1,gtc,0.0,1,stock,,,
2024-11-21 12:30:00-05:00,MyStrategy,a6b12ceb8d94450cb55b3184c8e2208f,SPY,buy,market,fill,1,gtc,0.0,1,stock,593.4000244140625,1.0,0.0
2024-11-21 15:30:00-05:00,MyStrategy,20936528e1a849c7a425edfa21b2586c,SPY,buy,market,new,1,gtc,0.0,1,stock,,,
2024-11-21 15:30:00-05:00,MyStrategy,20936528e1a849c7a425edfa21b2586c,SPY,buy,market,fill,1,gtc,0.0,1,stock,593.4000244140625,1.0,0.0
2024-11-22 09:30:00-05:00,MyStrategy,9c418a4f002c4c49a0bba14f54286884,SPY,buy,market,new,1,gtc,0.0,1,stock,,,
2024-11-22 09:30:00-05:00,MyStrategy,9c418a4f002c4c49a0bba14f54286884,SPY,buy,market,fill,1,gtc,0.0,1,stock,593.6599731445312,1.0,0.0
2024-11-22 12:30:00-05:00,MyStrategy,9247a918252f40a6b2f3504b9c37a782,SPY,buy,market,new,1,gtc,0.0,1,stock,,,
2024-11-22 12:30:00-05:00,MyStrategy,9247a918252f40a6b2f3504b9c37a782,SPY,buy,market,fill,1,gtc,0.0,1,stock,593.6599731445312,1.0,0.0
2024-11-22 15:30:00-05:00,MyStrategy,0f0bb66b74594e3791f6855bce81eecb,SPY,buy,market,new,1,gtc,0.0,1,stock,,,
2024-11-22 15:30:00-05:00,MyStrategy,0f0bb66b74594e3791f6855bce81eecb,SPY,buy,market,fill,1,gtc,0.0,1,stock,593.6599731445312,1.0,0.0
2024-11-25 09:30:00-05:00,MyStrategy,ae90408208fe4f11a400ab0b66abc326,SPY,buy,market,new,1,gtc,0.0,1,stock,,,
2024-11-25 09:30:00-05:00,MyStrategy,ae90408208fe4f11a400ab0b66abc326,SPY,buy,market,fill,1,gtc,0.0,1,stock,599.52001953125,1.0,0.0
2024-11-25 12:30:00-05:00,MyStrategy,4239b2ac20c8412886c9668e9de7c995,SPY,buy,market,new,1,gtc,0.0,1,stock,,,
2024-11-25 12:30:00-05:00,MyStrategy,4239b2ac20c8412886c9668e9de7c995,SPY,buy,market,fill,1,gtc,0.0,1,stock,599.52001953125,1.0,0.0
2024-11-25 15:30:00-05:00,MyStrategy,f4f18e4c607248e3abc3f68d18cd4ca0,SPY,buy,market,new,1,gtc,0.0,1,stock,,,
2024-11-25 15:30:00-05:00,MyStrategy,f4f18e4c607248e3abc3f68d18cd4ca0,SPY,buy,market,fill,1,gtc,0.0,1,stock,599.52001953125,1.0,0.0
2024-11-26 09:30:00-05:00,MyStrategy,525719fe05e04a1a8ddc75993626812c,SPY,buy,market,new,1,gtc,0.0,1,stock,,,
2024-11-26 09:30:00-05:00,MyStrategy,525719fe05e04a1a8ddc75993626812c,SPY,buy,market,fill,1,gtc,0.0,1,stock,598.7999877929688,1.0,0.0
2024-11-26 12:30:00-05:00,MyStrategy,6d70ca9dc5a949788cb50ae021fd6d55,SPY,buy,market,new,1,gtc,0.0,1,stock,,,
2024-11-26 12:30:00-05:00,MyStrategy,6d70ca9dc5a949788cb50ae021fd6d55,SPY,buy,market,fill,1,gtc,0.0,1,stock,598.7999877929688,1.0,0.0
2024-11-26 15:30:00-05:00,MyStrategy,35abce4afdc9470f984723f7295e1d29,SPY,buy,market,new,1,gtc,0.0,1,stock,,,
2024-11-26 15:30:00-05:00,MyStrategy,35abce4afdc9470f984723f7295e1d29,SPY,buy,market,fill,1,gtc,0.0,1,stock,598.7999877929688,1.0,0.0
2024-11-27 09:30:00-05:00,MyStrategy,994e5016c69646abbbc929c9e07c9d62,SPY,buy,market,new,1,gtc,0.0,1,stock,,,
2024-11-27 09:30:00-05:00,MyStrategy,994e5016c69646abbbc929c9e07c9d62,SPY,buy,market,fill,1,gtc,0.0,1,stock,600.4600219726562,1.0,0.0
2024-11-27 12:30:00-05:00,MyStrategy,9441297a42e7404aa2b82d279284f665,SPY,buy,market,new,1,gtc,0.0,1,stock,,,
2024-11-27 12:30:00-05:00,MyStrategy,9441297a42e7404aa2b82d279284f665,SPY,buy,market,fill,1,gtc,0.0,1,stock,600.4600219726562,1.0,0.0
2024-11-27 15:30:00-05:00,MyStrategy,02bcf7548d7e4b8987871f5389bc7fe7,SPY,buy,market,new,1,gtc,0.0,1,stock,,,
2024-11-27 15:30:00-05:00,MyStrategy,02bcf7548d7e4b8987871f5389bc7fe7,SPY,buy,market,fill,1,gtc,0.0,1,stock,600.4600219726562,1.0,0.0
2024-11-29 09:30:00-05:00,MyStrategy,656516d59a0c4f93abaeaf5c625194c5,SPY,buy,market,new,1,gtc,0.0,1,stock,,,
2024-11-29 09:30:00-05:00,MyStrategy,656516d59a0c4f93abaeaf5c625194c5,SPY,buy,market,fill,1,gtc,0.0,1,stock,599.6599731445312,1.0,0.0
2024-11-29 12:30:00-05:00,MyStrategy,769abec1b1eb4980a45071212a6ed722,SPY,buy,market,new,1,gtc,0.0,1,stock,,,
2024-11-29 12:30:00-05:00,MyStrategy,769abec1b1eb4980a45071212a6ed722,SPY,buy,market,fill,1,gtc,0.0,1,stock,599.6599731445312,1.0,0.0
2024-12-02 09:30:00-05:00,MyStrategy,fb64f754bae34d5299c30a6408a40d65,SPY,buy,market,new,1,gtc,0.0,1,stock,,,
2024-12-02 09:30:00-05:00,MyStrategy,fb64f754bae34d5299c30a6408a40d65,SPY,buy,market,fill,1,gtc,0.0,1,stock,602.969970703125,1.0,0.0
2024-12-02 12:30:00-05:00,MyStrategy,122884c385f0444d8b72929de047a686,SPY,buy,market,new,1,gtc,0.0,1,stock,,,
2024-12-02 12:30:00-05:00,MyStrategy,122884c385f0444d8b72929de047a686,SPY,buy,market,fill,1,gtc,0.0,1,stock,602.969970703125,1.0,0.0
2024-12-02 15:30:00-05:00,MyStrategy,e9129b58f0a74081bbee5ed8d73f426f,SPY,buy,market,new,1,gtc,0.0,1,stock,,,
2024-12-02 15:30:00-05:00,MyStrategy,e9129b58f0a74081bbee5ed8d73f426f,SPY,buy,market,fill,1,gtc,0.0,1,stock,602.969970703125,1.0,0.0
2024-12-03 09:30:00-05:00,MyStrategy,ff611f5b48224dec9ff8c296b7f96113,SPY,buy,market,new,1,gtc,0.0,1,stock,,,
2024-12-03 09:30:00-05:00,MyStrategy,ff611f5b48224dec9ff8c296b7f96113,SPY,buy,market,fill,1,gtc,0.0,1,stock,603.3900146484375,1.0,0.0
2024-12-03 12:30:00-05:00,MyStrategy,4a358f436ec54325943fc160ba958bc1,SPY,buy,market,new,1,gtc,0.0,1,stock,,,
2024-12-03 12:30:00-05:00,MyStrategy,4a358f436ec54325943fc160ba958bc1,SPY,buy,market,fill,1,gtc,0.0,1,stock,603.3900146484375,1.0,0.0
2024-12-03 15:30:00-05:00,MyStrategy,9289e59cb5554d89bb5a91a6cd3204e6,SPY,buy,market,new,1,gtc,0.0,1,stock,,,
2024-12-03 15:30:00-05:00,MyStrategy,9289e59cb5554d89bb5a91a6cd3204e6,SPY,buy,market,fill,1,gtc,0.0,1,stock,603.3900146484375,1.0,0.0
2024-12-04 09:30:00-05:00,MyStrategy,41f91ecb11a9423da2016e23655bc0ce,SPY,buy,market,new,1,gtc,0.0,1,stock,,,
2024-12-04 09:30:00-05:00,MyStrategy,41f91ecb11a9423da2016e23655bc0ce,SPY,buy,market,fill,1,gtc,0.0,1,stock,605.6300048828125,1.0,0.0
2024-12-04 12:30:00-05:00,MyStrategy,b01c4e96317c40e3afac787a9b730be3,SPY,buy,market,new,1,gtc,0.0,1,stock,,,
2024-12-04 12:30:00-05:00,MyStrategy,b01c4e96317c40e3afac787a9b730be3,SPY,buy,market,fill,1,gtc,0.0,1,stock,605.6300048828125,1.0,0.0
2024-12-04 15:30:00-05:00,MyStrategy,86c890c0298e4978bd4f259b162701cc,SPY,buy,market,new,1,gtc,0.0,1,stock,,,
2024-12-04 15:30:00-05:00,MyStrategy,86c890c0298e4978bd4f259b162701cc,SPY,buy,market,fill,1,gtc,0.0,1,stock,605.6300048828125,1.0,0.0
2024-12-05 09:30:00-05:00,MyStrategy,fa98cf3e88cf40cdabfb90f4d2f35328,SPY,buy,market,new,1,gtc,0.0,1,stock,,,
2024-12-05 09:30:00-05:00,MyStrategy,fa98cf3e88cf40cdabfb90f4d2f35328,SPY,buy,market,fill,1,gtc,0.0,1,stock,607.6599731445312,1.0,0.0
2024-12-05 12:30:00-05:00,MyStrategy,8731fe9f04b24993ac71862495caaa4f,SPY,buy,market,new,1,gtc,0.0,1,stock,,,
2024-12-05 12:30:00-05:00,MyStrategy,8731fe9f04b24993ac71862495caaa4f,SPY,buy,market,fill,1,gtc,0.0,1,stock,607.6599731445312,1.0,0.0
2024-12-05 15:30:00-05:00,MyStrategy,57209aecde91454fa2e44ffbd077ba30,SPY,buy,market,new,1,gtc,0.0,1,stock,,,
2024-12-05 15:30:00-05:00,MyStrategy,57209aecde91454fa2e44ffbd077ba30,SPY,buy,market,fill,1,gtc,0.0,1,stock,607.6599731445312,1.0,0.0
2024-12-06 09:30:00-05:00,MyStrategy,209523433f524ed694a4e722e64d35ed,SPY,buy,market,new,1,gtc,0.0,1,stock,,,
2024-12-06 09:30:00-05:00,MyStrategy,209523433f524ed694a4e722e64d35ed,SPY,buy,market,fill,1,gtc,0.0,1,stock,607.4400024414062,1.0,0.0
2024-12-06 12:30:00-05:00,MyStrategy,a09eeb27ee9245d28a33bab5bc400395,SPY,buy,market,new,1,gtc,0.0,1,stock,,,
2024-12-06 12:30:00-05:00,MyStrategy,a09eeb27ee9245d28a33bab5bc400395,SPY,buy,market,fill,1,gtc,0.0,1,stock,607.4400024414062,1.0,0.0
2024-12-06 15:30:00-05:00,MyStrategy,0e16422579cd4a2f946c107bb346675c,SPY,buy,market,new,1,gtc,0.0,1,stock,,,
2024-12-06 15:30:00-05:00,MyStrategy,0e16422579cd4a2f946c107bb346675c,SPY,buy,market,fill,1,gtc,0.0,1,stock,607.4400024414062,1.0,0.0
2024-12-09 09:30:00-05:00,MyStrategy,5c4fb2fcb3bd4f93a762704e0147a406,SPY,buy,market,new,1,gtc,0.0,1,stock,,,
2024-12-09 09:30:00-05:00,MyStrategy,5c4fb2fcb3bd4f93a762704e0147a406,SPY,buy,market,fill,1,gtc,0.0,1,stock,607.6900024414062,1.0,0.0
2024-12-09 12:30:00-05:00,MyStrategy,d2520e6ec22a4a37bc5550695ca2dd6d,SPY,buy,market,new,1,gtc,0.0,1,stock,,,
2024-12-09 12:30:00-05:00,MyStrategy,d2520e6ec22a4a37bc5550695ca2dd6d,SPY,buy,market,fill,1,gtc,0.0,1,stock,607.6900024414062,1.0,0.0
2024-12-09 15:30:00-05:00,MyStrategy,0acaa8167964490ebb7e5cb2dea9b407,SPY,buy,market,new,1,gtc,0.0,1,stock,,,
2024-12-09 15:30:00-05:00,MyStrategy,0acaa8167964490ebb7e5cb2dea9b407,SPY,buy,market,fill,1,gtc,0.0,1,stock,607.6900024414062,1.0,0.0
2024-12-10 09:30:00-05:00,MyStrategy,0857ca7451c44fc882d3ce1f78fd9619,SPY,buy,market,new,1,gtc,0.0,1,stock,,,
2024-12-10 09:30:00-05:00,MyStrategy,0857ca7451c44fc882d3ce1f78fd9619,SPY,buy,market,fill,1,gtc,0.0,1,stock,605.3699951171875,1.0,0.0
2024-12-10 12:30:00-05:00,MyStrategy,3a0e160798ff46cbbe26d71dbc14def4,SPY,buy,market,new,1,gtc,0.0,1,stock,,,
2024-12-10 12:30:00-05:00,MyStrategy,3a0e160798ff46cbbe26d71dbc14def4,SPY,buy,market,fill,1,gtc,0.0,1,stock,605.3699951171875,1.0,0.0
2024-12-10 15:30:00-05:00,MyStrategy,86d90326192b479383418ce3a6c770c4,SPY,buy,market,new,1,gtc,0.0,1,stock,,,
2024-12-10 15:30:00-05:00,MyStrategy,86d90326192b479383418ce3a6c770c4,SPY,buy,market,fill,1,gtc,0.0,1,stock,605.3699951171875,1.0,0.0
2024-12-11 09:30:00-05:00,MyStrategy,2c8dc6a547224292b4f52075c51e10d8,SPY,buy,market,new,1,gtc,0.0,1,stock,,,
2024-12-11 09:30:00-05:00,MyStrategy,2c8dc6a547224292b4f52075c51e10d8,SPY,buy,market,fill,1,gtc,0.0,1,stock,605.780029296875,1.0,0.0
2024-12-11 12:30:00-05:00,MyStrategy,c271c4d8f8a1478b914b2b6b00db1456,SPY,buy,market,new,1,gtc,0.0,1,stock,,,
2024-12-11 12:30:00-05:00,MyStrategy,c271c4d8f8a1478b914b2b6b00db1456,SPY,buy,market,fill,1,gtc,0.0,1,stock,605.780029296875,1.0,0.0
2024-12-11 15:30:00-05:00,MyStrategy,33f30a35b40d4561ba5b679eca914e98,SPY,buy,market,new,1,gtc,0.0,1,stock,,,
2024-12-11 15:30:00-05:00,MyStrategy,33f30a35b40d4561ba5b679eca914e98,SPY,buy,market,fill,1,gtc,0.0,1,stock,605.780029296875,1.0,0.0
2024-12-12 09:30:00-05:00,MyStrategy,ac06bb84e8774e1389fca106e90c0d01,SPY,buy,market,new,1,gtc,0.0,1,stock,,,
2024-12-12 09:30:00-05:00,MyStrategy,ac06bb84e8774e1389fca106e90c0d01,SPY,buy,market,fill,1,gtc,0.0,1,stock,606.5800170898438,1.0,0.0
2024-12-12 12:30:00-05:00,MyStrategy,3c3d00531a88401f8777f5402e0fc48a,SPY,buy,market,new,1,gtc,0.0,1,stock,,,
2024-12-12 12:30:00-05:00,MyStrategy,3c3d00531a88401f8777f5402e0fc48a,SPY,buy,market,fill,1,gtc,0.0,1,stock,606.5800170898438,1.0,0.0
2024-12-12 15:30:00-05:00,MyStrategy,8ba758420d234bb88f92a59228821f83,SPY,buy,market,new,1,gtc,0.0,1,stock,,,
2024-12-12 15:30:00-05:00,MyStrategy,8ba758420d234bb88f92a59228821f83,SPY,buy,market,fill,1,gtc,0.0,1,stock,606.5800170898438,1.0,0.0
2024-12-13 09:30:00-05:00,MyStrategy,7e032edd494448bdbf09815fb4c2ebfd,SPY,buy,market,new,1,gtc,0.0,1,stock,,,
2024-12-13 09:30:00-05:00,MyStrategy,7e032edd494448bdbf09815fb4c2ebfd,SPY,buy,market,fill,1,gtc,0.0,1,stock,606.4000244140625,1.0,0.0
2024-12-13 12:30:00-05:00,MyStrategy,f0b744576d8c47d88dd7b959565d4c96,SPY,buy,market,new,1,gtc,0.0,1,stock,,,
2024-12-13 12:30:00-05:00,MyStrategy,f0b744576d8c47d88dd7b959565d4c96,SPY,buy,market,fill,1,gtc,0.0,1,stock,606.4000244140625,1.0,0.0
2024-12-13 15:30:00-05:00,MyStrategy,c5f63dddb7c8440e9607faae5d40c9fc,SPY,buy,market,new,1,gtc,0.0,1,stock,,,
2024-12-13 15:30:00-05:00,MyStrategy,c5f63dddb7c8440e9607faae5d40c9fc,SPY,buy,market,fill,1,gtc,0.0,1,stock,606.4000244140625,1.0,0.0
2024-12-16 09:30:00-05:00,MyStrategy,256bd2e2540a4c5b8f30b35d014142e0,SPY,buy,market,new,1,gtc,0.0,1,stock,,,
2024-12-16 09:30:00-05:00,MyStrategy,256bd2e2540a4c5b8f30b35d014142e0,SPY,buy,market,fill,1,gtc,0.0,1,stock,606.0,1.0,0.0
2024-12-16 12:30:00-05:00,MyStrategy,57da471c9e7043b3a501fa95332a37a0,SPY,buy,market,new,1,gtc,0.0,1,stock,,,
2024-12-16 12:30:00-05:00,MyStrategy,57da471c9e7043b3a501fa95332a37a0,SPY,buy,market,fill,1,gtc,0.0,1,stock,606.0,1.0,0.0
2024-12-16 15:30:00-05:00,MyStrategy,06f8886207c2459fa9cae676d7f98d52,SPY,buy,market,new,1,gtc,0.0,1,stock,,,
2024-12-16 15:30:00-05:00,MyStrategy,06f8886207c2459fa9cae676d7f98d52,SPY,buy,market,fill,1,gtc,0.0,1,stock,606.0,1.0,0.0
2024-12-17 09:30:00-05:00,MyStrategy,ef88f181ed6e4c419d3676e708d7be32,SPY,buy,market,new,1,gtc,0.0,1,stock,,,
2024-12-17 09:30:00-05:00,MyStrategy,ef88f181ed6e4c419d3676e708d7be32,SPY,buy,market,fill,1,gtc,0.0,1,stock,604.1900024414062,1.0,0.0
2024-12-17 12:30:00-05:00,MyStrategy,4477510379334117a9c1a4ff4bcbb6af,SPY,buy,market,new,1,gtc,0.0,1,stock,,,
2024-12-17 12:30:00-05:00,MyStrategy,4477510379334117a9c1a4ff4bcbb6af,SPY,buy,market,fill,1,gtc,0.0,1,stock,604.1900024414062,1.0,0.0
2024-12-17 15:30:00-05:00,MyStrategy,61ff0ee9f1f2474da46d43759abfcec5,SPY,buy,market,new,1,gtc,0.0,1,stock,,,
2024-12-17 15:30:00-05:00,MyStrategy,61ff0ee9f1f2474da46d43759abfcec5,SPY,buy,market,fill,1,gtc,0.0,1,stock,604.1900024414062,1.0,0.0
2024-12-18 09:30:00-05:00,MyStrategy,1bf5a3284ea94fbe8b4c5112b3d5efc3,SPY,buy,market,new,1,gtc,0.0,1,stock,,,
2024-12-18 09:30:00-05:00,MyStrategy,1bf5a3284ea94fbe8b4c5112b3d5efc3,SPY,buy,market,fill,1,gtc,0.0,1,stock,603.97998046875,1.0,0.0
2024-12-18 12:30:00-05:00,MyStrategy,18c3e87b641c409889328fbcdecc9037,SPY,buy,market,new,1,gtc,0.0,1,stock,,,
2024-12-18 12:30:00-05:00,MyStrategy,18c3e87b641c409889328fbcdecc9037,SPY,buy,market,fill,1,gtc,0.0,1,stock,603.97998046875,1.0,0.0
2024-12-18 15:30:00-05:00,MyStrategy,dc1cd5419cad4f3f958b639f2cc9a6d3,SPY,buy,market,new,1,gtc,0.0,1,stock,,,
2024-12-18 15:30:00-05:00,MyStrategy,dc1cd5419cad4f3f958b639f2cc9a6d3,SPY,buy,market,fill,1,gtc,0.0,1,stock,603.97998046875,1.0,0.0
2024-12-19 09:30:00-05:00,MyStrategy,f4d287c48a114989aa0e20d797a5ecd0,SPY,buy,market,new,1,gtc,0.0,1,stock,,,
2024-12-19 09:30:00-05:00,MyStrategy,f4d287c48a114989aa0e20d797a5ecd0,SPY,buy,market,fill,1,gtc,0.0,1,stock,591.3599853515625,1.0,0.0
2024-12-19 12:30:00-05:00,MyStrategy,490d2856f7604f5f805a7d635084152f,SPY,buy,market,new,1,gtc,0.0,1,stock,,,
2024-12-19 12:30:00-05:00,MyStrategy,490d2856f7604f5f805a7d635084152f,SPY,buy,market,fill,1,gtc,0.0,1,stock,591.3599853515625,1.0,0.0
2024-12-19 15:30:00-05:00,MyStrategy,562e62264aec4e11b1afe29d6b60e35f,SPY,buy,market,new,1,gtc,0.0,1,stock,,,
2024-12-19 15:30:00-05:00,MyStrategy,562e62264aec4e11b1afe29d6b60e35f,SPY,buy,market,fill,1,gtc,0.0,1,stock,591.3599853515625,1.0,0.0
2024-12-20 09:30:00-05:00,MyStrategy,9b297133ccd94c5390ee5decedb708ef,SPY,buy,market,new,1,gtc,0.0,1,stock,,,
2024-12-20 09:30:00-05:00,MyStrategy,9b297133ccd94c5390ee5decedb708ef,SPY,buy,market,fill,1,gtc,0.0,1,stock,581.77001953125,1.0,0.0
2024-12-20 12:30:00-05:00,MyStrategy,4a4580724a6e44fbb1fcaa385e8bb9db,SPY,buy,market,new,1,gtc,0.0,1,stock,,,
2024-12-20 12:30:00-05:00,MyStrategy,4a4580724a6e44fbb1fcaa385e8bb9db,SPY,buy,market,fill,1,gtc,0.0,1,stock,581.77001953125,1.0,0.0
2024-12-20 15:30:00-05:00,MyStrategy,c052f7ac23424b7189ac1d072fb0c078,SPY,buy,market,new,1,gtc,0.0,1,stock,,,
2024-12-20 15:30:00-05:00,MyStrategy,c052f7ac23424b7189ac1d072fb0c078,SPY,buy,market,fill,1,gtc,0.0,1,stock,581.77001953125,1.0,0.0
2024-12-23 09:30:00-05:00,MyStrategy,cd953ab7051c43ac90e6db3e0ec3a04e,SPY,buy,market,new,1,gtc,0.0,1,stock,,,
2024-12-23 09:30:00-05:00,MyStrategy,cd953ab7051c43ac90e6db3e0ec3a04e,SPY,buy,market,fill,1,gtc,0.0,1,stock,590.8900146484375,1.0,0.0
2024-12-23 12:30:00-05:00,MyStrategy,175af24f53e54bd68b741132bc1fd2ea,SPY,buy,market,new,1,gtc,0.0,1,stock,,,
2024-12-23 12:30:00-05:00,MyStrategy,175af24f53e54bd68b741132bc1fd2ea,SPY,buy,market,fill,1,gtc,0.0,1,stock,590.8900146484375,1.0,0.0
2024-12-23 15:30:00-05:00,MyStrategy,2d6f844dbbeb4f3093e841a36188caf3,SPY,buy,market,new,1,gtc,0.0,1,stock,,,
2024-12-23 15:30:00-05:00,MyStrategy,2d6f844dbbeb4f3093e841a36188caf3,SPY,buy,market,fill,1,gtc,0.0,1,stock,590.8900146484375,1.0,0.0
2024-12-24 09:30:00-05:00,MyStrategy,06788fee7c544de3aa50c27d6b6097b8,SPY,buy,market,new,1,gtc,0.0,1,stock,,,
2024-12-24 09:30:00-05:00,MyStrategy,06788fee7c544de3aa50c27d6b6097b8,SPY,buy,market,fill,1,gtc,0.0,1,stock,596.0599975585938,1.0,0.0
2024-12-24 12:30:00-05:00,MyStrategy,9786e75510984073b3cb6db5a727046b,SPY,buy,market,new,1,gtc,0.0,1,stock,,,
2024-12-24 12:30:00-05:00,MyStrategy,9786e75510984073b3cb6db5a727046b,SPY,buy,market,fill,1,gtc,0.0,1,stock,596.0599975585938,1.0,0.0
2024-12-26 09:30:00-05:00,MyStrategy,8f673fd08f504dd6ab801f6e8b7dd028,SPY,buy,market,new,1,gtc,0.0,1,stock,,,
2024-12-26 09:30:00-05:00,MyStrategy,8f673fd08f504dd6ab801f6e8b7dd028,SPY,buy,market,fill,1,gtc,0.0,1,stock,599.5,1.0,0.0
2024-12-26 12:30:00-05:00,MyStrategy,2ce3aeba647c43019ed2e2b15efd8e72,SPY,buy,market,new,1,gtc,0.0,1,stock,,,
2024-12-26 12:30:00-05:00,MyStrategy,2ce3aeba647c43019ed2e2b15efd8e72,SPY,buy,market,fill,1,gtc,0.0,1,stock,599.5,1.0,0.0
2024-12-26 15:30:00-05:00,MyStrategy,874daaa79c7840a981ae84a8eb69a4d3,SPY,buy,market,new,1,gtc,0.0,1,stock,,,
2024-12-26 15:30:00-05:00,MyStrategy,874daaa79c7840a981ae84a8eb69a4d3,SPY,buy,market,fill,1,gtc,0.0,1,stock,599.5,1.0,0.0
2024-12-27 09:30:00-05:00,MyStrategy,f355c8da062f432b802b91eadc4e288d,SPY,buy,market,new,1,gtc,0.0,1,stock,,,
2024-12-27 09:30:00-05:00,MyStrategy,f355c8da062f432b802b91eadc4e288d,SPY,buy,market,fill,1,gtc,0.0,1,stock,597.5399780273438,1.0,0.0
2024-12-27 12:30:00-05:00,MyStrategy,5fec8249fba94e6a83d3e126557cafea,SPY,buy,market,new,1,gtc,0.0,1,stock,,,
2024-12-27 12:30:00-05:00,MyStrategy,5fec8249fba94e6a83d3e126557cafea,SPY,buy,market,fill,1,gtc,0.0,1,stock,597.5399780273438,1.0,0.0
2024-12-27 15:30:00-05:00,MyStrategy,2bdbfb87d9a84ed7aebed4ce2433e927,SPY,buy,market,new,1,gtc,0.0,1,stock,,,
2024-12-27 15:30:00-05:00,MyStrategy,2bdbfb87d9a84ed7aebed4ce2433e927,SPY,buy,market,fill,1,gtc,0.0,1,stock,597.5399780273438,1.0,0.0
2024-12-30 09:30:00-05:00,MyStrategy,41b67bdc2b2246dc9a899b00c38c95b3,SPY,buy,market,new,1,gtc,0.0,1,stock,,,
2024-12-30 09:30:00-05:00,MyStrategy,41b67bdc2b2246dc9a899b00c38c95b3,SPY,buy,market,fill,1,gtc,0.0,1,stock,587.8900146484375,1.0,0.0
2024-12-30 12:30:00-05:00,MyStrategy,c10c43415090423bab1077001695b1b0,SPY,buy,market,new,1,gtc,0.0,1,stock,,,
2024-12-30 12:30:00-05:00,MyStrategy,c10c43415090423bab1077001695b1b0,SPY,buy,market,fill,1,gtc,0.0,1,stock,587.8900146484375,1.0,0.0
2024-12-30 15:30:00-05:00,MyStrategy,29780f296576424fa9e1e1ad03aae685,SPY,buy,market,new,1,gtc,0.0,1,stock,,,
2024-12-30 15:30:00-05:00,MyStrategy,29780f296576424fa9e1e1ad03aae685,SPY,buy,market,fill,1,gtc,0.0,1,stock,587.8900146484375,1.0,0.0
