datetime,portfolio_value,cash,positions,return
2024-01-02 08:30:00-05:00,100000.0,100000.0,[],
2024-01-02 09:30:00-05:00,100000.0,100000.0,[],0.0
2024-01-02 09:30:00-05:00,100000.0,100000.0,[],0.0
2024-01-02 12:30:00-05:00,100000.0,52783.99963378906,"[{'asset': SPY, 'quantity': 100.0}]",0.0
2024-01-02 15:30:00-05:00,100000.0,5567.999267578125,"[{'asset': SPY, 'quantity': 200.0}]",0.0
2024-01-02 18:30:00-05:00,100000.0,-41648.00109863281,"[{'asset': SPY, 'quantity': 300.0}]",0.0
2024-01-02 18:25:00-05:00,100000.0,-41648.00109863281,"[{'asset': SPY, 'quantity': 300.0}]",0.0
2024-01-03 08:30:00-05:00,99480.99670410156,-41648.00109863281,"[{'asset': SPY, 'quantity': 300.0}]",-0.0051900329589843475
2024-01-03 09:30:00-05:00,99480.99670410156,-41648.00109863281,"[{'asset': SPY, 'quantity': 300.0}]",0.0
2024-01-03 09:30:00-05:00,99480.99670410156,-41648.00109863281,"[{'asset': SPY, 'quantity': 300.0}]",0.0
2024-01-03 12:30:00-05:00,99480.99670410156,-88691.00036621094,"[{'asset': SPY, 'quantity': 400.0}]",0.0
2024-01-03 15:30:00-05:00,99480.99670410156,-135733.99963378906,"[{'asset': SPY, 'quantity': 500.0}]",0.0
2024-01-03 18:30:00-05:00,99480.99670410156,-182776.9989013672,"[{'asset': SPY, 'quantity': 600.0}]",0.0
2024-01-03 18:25:00-05:00,99480.99670410156,-182776.9989013672,"[{'asset': SPY, 'quantity': 600.0}]",0.0
2024-01-04 08:30:00-05:00,98202.99377441406,-182776.9989013672,"[{'asset': SPY, 'quantity': 600.0}]",-0.01284670411464428
2024-01-04 09:30:00-05:00,98202.99377441406,-182776.9989013672,"[{'asset': SPY, 'quantity': 600.0}]",0.0
2024-01-04 09:30:00-05:00,98202.99377441406,-182776.9989013672,"[{'asset': SPY, 'quantity': 600.0}]",0.0
2024-01-04 12:30:00-05:00,98202.99377441406,-229606.99768066406,"[{'asset': SPY, 'quantity': 700.0}]",0.0
2024-01-04 15:30:00-05:00,98202.99377441406,-276436.99645996094,"[{'asset': SPY, 'quantity': 800.0}]",0.0
2024-01-04 18:30:00-05:00,98202.99377441406,-323266.9952392578,"[{'asset': SPY, 'quantity': 900.0}]",0.0
2024-01-04 18:25:00-05:00,98202.99377441406,-323266.9952392578,"[{'asset': SPY, 'quantity': 900.0}]",0.0
2024-01-05 08:30:00-05:00,97473.99597167969,-323266.9952392578,"[{'asset': SPY, 'quantity': 900.0}]",-0.007423376566390472
2024-01-05 09:30:00-05:00,97473.99597167969,-323266.9952392578,"[{'asset': SPY, 'quantity': 900.0}]",0.0
2024-01-05 09:30:00-05:00,97473.99597167969,-323266.9952392578,"[{'asset': SPY, 'quantity': 900.0}]",0.0
2024-01-05 12:30:00-05:00,97473.99597167969,-370015.9942626953,"[{'asset': SPY, 'quantity': 1000.0}]",0.0
2024-01-05 15:30:00-05:00,97473.99597167969,-416764.9932861328,"[{'asset': SPY, 'quantity': 1100.0}]",0.0
2024-01-05 18:30:00-05:00,97473.99597167969,-463513.9923095703,"[{'asset': SPY, 'quantity': 1200.0}]",0.0
2024-01-05 18:25:00-05:00,97473.99597167969,-463513.9923095703,"[{'asset': SPY, 'quantity': 1200.0}]",0.0
2024-01-08 08:30:00-05:00,98601.99890136719,-463513.9923095703,"[{'asset': SPY, 'quantity': 1200.0}]",0.011572347254700022
2024-01-08 09:30:00-05:00,98601.99890136719,-463513.9923095703,"[{'asset': SPY, 'quantity': 1200.0}]",0.0
2024-01-08 09:30:00-05:00,98601.99890136719,-463513.9923095703,"[{'asset': SPY, 'quantity': 1200.0}]",0.0
2024-01-08 12:30:00-05:00,98601.99890136719,-510356.99157714844,"[{'asset': SPY, 'quantity': 1300.0}]",0.0
2024-01-08 15:30:00-05:00,98601.99890136719,-557199.9908447266,"[{'asset': SPY, 'quantity': 1400.0}]",0.0
2024-01-08 18:30:00-05:00,98601.99890136719,-604042.9901123047,"[{'asset': SPY, 'quantity': 1500.0}]",0.0
2024-01-08 18:25:00-05:00,98601.99890136719,-604042.9901123047,"[{'asset': SPY, 'quantity': 1500.0}]",0.0
2024-01-09 08:30:00-05:00,103762.00256347656,-604042.9901123047,"[{'asset': SPY, 'quantity': 1500.0}]",0.05233163343139724
2024-01-09 09:30:00-05:00,103762.00256347656,-604042.9901123047,"[{'asset': SPY, 'quantity': 1500.0}]",0.0
2024-01-09 09:30:00-05:00,103762.00256347656,-604042.9901123047,"[{'asset': SPY, 'quantity': 1500.0}]",0.0
2024-01-09 12:30:00-05:00,103762.00256347656,-651229.9896240234,"[{'asset': SPY, 'quantity': 1600.0}]",0.0
2024-01-09 15:30:00-05:00,103762.00256347656,-698416.9891357422,"[{'asset': SPY, 'quantity': 1700.0}]",0.0
2024-01-09 18:30:00-05:00,103762.00256347656,-745603.9886474609,"[{'asset': SPY, 'quantity': 1800.0}]",0.0
2024-01-09 18:25:00-05:00,103762.00256347656,-745603.9886474609,"[{'asset': SPY, 'quantity': 1800.0}]",0.0
2024-01-10 08:30:00-05:00,107884.01794433594,-745603.9886474609,"[{'asset': SPY, 'quantity': 1800.0}]",0.039725672972991566
2024-01-10 09:30:00-05:00,107884.01794433594,-745603.9886474609,"[{'asset': SPY, 'quantity': 1800.0}]",0.0
2024-01-10 09:30:00-05:00,107884.01794433594,-745603.9886474609,"[{'asset': SPY, 'quantity': 1800.0}]",0.0
2024-01-10 12:30:00-05:00,107884.01794433594,-793019.9890136719,"[{'asset': SPY, 'quantity': 1900.0}]",0.0
2024-01-10 15:30:00-05:00,107884.01794433594,-840435.9893798828,"[{'asset': SPY, 'quantity': 2000.0}]",0.0
2024-01-10 18:30:00-05:00,107884.01794433594,-887851.9897460938,"[{'asset': SPY, 'quantity': 2100.0}]",0.0
2024-01-10 18:25:00-05:00,107884.01794433594,-887851.9897460938,"[{'asset': SPY, 'quantity': 2100.0}]",0.0
2024-01-11 08:30:00-05:00,115087.00256347656,-887851.9897460938,"[{'asset': SPY, 'quantity': 2100.0}]",0.06676600256821263
2024-01-11 09:30:00-05:00,115087.00256347656,-887851.9897460938,"[{'asset': SPY, 'quantity': 2100.0}]",0.0
2024-01-11 09:30:00-05:00,115087.00256347656,-887851.9897460938,"[{'asset': SPY, 'quantity': 2100.0}]",0.0
2024-01-11 12:30:00-05:00,115087.00256347656,-935610.9893798828,"[{'asset': SPY, 'quantity': 2200.0}]",0.0
2024-01-11 15:30:00-05:00,115087.00256347656,-983369.9890136719,"[{'asset': SPY, 'quantity': 2300.0}]",0.0
2024-01-11 18:30:00-05:00,115087.00256347656,-1031128.9886474609,"[{'asset': SPY, 'quantity': 2400.0}]",0.0
2024-01-11 18:25:00-05:00,115087.00256347656,-1031128.9886474609,"[{'asset': SPY, 'quantity': 2400.0}]",0.0
2024-01-12 08:30:00-05:00,115687.00256347656,-1031128.9886474609,"[{'asset': SPY, 'quantity': 2400.0}]",0.005213447102065727
2024-01-12 09:30:00-05:00,115687.00256347656,-1031128.9886474609,"[{'asset': SPY, 'quantity': 2400.0}]",0.0
2024-01-12 09:30:00-05:00,115687.00256347656,-1031128.9886474609,"[{'asset': SPY, 'quantity': 2400.0}]",0.0
2024-01-12 12:30:00-05:00,115687.00256347656,-1078912.98828125,"[{'asset': SPY, 'quantity': 2500.0}]",0.0
2024-01-12 15:30:00-05:00,115687.00256347656,-1126696.987915039,"[{'asset': SPY, 'quantity': 2600.0}]",0.0
2024-01-12 18:30:00-05:00,115687.00256347656,-1174480.9875488281,"[{'asset': SPY, 'quantity': 2700.0}]",0.0
2024-01-12 18:25:00-05:00,115687.00256347656,-1174480.9875488281,"[{'asset': SPY, 'quantity': 2700.0}]",0.0
2024-01-16 08:30:00-05:00,108721.03881835938,-1174480.9875488281,"[{'asset': SPY, 'quantity': 2700.0}]",-0.060213883934757684
2024-01-16 09:30:00-05:00,108721.03881835938,-1174480.9875488281,"[{'asset': SPY, 'quantity': 2700.0}]",0.0
2024-01-16 09:30:00-05:00,108721.03881835938,-1174480.9875488281,"[{'asset': SPY, 'quantity': 2700.0}]",0.0
2024-01-16 12:30:00-05:00,108721.03881835938,-1222006.9885253906,"[{'asset': SPY, 'quantity': 2800.0}]",0.0
2024-01-16 15:30:00-05:00,108721.03881835938,-1269532.9895019531,"[{'asset': SPY, 'quantity': 2900.0}]",0.0
2024-01-16 18:30:00-05:00,108721.03881835938,-1317058.9904785156,"[{'asset': SPY, 'quantity': 3000.0}]",0.0
2024-01-16 18:25:00-05:00,108721.03881835938,-1317058.9904785156,"[{'asset': SPY, 'quantity': 3000.0}]",0.0
2024-01-17 08:30:00-05:00,98401.03149414062,-1317058.9904785156,"[{'asset': SPY, 'quantity': 3000.0}]",-0.09492189769691606
2024-01-17 09:30:00-05:00,98401.03149414062,-1317058.9904785156,"[{'asset': SPY, 'quantity': 3000.0}]",0.0
2024-01-17 09:30:00-05:00,98401.03149414062,-1317058.9904785156,"[{'asset': SPY, 'quantity': 3000.0}]",0.0
2024-01-17 12:30:00-05:00,98401.03149414062,-1364240.9912109375,"[{'asset': SPY, 'quantity': 3100.0}]",0.0
2024-01-17 15:30:00-05:00,98401.03149414062,-1411422.9919433594,"[{'asset': SPY, 'quantity': 3200.0}]",0.0
2024-01-17 18:30:00-05:00,98401.03149414062,-1458604.9926757812,"[{'asset': SPY, 'quantity': 3300.0}]",0.0
2024-01-17 18:25:00-05:00,98401.03149414062,-1458604.9926757812,"[{'asset': SPY, 'quantity': 3300.0}]",0.0
2024-01-18 08:30:00-05:00,105628.03955078125,-1458604.9926757812,"[{'asset': SPY, 'quantity': 3300.0}]",0.07344443393432276
2024-01-18 09:30:00-05:00,105628.03955078125,-1458604.9926757812,"[{'asset': SPY, 'quantity': 3300.0}]",0.0
2024-01-18 09:30:00-05:00,105628.03955078125,-1458604.9926757812,"[{'asset': SPY, 'quantity': 3300.0}]",0.0
2024-01-18 12:30:00-05:00,105628.03955078125,-1506005.9936523438,"[{'asset': SPY, 'quantity': 3400.0}]",0.0
2024-01-18 15:30:00-05:00,105628.03955078125,-1553406.9946289062,"[{'asset': SPY, 'quantity': 3500.0}]",0.0
2024-01-18 18:30:00-05:00,105628.03955078125,-1600807.9956054688,"[{'asset': SPY, 'quantity': 3600.0}]",0.0
2024-01-18 18:25:00-05:00,105628.03955078125,-1600807.9956054688,"[{'asset': SPY, 'quantity': 3600.0}]",0.0
2024-01-19 08:30:00-05:00,118731.982421875,-1600807.9956054688,"[{'asset': SPY, 'quantity': 3600.0}]",0.12405742761886596
2024-01-19 09:30:00-05:00,118731.982421875,-1600807.9956054688,"[{'asset': SPY, 'quantity': 3600.0}]",0.0
2024-01-19 09:30:00-05:00,118731.982421875,-1600807.9956054688,"[{'asset': SPY, 'quantity': 3600.0}]",0.0
2024-01-19 12:30:00-05:00,118731.982421875,-1648572.9949951172,"[{'asset': SPY, 'quantity': 3700.0}]",0.0
2024-01-19 15:30:00-05:00,118731.982421875,-1696337.9943847656,"[{'asset': SPY, 'quantity': 3800.0}]",0.0
2024-01-19 18:30:00-05:00,118731.982421875,-1744102.993774414,"[{'asset': SPY, 'quantity': 3900.0}]",0.0
2024-01-19 18:25:00-05:00,118731.982421875,-1744102.993774414,"[{'asset': SPY, 'quantity': 3900.0}]",0.0
2024-01-22 08:30:00-05:00,143536.04431152344,-1744102.993774414,"[{'asset': SPY, 'quantity': 3900.0}]",0.20890800762944717
2024-01-22 09:30:00-05:00,143536.04431152344,-1744102.993774414,"[{'asset': SPY, 'quantity': 3900.0}]",0.0
2024-01-22 09:30:00-05:00,143536.04431152344,-1744102.993774414,"[{'asset': SPY, 'quantity': 3900.0}]",0.0
2024-01-22 12:30:00-05:00,143536.04431152344,-1792503.9947509766,"[{'asset': SPY, 'quantity': 4000.0}]",0.0
2024-01-22 15:30:00-05:00,143536.04431152344,-1840904.995727539,"[{'asset': SPY, 'quantity': 4100.0}]",0.0
2024-01-22 18:30:00-05:00,143536.04431152344,-1889305.9967041016,"[{'asset': SPY, 'quantity': 4200.0}]",0.0
2024-01-22 18:25:00-05:00,143536.04431152344,-1889305.9967041016,"[{'asset': SPY, 'quantity': 4200.0}]",0.0
2024-01-23 08:30:00-05:00,143536.04431152344,-1889305.9967041016,"[{'asset': SPY, 'quantity': 4200.0}]",0.0
2024-01-23 09:30:00-05:00,143536.04431152344,-1889305.9967041016,"[{'asset': SPY, 'quantity': 4200.0}]",0.0
2024-01-23 09:30:00-05:00,143536.04431152344,-1889305.9967041016,"[{'asset': SPY, 'quantity': 4200.0}]",0.0
2024-01-23 12:30:00-05:00,143536.04431152344,-1937706.997680664,"[{'asset': SPY, 'quantity': 4300.0}]",0.0
2024-01-23 15:30:00-05:00,143536.04431152344,-1986107.9986572266,"[{'asset': SPY, 'quantity': 4400.0}]",0.0
2024-01-23 18:30:00-05:00,143536.04431152344,-2034508.999633789,"[{'asset': SPY, 'quantity': 4500.0}]",0.0
2024-01-23 18:25:00-05:00,143536.04431152344,-2034508.999633789,"[{'asset': SPY, 'quantity': 4500.0}]",0.0
2024-01-24 08:30:00-05:00,160635.9893798828,-2034508.999633789,"[{'asset': SPY, 'quantity': 4500.0}]",0.11913345634108818
2024-01-24 09:30:00-05:00,160635.9893798828,-2034508.999633789,"[{'asset': SPY, 'quantity': 4500.0}]",0.0
2024-01-24 09:30:00-05:00,160635.9893798828,-2034508.999633789,"[{'asset': SPY, 'quantity': 4500.0}]",0.0
2024-01-24 12:30:00-05:00,160635.9893798828,-2083289.9993896484,"[{'asset': SPY, 'quantity': 4600.0}]",0.0
2024-01-24 15:30:00-05:00,160635.9893798828,-2132070.999145508,"[{'asset': SPY, 'quantity': 4700.0}]",0.0
2024-01-24 18:30:00-05:00,160635.9893798828,-2180851.998901367,"[{'asset': SPY, 'quantity': 4800.0}]",0.0
2024-01-24 18:25:00-05:00,160635.9893798828,-2180851.998901367,"[{'asset': SPY, 'quantity': 4800.0}]",0.0
2024-01-25 08:30:00-05:00,159531.9366455078,-2180851.998901367,"[{'asset': SPY, 'quantity': 4800.0}]",-0.006873009831962706
2024-01-25 09:30:00-05:00,159531.9366455078,-2180851.998901367,"[{'asset': SPY, 'quantity': 4800.0}]",0.0
2024-01-25 09:30:00-05:00,159531.9366455078,-2180851.998901367,"[{'asset': SPY, 'quantity': 4800.0}]",0.0
2024-01-25 12:30:00-05:00,159531.9366455078,-2229609.9975585938,"[{'asset': SPY, 'quantity': 4900.0}]",0.0
2024-01-25 15:30:00-05:00,159531.9366455078,-2278367.9962158203,"[{'asset': SPY, 'quantity': 5000.0}]",0.0
2024-01-25 18:30:00-05:00,159531.9366455078,-2327125.994873047,"[{'asset': SPY, 'quantity': 5100.0}]",0.0
2024-01-25 18:25:00-05:00,159531.9366455078,-2327125.994873047,"[{'asset': SPY, 'quantity': 5100.0}]",0.0
2024-01-26 08:30:00-05:00,159582.9864501953,-2327125.994873047,"[{'asset': SPY, 'quantity': 5100.0}]",0.0003199973983951665
2024-01-26 09:30:00-05:00,159582.9864501953,-2327125.994873047,"[{'asset': SPY, 'quantity': 5100.0}]",0.0
2024-01-26 09:30:00-05:00,159582.9864501953,-2327125.994873047,"[{'asset': SPY, 'quantity': 5100.0}]",0.0
2024-01-26 12:30:00-05:00,159582.9864501953,-2375884.994506836,"[{'asset': SPY, 'quantity': 5200.0}]",0.0
2024-01-26 15:30:00-05:00,159582.9864501953,-2424643.994140625,"[{'asset': SPY, 'quantity': 5300.0}]",0.0
2024-01-26 18:30:00-05:00,159582.9864501953,-2473402.993774414,"[{'asset': SPY, 'quantity': 5400.0}]",0.0
2024-01-26 18:25:00-05:00,159582.9864501953,-2473402.993774414,"[{'asset': SPY, 'quantity': 5400.0}]",0.0
2024-01-29 08:30:00-05:00,160339.0655517578,-2473402.993774414,"[{'asset': SPY, 'quantity': 5400.0}]",0.004737842788764102
2024-01-29 09:30:00-05:00,160339.0655517578,-2473402.993774414,"[{'asset': SPY, 'quantity': 5400.0}]",0.0
2024-01-29 09:30:00-05:00,160339.0655517578,-2473402.993774414,"[{'asset': SPY, 'quantity': 5400.0}]",0.0
2024-01-29 12:30:00-05:00,160339.0655517578,-2522175.994873047,"[{'asset': SPY, 'quantity': 5500.0}]",0.0
2024-01-29 15:30:00-05:00,160339.0655517578,-2570948.9959716797,"[{'asset': SPY, 'quantity': 5600.0}]",0.0
2024-01-29 18:30:00-05:00,160339.0655517578,-2619721.9970703125,"[{'asset': SPY, 'quantity': 5700.0}]",0.0
2024-01-29 18:25:00-05:00,160339.0655517578,-2619721.9970703125,"[{'asset': SPY, 'quantity': 5700.0}]",0.0
2024-01-30 08:30:00-05:00,176469.98901367188,-2619721.9970703125,"[{'asset': SPY, 'quantity': 5700.0}]",0.10060507341990821
2024-01-30 09:30:00-05:00,176469.98901367188,-2619721.9970703125,"[{'asset': SPY, 'quantity': 5700.0}]",0.0
2024-01-30 09:30:00-05:00,176469.98901367188,-2619721.9970703125,"[{'asset': SPY, 'quantity': 5700.0}]",0.0
2024-01-30 12:30:00-05:00,176469.98901367188,-2668777.996826172,"[{'asset': SPY, 'quantity': 5800.0}]",0.0
2024-01-30 15:30:00-05:00,176469.98901367188,-2717833.9965820312,"[{'asset': SPY, 'quantity': 5900.0}]",0.0
2024-01-30 18:30:00-05:00,176469.98901367188,-2766889.9963378906,"[{'asset': SPY, 'quantity': 6000.0}]",0.0
2024-01-30 18:25:00-05:00,176469.98901367188,-2766889.9963378906,"[{'asset': SPY, 'quantity': 6000.0}]",0.0
2024-01-31 08:30:00-05:00,164829.97436523438,-2766889.9963378906,"[{'asset': SPY, 'quantity': 6000.0}]",-0.06596030698191802
2024-01-31 09:30:00-05:00,164829.97436523438,-2766889.9963378906,"[{'asset': SPY, 'quantity': 6000.0}]",0.0
2024-01-31 09:30:00-05:00,164829.97436523438,-2766889.9963378906,"[{'asset': SPY, 'quantity': 6000.0}]",0.0
2024-01-31 12:30:00-05:00,164829.97436523438,-2815751.9958496094,"[{'asset': SPY, 'quantity': 6100.0}]",0.0
2024-01-31 15:30:00-05:00,164829.97436523438,-2864613.995361328,"[{'asset': SPY, 'quantity': 6200.0}]",0.0
2024-01-31 18:30:00-05:00,164829.97436523438,-2913475.994873047,"[{'asset': SPY, 'quantity': 6300.0}]",0.0
2024-01-31 18:25:00-05:00,164829.97436523438,-2913475.994873047,"[{'asset': SPY, 'quantity': 6300.0}]",0.0
2024-02-01 08:30:00-05:00,139693.03588867188,-2913475.994873047,"[{'asset': SPY, 'quantity': 6300.0}]",-0.15250222887776133
2024-02-01 09:30:00-05:00,139693.03588867188,-2913475.994873047,"[{'asset': SPY, 'quantity': 6300.0}]",0.0
2024-02-01 09:30:00-05:00,139693.03588867188,-2913475.994873047,"[{'asset': SPY, 'quantity': 6300.0}]",0.0
2024-02-01 12:30:00-05:00,139693.03588867188,-2961938.995361328,"[{'asset': SPY, 'quantity': 6400.0}]",0.0
2024-02-01 15:30:00-05:00,139693.03588867188,-3010401.9958496094,"[{'asset': SPY, 'quantity': 6500.0}]",0.0
2024-02-01 18:30:00-05:00,139693.03588867188,-3058864.9963378906,"[{'asset': SPY, 'quantity': 6600.0}]",0.0
2024-02-01 18:25:00-05:00,139693.03588867188,-3058864.9963378906,"[{'asset': SPY, 'quantity': 6600.0}]",0.0
2024-02-02 08:30:00-05:00,172824.96337890625,-3058864.9963378906,"[{'asset': SPY, 'quantity': 6600.0}]",0.23717665866062787
2024-02-02 09:30:00-05:00,172824.96337890625,-3058864.9963378906,"[{'asset': SPY, 'quantity': 6600.0}]",0.0
2024-02-02 09:30:00-05:00,172824.96337890625,-3058864.9963378906,"[{'asset': SPY, 'quantity': 6600.0}]",0.0
2024-02-02 12:30:00-05:00,172824.96337890625,-3107829.995727539,"[{'asset': SPY, 'quantity': 6700.0}]",0.0
2024-02-02 15:30:00-05:00,172824.96337890625,-3156794.9951171875,"[{'asset': SPY, 'quantity': 6800.0}]",0.0
2024-02-02 18:30:00-05:00,172824.96337890625,-3205759.994506836,"[{'asset': SPY, 'quantity': 6900.0}]",0.0
2024-02-02 18:25:00-05:00,172824.96337890625,-3205759.994506836,"[{'asset': SPY, 'quantity': 6900.0}]",0.0
2024-02-05 08:30:00-05:00,200770.0897216797,-3205759.994506836,"[{'asset': SPY, 'quantity': 6900.0}]",0.16169612188203253
2024-02-05 09:30:00-05:00,200770.0897216797,-3205759.994506836,"[{'asset': SPY, 'quantity': 6900.0}]",0.0
2024-02-05 09:30:00-05:00,200770.0897216797,-3205759.994506836,"[{'asset': SPY, 'quantity': 6900.0}]",0.0
2024-02-05 12:30:00-05:00,200770.0897216797,-3255129.995727539,"[{'asset': SPY, 'quantity': 7000.0}]",0.0
2024-02-05 15:30:00-05:00,200770.0897216797,-3304499.996948242,"[{'asset': SPY, 'quantity': 7100.0}]",0.0
2024-02-05 18:30:00-05:00,200770.0897216797,-3353869.9981689453,"[{'asset': SPY, 'quantity': 7200.0}]",0.0
2024-02-05 18:25:00-05:00,200770.0897216797,-3353869.9981689453,"[{'asset': SPY, 'quantity': 7200.0}]",0.0
2024-02-06 08:30:00-05:00,199473.9227294922,-3353869.9981689453,"[{'asset': SPY, 'quantity': 7200.0}]",-0.006455976554995413
2024-02-06 09:30:00-05:00,199473.9227294922,-3353869.9981689453,"[{'asset': SPY, 'quantity': 7200.0}]",0.0
2024-02-06 09:30:00-05:00,199473.9227294922,-3353869.9981689453,"[{'asset': SPY, 'quantity': 7200.0}]",0.0
2024-02-06 12:30:00-05:00,199473.9227294922,-3403221.9970703125,"[{'asset': SPY, 'quantity': 7300.0}]",0.0
2024-02-06 15:30:00-05:00,199473.9227294922,-3452573.9959716797,"[{'asset': SPY, 'quantity': 7400.0}]",0.0
2024-02-06 18:30:00-05:00,199473.9227294922,-3501925.994873047,"[{'asset': SPY, 'quantity': 7500.0}]",0.0
2024-02-06 18:25:00-05:00,199473.9227294922,-3501925.994873047,"[{'asset': SPY, 'quantity': 7500.0}]",0.0
2024-02-07 08:30:00-05:00,220249.0692138672,-3501925.994873047,"[{'asset': SPY, 'quantity': 7500.0}]",0.10414968633543298
2024-02-07 09:30:00-05:00,220249.0692138672,-3501925.994873047,"[{'asset': SPY, 'quantity': 7500.0}]",0.0
2024-02-07 09:30:00-05:00,220249.0692138672,-3501925.994873047,"[{'asset': SPY, 'quantity': 7500.0}]",0.0
2024-02-07 12:30:00-05:00,220249.0692138672,-3551554.995727539,"[{'asset': SPY, 'quantity': 7600.0}]",0.0
2024-02-07 15:30:00-05:00,220249.0692138672,-3601183.9965820312,"[{'asset': SPY, 'quantity': 7700.0}]",0.0
2024-02-07 18:30:00-05:00,220249.0692138672,-3650812.9974365234,"[{'asset': SPY, 'quantity': 7800.0}]",0.0
2024-02-07 18:25:00-05:00,220249.0692138672,-3650812.9974365234,"[{'asset': SPY, 'quantity': 7800.0}]",0.0
2024-02-08 08:30:00-05:00,234367.05017089844,-3650812.9974365234,"[{'asset': SPY, 'quantity': 7800.0}]",0.06410007092162706
2024-02-08 09:30:00-05:00,234367.05017089844,-3650812.9974365234,"[{'asset': SPY, 'quantity': 7800.0}]",0.0
2024-02-08 09:30:00-05:00,234367.05017089844,-3650812.9974365234,"[{'asset': SPY, 'quantity': 7800.0}]",0.0
2024-02-08 12:30:00-05:00,234367.05017089844,-3700622.998046875,"[{'asset': SPY, 'quantity': 7900.0}]",0.0
2024-02-08 15:30:00-05:00,234367.05017089844,-3750432.9986572266,"[{'asset': SPY, 'quantity': 8000.0}]",0.0
2024-02-08 18:30:00-05:00,234367.05017089844,-3800242.999267578,"[{'asset': SPY, 'quantity': 8100.0}]",0.0
2024-02-08 18:25:00-05:00,234367.05017089844,-3800242.999267578,"[{'asset': SPY, 'quantity': 8100.0}]",0.0
2024-02-09 08:30:00-05:00,240360.97106933594,-3800242.999267578,"[{'asset': SPY, 'quantity': 8100.0}]",0.025574929982976613
2024-02-09 09:30:00-05:00,240360.97106933594,-3800242.999267578,"[{'asset': SPY, 'quantity': 8100.0}]",0.0
2024-02-09 09:30:00-05:00,240360.97106933594,-3800242.999267578,"[{'asset': SPY, 'quantity': 8100.0}]",0.0
2024-02-09 12:30:00-05:00,240360.97106933594,-3850126.998901367,"[{'asset': SPY, 'quantity': 8200.0}]",0.0
2024-02-09 15:30:00-05:00,240360.97106933594,-3900010.9985351562,"[{'asset': SPY, 'quantity': 8300.0}]",0.0
2024-02-09 18:30:00-05:00,240360.97106933594,-3949894.9981689453,"[{'asset': SPY, 'quantity': 8400.0}]",0.0
2024-02-09 18:25:00-05:00,240360.97106933594,-3949894.9981689453,"[{'asset': SPY, 'quantity': 8400.0}]",0.0
2024-02-12 08:30:00-05:00,259933.11462402344,-3949894.9981689453,"[{'asset': SPY, 'quantity': 8400.0}]",0.08142812648664832
2024-02-12 09:30:00-05:00,259933.11462402344,-3949894.9981689453,"[{'asset': SPY, 'quantity': 8400.0}]",0.0
2024-02-12 09:30:00-05:00,259933.11462402344,-3949894.9981689453,"[{'asset': SPY, 'quantity': 8400.0}]",0.0
2024-02-12 12:30:00-05:00,259933.11462402344,-4000011.9995117188,"[{'asset': SPY, 'quantity': 8500.0}]",0.0
2024-02-12 15:30:00-05:00,259933.11462402344,-4050129.000854492,"[{'asset': SPY, 'quantity': 8600.0}]",0.0
2024-02-12 18:30:00-05:00,259933.11462402344,-4100246.0021972656,"[{'asset': SPY, 'quantity': 8700.0}]",0.0
2024-02-12 18:25:00-05:00,259933.11462402344,-4100246.0021972656,"[{'asset': SPY, 'quantity': 8700.0}]",0.0
2024-02-13 08:30:00-05:00,202164.9871826172,-4100246.0021972656,"[{'asset': SPY, 'quantity': 8700.0}]",-0.22224227769118277
2024-02-13 09:30:00-05:00,202164.9871826172,-4100246.0021972656,"[{'asset': SPY, 'quantity': 8700.0}]",0.0
2024-02-13 09:30:00-05:00,202164.9871826172,-4100246.0021972656,"[{'asset': SPY, 'quantity': 8700.0}]",0.0
2024-02-13 12:30:00-05:00,202164.9871826172,-4149699.0020751953,"[{'asset': SPY, 'quantity': 8800.0}]",0.0
2024-02-13 15:30:00-05:00,202164.9871826172,-4199152.001953125,"[{'asset': SPY, 'quantity': 8900.0}]",0.0
2024-02-13 18:30:00-05:00,202164.9871826172,-4248605.001831055,"[{'asset': SPY, 'quantity': 9000.0}]",0.0
2024-02-13 18:25:00-05:00,202164.9871826172,-4248605.001831055,"[{'asset': SPY, 'quantity': 9000.0}]",0.0
2024-02-14 08:30:00-05:00,222505.0750732422,-4248605.001831055,"[{'asset': SPY, 'quantity': 9000.0}]",0.10061132827244523
2024-02-14 09:30:00-05:00,222505.0750732422,-4248605.001831055,"[{'asset': SPY, 'quantity': 9000.0}]",0.0
2024-02-14 09:30:00-05:00,222505.0750732422,-4248605.001831055,"[{'asset': SPY, 'quantity': 9000.0}]",0.0
2024-02-14 12:30:00-05:00,222505.0750732422,-4298284.002685547,"[{'asset': SPY, 'quantity': 9100.0}]",0.0
2024-02-14 15:30:00-05:00,222505.0750732422,-4347963.003540039,"[{'asset': SPY, 'quantity': 9200.0}]",0.0
2024-02-14 18:30:00-05:00,222505.0750732422,-4397642.004394531,"[{'asset': SPY, 'quantity': 9300.0}]",0.0
2024-02-14 18:25:00-05:00,222505.0750732422,-4397642.004394531,"[{'asset': SPY, 'quantity': 9300.0}]",0.0
2024-02-15 08:30:00-05:00,245755.0750732422,-4397642.004394531,"[{'asset': SPY, 'quantity': 9300.0}]",0.10449199863125269
2024-02-15 09:30:00-05:00,245755.0750732422,-4397642.004394531,"[{'asset': SPY, 'quantity': 9300.0}]",0.0
2024-02-15 09:30:00-05:00,245755.0750732422,-4397642.004394531,"[{'asset': SPY, 'quantity': 9300.0}]",0.0
2024-02-15 12:30:00-05:00,245755.0750732422,-4447571.005249023,"[{'asset': SPY, 'quantity': 9400.0}]",0.0
2024-02-15 15:30:00-05:00,245755.0750732422,-4497500.006103516,"[{'asset': SPY, 'quantity': 9500.0}]",0.0
2024-02-15 18:30:00-05:00,245755.0750732422,-4547429.006958008,"[{'asset': SPY, 'quantity': 9600.0}]",0.0
2024-02-15 18:25:00-05:00,245755.0750732422,-4547429.006958008,"[{'asset': SPY, 'quantity': 9600.0}]",0.0
2024-02-16 08:30:00-05:00,268891.1102294922,-4547429.006958008,"[{'asset': SPY, 'quantity': 9600.0}]",0.0941426546302444
2024-02-16 09:30:00-05:00,268891.1102294922,-4547429.006958008,"[{'asset': SPY, 'quantity': 9600.0}]",0.0
2024-02-16 09:30:00-05:00,268891.1102294922,-4547429.006958008,"[{'asset': SPY, 'quantity': 9600.0}]",0.0
2024-02-16 12:30:00-05:00,268891.1102294922,-4597599.008178711,"[{'asset': SPY, 'quantity': 9700.0}]",0.0
2024-02-16 15:30:00-05:00,268891.1102294922,-4647769.009399414,"[{'asset': SPY, 'quantity': 9800.0}]",0.0
2024-02-16 18:30:00-05:00,268891.1102294922,-4697939.010620117,"[{'asset': SPY, 'quantity': 9900.0}]",0.0
2024-02-16 18:25:00-05:00,268891.1102294922,-4697939.010620117,"[{'asset': SPY, 'quantity': 9900.0}]",0.0
2024-02-20 08:30:00-05:00,229489.00146484375,-4697939.010620117,"[{'asset': SPY, 'quantity': 9900.0}]",-0.1465355575757773
2024-02-20 09:30:00-05:00,229489.00146484375,-4697939.010620117,"[{'asset': SPY, 'quantity': 9900.0}]",0.0
2024-02-20 09:30:00-05:00,229489.00146484375,-4697939.010620117,"[{'asset': SPY, 'quantity': 9900.0}]",0.0
2024-02-20 12:30:00-05:00,229489.00146484375,-4747711.0107421875,"[{'asset': SPY, 'quantity': 10000.0}]",0.0
2024-02-20 15:30:00-05:00,229489.00146484375,-4797483.010864258,"[{'asset': SPY, 'quantity': 10100.0}]",0.0
2024-02-20 18:30:00-05:00,229489.00146484375,-4847255.010986328,"[{'asset': SPY, 'quantity': 10200.0}]",0.0
2024-02-20 18:25:00-05:00,229489.00146484375,-4847255.010986328,"[{'asset': SPY, 'quantity': 10200.0}]",0.0
2024-02-21 08:30:00-05:00,206029.1259765625,-4847255.010986328,"[{'asset': SPY, 'quantity': 10200.0}]",-0.1022265787838863
2024-02-21 09:30:00-05:00,206029.1259765625,-4847255.010986328,"[{'asset': SPY, 'quantity': 10200.0}]",0.0
2024-02-21 09:30:00-05:00,206029.1259765625,-4847255.010986328,"[{'asset': SPY, 'quantity': 10200.0}]",0.0
2024-02-21 12:30:00-05:00,206029.1259765625,-4896797.012329102,"[{'asset': SPY, 'quantity': 10300.0}]",0.0
2024-02-21 15:30:00-05:00,206029.1259765625,-4946339.013671875,"[{'asset': SPY, 'quantity': 10400.0}]",0.0
2024-02-21 18:30:00-05:00,206029.1259765625,-4995881.015014648,"[{'asset': SPY, 'quantity': 10500.0}]",0.0
2024-02-21 18:25:00-05:00,206029.1259765625,-4995881.015014648,"[{'asset': SPY, 'quantity': 10500.0}]",0.0
2024-02-22 08:30:00-05:00,296224.08752441406,-4995881.015014648,"[{'asset': SPY, 'quantity': 10500.0}]",0.437777722544491
2024-02-22 09:30:00-05:00,296224.08752441406,-4995881.015014648,"[{'asset': SPY, 'quantity': 10500.0}]",0.0
2024-02-22 09:30:00-05:00,296224.08752441406,-4995881.015014648,"[{'asset': SPY, 'quantity': 10500.0}]",0.0
2024-02-22 12:30:00-05:00,296224.08752441406,-5046282.015991211,"[{'asset': SPY, 'quantity': 10600.0}]",0.0
2024-02-22 15:30:00-05:00,296224.08752441406,-5096683.016967773,"[{'asset': SPY, 'quantity': 10700.0}]",0.0
2024-02-22 18:30:00-05:00,296224.08752441406,-5147084.017944336,"[{'asset': SPY, 'quantity': 10800.0}]",0.0
2024-02-22 18:25:00-05:00,296224.08752441406,-5147084.017944336,"[{'asset': SPY, 'quantity': 10800.0}]",0.0
2024-02-23 08:30:00-05:00,353031.8634033203,-5147084.017944336,"[{'asset': SPY, 'quantity': 10800.0}]",0.19177297954955907
2024-02-23 09:30:00-05:00,353031.8634033203,-5147084.017944336,"[{'asset': SPY, 'quantity': 10800.0}]",0.0
2024-02-23 09:30:00-05:00,353031.8634033203,-5147084.017944336,"[{'asset': SPY, 'quantity': 10800.0}]",0.0
2024-02-23 12:30:00-05:00,353031.8634033203,-5198011.016845703,"[{'asset': SPY, 'quantity': 10900.0}]",0.0
2024-02-23 15:30:00-05:00,353031.8634033203,-5248938.01574707,"[{'asset': SPY, 'quantity': 11000.0}]",0.0
2024-02-23 18:30:00-05:00,353031.8634033203,-5299865.0146484375,"[{'asset': SPY, 'quantity': 11100.0}]",0.0
2024-02-23 18:25:00-05:00,353031.8634033203,-5299865.0146484375,"[{'asset': SPY, 'quantity': 11100.0}]",0.0
2024-02-26 08:30:00-05:00,342264.8498535156,-5299865.0146484375,"[{'asset': SPY, 'quantity': 11100.0}]",-0.030498701862228028
2024-02-26 09:30:00-05:00,342264.8498535156,-5299865.0146484375,"[{'asset': SPY, 'quantity': 11100.0}]",0.0
2024-02-26 09:30:00-05:00,342264.8498535156,-5299865.0146484375,"[{'asset': SPY, 'quantity': 11100.0}]",0.0
2024-02-26 12:30:00-05:00,342264.8498535156,-5350695.013427734,"[{'asset': SPY, 'quantity': 11200.0}]",0.0
2024-02-26 15:30:00-05:00,342264.8498535156,-5401525.012207031,"[{'asset': SPY, 'quantity': 11300.0}]",0.0
2024-02-26 18:30:00-05:00,342264.8498535156,-5452355.010986328,"[{'asset': SPY, 'quantity': 11400.0}]",0.0
2024-02-26 18:25:00-05:00,342264.8498535156,-5452355.010986328,"[{'asset': SPY, 'quantity': 11400.0}]",0.0
2024-02-27 08:30:00-05:00,324025.1281738281,-5452355.010986328,"[{'asset': SPY, 'quantity': 11400.0}]",-0.053291249999799395
2024-02-27 09:30:00-05:00,324025.1281738281,-5452355.010986328,"[{'asset': SPY, 'quantity': 11400.0}]",0.0
2024-02-27 09:30:00-05:00,324025.1281738281,-5452355.010986328,"[{'asset': SPY, 'quantity': 11400.0}]",0.0
2024-02-27 12:30:00-05:00,324025.1281738281,-5503025.012207031,"[{'asset': SPY, 'quantity': 11500.0}]",0.0
2024-02-27 15:30:00-05:00,324025.1281738281,-5553695.013427734,"[{'asset': SPY, 'quantity': 11600.0}]",0.0
2024-02-27 18:30:00-05:00,324025.1281738281,-5604365.0146484375,"[{'asset': SPY, 'quantity': 11700.0}]",0.0
2024-02-27 18:25:00-05:00,324025.1281738281,-5604365.0146484375,"[{'asset': SPY, 'quantity': 11700.0}]",0.0
2024-02-28 08:30:00-05:00,307995.8282470703,-5604365.0146484375,"[{'asset': SPY, 'quantity': 11700.0}]",-0.04946931127563248
2024-02-28 09:30:00-05:00,307995.8282470703,-5604365.0146484375,"[{'asset': SPY, 'quantity': 11700.0}]",0.0
2024-02-28 09:30:00-05:00,307995.8282470703,-5604365.0146484375,"[{'asset': SPY, 'quantity': 11700.0}]",0.0
2024-02-28 12:30:00-05:00,307995.8282470703,-5654898.013305664,"[{'asset': SPY, 'quantity': 11800.0}]",0.0
2024-02-28 15:30:00-05:00,307995.8282470703,-5705431.011962891,"[{'asset': SPY, 'quantity': 11900.0}]",0.0
2024-02-28 18:30:00-05:00,307995.8282470703,-5755964.010620117,"[{'asset': SPY, 'quantity': 12000.0}]",0.0
2024-02-28 18:25:00-05:00,307995.8282470703,-5755964.010620117,"[{'asset': SPY, 'quantity': 12000.0}]",0.0
2024-02-29 08:30:00-05:00,340876.0772705078,-5755964.010620117,"[{'asset': SPY, 'quantity': 12000.0}]",0.1067555012370538
2024-02-29 09:30:00-05:00,340876.0772705078,-5755964.010620117,"[{'asset': SPY, 'quantity': 12000.0}]",0.0
2024-02-29 09:30:00-05:00,340876.0772705078,-5755964.010620117,"[{'asset': SPY, 'quantity': 12000.0}]",0.0
2024-02-29 12:30:00-05:00,340876.0772705078,-5806771.011352539,"[{'asset': SPY, 'quantity': 12100.0}]",0.0
2024-02-29 15:30:00-05:00,340876.0772705078,-5857578.012084961,"[{'asset': SPY, 'quantity': 12200.0}]",0.0
2024-02-29 18:30:00-05:00,340876.0772705078,-5908385.012817383,"[{'asset': SPY, 'quantity': 12300.0}]",0.0
2024-02-29 18:25:00-05:00,340876.0772705078,-5908385.012817383,"[{'asset': SPY, 'quantity': 12300.0}]",0.0
2024-03-01 08:30:00-05:00,352069.1223144531,-5908385.012817383,"[{'asset': SPY, 'quantity': 12300.0}]",0.03283611197820391
2024-03-01 09:30:00-05:00,352069.1223144531,-5908385.012817383,"[{'asset': SPY, 'quantity': 12300.0}]",0.0
2024-03-01 09:30:00-05:00,352069.1223144531,-5908385.012817383,"[{'asset': SPY, 'quantity': 12300.0}]",0.0
2024-03-01 12:30:00-05:00,352069.1223144531,-5959283.013916016,"[{'asset': SPY, 'quantity': 12400.0}]",0.0
2024-03-01 15:30:00-05:00,352069.1223144531,-6010181.015014648,"[{'asset': SPY, 'quantity': 12500.0}]",0.0
2024-03-01 18:30:00-05:00,352069.1223144531,-6061079.016113281,"[{'asset': SPY, 'quantity': 12600.0}]",0.0
2024-03-01 18:25:00-05:00,352069.1223144531,-6061079.016113281,"[{'asset': SPY, 'quantity': 12600.0}]",0.0
2024-03-04 08:30:00-05:00,390499.35302734375,-6061079.016113281,"[{'asset': SPY, 'quantity': 12600.0}]",0.10915535693745504
2024-03-04 09:30:00-05:00,390499.35302734375,-6061079.016113281,"[{'asset': SPY, 'quantity': 12600.0}]",0.0
2024-03-04 09:30:00-05:00,390499.35302734375,-6061079.016113281,"[{'asset': SPY, 'quantity': 12600.0}]",0.0
2024-03-04 12:30:00-05:00,390499.35302734375,-6112282.019042969,"[{'asset': SPY, 'quantity': 12700.0}]",0.0
2024-03-04 15:30:00-05:00,390499.35302734375,-6163485.021972656,"[{'asset': SPY, 'quantity': 12800.0}]",0.0
2024-03-04 18:30:00-05:00,390499.35302734375,-6214688.024902344,"[{'asset': SPY, 'quantity': 12900.0}]",0.0
2024-03-04 18:25:00-05:00,390499.35302734375,-6214688.024902344,"[{'asset': SPY, 'quantity': 12900.0}]",0.0
2024-03-05 08:30:00-05:00,367407.84912109375,-6214688.024902344,"[{'asset': SPY, 'quantity': 12900.0}]",-0.05913327058606699
2024-03-05 09:30:00-05:00,367407.84912109375,-6214688.024902344,"[{'asset': SPY, 'quantity': 12900.0}]",0.0
2024-03-05 09:30:00-05:00,367407.84912109375,-6214688.024902344,"[{'asset': SPY, 'quantity': 12900.0}]",0.0
2024-03-05 12:30:00-05:00,367407.84912109375,-6265712.023925781,"[{'asset': SPY, 'quantity': 13000.0}]",0.0
2024-03-05 15:30:00-05:00,367407.84912109375,-6316736.022949219,"[{'asset': SPY, 'quantity': 13100.0}]",0.0
2024-03-05 18:30:00-05:00,367407.84912109375,-6367760.021972656,"[{'asset': SPY, 'quantity': 13200.0}]",0.0
2024-03-05 18:25:00-05:00,367407.84912109375,-6367760.021972656,"[{'asset': SPY, 'quantity': 13200.0}]",0.0
2024-03-06 08:30:00-05:00,371499.81689453125,-6367760.021972656,"[{'asset': SPY, 'quantity': 13200.0}]",0.01113739889669274
2024-03-06 09:30:00-05:00,371499.81689453125,-6367760.021972656,"[{'asset': SPY, 'quantity': 13200.0}]",0.0
2024-03-06 09:30:00-05:00,371499.81689453125,-6367760.021972656,"[{'asset': SPY, 'quantity': 13200.0}]",0.0
2024-03-06 12:30:00-05:00,371499.81689453125,-6418815.020751953,"[{'asset': SPY, 'quantity': 13300.0}]",0.0
2024-03-06 15:30:00-05:00,371499.81689453125,-6469870.01953125,"[{'asset': SPY, 'quantity': 13400.0}]",0.0
2024-03-06 18:30:00-05:00,371499.81689453125,-6520925.018310547,"[{'asset': SPY, 'quantity': 13500.0}]",0.0
2024-03-06 18:25:00-05:00,371499.81689453125,-6520925.018310547,"[{'asset': SPY, 'quantity': 13500.0}]",0.0
2024-03-07 08:30:00-05:00,406465.1794433594,-6520925.018310547,"[{'asset': SPY, 'quantity': 13500.0}]",0.09411946105684033
2024-03-07 09:30:00-05:00,406465.1794433594,-6520925.018310547,"[{'asset': SPY, 'quantity': 13500.0}]",0.0
2024-03-07 09:30:00-05:00,406465.1794433594,-6520925.018310547,"[{'asset': SPY, 'quantity': 13500.0}]",0.0
2024-03-07 12:30:00-05:00,406465.1794433594,-6572239.019775391,"[{'asset': SPY, 'quantity': 13600.0}]",0.0
2024-03-07 15:30:00-05:00,406465.1794433594,-6623553.021240234,"[{'asset': SPY, 'quantity': 13700.0}]",0.0
2024-03-07 18:30:00-05:00,406465.1794433594,-6674867.022705078,"[{'asset': SPY, 'quantity': 13800.0}]",0.0
2024-03-07 18:25:00-05:00,406465.1794433594,-6674867.022705078,"[{'asset': SPY, 'quantity': 13800.0}]",0.0
2024-03-08 08:30:00-05:00,438481.2805175781,-6674867.022705078,"[{'asset': SPY, 'quantity': 13800.0}]",0.07876714339482604
2024-03-08 09:30:00-05:00,438481.2805175781,-6674867.022705078,"[{'asset': SPY, 'quantity': 13800.0}]",0.0
2024-03-08 09:30:00-05:00,438481.2805175781,-6674867.022705078,"[{'asset': SPY, 'quantity': 13800.0}]",0.0
2024-03-08 12:30:00-05:00,438481.2805175781,-6726413.024902344,"[{'asset': SPY, 'quantity': 13900.0}]",0.0
2024-03-08 15:30:00-05:00,438481.2805175781,-6777959.027099609,"[{'asset': SPY, 'quantity': 14000.0}]",0.0
2024-03-08 18:30:00-05:00,438481.2805175781,-6829505.029296875,"[{'asset': SPY, 'quantity': 14100.0}]",0.0
2024-03-08 18:25:00-05:00,438481.2805175781,-6829505.029296875,"[{'asset': SPY, 'quantity': 14100.0}]",0.0
2024-03-11 08:30:00-04:00,368263.12561035156,-6829505.029296875,"[{'asset': SPY, 'quantity': 14100.0}]",-0.16013945868873103
2024-03-11 09:30:00-04:00,368263.12561035156,-6829505.029296875,"[{'asset': SPY, 'quantity': 14100.0}]",0.0
2024-03-11 09:30:00-04:00,368263.12561035156,-6829505.029296875,"[{'asset': SPY, 'quantity': 14100.0}]",0.0
2024-03-11 12:30:00-04:00,368263.12561035156,-6880553.030395508,"[{'asset': SPY, 'quantity': 14200.0}]",0.0
2024-03-11 15:30:00-04:00,368263.12561035156,-6931601.031494141,"[{'asset': SPY, 'quantity': 14300.0}]",0.0
2024-03-11 18:30:00-04:00,368263.12561035156,-6982649.032592773,"[{'asset': SPY, 'quantity': 14400.0}]",0.0
2024-03-11 18:25:00-04:00,368263.12561035156,-6982649.032592773,"[{'asset': SPY, 'quantity': 14400.0}]",0.0
2024-03-12 08:30:00-04:00,411031.14318847656,-6982649.032592773,"[{'asset': SPY, 'quantity': 14400.0}]",0.11613440120360186
2024-03-12 09:30:00-04:00,411031.14318847656,-6982649.032592773,"[{'asset': SPY, 'quantity': 14400.0}]",0.0
2024-03-12 09:30:00-04:00,411031.14318847656,-6982649.032592773,"[{'asset': SPY, 'quantity': 14400.0}]",0.0
2024-03-12 12:30:00-04:00,411031.14318847656,-7033994.033813477,"[{'asset': SPY, 'quantity': 14500.0}]",0.0
2024-03-12 15:30:00-04:00,411031.14318847656,-7085339.03503418,"[{'asset': SPY, 'quantity': 14600.0}]",0.0
2024-03-12 18:30:00-04:00,411031.14318847656,-7136684.036254883,"[{'asset': SPY, 'quantity': 14700.0}]",0.0
2024-03-12 18:25:00-04:00,411031.14318847656,-7136684.036254883,"[{'asset': SPY, 'quantity': 14700.0}]",0.0
2024-03-13 08:30:00-04:00,464832.74841308594,-7136684.036254883,"[{'asset': SPY, 'quantity': 14700.0}]",0.13089423056184057
2024-03-13 09:30:00-04:00,464832.74841308594,-7136684.036254883,"[{'asset': SPY, 'quantity': 14700.0}]",0.0
2024-03-13 09:30:00-04:00,464832.74841308594,-7136684.036254883,"[{'asset': SPY, 'quantity': 14700.0}]",0.0
2024-03-13 12:30:00-04:00,464832.74841308594,-7188395.034790039,"[{'asset': SPY, 'quantity': 14800.0}]",0.0
2024-03-13 15:30:00-04:00,464832.74841308594,-7240106.033325195,"[{'asset': SPY, 'quantity': 14900.0}]",0.0
2024-03-13 18:30:00-04:00,464832.74841308594,-7291817.031860352,"[{'asset': SPY, 'quantity': 15000.0}]",0.0
2024-03-13 18:25:00-04:00,464832.74841308594,-7291817.031860352,"[{'asset': SPY, 'quantity': 15000.0}]",0.0
2024-03-14 08:30:00-04:00,462732.52868652344,-7291817.031860352,"[{'asset': SPY, 'quantity': 15000.0}]",-0.0045182266820325
2024-03-14 09:30:00-04:00,462732.52868652344,-7291817.031860352,"[{'asset': SPY, 'quantity': 15000.0}]",0.0
2024-03-14 09:30:00-04:00,462732.52868652344,-7291817.031860352,"[{'asset': SPY, 'quantity': 15000.0}]",0.0
2024-03-14 12:30:00-04:00,462732.52868652344,-7343514.028930664,"[{'asset': SPY, 'quantity': 15100.0}]",0.0
2024-03-14 15:30:00-04:00,462732.52868652344,-7395211.026000977,"[{'asset': SPY, 'quantity': 15200.0}]",0.0
2024-03-14 18:30:00-04:00,462732.52868652344,-7446908.023071289,"[{'asset': SPY, 'quantity': 15300.0}]",0.0
2024-03-14 18:25:00-04:00,462732.52868652344,-7446908.023071289,"[{'asset': SPY, 'quantity': 15300.0}]",0.0
2024-03-15 08:30:00-04:00,359304.84619140625,-7446908.023071289,"[{'asset': SPY, 'quantity': 15300.0}]",-0.22351504612977813
2024-03-15 09:30:00-04:00,359304.84619140625,-7446908.023071289,"[{'asset': SPY, 'quantity': 15300.0}]",0.0
2024-03-15 09:30:00-04:00,359304.84619140625,-7446908.023071289,"[{'asset': SPY, 'quantity': 15300.0}]",0.0
2024-03-15 12:30:00-04:00,359304.84619140625,-7497929.022216797,"[{'asset': SPY, 'quantity': 15400.0}]",0.0
2024-03-15 15:30:00-04:00,359304.84619140625,-7548950.021362305,"[{'asset': SPY, 'quantity': 15500.0}]",0.0
2024-03-15 18:30:00-04:00,359304.84619140625,-7599971.0205078125,"[{'asset': SPY, 'quantity': 15600.0}]",0.0
2024-03-15 18:25:00-04:00,359304.84619140625,-7599971.0205078125,"[{'asset': SPY, 'quantity': 15600.0}]",0.0
2024-03-18 08:30:00-04:00,443310.9794921875,-7575089.0205078125,"[{'asset': SPY, 'quantity': 15600.0}]",0.23380183760736184
2024-03-18 09:30:00-04:00,443310.9794921875,-7575089.0205078125,"[{'asset': SPY, 'quantity': 15600.0}]",0.0
2024-03-18 09:30:00-04:00,443310.9794921875,-7575089.0205078125,"[{'asset': SPY, 'quantity': 15600.0}]",0.0
2024-03-18 12:30:00-04:00,443310.9794921875,-7626489.0205078125,"[{'asset': SPY, 'quantity': 15700.0}]",0.0
2024-03-18 15:30:00-04:00,443310.9794921875,-7677889.0205078125,"[{'asset': SPY, 'quantity': 15800.0}]",0.0
2024-03-18 18:30:00-04:00,443310.9794921875,-7729289.0205078125,"[{'asset': SPY, 'quantity': 15900.0}]",0.0
2024-03-18 18:25:00-04:00,443310.9794921875,-7729289.0205078125,"[{'asset': SPY, 'quantity': 15900.0}]",0.0
2024-03-19 08:30:00-04:00,413896.36767578125,-7729289.0205078125,"[{'asset': SPY, 'quantity': 15900.0}]",-0.06635209407648934
2024-03-19 09:30:00-04:00,413896.36767578125,-7729289.0205078125,"[{'asset': SPY, 'quantity': 15900.0}]",0.0
2024-03-19 09:30:00-04:00,413896.36767578125,-7729289.0205078125,"[{'asset': SPY, 'quantity': 15900.0}]",0.0
2024-03-19 12:30:00-04:00,413896.36767578125,-7780504.022949219,"[{'asset': SPY, 'quantity': 16000.0}]",0.0
2024-03-19 15:30:00-04:00,413896.36767578125,-7831719.025390625,"[{'asset': SPY, 'quantity': 16100.0}]",0.0
2024-03-19 18:30:00-04:00,413896.36767578125,-7882934.027832031,"[{'asset': SPY, 'quantity': 16200.0}]",0.0
2024-03-19 18:25:00-04:00,413896.36767578125,-7882934.027832031,"[{'asset': SPY, 'quantity': 16200.0}]",0.0
2024-03-20 08:30:00-04:00,472540.28857421875,-7882934.027832031,"[{'asset': SPY, 'quantity': 16200.0}]",0.14168744999563576
2024-03-20 09:30:00-04:00,472540.28857421875,-7882934.027832031,"[{'asset': SPY, 'quantity': 16200.0}]",0.0
2024-03-20 09:30:00-04:00,472540.28857421875,-7882934.027832031,"[{'asset': SPY, 'quantity': 16200.0}]",0.0
2024-03-20 12:30:00-04:00,472540.28857421875,-7934511.029785156,"[{'asset': SPY, 'quantity': 16300.0}]",0.0
2024-03-20 15:30:00-04:00,472540.28857421875,-7986088.031738281,"[{'asset': SPY, 'quantity': 16400.0}]",0.0
2024-03-20 18:30:00-04:00,472540.28857421875,-8037665.033691406,"[{'asset': SPY, 'quantity': 16500.0}]",0.0
2024-03-20 18:25:00-04:00,472540.28857421875,-8037665.033691406,"[{'asset': SPY, 'quantity': 16500.0}]",0.0
2024-03-21 08:30:00-04:00,598270.2080078125,-8037665.033691406,"[{'asset': SPY, 'quantity': 16500.0}]",0.26607238043755954
2024-03-21 09:30:00-04:00,598270.2080078125,-8037665.033691406,"[{'asset': SPY, 'quantity': 16500.0}]",0.0
2024-03-21 09:30:00-04:00,598270.2080078125,-8037665.033691406,"[{'asset': SPY, 'quantity': 16500.0}]",0.0
2024-03-21 12:30:00-04:00,598270.2080078125,-8090004.03515625,"[{'asset': SPY, 'quantity': 16600.0}]",0.0
2024-03-21 15:30:00-04:00,598270.2080078125,-8142343.036621094,"[{'asset': SPY, 'quantity': 16700.0}]",0.0
2024-03-21 18:30:00-04:00,598270.2080078125,-8194682.0380859375,"[{'asset': SPY, 'quantity': 16800.0}]",0.0
2024-03-21 18:25:00-04:00,598270.2080078125,-8194682.0380859375,"[{'asset': SPY, 'quantity': 16800.0}]",0.0
2024-03-22 08:30:00-04:00,576765.7158203125,-8194682.0380859375,"[{'asset': SPY, 'quantity': 16800.0}]",-0.03594444767542093
2024-03-22 09:30:00-04:00,576765.7158203125,-8194682.0380859375,"[{'asset': SPY, 'quantity': 16800.0}]",0.0
2024-03-22 09:30:00-04:00,576765.7158203125,-8194682.0380859375,"[{'asset': SPY, 'quantity': 16800.0}]",0.0
2024-03-22 12:30:00-04:00,576765.7158203125,-8246893.036621094,"[{'asset': SPY, 'quantity': 16900.0}]",0.0
2024-03-22 15:30:00-04:00,576765.7158203125,-8299104.03515625,"[{'asset': SPY, 'quantity': 17000.0}]",0.0
2024-03-22 18:30:00-04:00,576765.7158203125,-8351315.033691406,"[{'asset': SPY, 'quantity': 17100.0}]",0.0
2024-03-22 18:25:00-04:00,576765.7158203125,-8351315.033691406,"[{'asset': SPY, 'quantity': 17100.0}]",0.0
2024-03-25 08:30:00-04:00,537264.7575683594,-8351315.033691406,"[{'asset': SPY, 'quantity': 17100.0}]",-0.06848700810132646
2024-03-25 09:30:00-04:00,537264.7575683594,-8351315.033691406,"[{'asset': SPY, 'quantity': 17100.0}]",0.0
2024-03-25 09:30:00-04:00,537264.7575683594,-8351315.033691406,"[{'asset': SPY, 'quantity': 17100.0}]",0.0
2024-03-25 12:30:00-04:00,537264.7575683594,-8403295.032470703,"[{'asset': SPY, 'quantity': 17200.0}]",0.0
2024-03-25 15:30:00-04:00,537264.7575683594,-8455275.03125,"[{'asset': SPY, 'quantity': 17300.0}]",0.0
2024-03-25 18:30:00-04:00,537264.7575683594,-8507255.030029297,"[{'asset': SPY, 'quantity': 17400.0}]",0.0
2024-03-25 18:25:00-04:00,537264.7575683594,-8507255.030029297,"[{'asset': SPY, 'quantity': 17400.0}]",0.0
2024-03-26 08:30:00-04:00,562146.6301269531,-8507255.030029297,"[{'asset': SPY, 'quantity': 17400.0}]",0.0463121249032008
2024-03-26 09:30:00-04:00,562146.6301269531,-8507255.030029297,"[{'asset': SPY, 'quantity': 17400.0}]",0.0
2024-03-26 09:30:00-04:00,562146.6301269531,-8507255.030029297,"[{'asset': SPY, 'quantity': 17400.0}]",0.0
2024-03-26 12:30:00-04:00,562146.6301269531,-8559378.028076172,"[{'asset': SPY, 'quantity': 17500.0}]",0.0
2024-03-26 15:30:00-04:00,562146.6301269531,-8611501.026123047,"[{'asset': SPY, 'quantity': 17600.0}]",0.0
2024-03-26 18:30:00-04:00,562146.6301269531,-8663624.024169922,"[{'asset': SPY, 'quantity': 17700.0}]",0.0
2024-03-26 18:25:00-04:00,562146.6301269531,-8663624.024169922,"[{'asset': SPY, 'quantity': 17700.0}]",0.0
2024-03-27 08:30:00-04:00,570643.3647460938,-8663624.024169922,"[{'asset': SPY, 'quantity': 17700.0}]",0.015114801305883052
2024-03-27 09:30:00-04:00,570643.3647460938,-8663624.024169922,"[{'asset': SPY, 'quantity': 17700.0}]",0.0
2024-03-27 09:30:00-04:00,570643.3647460938,-8663624.024169922,"[{'asset': SPY, 'quantity': 17700.0}]",0.0
2024-03-27 12:30:00-04:00,570643.3647460938,-8715795.026367188,"[{'asset': SPY, 'quantity': 17800.0}]",0.0
2024-03-27 15:30:00-04:00,570643.3647460938,-8767966.028564453,"[{'asset': SPY, 'quantity': 17900.0}]",0.0
2024-03-27 18:30:00-04:00,570643.3647460938,-8820137.030761719,"[{'asset': SPY, 'quantity': 18000.0}]",0.0
2024-03-27 18:25:00-04:00,570643.3647460938,-8820137.030761719,"[{'asset': SPY, 'quantity': 18000.0}]",0.0
2024-03-28 08:30:00-04:00,597643.3647460938,-8820137.030761719,"[{'asset': SPY, 'quantity': 18000.0}]",0.04731501611696398
2024-03-28 09:30:00-04:00,597643.3647460938,-8820137.030761719,"[{'asset': SPY, 'quantity': 18000.0}]",0.0
2024-03-28 09:30:00-04:00,597643.3647460938,-8820137.030761719,"[{'asset': SPY, 'quantity': 18000.0}]",0.0
2024-03-28 12:30:00-04:00,597643.3647460938,-8872458.032958984,"[{'asset': SPY, 'quantity': 18100.0}]",0.0
2024-03-28 15:30:00-04:00,597643.3647460938,-8924779.03515625,"[{'asset': SPY, 'quantity': 18200.0}]",0.0
2024-03-28 18:30:00-04:00,597643.3647460938,-8977100.037353516,"[{'asset': SPY, 'quantity': 18300.0}]",0.0
2024-03-28 18:25:00-04:00,597643.3647460938,-8977100.037353516,"[{'asset': SPY, 'quantity': 18300.0}]",0.0
2024-04-01 08:30:00-04:00,608989.275390625,-8977100.037353516,"[{'asset': SPY, 'quantity': 18300.0}]",0.018984416650139613
2024-04-01 09:30:00-04:00,608989.275390625,-8977100.037353516,"[{'asset': SPY, 'quantity': 18300.0}]",0.0
2024-04-01 09:30:00-04:00,608989.275390625,-8977100.037353516,"[{'asset': SPY, 'quantity': 18300.0}]",0.0
2024-04-01 12:30:00-04:00,608989.275390625,-9029483.0390625,"[{'asset': SPY, 'quantity': 18400.0}]",0.0
2024-04-01 15:30:00-04:00,608989.275390625,-9081866.040771484,"[{'asset': SPY, 'quantity': 18500.0}]",0.0
2024-04-01 18:30:00-04:00,608989.275390625,-9134249.042480469,"[{'asset': SPY, 'quantity': 18600.0}]",0.0
2024-04-01 18:25:00-04:00,608989.275390625,-9134249.042480469,"[{'asset': SPY, 'quantity': 18600.0}]",0.0
2024-04-02 08:30:00-04:00,505014.77587890625,-9134249.042480469,"[{'asset': SPY, 'quantity': 18600.0}]",-0.17073289089537125
2024-04-02 09:30:00-04:00,505014.77587890625,-9134249.042480469,"[{'asset': SPY, 'quantity': 18600.0}]",0.0
2024-04-02 09:30:00-04:00,505014.77587890625,-9134249.042480469,"[{'asset': SPY, 'quantity': 18600.0}]",0.0
2024-04-02 12:30:00-04:00,505014.77587890625,-9186073.041503906,"[{'asset': SPY, 'quantity': 18700.0}]",0.0
2024-04-02 15:30:00-04:00,505014.77587890625,-9237897.040527344,"[{'asset': SPY, 'quantity': 18800.0}]",0.0
2024-04-02 18:30:00-04:00,505014.77587890625,-9289721.039550781,"[{'asset': SPY, 'quantity': 18900.0}]",0.0
2024-04-02 18:25:00-04:00,505014.77587890625,-9289721.039550781,"[{'asset': SPY, 'quantity': 18900.0}]",0.0
2024-04-03 08:30:00-04:00,495186.40673828125,-9289721.039550781,"[{'asset': SPY, 'quantity': 18900.0}]",-0.01946154768149133
2024-04-03 09:30:00-04:00,495186.40673828125,-9289721.039550781,"[{'asset': SPY, 'quantity': 18900.0}]",0.0
2024-04-03 09:30:00-04:00,495186.40673828125,-9289721.039550781,"[{'asset': SPY, 'quantity': 18900.0}]",0.0
2024-04-03 12:30:00-04:00,495186.40673828125,-9341493.036621094,"[{'asset': SPY, 'quantity': 19000.0}]",0.0
2024-04-03 15:30:00-04:00,495186.40673828125,-9393265.033691406,"[{'asset': SPY, 'quantity': 19100.0}]",0.0
2024-04-03 18:30:00-04:00,495186.40673828125,-9445037.030761719,"[{'asset': SPY, 'quantity': 19200.0}]",0.0
2024-04-03 18:25:00-04:00,495186.40673828125,-9445037.030761719,"[{'asset': SPY, 'quantity': 19200.0}]",0.0
2024-04-04 08:30:00-04:00,606547.3442382812,-9445037.030761719,"[{'asset': SPY, 'quantity': 19200.0}]",0.22488690316343263
2024-04-04 09:30:00-04:00,606547.3442382812,-9445037.030761719,"[{'asset': SPY, 'quantity': 19200.0}]",0.0
2024-04-04 09:30:00-04:00,606547.3442382812,-9445037.030761719,"[{'asset': SPY, 'quantity': 19200.0}]",0.0
2024-04-04 12:30:00-04:00,606547.3442382812,-9497389.032714844,"[{'asset': SPY, 'quantity': 19300.0}]",0.0
2024-04-04 15:30:00-04:00,606547.3442382812,-9549741.034667969,"[{'asset': SPY, 'quantity': 19400.0}]",0.0
2024-04-04 18:30:00-04:00,606547.3442382812,-9602093.036621094,"[{'asset': SPY, 'quantity': 19500.0}]",0.0
2024-04-04 18:25:00-04:00,606547.3442382812,-9602093.036621094,"[{'asset': SPY, 'quantity': 19500.0}]",0.0
2024-04-05 08:30:00-04:00,429877.3918457031,-9602093.036621094,"[{'asset': SPY, 'quantity': 19500.0}]",-0.29127149606836555
2024-04-05 09:30:00-04:00,429877.3918457031,-9602093.036621094,"[{'asset': SPY, 'quantity': 19500.0}]",0.0
2024-04-05 09:30:00-04:00,429877.3918457031,-9602093.036621094,"[{'asset': SPY, 'quantity': 19500.0}]",0.0
2024-04-05 12:30:00-04:00,429877.3918457031,-9653539.03881836,"[{'asset': SPY, 'quantity': 19600.0}]",0.0
2024-04-05 15:30:00-04:00,429877.3918457031,-9704985.041015625,"[{'asset': SPY, 'quantity': 19700.0}]",0.0
2024-04-05 18:30:00-04:00,429877.3918457031,-9756431.04321289,"[{'asset': SPY, 'quantity': 19800.0}]",0.0
2024-04-05 18:25:00-04:00,429877.3918457031,-9756431.04321289,"[{'asset': SPY, 'quantity': 19800.0}]",0.0
2024-04-08 08:30:00-04:00,522739.4401855469,-9756431.04321289,"[{'asset': SPY, 'quantity': 19800.0}]",0.21601984682454511
2024-04-08 09:30:00-04:00,522739.4401855469,-9756431.04321289,"[{'asset': SPY, 'quantity': 19800.0}]",0.0
2024-04-08 09:30:00-04:00,522739.4401855469,-9756431.04321289,"[{'asset': SPY, 'quantity': 19800.0}]",0.0
2024-04-08 12:30:00-04:00,522739.4401855469,-9808346.045654297,"[{'asset': SPY, 'quantity': 19900.0}]",0.0
2024-04-08 15:30:00-04:00,522739.4401855469,-9860261.048095703,"[{'asset': SPY, 'quantity': 20000.0}]",0.0
2024-04-08 18:30:00-04:00,522739.4401855469,-9912176.05053711,"[{'asset': SPY, 'quantity': 20100.0}]",0.0
2024-04-08 18:25:00-04:00,522739.4401855469,-9912176.05053711,"[{'asset': SPY, 'quantity': 20100.0}]",0.0
2024-04-09 08:30:00-04:00,549873.9494628906,-9912176.05053711,"[{'asset': SPY, 'quantity': 20100.0}]",0.05190828774601797
2024-04-09 09:30:00-04:00,549873.9494628906,-9912176.05053711,"[{'asset': SPY, 'quantity': 20100.0}]",0.0
2024-04-09 09:30:00-04:00,549873.9494628906,-9912176.05053711,"[{'asset': SPY, 'quantity': 20100.0}]",0.0
2024-04-09 12:30:00-04:00,549873.9494628906,-9964226.05053711,"[{'asset': SPY, 'quantity': 20200.0}]",0.0
2024-04-09 15:30:00-04:00,549873.9494628906,-10016276.05053711,"[{'asset': SPY, 'quantity': 20300.0}]",0.0
2024-04-09 18:30:00-04:00,549873.9494628906,-10068326.05053711,"[{'asset': SPY, 'quantity': 20400.0}]",0.0
2024-04-09 18:25:00-04:00,549873.9494628906,-10068326.05053711,"[{'asset': SPY, 'quantity': 20400.0}]",0.0
2024-04-10 08:30:00-04:00,406665.5510253906,-10068326.05053711,"[{'asset': SPY, 'quantity': 20400.0}]",-0.2604385942948998
2024-04-10 09:30:00-04:00,406665.5510253906,-10068326.05053711,"[{'asset': SPY, 'quantity': 20400.0}]",0.0
2024-04-10 09:30:00-04:00,406665.5510253906,-10068326.05053711,"[{'asset': SPY, 'quantity': 20400.0}]",0.0
2024-04-10 12:30:00-04:00,406665.5510253906,-10119674.048583984,"[{'asset': SPY, 'quantity': 20500.0}]",0.0
2024-04-10 15:30:00-04:00,406665.5510253906,-10171022.04663086,"[{'asset': SPY, 'quantity': 20600.0}]",0.0
2024-04-10 18:30:00-04:00,406665.5510253906,-10222370.044677734,"[{'asset': SPY, 'quantity': 20700.0}]",0.0
2024-04-10 18:25:00-04:00,406665.5510253906,-10222370.044677734,"[{'asset': SPY, 'quantity': 20700.0}]",0.0
2024-04-11 08:30:00-04:00,452205.8037109375,-10222370.044677734,"[{'asset': SPY, 'quantity': 20700.0}]",0.11198453513143414
2024-04-11 09:30:00-04:00,452205.8037109375,-10222370.044677734,"[{'asset': SPY, 'quantity': 20700.0}]",0.0
2024-04-11 09:30:00-04:00,452205.8037109375,-10222370.044677734,"[{'asset': SPY, 'quantity': 20700.0}]",0.0
2024-04-11 12:30:00-04:00,452205.8037109375,-10273938.043945312,"[{'asset': SPY, 'quantity': 20800.0}]",0.0
2024-04-11 15:30:00-04:00,452205.8037109375,-10325506.04321289,"[{'asset': SPY, 'quantity': 20900.0}]",0.0
2024-04-11 18:30:00-04:00,452205.8037109375,-10377074.042480469,"[{'asset': SPY, 'quantity': 21000.0}]",0.0
2024-04-11 18:25:00-04:00,452205.8037109375,-10377074.042480469,"[{'asset': SPY, 'quantity': 21000.0}]",0.0
2024-04-12 08:30:00-04:00,424695.85498046875,-10377074.042480469,"[{'asset': SPY, 'quantity': 21000.0}]",-0.0608350191543624
2024-04-12 09:30:00-04:00,424695.85498046875,-10377074.042480469,"[{'asset': SPY, 'quantity': 21000.0}]",0.0
2024-04-12 09:30:00-04:00,424695.85498046875,-10377074.042480469,"[{'asset': SPY, 'quantity': 21000.0}]",0.0
2024-04-12 12:30:00-04:00,424695.85498046875,-10428511.041992188,"[{'asset': SPY, 'quantity': 21100.0}]",0.0
2024-04-12 15:30:00-04:00,424695.85498046875,-10479948.041503906,"[{'asset': SPY, 'quantity': 21200.0}]",0.0
2024-04-12 18:30:00-04:00,424695.85498046875,-10531385.041015625,"[{'asset': SPY, 'quantity': 21300.0}]",0.0
2024-04-12 18:25:00-04:00,424695.85498046875,-10531385.041015625,"[{'asset': SPY, 'quantity': 21300.0}]",0.0
2024-04-15 08:30:00-04:00,440884.06298828125,-10531385.041015625,"[{'asset': SPY, 'quantity': 21300.0}]",0.03811717919534896
2024-04-15 09:30:00-04:00,440884.06298828125,-10531385.041015625,"[{'asset': SPY, 'quantity': 21300.0}]",0.0
2024-04-15 09:30:00-04:00,440884.06298828125,-10531385.041015625,"[{'asset': SPY, 'quantity': 21300.0}]",0.0
2024-04-15 12:30:00-04:00,440884.06298828125,-10582898.041503906,"[{'asset': SPY, 'quantity': 21400.0}]",0.0
2024-04-15 15:30:00-04:00,440884.06298828125,-10634411.041992188,"[{'asset': SPY, 'quantity': 21500.0}]",0.0
2024-04-15 18:30:00-04:00,440884.06298828125,-10685924.042480469,"[{'asset': SPY, 'quantity': 21600.0}]",0.0
2024-04-15 18:25:00-04:00,440884.06298828125,-10685924.042480469,"[{'asset': SPY, 'quantity': 21600.0}]",0.0
2024-04-16 08:30:00-04:00,220780.01025390625,-10685924.042480469,"[{'asset': SPY, 'quantity': 21600.0}]",-0.49923340672040895
2024-04-16 09:30:00-04:00,220780.01025390625,-10685924.042480469,"[{'asset': SPY, 'quantity': 21600.0}]",0.0
2024-04-16 09:30:00-04:00,220780.01025390625,-10685924.042480469,"[{'asset': SPY, 'quantity': 21600.0}]",0.0
2024-04-16 12:30:00-04:00,220780.01025390625,-10736418.04272461,"[{'asset': SPY, 'quantity': 21700.0}]",0.0
2024-04-16 15:30:00-04:00,220780.01025390625,-10786912.04296875,"[{'asset': SPY, 'quantity': 21800.0}]",0.0
2024-04-16 18:30:00-04:00,220780.01025390625,-10837406.04321289,"[{'asset': SPY, 'quantity': 21900.0}]",0.0
2024-04-16 18:25:00-04:00,220780.01025390625,-10837406.04321289,"[{'asset': SPY, 'quantity': 21900.0}]",0.0
2024-04-17 08:30:00-04:00,245088.689453125,-10837406.04321289,"[{'asset': SPY, 'quantity': 21900.0}]",0.11010362383470662
2024-04-17 09:30:00-04:00,245088.689453125,-10837406.04321289,"[{'asset': SPY, 'quantity': 21900.0}]",0.0
2024-04-17 09:30:00-04:00,245088.689453125,-10837406.04321289,"[{'asset': SPY, 'quantity': 21900.0}]",0.0
2024-04-17 12:30:00-04:00,245088.689453125,-10888011.041992188,"[{'asset': SPY, 'quantity': 22000.0}]",0.0
2024-04-17 15:30:00-04:00,245088.689453125,-10938616.040771484,"[{'asset': SPY, 'quantity': 22100.0}]",0.0
2024-04-17 18:30:00-04:00,245088.689453125,-10989221.039550781,"[{'asset': SPY, 'quantity': 22200.0}]",0.0
2024-04-17 18:25:00-04:00,245088.689453125,-10989221.039550781,"[{'asset': SPY, 'quantity': 22200.0}]",0.0
2024-04-18 08:30:00-04:00,154735.20434570312,-10989221.039550781,"[{'asset': SPY, 'quantity': 22200.0}]",-0.3686562823810058
2024-04-18 09:30:00-04:00,154735.20434570312,-10989221.039550781,"[{'asset': SPY, 'quantity': 22200.0}]",0.0
2024-04-18 09:30:00-04:00,154735.20434570312,-10989221.039550781,"[{'asset': SPY, 'quantity': 22200.0}]",0.0
2024-04-18 12:30:00-04:00,154735.20434570312,-11039419.040649414,"[{'asset': SPY, 'quantity': 22300.0}]",0.0
2024-04-18 15:30:00-04:00,154735.20434570312,-11089617.041748047,"[{'asset': SPY, 'quantity': 22400.0}]",0.0
2024-04-18 18:30:00-04:00,154735.20434570312,-11139815.04284668,"[{'asset': SPY, 'quantity': 22500.0}]",0.0
2024-04-18 18:25:00-04:00,154735.20434570312,-11139815.04284668,"[{'asset': SPY, 'quantity': 22500.0}]",0.0
2024-04-19 08:30:00-04:00,97585.01208496094,-11139815.04284668,"[{'asset': SPY, 'quantity': 22500.0}]",-0.3693418863690485
2024-04-19 09:30:00-04:00,97585.01208496094,-11139815.04284668,"[{'asset': SPY, 'quantity': 22500.0}]",0.0
2024-04-19 09:30:00-04:00,97585.01208496094,-11139815.04284668,"[{'asset': SPY, 'quantity': 22500.0}]",0.0
2024-04-19 12:30:00-04:00,97585.01208496094,-11189759.04309082,"[{'asset': SPY, 'quantity': 22600.0}]",0.0
2024-04-19 15:30:00-04:00,97585.01208496094,-11239703.043334961,"[{'asset': SPY, 'quantity': 22700.0}]",0.0
2024-04-19 18:30:00-04:00,97585.01208496094,-11289647.043579102,"[{'asset': SPY, 'quantity': 22800.0}]",0.0
2024-04-19 18:25:00-04:00,97585.01208496094,-11289647.043579102,"[{'asset': SPY, 'quantity': 22800.0}]",0.0
2024-04-22 08:30:00-04:00,60876.65026855469,-11289647.043579102,"[{'asset': SPY, 'quantity': 22800.0}]",-0.3761680306443643
2024-04-22 09:30:00-04:00,60876.65026855469,-11289647.043579102,"[{'asset': SPY, 'quantity': 22800.0}]",0.0
2024-04-22 09:30:00-04:00,60876.65026855469,-11289647.043579102,"[{'asset': SPY, 'quantity': 22800.0}]",0.0
2024-04-22 12:30:00-04:00,60876.65026855469,-11339430.042236328,"[{'asset': SPY, 'quantity': 22900.0}]",0.0
2024-04-22 15:30:00-04:00,60876.65026855469,-11389213.040893555,"[{'asset': SPY, 'quantity': 23000.0}]",0.0
2024-04-22 18:30:00-04:00,60876.65026855469,-11438996.039550781,"[{'asset': SPY, 'quantity': 23100.0}]",0.0
2024-04-22 18:25:00-04:00,60876.65026855469,-11438996.039550781,"[{'asset': SPY, 'quantity': 23100.0}]",0.0
2024-04-23 08:30:00-04:00,152121.93225097656,-11438996.039550781,"[{'asset': SPY, 'quantity': 23100.0}]",1.4988551699197852
2024-04-23 09:30:00-04:00,152121.93225097656,-11438996.039550781,"[{'asset': SPY, 'quantity': 23100.0}]",0.0
2024-04-23 09:30:00-04:00,152121.93225097656,-11438996.039550781,"[{'asset': SPY, 'quantity': 23100.0}]",0.0
2024-04-23 12:30:00-04:00,152121.93225097656,-11489174.039428711,"[{'asset': SPY, 'quantity': 23200.0}]",0.0
2024-04-23 15:30:00-04:00,152121.93225097656,-11539352.03930664,"[{'asset': SPY, 'quantity': 23300.0}]",0.0
2024-04-23 18:30:00-04:00,152121.93225097656,-11589530.03918457,"[{'asset': SPY, 'quantity': 23400.0}]",0.0
2024-04-23 18:25:00-04:00,152121.93225097656,-11589530.03918457,"[{'asset': SPY, 'quantity': 23400.0}]",0.0
2024-04-24 08:30:00-04:00,263973.90368652344,-11589530.03918457,"[{'asset': SPY, 'quantity': 23400.0}]",0.735278403189155
2024-04-24 09:30:00-04:00,263973.90368652344,-11589530.03918457,"[{'asset': SPY, 'quantity': 23400.0}]",0.0
2024-04-24 09:30:00-04:00,263973.90368652344,-11589530.03918457,"[{'asset': SPY, 'quantity': 23400.0}]",0.0
2024-04-24 12:30:00-04:00,263973.90368652344,-11640186.03894043,"[{'asset': SPY, 'quantity': 23500.0}]",0.0
2024-04-24 15:30:00-04:00,263973.90368652344,-11690842.038696289,"[{'asset': SPY, 'quantity': 23600.0}]",0.0
2024-04-24 18:30:00-04:00,263973.90368652344,-11741498.038452148,"[{'asset': SPY, 'quantity': 23700.0}]",0.0
2024-04-24 18:25:00-04:00,263973.90368652344,-11741498.038452148,"[{'asset': SPY, 'quantity': 23700.0}]",0.0
2024-04-25 08:30:00-04:00,89067.78796386719,-11741498.038452148,"[{'asset': SPY, 'quantity': 23700.0}]",-0.6625886622882323
2024-04-25 09:30:00-04:00,89067.78796386719,-11741498.038452148,"[{'asset': SPY, 'quantity': 23700.0}]",0.0
2024-04-25 09:30:00-04:00,89067.78796386719,-11741498.038452148,"[{'asset': SPY, 'quantity': 23700.0}]",0.0
2024-04-25 12:30:00-04:00,89067.78796386719,-11791416.037719727,"[{'asset': SPY, 'quantity': 23800.0}]",0.0
2024-04-25 15:30:00-04:00,89067.78796386719,-11841334.036987305,"[{'asset': SPY, 'quantity': 23900.0}]",0.0
2024-04-25 18:30:00-04:00,89067.78796386719,-11891252.036254883,"[{'asset': SPY, 'quantity': 24000.0}]",0.0
2024-04-25 18:25:00-04:00,89067.78796386719,-11891252.036254883,"[{'asset': SPY, 'quantity': 24000.0}]",0.0
2024-04-26 08:30:00-04:00,261148.1102294922,-11891252.036254883,"[{'asset': SPY, 'quantity': 24000.0}]",1.9320152234546808
2024-04-26 09:30:00-04:00,261148.1102294922,-11891252.036254883,"[{'asset': SPY, 'quantity': 24000.0}]",0.0
2024-04-26 09:30:00-04:00,261148.1102294922,-11891252.036254883,"[{'asset': SPY, 'quantity': 24000.0}]",0.0
2024-04-26 12:30:00-04:00,261148.1102294922,-11941887.036865234,"[{'asset': SPY, 'quantity': 24100.0}]",0.0
2024-04-26 15:30:00-04:00,261148.1102294922,-11992522.037475586,"[{'asset': SPY, 'quantity': 24200.0}]",0.0
2024-04-26 18:30:00-04:00,261148.1102294922,-12043157.038085938,"[{'asset': SPY, 'quantity': 24300.0}]",0.0
2024-04-26 18:25:00-04:00,261148.1102294922,-12043157.038085938,"[{'asset': SPY, 'quantity': 24300.0}]",0.0
2024-04-29 08:30:00-04:00,352029.8729248047,-12043157.038085938,"[{'asset': SPY, 'quantity': 24300.0}]",0.3480085022076065
2024-04-29 09:30:00-04:00,352029.8729248047,-12043157.038085938,"[{'asset': SPY, 'quantity': 24300.0}]",0.0
2024-04-29 09:30:00-04:00,352029.8729248047,-12043157.038085938,"[{'asset': SPY, 'quantity': 24300.0}]",0.0
2024-04-29 12:30:00-04:00,352029.8729248047,-12094166.037719727,"[{'asset': SPY, 'quantity': 24400.0}]",0.0
2024-04-29 15:30:00-04:00,352029.8729248047,-12145175.037353516,"[{'asset': SPY, 'quantity': 24500.0}]",0.0
2024-04-29 18:30:00-04:00,352029.8729248047,-12196184.036987305,"[{'asset': SPY, 'quantity': 24600.0}]",0.0
2024-04-29 18:25:00-04:00,352029.8729248047,-12196184.036987305,"[{'asset': SPY, 'quantity': 24600.0}]",0.0
2024-04-30 08:30:00-04:00,314391.90295410156,-12196184.036987305,"[{'asset': SPY, 'quantity': 24600.0}]",-0.10691697740874051
2024-04-30 09:30:00-04:00,314391.90295410156,-12196184.036987305,"[{'asset': SPY, 'quantity': 24600.0}]",0.0
2024-04-30 09:30:00-04:00,314391.90295410156,-12196184.036987305,"[{'asset': SPY, 'quantity': 24600.0}]",0.0
2024-04-30 12:30:00-04:00,314391.90295410156,-12247040.036743164,"[{'asset': SPY, 'quantity': 24700.0}]",0.0
2024-04-30 15:30:00-04:00,314391.90295410156,-12297896.036499023,"[{'asset': SPY, 'quantity': 24800.0}]",0.0
2024-04-30 18:30:00-04:00,314391.90295410156,-12348752.036254883,"[{'asset': SPY, 'quantity': 24900.0}]",0.0
2024-04-30 18:25:00-04:00,314391.90295410156,-12348752.036254883,"[{'asset': SPY, 'quantity': 24900.0}]",0.0
2024-05-01 08:30:00-04:00,135610.08532714844,-12348752.036254883,"[{'asset': SPY, 'quantity': 24900.0}]",-0.5686591033263783
2024-05-01 09:30:00-04:00,135610.08532714844,-12348752.036254883,"[{'asset': SPY, 'quantity': 24900.0}]",0.0
2024-05-01 09:30:00-04:00,135610.08532714844,-12348752.036254883,"[{'asset': SPY, 'quantity': 24900.0}]",0.0
2024-05-01 12:30:00-04:00,135610.08532714844,-12398890.036743164,"[{'asset': SPY, 'quantity': 25000.0}]",0.0
2024-05-01 15:30:00-04:00,135610.08532714844,-12449028.037231445,"[{'asset': SPY, 'quantity': 25100.0}]",0.0
2024-05-01 18:30:00-04:00,135610.08532714844,-12499166.037719727,"[{'asset': SPY, 'quantity': 25200.0}]",0.0
2024-05-01 18:25:00-04:00,135610.08532714844,-12499166.037719727,"[{'asset': SPY, 'quantity': 25200.0}]",0.0
2024-05-02 08:30:00-04:00,205413.8084716797,-12499166.037719727,"[{'asset': SPY, 'quantity': 25200.0}]",0.5147384353909621
2024-05-02 09:30:00-04:00,205413.8084716797,-12499166.037719727,"[{'asset': SPY, 'quantity': 25200.0}]",0.0
2024-05-02 09:30:00-04:00,205413.8084716797,-12499166.037719727,"[{'asset': SPY, 'quantity': 25200.0}]",0.0
2024-05-02 12:30:00-04:00,205413.8084716797,-12549581.037109375,"[{'asset': SPY, 'quantity': 25300.0}]",0.0
2024-05-02 15:30:00-04:00,205413.8084716797,-12599996.036499023,"[{'asset': SPY, 'quantity': 25400.0}]",0.0
2024-05-02 18:30:00-04:00,205413.8084716797,-12650411.035888672,"[{'asset': SPY, 'quantity': 25500.0}]",0.0
2024-05-02 18:25:00-04:00,205413.8084716797,-12650411.035888672,"[{'asset': SPY, 'quantity': 25500.0}]",0.0
2024-05-03 08:30:00-04:00,384169.0574951172,-12650411.035888672,"[{'asset': SPY, 'quantity': 25500.0}]",0.8702202171967539
2024-05-03 09:30:00-04:00,384169.0574951172,-12650411.035888672,"[{'asset': SPY, 'quantity': 25500.0}]",0.0
2024-05-03 09:30:00-04:00,384169.0574951172,-12650411.035888672,"[{'asset': SPY, 'quantity': 25500.0}]",0.0
2024-05-03 12:30:00-04:00,384169.0574951172,-12701527.036254883,"[{'asset': SPY, 'quantity': 25600.0}]",0.0
2024-05-03 15:30:00-04:00,384169.0574951172,-12752643.036621094,"[{'asset': SPY, 'quantity': 25700.0}]",0.0
2024-05-03 18:30:00-04:00,384169.0574951172,-12803759.036987305,"[{'asset': SPY, 'quantity': 25800.0}]",0.0
2024-05-03 18:25:00-04:00,384169.0574951172,-12803759.036987305,"[{'asset': SPY, 'quantity': 25800.0}]",0.0
2024-05-06 08:30:00-04:00,450990.9630126953,-12803759.036987305,"[{'asset': SPY, 'quantity': 25800.0}]",0.17393880171733356
2024-05-06 09:30:00-04:00,450990.9630126953,-12803759.036987305,"[{'asset': SPY, 'quantity': 25800.0}]",0.0
2024-05-06 09:30:00-04:00,450990.9630126953,-12803759.036987305,"[{'asset': SPY, 'quantity': 25800.0}]",0.0
2024-05-06 12:30:00-04:00,450990.9630126953,-12855134.036987305,"[{'asset': SPY, 'quantity': 25900.0}]",0.0
2024-05-06 15:30:00-04:00,450990.9630126953,-12906509.036987305,"[{'asset': SPY, 'quantity': 26000.0}]",0.0
2024-05-06 18:30:00-04:00,450990.9630126953,-12957884.036987305,"[{'asset': SPY, 'quantity': 26100.0}]",0.0
2024-05-06 18:25:00-04:00,450990.9630126953,-12957884.036987305,"[{'asset': SPY, 'quantity': 26100.0}]",0.0
2024-05-07 08:30:00-04:00,550431.8992919922,-12957884.036987305,"[{'asset': SPY, 'quantity': 26100.0}]",0.22049429907644869
2024-05-07 09:30:00-04:00,550431.8992919922,-12957884.036987305,"[{'asset': SPY, 'quantity': 26100.0}]",0.0
2024-05-07 09:30:00-04:00,550431.8992919922,-12957884.036987305,"[{'asset': SPY, 'quantity': 26100.0}]",0.0
2024-05-07 12:30:00-04:00,550431.8992919922,-13009640.036743164,"[{'asset': SPY, 'quantity': 26200.0}]",0.0
2024-05-07 15:30:00-04:00,550431.8992919922,-13061396.036499023,"[{'asset': SPY, 'quantity': 26300.0}]",0.0
2024-05-07 18:30:00-04:00,550431.8992919922,-13113152.036254883,"[{'asset': SPY, 'quantity': 26400.0}]",0.0
2024-05-07 18:25:00-04:00,550431.8992919922,-13113152.036254883,"[{'asset': SPY, 'quantity': 26400.0}]",0.0
2024-05-08 08:30:00-04:00,489712.2215576172,-13113152.036254883,"[{'asset': SPY, 'quantity': 26400.0}]",-0.1103127885801628
2024-05-08 09:30:00-04:00,489712.2215576172,-13113152.036254883,"[{'asset': SPY, 'quantity': 26400.0}]",0.0
2024-05-08 09:30:00-04:00,489712.2215576172,-13113152.036254883,"[{'asset': SPY, 'quantity': 26400.0}]",0.0
2024-05-08 12:30:00-04:00,489712.2215576172,-13164678.037231445,"[{'asset': SPY, 'quantity': 26500.0}]",0.0
2024-05-08 15:30:00-04:00,489712.2215576172,-13216204.038208008,"[{'asset': SPY, 'quantity': 26600.0}]",0.0
2024-05-08 18:30:00-04:00,489712.2215576172,-13267730.03918457,"[{'asset': SPY, 'quantity': 26700.0}]",0.0
2024-05-08 18:25:00-04:00,489712.2215576172,-13267730.03918457,"[{'asset': SPY, 'quantity': 26700.0}]",0.0
2024-05-09 08:30:00-04:00,546316.0911865234,-13267730.03918457,"[{'asset': SPY, 'quantity': 26700.0}]",0.11558598527287622
2024-05-09 09:30:00-04:00,546316.0911865234,-13267730.03918457,"[{'asset': SPY, 'quantity': 26700.0}]",0.0
2024-05-09 09:30:00-04:00,546316.0911865234,-13267730.03918457,"[{'asset': SPY, 'quantity': 26700.0}]",0.0
2024-05-09 12:30:00-04:00,546316.0911865234,-13319468.039672852,"[{'asset': SPY, 'quantity': 26800.0}]",0.0
2024-05-09 15:30:00-04:00,546316.0911865234,-13371206.040161133,"[{'asset': SPY, 'quantity': 26900.0}]",0.0
2024-05-09 18:30:00-04:00,546316.0911865234,-13422944.040649414,"[{'asset': SPY, 'quantity': 27000.0}]",0.0
2024-05-09 18:25:00-04:00,546316.0911865234,-13422944.040649414,"[{'asset': SPY, 'quantity': 27000.0}]",0.0
2024-05-10 08:30:00-04:00,665925.8934326172,-13422944.040649414,"[{'asset': SPY, 'quantity': 27000.0}]",0.21893882346814597
2024-05-10 09:30:00-04:00,665925.8934326172,-13422944.040649414,"[{'asset': SPY, 'quantity': 27000.0}]",0.0
2024-05-10 09:30:00-04:00,665925.8934326172,-13422944.040649414,"[{'asset': SPY, 'quantity': 27000.0}]",0.0
2024-05-10 12:30:00-04:00,665925.8934326172,-13475125.040405273,"[{'asset': SPY, 'quantity': 27100.0}]",0.0
2024-05-10 15:30:00-04:00,665925.8934326172,-13527306.040161133,"[{'asset': SPY, 'quantity': 27200.0}]",0.0
2024-05-10 18:30:00-04:00,665925.8934326172,-13579487.039916992,"[{'asset': SPY, 'quantity': 27300.0}]",0.0
2024-05-10 18:25:00-04:00,665925.8934326172,-13579487.039916992,"[{'asset': SPY, 'quantity': 27300.0}]",0.0
2024-05-13 08:30:00-04:00,686400.8934326172,-13579487.039916992,"[{'asset': SPY, 'quantity': 27300.0}]",0.030746664459101458
2024-05-13 09:30:00-04:00,686400.8934326172,-13579487.039916992,"[{'asset': SPY, 'quantity': 27300.0}]",0.0
2024-05-13 09:30:00-04:00,686400.8934326172,-13579487.039916992,"[{'asset': SPY, 'quantity': 27300.0}]",0.0
2024-05-13 12:30:00-04:00,686400.8934326172,-13631743.039672852,"[{'asset': SPY, 'quantity': 27400.0}]",0.0
2024-05-13 15:30:00-04:00,686400.8934326172,-13683999.039428711,"[{'asset': SPY, 'quantity': 27500.0}]",0.0
2024-05-13 18:30:00-04:00,686400.8934326172,-13736255.03918457,"[{'asset': SPY, 'quantity': 27600.0}]",0.0
2024-05-13 18:25:00-04:00,686400.8934326172,-13736255.03918457,"[{'asset': SPY, 'quantity': 27600.0}]",0.0
2024-05-14 08:30:00-04:00,646380.5565185547,-13736255.03918457,"[{'asset': SPY, 'quantity': 27600.0}]",-0.05830461075585891
2024-05-14 09:30:00-04:00,646380.5565185547,-13736255.03918457,"[{'asset': SPY, 'quantity': 27600.0}]",0.0
2024-05-14 09:30:00-04:00,646380.5565185547,-13736255.03918457,"[{'asset': SPY, 'quantity': 27600.0}]",0.0
2024-05-14 12:30:00-04:00,646380.5565185547,-13788366.037719727,"[{'asset': SPY, 'quantity': 27700.0}]",0.0
2024-05-14 15:30:00-04:00,646380.5565185547,-13840477.036254883,"[{'asset': SPY, 'quantity': 27800.0}]",0.0
2024-05-14 18:30:00-04:00,646380.5565185547,-13892588.034790039,"[{'asset': SPY, 'quantity': 27900.0}]",0.0
2024-05-14 18:25:00-04:00,646380.5565185547,-13892588.034790039,"[{'asset': SPY, 'quantity': 27900.0}]",0.0
2024-05-15 08:30:00-04:00,778069.4420166016,-13892588.034790039,"[{'asset': SPY, 'quantity': 27900.0}]",0.203732745624855
2024-05-15 09:30:00-04:00,778069.4420166016,-13892588.034790039,"[{'asset': SPY, 'quantity': 27900.0}]",0.0
2024-05-15 09:30:00-04:00,778069.4420166016,-13892588.034790039,"[{'asset': SPY, 'quantity': 27900.0}]",0.0
2024-05-15 12:30:00-04:00,778069.4420166016,-13945171.036499023,"[{'asset': SPY, 'quantity': 28000.0}]",0.0
2024-05-15 15:30:00-04:00,778069.4420166016,-13997754.038208008,"[{'asset': SPY, 'quantity': 28100.0}]",0.0
2024-05-15 18:30:00-04:00,778069.4420166016,-14050337.039916992,"[{'asset': SPY, 'quantity': 28200.0}]",0.0
2024-05-15 18:25:00-04:00,778069.4420166016,-14050337.039916992,"[{'asset': SPY, 'quantity': 28200.0}]",0.0
2024-05-16 08:30:00-04:00,892279.0977783203,-14050337.039916992,"[{'asset': SPY, 'quantity': 28200.0}]",0.14678594170940573
2024-05-16 09:30:00-04:00,892279.0977783203,-14050337.039916992,"[{'asset': SPY, 'quantity': 28200.0}]",0.0
2024-05-16 09:30:00-04:00,892279.0977783203,-14050337.039916992,"[{'asset': SPY, 'quantity': 28200.0}]",0.0
2024-05-16 12:30:00-04:00,892279.0977783203,-14103325.040405273,"[{'asset': SPY, 'quantity': 28300.0}]",0.0
2024-05-16 15:30:00-04:00,892279.0977783203,-14156313.040893555,"[{'asset': SPY, 'quantity': 28400.0}]",0.0
2024-05-16 18:30:00-04:00,892279.0977783203,-14209301.041381836,"[{'asset': SPY, 'quantity': 28500.0}]",0.0
2024-05-16 18:25:00-04:00,892279.0977783203,-14209301.041381836,"[{'asset': SPY, 'quantity': 28500.0}]",0.0
2024-05-17 08:30:00-04:00,861783.8890380859,-14209301.041381836,"[{'asset': SPY, 'quantity': 28500.0}]",-0.03417676018205984
2024-05-17 09:30:00-04:00,861783.8890380859,-14209301.041381836,"[{'asset': SPY, 'quantity': 28500.0}]",0.0
2024-05-17 09:30:00-04:00,861783.8890380859,-14209301.041381836,"[{'asset': SPY, 'quantity': 28500.0}]",0.0
2024-05-17 12:30:00-04:00,861783.8890380859,-14262182.041137695,"[{'asset': SPY, 'quantity': 28600.0}]",0.0
2024-05-17 15:30:00-04:00,861783.8890380859,-14315063.040893555,"[{'asset': SPY, 'quantity': 28700.0}]",0.0
2024-05-17 18:30:00-04:00,861783.8890380859,-14367944.040649414,"[{'asset': SPY, 'quantity': 28800.0}]",0.0
2024-05-17 18:25:00-04:00,861783.8890380859,-14367944.040649414,"[{'asset': SPY, 'quantity': 28800.0}]",0.0
2024-05-20 08:30:00-04:00,883672.1702880859,-14367944.040649414,"[{'asset': SPY, 'quantity': 28800.0}]",0.02539880534832406
2024-05-20 09:30:00-04:00,883672.1702880859,-14367944.040649414,"[{'asset': SPY, 'quantity': 28800.0}]",0.0
2024-05-20 09:30:00-04:00,883672.1702880859,-14367944.040649414,"[{'asset': SPY, 'quantity': 28800.0}]",0.0
2024-05-20 12:30:00-04:00,883672.1702880859,-14420901.041381836,"[{'asset': SPY, 'quantity': 28900.0}]",0.0
2024-05-20 15:30:00-04:00,883672.1702880859,-14473858.042114258,"[{'asset': SPY, 'quantity': 29000.0}]",0.0
2024-05-20 18:30:00-04:00,883672.1702880859,-14526815.04284668,"[{'asset': SPY, 'quantity': 29100.0}]",0.0
2024-05-20 18:25:00-04:00,883672.1702880859,-14526815.04284668,"[{'asset': SPY, 'quantity': 29100.0}]",0.0
2024-05-21 08:30:00-04:00,875233.8096923828,-14526815.04284668,"[{'asset': SPY, 'quantity': 29100.0}]",-0.009549198084344068
2024-05-21 09:30:00-04:00,875233.8096923828,-14526815.04284668,"[{'asset': SPY, 'quantity': 29100.0}]",0.0
2024-05-21 09:30:00-04:00,875233.8096923828,-14526815.04284668,"[{'asset': SPY, 'quantity': 29100.0}]",0.0
2024-05-21 12:30:00-04:00,875233.8096923828,-14579743.045776367,"[{'asset': SPY, 'quantity': 29200.0}]",0.0
2024-05-21 15:30:00-04:00,875233.8096923828,-14632671.048706055,"[{'asset': SPY, 'quantity': 29300.0}]",0.0
2024-05-21 18:30:00-04:00,875233.8096923828,-14685599.051635742,"[{'asset': SPY, 'quantity': 29400.0}]",0.0
2024-05-21 18:25:00-04:00,875233.8096923828,-14685599.051635742,"[{'asset': SPY, 'quantity': 29400.0}]",0.0
2024-05-22 08:30:00-04:00,915511.6661376953,-14685599.051635742,"[{'asset': SPY, 'quantity': 29400.0}]",0.046019539006918464
2024-05-22 09:30:00-04:00,915511.6661376953,-14685599.051635742,"[{'asset': SPY, 'quantity': 29400.0}]",0.0
2024-05-22 09:30:00-04:00,915511.6661376953,-14685599.051635742,"[{'asset': SPY, 'quantity': 29400.0}]",0.0
2024-05-22 12:30:00-04:00,915511.6661376953,-14738664.054077148,"[{'asset': SPY, 'quantity': 29500.0}]",0.0
2024-05-22 15:30:00-04:00,915511.6661376953,-14791729.056518555,"[{'asset': SPY, 'quantity': 29600.0}]",0.0
2024-05-22 18:30:00-04:00,915511.6661376953,-14844794.058959961,"[{'asset': SPY, 'quantity': 29700.0}]",0.0
2024-05-22 18:25:00-04:00,915511.6661376953,-14844794.058959961,"[{'asset': SPY, 'quantity': 29700.0}]",0.0
2024-05-23 08:30:00-04:00,984118.5936279297,-14844794.058959961,"[{'asset': SPY, 'quantity': 29700.0}]",0.0749383432541817
2024-05-23 09:30:00-04:00,984118.5936279297,-14844794.058959961,"[{'asset': SPY, 'quantity': 29700.0}]",0.0
2024-05-23 09:30:00-04:00,984118.5936279297,-14844794.058959961,"[{'asset': SPY, 'quantity': 29700.0}]",0.0
2024-05-23 12:30:00-04:00,984118.5936279297,-14898090.061157227,"[{'asset': SPY, 'quantity': 29800.0}]",0.0
2024-05-23 15:30:00-04:00,984118.5936279297,-14951386.063354492,"[{'asset': SPY, 'quantity': 29900.0}]",0.0
2024-05-23 18:30:00-04:00,984118.5936279297,-15004682.065551758,"[{'asset': SPY, 'quantity': 30000.0}]",0.0
2024-05-23 18:25:00-04:00,984118.5936279297,-15004682.065551758,"[{'asset': SPY, 'quantity': 30000.0}]",0.0
2024-05-24 08:30:00-04:00,830817.2020263672,-15004682.065551758,"[{'asset': SPY, 'quantity': 30000.0}]",-0.15577532280578155
2024-05-24 09:30:00-04:00,830817.2020263672,-15004682.065551758,"[{'asset': SPY, 'quantity': 30000.0}]",0.0
2024-05-24 09:30:00-04:00,830817.2020263672,-15004682.065551758,"[{'asset': SPY, 'quantity': 30000.0}]",0.0
2024-05-24 12:30:00-04:00,830817.2020263672,-15057467.063110352,"[{'asset': SPY, 'quantity': 30100.0}]",0.0
2024-05-24 15:30:00-04:00,830817.2020263672,-15110252.060668945,"[{'asset': SPY, 'quantity': 30200.0}]",0.0
2024-05-24 18:30:00-04:00,830817.2020263672,-15163037.058227539,"[{'asset': SPY, 'quantity': 30300.0}]",0.0
2024-05-24 18:25:00-04:00,830817.2020263672,-15163037.058227539,"[{'asset': SPY, 'quantity': 30300.0}]",0.0
2024-05-28 08:30:00-04:00,904144.5335693359,-15163037.058227539,"[{'asset': SPY, 'quantity': 30300.0}]",0.08825928418925733
2024-05-28 09:30:00-04:00,904144.5335693359,-15163037.058227539,"[{'asset': SPY, 'quantity': 30300.0}]",0.0
2024-05-28 09:30:00-04:00,904144.5335693359,-15163037.058227539,"[{'asset': SPY, 'quantity': 30300.0}]",0.0
2024-05-28 12:30:00-04:00,904144.5335693359,-15216064.060180664,"[{'asset': SPY, 'quantity': 30400.0}]",0.0
2024-05-28 15:30:00-04:00,904144.5335693359,-15269091.062133789,"[{'asset': SPY, 'quantity': 30500.0}]",0.0
2024-05-28 18:30:00-04:00,904144.5335693359,-15322118.064086914,"[{'asset': SPY, 'quantity': 30600.0}]",0.0
2024-05-28 18:25:00-04:00,904144.5335693359,-15322118.064086914,"[{'asset': SPY, 'quantity': 30600.0}]",0.0
2024-05-29 08:30:00-04:00,763689.7117919922,-15322118.064086914,"[{'asset': SPY, 'quantity': 30600.0}]",-0.15534554107501297
2024-05-29 09:30:00-04:00,763689.7117919922,-15322118.064086914,"[{'asset': SPY, 'quantity': 30600.0}]",0.0
2024-05-29 09:30:00-04:00,763689.7117919922,-15322118.064086914,"[{'asset': SPY, 'quantity': 30600.0}]",0.0
2024-05-29 12:30:00-04:00,763689.7117919922,-15374686.063354492,"[{'asset': SPY, 'quantity': 30700.0}]",0.0
2024-05-29 15:30:00-04:00,763689.7117919922,-15427254.06262207,"[{'asset': SPY, 'quantity': 30800.0}]",0.0
2024-05-29 18:30:00-04:00,763689.7117919922,-15479822.061889648,"[{'asset': SPY, 'quantity': 30900.0}]",0.0
2024-05-29 18:25:00-04:00,763689.7117919922,-15479822.061889648,"[{'asset': SPY, 'quantity': 30900.0}]",0.0
2024-05-30 08:30:00-04:00,727846.5416259766,-15479822.061889648,"[{'asset': SPY, 'quantity': 30900.0}]",-0.046934205885672986
2024-05-30 09:30:00-04:00,727846.5416259766,-15479822.061889648,"[{'asset': SPY, 'quantity': 30900.0}]",0.0
2024-05-30 09:30:00-04:00,727846.5416259766,-15479822.061889648,"[{'asset': SPY, 'quantity': 30900.0}]",0.0
2024-05-30 12:30:00-04:00,727846.5416259766,-15532274.063842773,"[{'asset': SPY, 'quantity': 31000.0}]",0.0
2024-05-30 15:30:00-04:00,727846.5416259766,-15584726.065795898,"[{'asset': SPY, 'quantity': 31100.0}]",0.0
2024-05-30 18:30:00-04:00,727846.5416259766,-15637178.067749023,"[{'asset': SPY, 'quantity': 31200.0}]",0.0
2024-05-30 18:25:00-04:00,727846.5416259766,-15637178.067749023,"[{'asset': SPY, 'quantity': 31200.0}]",0.0
2024-05-31 08:30:00-04:00,698830.7701416016,-15637178.067749023,"[{'asset': SPY, 'quantity': 31200.0}]",-0.03986523233256711
2024-05-31 09:30:00-04:00,698830.7701416016,-15637178.067749023,"[{'asset': SPY, 'quantity': 31200.0}]",0.0
2024-05-31 09:30:00-04:00,698830.7701416016,-15637178.067749023,"[{'asset': SPY, 'quantity': 31200.0}]",0.0
2024-05-31 12:30:00-04:00,698830.7701416016,-15689537.07043457,"[{'asset': SPY, 'quantity': 31300.0}]",0.0
2024-05-31 15:30:00-04:00,698830.7701416016,-15741896.073120117,"[{'asset': SPY, 'quantity': 31400.0}]",0.0
2024-05-31 18:30:00-04:00,698830.7701416016,-15794255.075805664,"[{'asset': SPY, 'quantity': 31500.0}]",0.0
2024-05-31 18:25:00-04:00,698830.7701416016,-15794255.075805664,"[{'asset': SPY, 'quantity': 31500.0}]",0.0
2024-06-03 08:30:00-04:00,869875.5394287109,-15794255.075805664,"[{'asset': SPY, 'quantity': 31500.0}]",0.244758497472072
2024-06-03 09:30:00-04:00,869875.5394287109,-15794255.075805664,"[{'asset': SPY, 'quantity': 31500.0}]",0.0
2024-06-03 09:30:00-04:00,869875.5394287109,-15794255.075805664,"[{'asset': SPY, 'quantity': 31500.0}]",0.0
2024-06-03 12:30:00-04:00,869875.5394287109,-15847157.077758789,"[{'asset': SPY, 'quantity': 31600.0}]",0.0
2024-06-03 15:30:00-04:00,869875.5394287109,-15900059.079711914,"[{'asset': SPY, 'quantity': 31700.0}]",0.0
2024-06-03 18:30:00-04:00,869875.5394287109,-15952961.081665039,"[{'asset': SPY, 'quantity': 31800.0}]",0.0
2024-06-03 18:25:00-04:00,869875.5394287109,-15952961.081665039,"[{'asset': SPY, 'quantity': 31800.0}]",0.0
2024-06-04 08:30:00-04:00,788467.6170654297,-15952961.081665039,"[{'asset': SPY, 'quantity': 31800.0}]",-0.09358571275236194
2024-06-04 09:30:00-04:00,788467.6170654297,-15952961.081665039,"[{'asset': SPY, 'quantity': 31800.0}]",0.0
2024-06-04 09:30:00-04:00,788467.6170654297,-15952961.081665039,"[{'asset': SPY, 'quantity': 31800.0}]",0.0
2024-06-04 12:30:00-04:00,788467.6170654297,-16005607.083862305,"[{'asset': SPY, 'quantity': 31900.0}]",0.0
2024-06-04 15:30:00-04:00,788467.6170654297,-16058253.08605957,"[{'asset': SPY, 'quantity': 32000.0}]",0.0
2024-06-04 18:30:00-04:00,788467.6170654297,-16110899.088256836,"[{'asset': SPY, 'quantity': 32100.0}]",0.0
2024-06-04 18:25:00-04:00,788467.6170654297,-16110899.088256836,"[{'asset': SPY, 'quantity': 32100.0}]",0.0
2024-06-05 08:30:00-04:00,926818.5386962891,-16110899.088256836,"[{'asset': SPY, 'quantity': 32100.0}]",0.17546810881819463
2024-06-05 09:30:00-04:00,926818.5386962891,-16110899.088256836,"[{'asset': SPY, 'quantity': 32100.0}]",0.0
2024-06-05 09:30:00-04:00,926818.5386962891,-16110899.088256836,"[{'asset': SPY, 'quantity': 32100.0}]",0.0
2024-06-05 12:30:00-04:00,926818.5386962891,-16163976.090209961,"[{'asset': SPY, 'quantity': 32200.0}]",0.0
2024-06-05 15:30:00-04:00,926818.5386962891,-16217053.092163086,"[{'asset': SPY, 'quantity': 32300.0}]",0.0
2024-06-05 18:30:00-04:00,926818.5386962891,-16270130.094116211,"[{'asset': SPY, 'quantity': 32400.0}]",0.0
2024-06-05 18:25:00-04:00,926818.5386962891,-16270130.094116211,"[{'asset': SPY, 'quantity': 32400.0}]",0.0
2024-06-06 08:30:00-04:00,1063221.273071289,-16270130.094116211,"[{'asset': SPY, 'quantity': 32400.0}]",0.1471730750734348
2024-06-06 09:30:00-04:00,1063221.273071289,-16270130.094116211,"[{'asset': SPY, 'quantity': 32400.0}]",0.0
2024-06-06 09:30:00-04:00,1063221.273071289,-16270130.094116211,"[{'asset': SPY, 'quantity': 32400.0}]",0.0
2024-06-06 12:30:00-04:00,1063221.273071289,-16323628.092163086,"[{'asset': SPY, 'quantity': 32500.0}]",0.0
2024-06-06 15:30:00-04:00,1063221.273071289,-16377126.090209961,"[{'asset': SPY, 'quantity': 32600.0}]",0.0
2024-06-06 18:30:00-04:00,1063221.273071289,-16430624.088256836,"[{'asset': SPY, 'quantity': 32700.0}]",0.0
2024-06-06 18:25:00-04:00,1063221.273071289,-16430624.088256836,"[{'asset': SPY, 'quantity': 32700.0}]",0.0
2024-06-07 08:30:00-04:00,1020057.0335693359,-16430624.088256836,"[{'asset': SPY, 'quantity': 32700.0}]",-0.04059760709759519
2024-06-07 09:30:00-04:00,1020057.0335693359,-16430624.088256836,"[{'asset': SPY, 'quantity': 32700.0}]",0.0
2024-06-07 09:30:00-04:00,1020057.0335693359,-16430624.088256836,"[{'asset': SPY, 'quantity': 32700.0}]",0.0
2024-06-07 12:30:00-04:00,1020057.0335693359,-16483990.085571289,"[{'asset': SPY, 'quantity': 32800.0}]",0.0
2024-06-07 15:30:00-04:00,1020057.0335693359,-16537356.082885742,"[{'asset': SPY, 'quantity': 32900.0}]",0.0
2024-06-07 18:30:00-04:00,1020057.0335693359,-16590722.080200195,"[{'asset': SPY, 'quantity': 33000.0}]",0.0
2024-06-07 18:25:00-04:00,1020057.0335693359,-16590722.080200195,"[{'asset': SPY, 'quantity': 33000.0}]",0.0
2024-06-10 08:30:00-04:00,1004217.6781005859,-16590722.080200195,"[{'asset': SPY, 'quantity': 33000.0}]",-0.015527911624044877
2024-06-10 09:30:00-04:00,1004217.6781005859,-16590722.080200195,"[{'asset': SPY, 'quantity': 33000.0}]",0.0
2024-06-10 09:30:00-04:00,1004217.6781005859,-16590722.080200195,"[{'asset': SPY, 'quantity': 33000.0}]",0.0
2024-06-10 12:30:00-04:00,1004217.6781005859,-16644040.079467773,"[{'asset': SPY, 'quantity': 33100.0}]",0.0
2024-06-10 15:30:00-04:00,1004217.6781005859,-16697358.078735352,"[{'asset': SPY, 'quantity': 33200.0}]",0.0
2024-06-10 18:30:00-04:00,1004217.6781005859,-16750676.07800293,"[{'asset': SPY, 'quantity': 33300.0}]",0.0
2024-06-10 18:25:00-04:00,1004217.6781005859,-16750676.07800293,"[{'asset': SPY, 'quantity': 33300.0}]",0.0
2024-06-11 08:30:00-04:00,1033855.1658935547,-16750676.07800293,"[{'asset': SPY, 'quantity': 33300.0}]",0.029513011411058
2024-06-11 09:30:00-04:00,1033855.1658935547,-16750676.07800293,"[{'asset': SPY, 'quantity': 33300.0}]",0.0
2024-06-11 09:30:00-04:00,1033855.1658935547,-16750676.07800293,"[{'asset': SPY, 'quantity': 33300.0}]",0.0
2024-06-11 12:30:00-04:00,1033855.1658935547,-16804083.07873535,"[{'asset': SPY, 'quantity': 33400.0}]",0.0
2024-06-11 15:30:00-04:00,1033855.1658935547,-16857490.079467773,"[{'asset': SPY, 'quantity': 33500.0}]",0.0
2024-06-11 18:30:00-04:00,1033855.1658935547,-16910897.080200195,"[{'asset': SPY, 'quantity': 33600.0}]",0.0
2024-06-11 18:25:00-04:00,1033855.1658935547,-16910897.080200195,"[{'asset': SPY, 'quantity': 33600.0}]",0.0
2024-06-12 08:30:00-04:00,1287871.0838623047,-16910897.080200195,"[{'asset': SPY, 'quantity': 33600.0}]",0.24569777890426803
2024-06-12 09:30:00-04:00,1287871.0838623047,-16910897.080200195,"[{'asset': SPY, 'quantity': 33600.0}]",0.0
2024-06-12 09:30:00-04:00,1287871.0838623047,-16910897.080200195,"[{'asset': SPY, 'quantity': 33600.0}]",0.0
2024-06-12 12:30:00-04:00,1287871.0838623047,-16965060.080688477,"[{'asset': SPY, 'quantity': 33700.0}]",0.0
2024-06-12 15:30:00-04:00,1287871.0838623047,-17019223.081176758,"[{'asset': SPY, 'quantity': 33800.0}]",0.0
2024-06-12 18:30:00-04:00,1287871.0838623047,-17073386.08166504,"[{'asset': SPY, 'quantity': 33900.0}]",0.0
2024-06-12 18:25:00-04:00,1287871.0838623047,-17073386.08166504,"[{'asset': SPY, 'quantity': 33900.0}]",0.0
2024-06-13 08:30:00-04:00,1339399.7459716797,-17073386.08166504,"[{'asset': SPY, 'quantity': 33900.0}]",0.04001072992091825
2024-06-13 09:30:00-04:00,1339399.7459716797,-17073386.08166504,"[{'asset': SPY, 'quantity': 33900.0}]",0.0
2024-06-13 09:30:00-04:00,1339399.7459716797,-17073386.08166504,"[{'asset': SPY, 'quantity': 33900.0}]",0.0
2024-06-13 12:30:00-04:00,1339399.7459716797,-17127701.084106445,"[{'asset': SPY, 'quantity': 34000.0}]",0.0
2024-06-13 15:30:00-04:00,1339399.7459716797,-17182016.08654785,"[{'asset': SPY, 'quantity': 34100.0}]",0.0
2024-06-13 18:30:00-04:00,1339399.7459716797,-17236331.088989258,"[{'asset': SPY, 'quantity': 34200.0}]",0.0
2024-06-13 18:25:00-04:00,1339399.7459716797,-17236331.088989258,"[{'asset': SPY, 'quantity': 34200.0}]",0.0
2024-06-14 08:30:00-04:00,1261765.0780029297,-17236331.088989258,"[{'asset': SPY, 'quantity': 34200.0}]",-0.05796228362909628
2024-06-14 09:30:00-04:00,1261765.0780029297,-17236331.088989258,"[{'asset': SPY, 'quantity': 34200.0}]",0.0
2024-06-14 09:30:00-04:00,1261765.0780029297,-17236331.088989258,"[{'asset': SPY, 'quantity': 34200.0}]",0.0
2024-06-14 12:30:00-04:00,1261765.0780029297,-17290419.08947754,"[{'asset': SPY, 'quantity': 34300.0}]",0.0
2024-06-14 15:30:00-04:00,1261765.0780029297,-17344507.08996582,"[{'asset': SPY, 'quantity': 34400.0}]",0.0
2024-06-14 18:30:00-04:00,1261765.0780029297,-17398595.0904541,"[{'asset': SPY, 'quantity': 34500.0}]",0.0
2024-06-14 18:25:00-04:00,1261765.0780029297,-17398595.0904541,"[{'asset': SPY, 'quantity': 34500.0}]",0.0
2024-06-17 08:30:00-04:00,1303165.4991455078,-17398595.0904541,"[{'asset': SPY, 'quantity': 34500.0}]",0.032811512907065854
2024-06-17 09:30:00-04:00,1303165.4991455078,-17398595.0904541,"[{'asset': SPY, 'quantity': 34500.0}]",0.0
2024-06-17 09:30:00-04:00,1303165.4991455078,-17398595.0904541,"[{'asset': SPY, 'quantity': 34500.0}]",0.0
2024-06-17 12:30:00-04:00,1303165.4991455078,-17452803.092163086,"[{'asset': SPY, 'quantity': 34600.0}]",0.0
2024-06-17 15:30:00-04:00,1303165.4991455078,-17507011.09387207,"[{'asset': SPY, 'quantity': 34700.0}]",0.0
2024-06-17 18:30:00-04:00,1303165.4991455078,-17561219.095581055,"[{'asset': SPY, 'quantity': 34800.0}]",0.0
2024-06-17 18:25:00-04:00,1303165.4991455078,-17561219.095581055,"[{'asset': SPY, 'quantity': 34800.0}]",0.0
2024-06-18 08:30:00-04:00,1479947.9698486328,-17561219.095581055,"[{'asset': SPY, 'quantity': 34800.0}]",0.13565619318424416
2024-06-18 09:30:00-04:00,1479947.9698486328,-17561219.095581055,"[{'asset': SPY, 'quantity': 34800.0}]",0.0
2024-06-18 09:30:00-04:00,1479947.9698486328,-17561219.095581055,"[{'asset': SPY, 'quantity': 34800.0}]",0.0
2024-06-18 12:30:00-04:00,1479947.9698486328,-17615935.092895508,"[{'asset': SPY, 'quantity': 34900.0}]",0.0
2024-06-18 15:30:00-04:00,1479947.9698486328,-17670651.09020996,"[{'asset': SPY, 'quantity': 35000.0}]",0.0
2024-06-18 18:30:00-04:00,1479947.9698486328,-17725367.087524414,"[{'asset': SPY, 'quantity': 35100.0}]",0.0
2024-06-18 18:25:00-04:00,1479947.9698486328,-17725367.087524414,"[{'asset': SPY, 'quantity': 35100.0}]",0.0
2024-06-20 08:30:00-04:00,1559976.9981689453,-17725367.087524414,"[{'asset': SPY, 'quantity': 35100.0}]",0.05407556883807052
2024-06-20 09:30:00-04:00,1559976.9981689453,-17725367.087524414,"[{'asset': SPY, 'quantity': 35100.0}]",0.0
2024-06-20 09:30:00-04:00,1559976.9981689453,-17725367.087524414,"[{'asset': SPY, 'quantity': 35100.0}]",0.0
2024-06-20 12:30:00-04:00,1559976.9981689453,-17780311.087768555,"[{'asset': SPY, 'quantity': 35200.0}]",0.0
2024-06-20 15:30:00-04:00,1559976.9981689453,-17835255.088012695,"[{'asset': SPY, 'quantity': 35300.0}]",0.0
2024-06-20 18:30:00-04:00,1559976.9981689453,-17890199.088256836,"[{'asset': SPY, 'quantity': 35400.0}]",0.0
2024-06-20 18:25:00-04:00,1559976.9981689453,-17890199.088256836,"[{'asset': SPY, 'quantity': 35400.0}]",0.0
2024-06-21 08:30:00-04:00,1381561.7760009766,-17890199.088256836,"[{'asset': SPY, 'quantity': 35400.0}]",-0.11437041852372642
2024-06-21 09:30:00-04:00,1381561.7760009766,-17890199.088256836,"[{'asset': SPY, 'quantity': 35400.0}]",0.0
2024-06-21 09:30:00-04:00,1381561.7760009766,-17890199.088256836,"[{'asset': SPY, 'quantity': 35400.0}]",0.0
2024-06-21 12:30:00-04:00,1381561.7760009766,-17944639.090698242,"[{'asset': SPY, 'quantity': 35500.0}]",0.0
2024-06-21 15:30:00-04:00,1381561.7760009766,-17999079.09313965,"[{'asset': SPY, 'quantity': 35600.0}]",0.0
2024-06-21 18:30:00-04:00,1381561.7760009766,-18053519.095581055,"[{'asset': SPY, 'quantity': 35700.0}]",0.0
2024-06-21 18:25:00-04:00,1381561.7760009766,-18053519.095581055,"[{'asset': SPY, 'quantity': 35700.0}]",0.0
2024-06-24 08:30:00-04:00,1441858.814526368,-17990722.795581054,"[{'asset': SPY, 'quantity': 35700.0}]",0.043644113186111166
2024-06-24 09:30:00-04:00,1441858.814526368,-17990722.795581054,"[{'asset': SPY, 'quantity': 35700.0}]",0.0
2024-06-24 09:30:00-04:00,1441858.814526368,-17990722.795581054,"[{'asset': SPY, 'quantity': 35700.0}]",0.0
2024-06-24 12:30:00-04:00,1441858.814526368,-18045155.79729004,"[{'asset': SPY, 'quantity': 35800.0}]",0.0
2024-06-24 15:30:00-04:00,1441858.814526368,-18099588.798999023,"[{'asset': SPY, 'quantity': 35900.0}]",0.0
2024-06-24 18:30:00-04:00,1441858.814526368,-18154021.800708007,"[{'asset': SPY, 'quantity': 36000.0}]",0.0
2024-06-24 18:25:00-04:00,1441858.814526368,-18154021.800708007,"[{'asset': SPY, 'quantity': 36000.0}]",0.0
2024-06-25 08:30:00-04:00,1429617.847729493,-18154021.800708007,"[{'asset': SPY, 'quantity': 36000.0}]",-0.008489712497194768
2024-06-25 09:30:00-04:00,1429617.847729493,-18154021.800708007,"[{'asset': SPY, 'quantity': 36000.0}]",0.0
2024-06-25 09:30:00-04:00,1429617.847729493,-18154021.800708007,"[{'asset': SPY, 'quantity': 36000.0}]",0.0
2024-06-25 12:30:00-04:00,1429617.847729493,-18208420.799731445,"[{'asset': SPY, 'quantity': 36100.0}]",0.0
2024-06-25 15:30:00-04:00,1429617.847729493,-18262819.798754882,"[{'asset': SPY, 'quantity': 36200.0}]",0.0
2024-06-25 18:30:00-04:00,1429617.847729493,-18317218.79777832,"[{'asset': SPY, 'quantity': 36300.0}]",0.0
2024-06-25 18:25:00-04:00,1429617.847729493,-18317218.79777832,"[{'asset': SPY, 'quantity': 36300.0}]",0.0
2024-06-26 08:30:00-04:00,1418728.2908447273,-18317218.79777832,"[{'asset': SPY, 'quantity': 36300.0}]",-0.00761711033620649
2024-06-26 09:30:00-04:00,1418728.2908447273,-18317218.79777832,"[{'asset': SPY, 'quantity': 36300.0}]",0.0
2024-06-26 09:30:00-04:00,1418728.2908447273,-18317218.79777832,"[{'asset': SPY, 'quantity': 36300.0}]",0.0
2024-06-26 12:30:00-04:00,1418728.2908447273,-18371587.79802246,"[{'asset': SPY, 'quantity': 36400.0}]",0.0
2024-06-26 15:30:00-04:00,1418728.2908447273,-18425956.7982666,"[{'asset': SPY, 'quantity': 36500.0}]",0.0
2024-06-26 18:30:00-04:00,1418728.2908447273,-18480325.79851074,"[{'asset': SPY, 'quantity': 36600.0}]",0.0
2024-06-26 18:25:00-04:00,1418728.2908447273,-18480325.79851074,"[{'asset': SPY, 'quantity': 36600.0}]",0.0
2024-06-27 08:30:00-04:00,1480216.022778321,-18480325.79851074,"[{'asset': SPY, 'quantity': 36600.0}]",0.0433400336980545
2024-06-27 09:30:00-04:00,1480216.022778321,-18480325.79851074,"[{'asset': SPY, 'quantity': 36600.0}]",0.0
2024-06-27 09:30:00-04:00,1480216.022778321,-18480325.79851074,"[{'asset': SPY, 'quantity': 36600.0}]",0.0
2024-06-27 12:30:00-04:00,1480216.022778321,-18534862.79802246,"[{'asset': SPY, 'quantity': 36700.0}]",0.0
2024-06-27 15:30:00-04:00,1480216.022778321,-18589399.79753418,"[{'asset': SPY, 'quantity': 36800.0}]",0.0
2024-06-27 18:30:00-04:00,1480216.022778321,-18643936.797045898,"[{'asset': SPY, 'quantity': 36900.0}]",0.0
2024-06-27 18:25:00-04:00,1480216.022778321,-18643936.797045898,"[{'asset': SPY, 'quantity': 36900.0}]",0.0
2024-06-28 08:30:00-04:00,1546266.2119873054,-18643936.797045898,"[{'asset': SPY, 'quantity': 36900.0}]",0.04462199313652215
2024-06-28 09:30:00-04:00,1546266.2119873054,-18643936.797045898,"[{'asset': SPY, 'quantity': 36900.0}]",0.0
2024-06-28 09:30:00-04:00,1546266.2119873054,-18643936.797045898,"[{'asset': SPY, 'quantity': 36900.0}]",0.0
2024-06-28 12:30:00-04:00,1546266.2119873054,-18698652.79436035,"[{'asset': SPY, 'quantity': 37000.0}]",0.0
2024-06-28 15:30:00-04:00,1546266.2119873054,-18753368.791674804,"[{'asset': SPY, 'quantity': 37100.0}]",0.0
2024-06-28 18:30:00-04:00,1546266.2119873054,-18808084.788989257,"[{'asset': SPY, 'quantity': 37200.0}]",0.0
2024-06-28 18:25:00-04:00,1546266.2119873054,-18808084.788989257,"[{'asset': SPY, 'quantity': 37200.0}]",0.0
2024-07-01 08:30:00-04:00,1489351.392651368,-18808084.788989257,"[{'asset': SPY, 'quantity': 37200.0}]",-0.03680790467689843
2024-07-01 09:30:00-04:00,1489351.392651368,-18808084.788989257,"[{'asset': SPY, 'quantity': 37200.0}]",0.0
2024-07-01 09:30:00-04:00,1489351.392651368,-18808084.788989257,"[{'asset': SPY, 'quantity': 37200.0}]",0.0
2024-07-01 12:30:00-04:00,1489351.392651368,-18862647.78947754,"[{'asset': SPY, 'quantity': 37300.0}]",0.0
2024-07-01 15:30:00-04:00,1489351.392651368,-18917210.78996582,"[{'asset': SPY, 'quantity': 37400.0}]",0.0
2024-07-01 18:30:00-04:00,1489351.392651368,-18971773.7904541,"[{'asset': SPY, 'quantity': 37500.0}]",0.0
2024-07-01 18:25:00-04:00,1489351.392651368,-18971773.7904541,"[{'asset': SPY, 'quantity': 37500.0}]",0.0
2024-07-02 08:30:00-04:00,1416976.667309571,-18971773.7904541,"[{'asset': SPY, 'quantity': 37500.0}]",-0.048594794820686515
2024-07-02 09:30:00-04:00,1416976.667309571,-18971773.7904541,"[{'asset': SPY, 'quantity': 37500.0}]",0.0
2024-07-02 09:30:00-04:00,1416976.667309571,-18971773.7904541,"[{'asset': SPY, 'quantity': 37500.0}]",0.0
2024-07-02 12:30:00-04:00,1416976.667309571,-19026143.791674804,"[{'asset': SPY, 'quantity': 37600.0}]",0.0
2024-07-02 15:30:00-04:00,1416976.667309571,-19080513.792895507,"[{'asset': SPY, 'quantity': 37700.0}]",0.0
2024-07-02 18:30:00-04:00,1416976.667309571,-19134883.79411621,"[{'asset': SPY, 'quantity': 37800.0}]",0.0
2024-07-02 18:25:00-04:00,1416976.667309571,-19134883.79411621,"[{'asset': SPY, 'quantity': 37800.0}]",0.0
2024-07-03 08:30:00-04:00,1605598.298168946,-19134883.79411621,"[{'asset': SPY, 'quantity': 37800.0}]",0.13311555173135847
2024-07-03 09:30:00-04:00,1605598.298168946,-19134883.79411621,"[{'asset': SPY, 'quantity': 37800.0}]",0.0
2024-07-03 09:30:00-04:00,1605598.298168946,-19134883.79411621,"[{'asset': SPY, 'quantity': 37800.0}]",0.0
2024-07-03 12:30:00-04:00,1605598.298168946,-19189752.79436035,"[{'asset': SPY, 'quantity': 37900.0}]",0.0
2024-07-03 15:30:00-04:00,1605598.298168946,-19244621.79460449,"[{'asset': SPY, 'quantity': 38000.0}]",0.0
2024-07-03 15:25:00-04:00,1605598.298168946,-19244621.79460449,"[{'asset': SPY, 'quantity': 38000.0}]",0.0
2024-07-05 08:30:00-04:00,1722638.9475830086,-19244621.79460449,"[{'asset': SPY, 'quantity': 38000.0}]",0.07289534969458922
2024-07-05 09:30:00-04:00,1722638.9475830086,-19244621.79460449,"[{'asset': SPY, 'quantity': 38000.0}]",0.0
2024-07-05 09:30:00-04:00,1722638.9475830086,-19244621.79460449,"[{'asset': SPY, 'quantity': 38000.0}]",0.0
2024-07-05 12:30:00-04:00,1722638.9475830086,-19299798.796557616,"[{'asset': SPY, 'quantity': 38100.0}]",0.0
2024-07-05 15:30:00-04:00,1722638.9475830086,-19354975.79851074,"[{'asset': SPY, 'quantity': 38200.0}]",0.0
2024-07-05 18:30:00-04:00,1722638.9475830086,-19410152.800463866,"[{'asset': SPY, 'quantity': 38300.0}]",0.0
2024-07-05 18:25:00-04:00,1722638.9475830086,-19410152.800463866,"[{'asset': SPY, 'quantity': 38300.0}]",0.0
2024-07-08 08:30:00-04:00,1863199.293041993,-19410152.800463866,"[{'asset': SPY, 'quantity': 38300.0}]",0.0815959407258271
2024-07-08 09:30:00-04:00,1863199.293041993,-19410152.800463866,"[{'asset': SPY, 'quantity': 38300.0}]",0.0
2024-07-08 09:30:00-04:00,1863199.293041993,-19410152.800463866,"[{'asset': SPY, 'quantity': 38300.0}]",0.0
2024-07-08 12:30:00-04:00,1863199.293041993,-19465696.800708007,"[{'asset': SPY, 'quantity': 38400.0}]",0.0
2024-07-08 15:30:00-04:00,1863199.293041993,-19521240.800952148,"[{'asset': SPY, 'quantity': 38500.0}]",0.0
2024-07-08 18:30:00-04:00,1863199.293041993,-19576784.80119629,"[{'asset': SPY, 'quantity': 38600.0}]",0.0
2024-07-08 18:25:00-04:00,1863199.293041993,-19576784.80119629,"[{'asset': SPY, 'quantity': 38600.0}]",0.0
2024-07-09 08:30:00-04:00,1894851.5757568367,-19576784.80119629,"[{'asset': SPY, 'quantity': 38600.0}]",0.01698813585484249
2024-07-09 09:30:00-04:00,1894851.5757568367,-19576784.80119629,"[{'asset': SPY, 'quantity': 38600.0}]",0.0
2024-07-09 09:30:00-04:00,1894851.5757568367,-19576784.80119629,"[{'asset': SPY, 'quantity': 38600.0}]",0.0
2024-07-09 12:30:00-04:00,1894851.5757568367,-19632410.80217285,"[{'asset': SPY, 'quantity': 38700.0}]",0.0
2024-07-09 15:30:00-04:00,1894851.5757568367,-19688036.803149413,"[{'asset': SPY, 'quantity': 38800.0}]",0.0
2024-07-09 18:30:00-04:00,1894851.5757568367,-19743662.804125976,"[{'asset': SPY, 'quantity': 38900.0}]",0.0
2024-07-09 18:25:00-04:00,1894851.5757568367,-19743662.804125976,"[{'asset': SPY, 'quantity': 38900.0}]",0.0
2024-07-10 08:30:00-04:00,1926360.4807861336,-19743662.804125976,"[{'asset': SPY, 'quantity': 38900.0}]",0.016628692944834933
2024-07-10 09:30:00-04:00,1926360.4807861336,-19743662.804125976,"[{'asset': SPY, 'quantity': 38900.0}]",0.0
2024-07-10 09:30:00-04:00,1926360.4807861336,-19743662.804125976,"[{'asset': SPY, 'quantity': 38900.0}]",0.0
2024-07-10 12:30:00-04:00,1926360.4807861336,-19799369.804858398,"[{'asset': SPY, 'quantity': 39000.0}]",0.0
2024-07-10 15:30:00-04:00,1926360.4807861336,-19855076.80559082,"[{'asset': SPY, 'quantity': 39100.0}]",0.0
2024-07-10 18:30:00-04:00,1926360.4807861336,-19910783.80632324,"[{'asset': SPY, 'quantity': 39200.0}]",0.0
2024-07-10 18:25:00-04:00,1926360.4807861336,-19910783.80632324,"[{'asset': SPY, 'quantity': 39200.0}]",0.0
2024-07-11 08:30:00-04:00,2097664.2893798836,-19910783.80632324,"[{'asset': SPY, 'quantity': 39200.0}]",0.08892614352420791
2024-07-11 09:30:00-04:00,2097664.2893798836,-19910783.80632324,"[{'asset': SPY, 'quantity': 39200.0}]",0.0
2024-07-11 09:30:00-04:00,2097664.2893798836,-19910783.80632324,"[{'asset': SPY, 'quantity': 39200.0}]",0.0
2024-07-11 12:30:00-04:00,2097664.2893798836,-19966927.806567382,"[{'asset': SPY, 'quantity': 39300.0}]",0.0
2024-07-11 15:30:00-04:00,2097664.2893798836,-20023071.806811523,"[{'asset': SPY, 'quantity': 39400.0}]",0.0
2024-07-11 18:30:00-04:00,2097664.2893798836,-20079215.807055663,"[{'asset': SPY, 'quantity': 39500.0}]",0.0
2024-07-11 18:25:00-04:00,2097664.2893798836,-20079215.807055663,"[{'asset': SPY, 'quantity': 39500.0}]",0.0
2024-07-12 08:30:00-04:00,1947169.3858154304,-20079215.807055663,"[{'asset': SPY, 'quantity': 39500.0}]",-0.0717440366060399
2024-07-12 09:30:00-04:00,1947169.3858154304,-20079215.807055663,"[{'asset': SPY, 'quantity': 39500.0}]",0.0
2024-07-12 09:30:00-04:00,1947169.3858154304,-20079215.807055663,"[{'asset': SPY, 'quantity': 39500.0}]",0.0
2024-07-12 12:30:00-04:00,1947169.3858154304,-20134978.807543945,"[{'asset': SPY, 'quantity': 39600.0}]",0.0
2024-07-12 15:30:00-04:00,1947169.3858154304,-20190741.808032226,"[{'asset': SPY, 'quantity': 39700.0}]",0.0
2024-07-12 18:30:00-04:00,1947169.3858154304,-20246504.808520507,"[{'asset': SPY, 'quantity': 39800.0}]",0.0
2024-07-12 18:25:00-04:00,1947169.3858154304,-20246504.808520507,"[{'asset': SPY, 'quantity': 39800.0}]",0.0
2024-07-15 08:30:00-04:00,2122290.357495118,-20246504.808520507,"[{'asset': SPY, 'quantity': 39800.0}]",0.08993617758957884
2024-07-15 09:30:00-04:00,2122290.357495118,-20246504.808520507,"[{'asset': SPY, 'quantity': 39800.0}]",0.0
2024-07-15 09:30:00-04:00,2122290.357495118,-20246504.808520507,"[{'asset': SPY, 'quantity': 39800.0}]",0.0
2024-07-15 12:30:00-04:00,2122290.357495118,-20302707.811450195,"[{'asset': SPY, 'quantity': 39900.0}]",0.0
2024-07-15 15:30:00-04:00,2122290.357495118,-20358910.814379882,"[{'asset': SPY, 'quantity': 40000.0}]",0.0
2024-07-15 18:30:00-04:00,2122290.357495118,-20415113.81730957,"[{'asset': SPY, 'quantity': 40100.0}]",0.0
2024-07-15 18:25:00-04:00,2122290.357495118,-20415113.81730957,"[{'asset': SPY, 'quantity': 40100.0}]",0.0
2024-07-16 08:30:00-04:00,2155972.986889649,-20415113.81730957,"[{'asset': SPY, 'quantity': 40100.0}]",0.01587088650503321
2024-07-16 09:30:00-04:00,2155972.986889649,-20415113.81730957,"[{'asset': SPY, 'quantity': 40100.0}]",0.0
2024-07-16 09:30:00-04:00,2155972.986889649,-20415113.81730957,"[{'asset': SPY, 'quantity': 40100.0}]",0.0
2024-07-16 12:30:00-04:00,2155972.986889649,-20471400.81682129,"[{'asset': SPY, 'quantity': 40200.0}]",0.0
2024-07-16 15:30:00-04:00,2155972.986889649,-20527687.816333007,"[{'asset': SPY, 'quantity': 40300.0}]",0.0
2024-07-16 18:30:00-04:00,2155972.986889649,-20583974.815844726,"[{'asset': SPY, 'quantity': 40400.0}]",0.0
2024-07-16 18:25:00-04:00,2155972.986889649,-20583974.815844726,"[{'asset': SPY, 'quantity': 40400.0}]",0.0
2024-07-17 08:30:00-04:00,1991544.6909912117,-20583974.815844726,"[{'asset': SPY, 'quantity': 40400.0}]",-0.07626639892907594
2024-07-17 09:30:00-04:00,1991544.6909912117,-20583974.815844726,"[{'asset': SPY, 'quantity': 40400.0}]",0.0
2024-07-17 09:30:00-04:00,1991544.6909912117,-20583974.815844726,"[{'asset': SPY, 'quantity': 40400.0}]",0.0
2024-07-17 12:30:00-04:00,1991544.6909912117,-20639854.814624023,"[{'asset': SPY, 'quantity': 40500.0}]",0.0
2024-07-17 15:30:00-04:00,1991544.6909912117,-20695734.81340332,"[{'asset': SPY, 'quantity': 40600.0}]",0.0
2024-07-17 18:30:00-04:00,1991544.6909912117,-20751614.812182616,"[{'asset': SPY, 'quantity': 40700.0}]",0.0
2024-07-17 18:25:00-04:00,1991544.6909912117,-20751614.812182616,"[{'asset': SPY, 'quantity': 40700.0}]",0.0
2024-07-18 08:30:00-04:00,1979742.585278321,-20751614.812182616,"[{'asset': SPY, 'quantity': 40700.0}]",-0.005926106386805019
2024-07-18 09:30:00-04:00,1979742.585278321,-20751614.812182616,"[{'asset': SPY, 'quantity': 40700.0}]",0.0
2024-07-18 09:30:00-04:00,1979742.585278321,-20751614.812182616,"[{'asset': SPY, 'quantity': 40700.0}]",0.0
2024-07-18 12:30:00-04:00,1979742.585278321,-20807465.81315918,"[{'asset': SPY, 'quantity': 40800.0}]",0.0
2024-07-18 15:30:00-04:00,1979742.585278321,-20863316.81413574,"[{'asset': SPY, 'quantity': 40900.0}]",0.0
2024-07-18 18:30:00-04:00,1979742.585278321,-20919167.815112304,"[{'asset': SPY, 'quantity': 41000.0}]",0.0
2024-07-18 18:25:00-04:00,1979742.585278321,-20919167.815112304,"[{'asset': SPY, 'quantity': 41000.0}]",0.0
2024-07-19 08:30:00-04:00,1730051.4842041023,-20919167.815112304,"[{'asset': SPY, 'quantity': 41000.0}]",-0.12612301363367195
2024-07-19 09:30:00-04:00,1730051.4842041023,-20919167.815112304,"[{'asset': SPY, 'quantity': 41000.0}]",0.0
2024-07-19 09:30:00-04:00,1730051.4842041023,-20919167.815112304,"[{'asset': SPY, 'quantity': 41000.0}]",0.0
2024-07-19 12:30:00-04:00,1730051.4842041023,-20974409.81340332,"[{'asset': SPY, 'quantity': 41100.0}]",0.0
2024-07-19 15:30:00-04:00,1730051.4842041023,-21029651.811694335,"[{'asset': SPY, 'quantity': 41200.0}]",0.0
2024-07-19 18:30:00-04:00,1730051.4842041023,-21084893.80998535,"[{'asset': SPY, 'quantity': 41300.0}]",0.0
2024-07-19 18:25:00-04:00,1730051.4842041023,-21084893.80998535,"[{'asset': SPY, 'quantity': 41300.0}]",0.0
2024-07-22 08:30:00-04:00,1754006.1900146492,-21084893.80998535,"[{'asset': SPY, 'quantity': 41300.0}]",0.013846238698247193
2024-07-22 09:30:00-04:00,1754006.1900146492,-21084893.80998535,"[{'asset': SPY, 'quantity': 41300.0}]",0.0
2024-07-22 09:30:00-04:00,1754006.1900146492,-21084893.80998535,"[{'asset': SPY, 'quantity': 41300.0}]",0.0
2024-07-22 12:30:00-04:00,1754006.1900146492,-21140193.80998535,"[{'asset': SPY, 'quantity': 41400.0}]",0.0
2024-07-22 15:30:00-04:00,1754006.1900146492,-21195493.80998535,"[{'asset': SPY, 'quantity': 41500.0}]",0.0
2024-07-22 18:30:00-04:00,1754006.1900146492,-21250793.80998535,"[{'asset': SPY, 'quantity': 41600.0}]",0.0
2024-07-22 18:25:00-04:00,1754006.1900146492,-21250793.80998535,"[{'asset': SPY, 'quantity': 41600.0}]",0.0
2024-07-23 08:30:00-04:00,1818069.2759521492,-21250793.80998535,"[{'asset': SPY, 'quantity': 41600.0}]",0.03652386536729657
2024-07-23 09:30:00-04:00,1818069.2759521492,-21250793.80998535,"[{'asset': SPY, 'quantity': 41600.0}]",0.0
2024-07-23 09:30:00-04:00,1818069.2759521492,-21250793.80998535,"[{'asset': SPY, 'quantity': 41600.0}]",0.0
2024-07-23 12:30:00-04:00,1818069.2759521492,-21306247.807788085,"[{'asset': SPY, 'quantity': 41700.0}]",0.0
2024-07-23 15:30:00-04:00,1818069.2759521492,-21361701.80559082,"[{'asset': SPY, 'quantity': 41800.0}]",0.0
2024-07-23 18:30:00-04:00,1818069.2759521492,-21417155.803393554,"[{'asset': SPY, 'quantity': 41900.0}]",0.0
2024-07-23 18:25:00-04:00,1818069.2759521492,-21417155.803393554,"[{'asset': SPY, 'quantity': 41900.0}]",0.0
2024-07-24 08:30:00-04:00,1580077.5828369148,-21417155.803393554,"[{'asset': SPY, 'quantity': 41900.0}]",-0.1309035339099467
2024-07-24 09:30:00-04:00,1580077.5828369148,-21417155.803393554,"[{'asset': SPY, 'quantity': 41900.0}]",0.0
2024-07-24 09:30:00-04:00,1580077.5828369148,-21417155.803393554,"[{'asset': SPY, 'quantity': 41900.0}]",0.0
2024-07-24 12:30:00-04:00,1580077.5828369148,-21472041.80192871,"[{'asset': SPY, 'quantity': 42000.0}]",0.0
2024-07-24 15:30:00-04:00,1580077.5828369148,-21526927.800463866,"[{'asset': SPY, 'quantity': 42100.0}]",0.0
2024-07-24 18:30:00-04:00,1580077.5828369148,-21581813.798999023,"[{'asset': SPY, 'quantity': 42200.0}]",0.0
2024-07-24 18:25:00-04:00,1580077.5828369148,-21581813.798999023,"[{'asset': SPY, 'quantity': 42200.0}]",0.0
2024-07-25 08:30:00-04:00,1263155.1707275398,-21581813.798999023,"[{'asset': SPY, 'quantity': 42200.0}]",-0.20057395633723485
2024-07-25 09:30:00-04:00,1263155.1707275398,-21581813.798999023,"[{'asset': SPY, 'quantity': 42200.0}]",0.0
2024-07-25 09:30:00-04:00,1263155.1707275398,-21581813.798999023,"[{'asset': SPY, 'quantity': 42200.0}]",0.0
2024-07-25 12:30:00-04:00,1263155.1707275398,-21635948.796557616,"[{'asset': SPY, 'quantity': 42300.0}]",0.0
2024-07-25 15:30:00-04:00,1263155.1707275398,-21690083.79411621,"[{'asset': SPY, 'quantity': 42400.0}]",0.0
2024-07-25 18:30:00-04:00,1263155.1707275398,-21744218.791674804,"[{'asset': SPY, 'quantity': 42500.0}]",0.0
2024-07-25 18:25:00-04:00,1263155.1707275398,-21744218.791674804,"[{'asset': SPY, 'quantity': 42500.0}]",0.0
2024-07-26 08:30:00-04:00,1302682.4534423836,-21744218.791674804,"[{'asset': SPY, 'quantity': 42500.0}]",0.031292499631757176
2024-07-26 09:30:00-04:00,1302682.4534423836,-21744218.791674804,"[{'asset': SPY, 'quantity': 42500.0}]",0.0
2024-07-26 09:30:00-04:00,1302682.4534423836,-21744218.791674804,"[{'asset': SPY, 'quantity': 42500.0}]",0.0
2024-07-26 12:30:00-04:00,1302682.4534423836,-21798446.79460449,"[{'asset': SPY, 'quantity': 42600.0}]",0.0
2024-07-26 15:30:00-04:00,1302682.4534423836,-21852674.79753418,"[{'asset': SPY, 'quantity': 42700.0}]",0.0
2024-07-26 18:30:00-04:00,1302682.4534423836,-21906902.800463866,"[{'asset': SPY, 'quantity': 42800.0}]",0.0
2024-07-26 18:25:00-04:00,1302682.4534423836,-21906902.800463866,"[{'asset': SPY, 'quantity': 42800.0}]",0.0
2024-07-29 08:30:00-04:00,1462754.0354736336,-21906902.800463866,"[{'asset': SPY, 'quantity': 42800.0}]",0.12287843565272194
2024-07-29 09:30:00-04:00,1462754.0354736336,-21906902.800463866,"[{'asset': SPY, 'quantity': 42800.0}]",0.0
2024-07-29 09:30:00-04:00,1462754.0354736336,-21906902.800463866,"[{'asset': SPY, 'quantity': 42800.0}]",0.0
2024-07-29 12:30:00-04:00,1462754.0354736336,-21961504.80241699,"[{'asset': SPY, 'quantity': 42900.0}]",0.0
2024-07-29 15:30:00-04:00,1462754.0354736336,-22016106.804370116,"[{'asset': SPY, 'quantity': 43000.0}]",0.0
2024-07-29 18:30:00-04:00,1462754.0354736336,-22070708.80632324,"[{'asset': SPY, 'quantity': 43100.0}]",0.0
2024-07-29 18:25:00-04:00,1462754.0354736336,-22070708.80632324,"[{'asset': SPY, 'quantity': 43100.0}]",0.0
2024-07-30 08:30:00-04:00,1473097.614575196,-22070708.80632324,"[{'asset': SPY, 'quantity': 43100.0}]",0.007071304437190173
2024-07-30 09:30:00-04:00,1473097.614575196,-22070708.80632324,"[{'asset': SPY, 'quantity': 43100.0}]",0.0
2024-07-30 09:30:00-04:00,1473097.614575196,-22070708.80632324,"[{'asset': SPY, 'quantity': 43100.0}]",0.0
2024-07-30 12:30:00-04:00,1473097.614575196,-22125334.807299804,"[{'asset': SPY, 'quantity': 43200.0}]",0.0
2024-07-30 15:30:00-04:00,1473097.614575196,-22179960.808276366,"[{'asset': SPY, 'quantity': 43300.0}]",0.0
2024-07-30 18:30:00-04:00,1473097.614575196,-22234586.80925293,"[{'asset': SPY, 'quantity': 43400.0}]",0.0
2024-07-30 18:25:00-04:00,1473097.614575196,-22234586.80925293,"[{'asset': SPY, 'quantity': 43400.0}]",0.0
2024-07-31 08:30:00-04:00,1591144.343090821,-22234586.80925293,"[{'asset': SPY, 'quantity': 43400.0}]",0.08013503473744121
2024-07-31 09:30:00-04:00,1591144.343090821,-22234586.80925293,"[{'asset': SPY, 'quantity': 43400.0}]",0.0
2024-07-31 09:30:00-04:00,1591144.343090821,-22234586.80925293,"[{'asset': SPY, 'quantity': 43400.0}]",0.0
2024-07-31 12:30:00-04:00,1591144.343090821,-22289484.807299804,"[{'asset': SPY, 'quantity': 43500.0}]",0.0
2024-07-31 15:30:00-04:00,1591144.343090821,-22344382.80534668,"[{'asset': SPY, 'quantity': 43600.0}]",0.0
2024-07-31 18:30:00-04:00,1591144.343090821,-22399280.803393554,"[{'asset': SPY, 'quantity': 43700.0}]",0.0
2024-07-31 18:25:00-04:00,1591144.343090821,-22399280.803393554,"[{'asset': SPY, 'quantity': 43700.0}]",0.0
2024-08-01 08:30:00-04:00,1748028.5166748054,-22399280.803393554,"[{'asset': SPY, 'quantity': 43700.0}]",0.0985983290989394
2024-08-01 09:30:00-04:00,1748028.5166748054,-22399280.803393554,"[{'asset': SPY, 'quantity': 43700.0}]",0.0
2024-08-01 09:30:00-04:00,1748028.5166748054,-22399280.803393554,"[{'asset': SPY, 'quantity': 43700.0}]",0.0
2024-08-01 12:30:00-04:00,1748028.5166748054,-22454537.804125976,"[{'asset': SPY, 'quantity': 43800.0}]",0.0
2024-08-01 15:30:00-04:00,1748028.5166748054,-22509794.804858398,"[{'asset': SPY, 'quantity': 43900.0}]",0.0
2024-08-01 18:30:00-04:00,1748028.5166748054,-22565051.80559082,"[{'asset': SPY, 'quantity': 44000.0}]",0.0
2024-08-01 18:25:00-04:00,1748028.5166748054,-22565051.80559082,"[{'asset': SPY, 'quantity': 44000.0}]",0.0
2024-08-02 08:30:00-04:00,1007948.1944091804,-22565051.80559082,"[{'asset': SPY, 'quantity': 44000.0}]",-0.4233800050776322
2024-08-02 09:30:00-04:00,1007948.1944091804,-22565051.80559082,"[{'asset': SPY, 'quantity': 44000.0}]",0.0
2024-08-02 09:30:00-04:00,1007948.1944091804,-22565051.80559082,"[{'asset': SPY, 'quantity': 44000.0}]",0.0
2024-08-02 12:30:00-04:00,1007948.1944091804,-22618626.80559082,"[{'asset': SPY, 'quantity': 44100.0}]",0.0
2024-08-02 15:30:00-04:00,1007948.1944091804,-22672201.80559082,"[{'asset': SPY, 'quantity': 44200.0}]",0.0
2024-08-02 18:30:00-04:00,1007948.1944091804,-22725776.80559082,"[{'asset': SPY, 'quantity': 44300.0}]",0.0
2024-08-02 18:25:00-04:00,1007948.1944091804,-22725776.80559082,"[{'asset': SPY, 'quantity': 44300.0}]",0.0
2024-08-05 08:30:00-04:00,-60124.15666503832,-22725776.80559082,"[{'asset': SPY, 'quantity': 44300.0}]",-1.059650046498948
2024-08-05 09:30:00-04:00,-60124.15666503832,-22725776.80559082,"[{'asset': SPY, 'quantity': 44300.0}]",0.0
2024-08-05 09:30:00-04:00,-60124.15666503832,-22725776.80559082,"[{'asset': SPY, 'quantity': 44300.0}]",0.0
2024-08-05 12:30:00-04:00,-60124.15666503832,-22776940.807055663,"[{'asset': SPY, 'quantity': 44400.0}]",0.0
2024-08-05 15:30:00-04:00,-60124.15666503832,-22828104.808520507,"[{'asset': SPY, 'quantity': 44500.0}]",0.0
2024-08-05 18:30:00-04:00,-60124.15666503832,-22879268.80998535,"[{'asset': SPY, 'quantity': 44600.0}]",0.0
2024-08-05 18:25:00-04:00,-60124.15666503832,-22879268.80998535,"[{'asset': SPY, 'quantity': 44600.0}]",0.0
2024-08-06 08:30:00-04:00,277941.8833740242,-22879268.80998535,"[{'asset': SPY, 'quantity': 44600.0}]",-5.622798868057055
2024-08-06 09:30:00-04:00,277941.8833740242,-22879268.80998535,"[{'asset': SPY, 'quantity': 44600.0}]",0.0
2024-08-06 09:30:00-04:00,277941.8833740242,-22879268.80998535,"[{'asset': SPY, 'quantity': 44600.0}]",0.0
2024-08-06 12:30:00-04:00,277941.8833740242,-22931190.807055663,"[{'asset': SPY, 'quantity': 44700.0}]",0.0
2024-08-06 15:30:00-04:00,277941.8833740242,-22983112.804125976,"[{'asset': SPY, 'quantity': 44800.0}]",0.0
2024-08-06 18:30:00-04:00,277941.8833740242,-23035034.80119629,"[{'asset': SPY, 'quantity': 44900.0}]",0.0
2024-08-06 18:25:00-04:00,277941.8833740242,-23035034.80119629,"[{'asset': SPY, 'quantity': 44900.0}]",0.0
2024-08-07 08:30:00-04:00,693266.8833740242,-23035034.80119629,"[{'asset': SPY, 'quantity': 44900.0}]",1.4942872047862625
2024-08-07 09:30:00-04:00,693266.8833740242,-23035034.80119629,"[{'asset': SPY, 'quantity': 44900.0}]",0.0
2024-08-07 09:30:00-04:00,693266.8833740242,-23035034.80119629,"[{'asset': SPY, 'quantity': 44900.0}]",0.0
2024-08-07 12:30:00-04:00,693266.8833740242,-23087881.7982666,"[{'asset': SPY, 'quantity': 45000.0}]",0.0
2024-08-07 15:30:00-04:00,693266.8833740242,-23140728.795336913,"[{'asset': SPY, 'quantity': 45100.0}]",0.0
2024-08-07 18:30:00-04:00,693266.8833740242,-23193575.792407226,"[{'asset': SPY, 'quantity': 45200.0}]",0.0
2024-08-07 18:25:00-04:00,693266.8833740242,-23193575.792407226,"[{'asset': SPY, 'quantity': 45200.0}]",0.0
2024-08-08 08:30:00-04:00,487154.9937255867,-23193575.792407226,"[{'asset': SPY, 'quantity': 45200.0}]",-0.29730525803471586
2024-08-08 09:30:00-04:00,487154.9937255867,-23193575.792407226,"[{'asset': SPY, 'quantity': 45200.0}]",0.0
2024-08-08 09:30:00-04:00,487154.9937255867,-23193575.792407226,"[{'asset': SPY, 'quantity': 45200.0}]",0.0
2024-08-08 12:30:00-04:00,487154.9937255867,-23245966.78972168,"[{'asset': SPY, 'quantity': 45300.0}]",0.0
2024-08-08 15:30:00-04:00,487154.9937255867,-23298357.787036132,"[{'asset': SPY, 'quantity': 45400.0}]",0.0
2024-08-08 18:30:00-04:00,487154.9937255867,-23350748.784350585,"[{'asset': SPY, 'quantity': 45500.0}]",0.0
2024-08-08 18:25:00-04:00,487154.9937255867,-23350748.784350585,"[{'asset': SPY, 'quantity': 45500.0}]",0.0
2024-08-09 08:30:00-04:00,755606.1045654304,-23350748.784350585,"[{'asset': SPY, 'quantity': 45500.0}]",0.5510589325726212
2024-08-09 09:30:00-04:00,755606.1045654304,-23350748.784350585,"[{'asset': SPY, 'quantity': 45500.0}]",0.0
2024-08-09 09:30:00-04:00,755606.1045654304,-23350748.784350585,"[{'asset': SPY, 'quantity': 45500.0}]",0.0
2024-08-09 12:30:00-04:00,755606.1045654304,-23403729.784106445,"[{'asset': SPY, 'quantity': 45600.0}]",0.0
2024-08-09 15:30:00-04:00,755606.1045654304,-23456710.783862304,"[{'asset': SPY, 'quantity': 45700.0}]",0.0
2024-08-09 18:30:00-04:00,755606.1045654304,-23509691.783618163,"[{'asset': SPY, 'quantity': 45800.0}]",0.0
2024-08-09 18:25:00-04:00,755606.1045654304,-23509691.783618163,"[{'asset': SPY, 'quantity': 45800.0}]",0.0
2024-08-12 08:30:00-04:00,957127.2227294929,-23509691.783618163,"[{'asset': SPY, 'quantity': 45800.0}]",0.2667012838388365
2024-08-12 09:30:00-04:00,957127.2227294929,-23509691.783618163,"[{'asset': SPY, 'quantity': 45800.0}]",0.0
2024-08-12 09:30:00-04:00,957127.2227294929,-23509691.783618163,"[{'asset': SPY, 'quantity': 45800.0}]",0.0
2024-08-12 12:30:00-04:00,957127.2227294929,-23563112.78581543,"[{'asset': SPY, 'quantity': 45900.0}]",0.0
2024-08-12 15:30:00-04:00,957127.2227294929,-23616533.788012695,"[{'asset': SPY, 'quantity': 46000.0}]",0.0
2024-08-12 18:30:00-04:00,957127.2227294929,-23669954.79020996,"[{'asset': SPY, 'quantity': 46100.0}]",0.0
2024-08-12 18:25:00-04:00,957127.2227294929,-23669954.79020996,"[{'asset': SPY, 'quantity': 46100.0}]",0.0
2024-08-13 08:30:00-04:00,1064079.5603759773,-23669954.79020996,"[{'asset': SPY, 'quantity': 46100.0}]",0.11174307355032953
2024-08-13 09:30:00-04:00,1064079.5603759773,-23669954.79020996,"[{'asset': SPY, 'quantity': 46100.0}]",0.0
2024-08-13 09:30:00-04:00,1064079.5603759773,-23669954.79020996,"[{'asset': SPY, 'quantity': 46100.0}]",0.0
2024-08-13 12:30:00-04:00,1064079.5603759773,-23723607.793139648,"[{'asset': SPY, 'quantity': 46200.0}]",0.0
2024-08-13 15:30:00-04:00,1064079.5603759773,-23777260.796069335,"[{'asset': SPY, 'quantity': 46300.0}]",0.0
2024-08-13 18:30:00-04:00,1064079.5603759773,-23830913.798999023,"[{'asset': SPY, 'quantity': 46400.0}]",0.0
2024-08-13 18:25:00-04:00,1064079.5603759773,-23830913.798999023,"[{'asset': SPY, 'quantity': 46400.0}]",0.0
2024-08-14 08:30:00-04:00,1357325.0681884773,-23830913.798999023,"[{'asset': SPY, 'quantity': 46400.0}]",0.27558607338429275
2024-08-14 09:30:00-04:00,1357325.0681884773,-23830913.798999023,"[{'asset': SPY, 'quantity': 46400.0}]",0.0
2024-08-14 09:30:00-04:00,1357325.0681884773,-23830913.798999023,"[{'asset': SPY, 'quantity': 46400.0}]",0.0
2024-08-14 12:30:00-04:00,1357325.0681884773,-23885198.796557616,"[{'asset': SPY, 'quantity': 46500.0}]",0.0
2024-08-14 15:30:00-04:00,1357325.0681884773,-23939483.79411621,"[{'asset': SPY, 'quantity': 46600.0}]",0.0
2024-08-14 18:30:00-04:00,1357325.0681884773,-23993768.791674804,"[{'asset': SPY, 'quantity': 46700.0}]",0.0
2024-08-14 18:25:00-04:00,1357325.0681884773,-23993768.791674804,"[{'asset': SPY, 'quantity': 46700.0}]",0.0
2024-08-15 08:30:00-04:00,1667881.208325196,-23993768.791674804,"[{'asset': SPY, 'quantity': 46700.0}]",0.22880012122018445
2024-08-15 09:30:00-04:00,1667881.208325196,-23993768.791674804,"[{'asset': SPY, 'quantity': 46700.0}]",0.0
2024-08-15 09:30:00-04:00,1667881.208325196,-23993768.791674804,"[{'asset': SPY, 'quantity': 46700.0}]",0.0
2024-08-15 12:30:00-04:00,1667881.208325196,-24048718.791674804,"[{'asset': SPY, 'quantity': 46800.0}]",0.0
2024-08-15 15:30:00-04:00,1667881.208325196,-24103668.791674804,"[{'asset': SPY, 'quantity': 46900.0}]",0.0
2024-08-15 18:30:00-04:00,1667881.208325196,-24158618.791674804,"[{'asset': SPY, 'quantity': 47000.0}]",0.0
2024-08-15 18:25:00-04:00,1667881.208325196,-24158618.791674804,"[{'asset': SPY, 'quantity': 47000.0}]",0.0
2024-08-16 08:30:00-04:00,1758120.4051025398,-24158618.791674804,"[{'asset': SPY, 'quantity': 47000.0}]",0.054104091062910475
2024-08-16 09:30:00-04:00,1758120.4051025398,-24158618.791674804,"[{'asset': SPY, 'quantity': 47000.0}]",0.0
2024-08-16 09:30:00-04:00,1758120.4051025398,-24158618.791674804,"[{'asset': SPY, 'quantity': 47000.0}]",0.0
2024-08-16 12:30:00-04:00,1758120.4051025398,-24213760.78996582,"[{'asset': SPY, 'quantity': 47100.0}]",0.0
2024-08-16 15:30:00-04:00,1758120.4051025398,-24268902.788256835,"[{'asset': SPY, 'quantity': 47200.0}]",0.0
2024-08-16 18:30:00-04:00,1758120.4051025398,-24324044.78654785,"[{'asset': SPY, 'quantity': 47300.0}]",0.0
2024-08-16 18:25:00-04:00,1758120.4051025398,-24324044.78654785,"[{'asset': SPY, 'quantity': 47300.0}]",0.0
2024-08-19 08:30:00-04:00,1914683.2896240242,-24324044.78654785,"[{'asset': SPY, 'quantity': 47300.0}]",0.08905128685560815
2024-08-19 09:30:00-04:00,1914683.2896240242,-24324044.78654785,"[{'asset': SPY, 'quantity': 47300.0}]",0.0
2024-08-19 09:30:00-04:00,1914683.2896240242,-24324044.78654785,"[{'asset': SPY, 'quantity': 47300.0}]",0.0
2024-08-19 12:30:00-04:00,1914683.2896240242,-24379517.784594726,"[{'asset': SPY, 'quantity': 47400.0}]",0.0
2024-08-19 15:30:00-04:00,1914683.2896240242,-24434990.7826416,"[{'asset': SPY, 'quantity': 47500.0}]",0.0
2024-08-19 18:30:00-04:00,1914683.2896240242,-24490463.780688476,"[{'asset': SPY, 'quantity': 47600.0}]",0.0
2024-08-19 18:25:00-04:00,1914683.2896240242,-24490463.780688476,"[{'asset': SPY, 'quantity': 47600.0}]",0.0
2024-08-20 08:30:00-04:00,2125077.381420899,-24490463.780688476,"[{'asset': SPY, 'quantity': 47600.0}]",0.10988453961918099
2024-08-20 09:30:00-04:00,2125077.381420899,-24490463.780688476,"[{'asset': SPY, 'quantity': 47600.0}]",0.0
2024-08-20 09:30:00-04:00,2125077.381420899,-24490463.780688476,"[{'asset': SPY, 'quantity': 47600.0}]",0.0
2024-08-20 12:30:00-04:00,2125077.381420899,-24546378.783129882,"[{'asset': SPY, 'quantity': 47700.0}]",0.0
2024-08-20 15:30:00-04:00,2125077.381420899,-24602293.78557129,"[{'asset': SPY, 'quantity': 47800.0}]",0.0
2024-08-20 18:30:00-04:00,2125077.381420899,-24658208.788012695,"[{'asset': SPY, 'quantity': 47900.0}]",0.0
2024-08-20 18:25:00-04:00,2125077.381420899,-24658208.788012695,"[{'asset': SPY, 'quantity': 47900.0}]",0.0
2024-08-21 08:30:00-04:00,2154775.1475341804,-24658208.788012695,"[{'asset': SPY, 'quantity': 47900.0}]",0.01397491045404875
2024-08-21 09:30:00-04:00,2154775.1475341804,-24658208.788012695,"[{'asset': SPY, 'quantity': 47900.0}]",0.0
2024-08-21 09:30:00-04:00,2154775.1475341804,-24658208.788012695,"[{'asset': SPY, 'quantity': 47900.0}]",0.0
2024-08-21 12:30:00-04:00,2154775.1475341804,-24714185.78996582,"[{'asset': SPY, 'quantity': 48000.0}]",0.0
2024-08-21 15:30:00-04:00,2154775.1475341804,-24770162.791918945,"[{'asset': SPY, 'quantity': 48100.0}]",0.0
2024-08-21 18:30:00-04:00,2154775.1475341804,-24826139.79387207,"[{'asset': SPY, 'quantity': 48200.0}]",0.0
2024-08-21 18:25:00-04:00,2154775.1475341804,-24826139.79387207,"[{'asset': SPY, 'quantity': 48200.0}]",0.0
2024-08-22 08:30:00-04:00,2289252.088452149,-24826139.79387207,"[{'asset': SPY, 'quantity': 48200.0}]",0.0624088044972384
2024-08-22 09:30:00-04:00,2289252.088452149,-24826139.79387207,"[{'asset': SPY, 'quantity': 48200.0}]",0.0
2024-08-22 09:30:00-04:00,2289252.088452149,-24826139.79387207,"[{'asset': SPY, 'quantity': 48200.0}]",0.0
2024-08-22 12:30:00-04:00,2289252.088452149,-24882395.79362793,"[{'asset': SPY, 'quantity': 48300.0}]",0.0
2024-08-22 15:30:00-04:00,2289252.088452149,-24938651.79338379,"[{'asset': SPY, 'quantity': 48400.0}]",0.0
2024-08-22 18:30:00-04:00,2289252.088452149,-24994907.793139648,"[{'asset': SPY, 'quantity': 48500.0}]",0.0
2024-08-22 18:25:00-04:00,2289252.088452149,-24994907.793139648,"[{'asset': SPY, 'quantity': 48500.0}]",0.0
2024-08-23 08:30:00-04:00,2142298.62775879,-24994907.793139648,"[{'asset': SPY, 'quantity': 48500.0}]",-0.06419278219058877
2024-08-23 09:30:00-04:00,2142298.62775879,-24994907.793139648,"[{'asset': SPY, 'quantity': 48500.0}]",0.0
2024-08-23 09:30:00-04:00,2142298.62775879,-24994907.793139648,"[{'asset': SPY, 'quantity': 48500.0}]",0.0
2024-08-23 12:30:00-04:00,2142298.62775879,-25050860.796069335,"[{'asset': SPY, 'quantity': 48600.0}]",0.0
2024-08-23 15:30:00-04:00,2142298.62775879,-25106813.798999023,"[{'asset': SPY, 'quantity': 48700.0}]",0.0
2024-08-23 18:30:00-04:00,2142298.62775879,-25162766.80192871,"[{'asset': SPY, 'quantity': 48800.0}]",0.0
2024-08-23 18:25:00-04:00,2142298.62775879,-25162766.80192871,"[{'asset': SPY, 'quantity': 48800.0}]",0.0
2024-08-26 08:30:00-04:00,2320416.840649415,-25162766.80192871,"[{'asset': SPY, 'quantity': 48800.0}]",0.08314350323650577
2024-08-26 09:30:00-04:00,2320416.840649415,-25162766.80192871,"[{'asset': SPY, 'quantity': 48800.0}]",0.0
2024-08-26 09:30:00-04:00,2320416.840649415,-25162766.80192871,"[{'asset': SPY, 'quantity': 48800.0}]",0.0
2024-08-26 12:30:00-04:00,2320416.840649415,-25219084.80119629,"[{'asset': SPY, 'quantity': 48900.0}]",0.0
2024-08-26 15:30:00-04:00,2320416.840649415,-25275402.800463866,"[{'asset': SPY, 'quantity': 49000.0}]",0.0
2024-08-26 18:30:00-04:00,2320416.840649415,-25331720.799731445,"[{'asset': SPY, 'quantity': 49100.0}]",0.0
2024-08-26 18:25:00-04:00,2320416.840649415,-25331720.799731445,"[{'asset': SPY, 'quantity': 49100.0}]",0.0
2024-08-27 08:30:00-04:00,2139237.720776368,-25331720.799731445,"[{'asset': SPY, 'quantity': 49100.0}]",-0.0780804193018787
2024-08-27 09:30:00-04:00,2139237.720776368,-25331720.799731445,"[{'asset': SPY, 'quantity': 49100.0}]",0.0
2024-08-27 09:30:00-04:00,2139237.720776368,-25331720.799731445,"[{'asset': SPY, 'quantity': 49100.0}]",0.0
2024-08-27 12:30:00-04:00,2139237.720776368,-25387669.798754882,"[{'asset': SPY, 'quantity': 49200.0}]",0.0
2024-08-27 15:30:00-04:00,2139237.720776368,-25443618.79777832,"[{'asset': SPY, 'quantity': 49300.0}]",0.0
2024-08-27 18:30:00-04:00,2139237.720776368,-25499567.796801757,"[{'asset': SPY, 'quantity': 49400.0}]",0.0
2024-08-27 18:25:00-04:00,2139237.720776368,-25499567.796801757,"[{'asset': SPY, 'quantity': 49400.0}]",0.0
2024-08-28 08:30:00-04:00,2224207.2886474617,-25499567.796801757,"[{'asset': SPY, 'quantity': 49400.0}]",0.039719553860641854
2024-08-28 09:30:00-04:00,2224207.2886474617,-25499567.796801757,"[{'asset': SPY, 'quantity': 49400.0}]",0.0
2024-08-28 09:30:00-04:00,2224207.2886474617,-25499567.796801757,"[{'asset': SPY, 'quantity': 49400.0}]",0.0
2024-08-28 12:30:00-04:00,2224207.2886474617,-25555688.798999023,"[{'asset': SPY, 'quantity': 49500.0}]",0.0
2024-08-28 15:30:00-04:00,2224207.2886474617,-25611809.80119629,"[{'asset': SPY, 'quantity': 49600.0}]",0.0
2024-08-28 18:30:00-04:00,2224207.2886474617,-25667930.803393554,"[{'asset': SPY, 'quantity': 49700.0}]",0.0
2024-08-28 18:25:00-04:00,2224207.2886474617,-25667930.803393554,"[{'asset': SPY, 'quantity': 49700.0}]",0.0
2024-08-29 08:30:00-04:00,2179476.0752685554,-25667930.803393554,"[{'asset': SPY, 'quantity': 49700.0}]",-0.020111081196081848
2024-08-29 09:30:00-04:00,2179476.0752685554,-25667930.803393554,"[{'asset': SPY, 'quantity': 49700.0}]",0.0
2024-08-29 09:30:00-04:00,2179476.0752685554,-25667930.803393554,"[{'asset': SPY, 'quantity': 49700.0}]",0.0
2024-08-29 12:30:00-04:00,2179476.0752685554,-25723961.803149413,"[{'asset': SPY, 'quantity': 49800.0}]",0.0
2024-08-29 15:30:00-04:00,2179476.0752685554,-25779992.802905273,"[{'asset': SPY, 'quantity': 49900.0}]",0.0
2024-08-29 18:30:00-04:00,2179476.0752685554,-25836023.802661132,"[{'asset': SPY, 'quantity': 50000.0}]",0.0
2024-08-29 18:25:00-04:00,2179476.0752685554,-25836023.802661132,"[{'asset': SPY, 'quantity': 50000.0}]",0.0
2024-08-30 08:30:00-04:00,2202477.173901368,-25836023.802661132,"[{'asset': SPY, 'quantity': 50000.0}]",0.010553499023832291
2024-08-30 09:30:00-04:00,2202477.173901368,-25836023.802661132,"[{'asset': SPY, 'quantity': 50000.0}]",0.0
2024-08-30 09:30:00-04:00,2202477.173901368,-25836023.802661132,"[{'asset': SPY, 'quantity': 50000.0}]",0.0
2024-08-30 12:30:00-04:00,2202477.173901368,-25892100.804614257,"[{'asset': SPY, 'quantity': 50100.0}]",0.0
2024-08-30 15:30:00-04:00,2202477.173901368,-25948177.806567382,"[{'asset': SPY, 'quantity': 50200.0}]",0.0
2024-08-30 18:30:00-04:00,2202477.173901368,-26004254.808520507,"[{'asset': SPY, 'quantity': 50300.0}]",0.0
2024-08-30 18:25:00-04:00,2202477.173901368,-26004254.808520507,"[{'asset': SPY, 'quantity': 50300.0}]",0.0
2024-09-03 08:30:00-04:00,2187384.7178466804,-26004254.808520507,"[{'asset': SPY, 'quantity': 50300.0}]",-0.006852491473477329
2024-09-03 09:30:00-04:00,2187384.7178466804,-26004254.808520507,"[{'asset': SPY, 'quantity': 50300.0}]",0.0
2024-09-03 09:30:00-04:00,2187384.7178466804,-26004254.808520507,"[{'asset': SPY, 'quantity': 50300.0}]",0.0
2024-09-03 12:30:00-04:00,2187384.7178466804,-26060301.80559082,"[{'asset': SPY, 'quantity': 50400.0}]",0.0
2024-09-03 15:30:00-04:00,2187384.7178466804,-26116348.802661132,"[{'asset': SPY, 'quantity': 50500.0}]",0.0
2024-09-03 18:30:00-04:00,2187384.7178466804,-26172395.799731445,"[{'asset': SPY, 'quantity': 50600.0}]",0.0
2024-09-03 18:25:00-04:00,2187384.7178466804,-26172395.799731445,"[{'asset': SPY, 'quantity': 50600.0}]",0.0
2024-09-04 08:30:00-04:00,1667724.8179443367,-26172395.799731445,"[{'asset': SPY, 'quantity': 50600.0}]",-0.23757133149120235
2024-09-04 09:30:00-04:00,1667724.8179443367,-26172395.799731445,"[{'asset': SPY, 'quantity': 50600.0}]",0.0
2024-09-04 09:30:00-04:00,1667724.8179443367,-26172395.799731445,"[{'asset': SPY, 'quantity': 50600.0}]",0.0
2024-09-04 12:30:00-04:00,1667724.8179443367,-26227415.800952148,"[{'asset': SPY, 'quantity': 50700.0}]",0.0
2024-09-04 15:30:00-04:00,1667724.8179443367,-26282435.80217285,"[{'asset': SPY, 'quantity': 50800.0}]",0.0
2024-09-04 18:30:00-04:00,1667724.8179443367,-26337455.803393554,"[{'asset': SPY, 'quantity': 50900.0}]",0.0
2024-09-04 18:25:00-04:00,1667724.8179443367,-26337455.803393554,"[{'asset': SPY, 'quantity': 50900.0}]",0.0
2024-09-05 08:30:00-04:00,1702845.9422119148,-26337455.803393554,"[{'asset': SPY, 'quantity': 50900.0}]",0.02105930420275759
2024-09-05 09:30:00-04:00,1702845.9422119148,-26337455.803393554,"[{'asset': SPY, 'quantity': 50900.0}]",0.0
2024-09-05 09:30:00-04:00,1702845.9422119148,-26337455.803393554,"[{'asset': SPY, 'quantity': 50900.0}]",0.0
2024-09-05 12:30:00-04:00,1702845.9422119148,-26392544.804858398,"[{'asset': SPY, 'quantity': 51000.0}]",0.0
2024-09-05 15:30:00-04:00,1702845.9422119148,-26447633.80632324,"[{'asset': SPY, 'quantity': 51100.0}]",0.0
2024-09-05 18:30:00-04:00,1702845.9422119148,-26502722.807788085,"[{'asset': SPY, 'quantity': 51200.0}]",0.0
2024-09-05 18:25:00-04:00,1702845.9422119148,-26502722.807788085,"[{'asset': SPY, 'quantity': 51200.0}]",0.0
2024-09-06 08:30:00-04:00,1654205.3172119148,-26502722.807788085,"[{'asset': SPY, 'quantity': 51200.0}]",-0.02856431330295106
2024-09-06 09:30:00-04:00,1654205.3172119148,-26502722.807788085,"[{'asset': SPY, 'quantity': 51200.0}]",0.0
2024-09-06 09:30:00-04:00,1654205.3172119148,-26502722.807788085,"[{'asset': SPY, 'quantity': 51200.0}]",0.0
2024-09-06 12:30:00-04:00,1654205.3172119148,-26557716.808032226,"[{'asset': SPY, 'quantity': 51300.0}]",0.0
2024-09-06 15:30:00-04:00,1654205.3172119148,-26612710.808276366,"[{'asset': SPY, 'quantity': 51400.0}]",0.0
2024-09-06 18:30:00-04:00,1654205.3172119148,-26667704.808520507,"[{'asset': SPY, 'quantity': 51500.0}]",0.0
2024-09-06 18:25:00-04:00,1654205.3172119148,-26667704.808520507,"[{'asset': SPY, 'quantity': 51500.0}]",0.0
2024-09-09 08:30:00-04:00,1381771.4488037117,-26667704.808520507,"[{'asset': SPY, 'quantity': 51500.0}]",-0.16469168946172752
2024-09-09 09:30:00-04:00,1381771.4488037117,-26667704.808520507,"[{'asset': SPY, 'quantity': 51500.0}]",0.0
2024-09-09 09:30:00-04:00,1381771.4488037117,-26667704.808520507,"[{'asset': SPY, 'quantity': 51500.0}]",0.0
2024-09-09 12:30:00-04:00,1381771.4488037117,-26722169.810961913,"[{'asset': SPY, 'quantity': 51600.0}]",0.0
2024-09-09 15:30:00-04:00,1381771.4488037117,-26776634.81340332,"[{'asset': SPY, 'quantity': 51700.0}]",0.0
2024-09-09 18:30:00-04:00,1381771.4488037117,-26831099.815844726,"[{'asset': SPY, 'quantity': 51800.0}]",0.0
2024-09-09 18:25:00-04:00,1381771.4488037117,-26831099.815844726,"[{'asset': SPY, 'quantity': 51800.0}]",0.0
2024-09-10 08:30:00-04:00,1573947.4253662117,-26831099.815844726,"[{'asset': SPY, 'quantity': 51800.0}]",0.13907942353916702
2024-09-10 09:30:00-04:00,1573947.4253662117,-26831099.815844726,"[{'asset': SPY, 'quantity': 51800.0}]",0.0
2024-09-10 09:30:00-04:00,1573947.4253662117,-26831099.815844726,"[{'asset': SPY, 'quantity': 51800.0}]",0.0
2024-09-10 12:30:00-04:00,1573947.4253662117,-26885935.814379882,"[{'asset': SPY, 'quantity': 51900.0}]",0.0
2024-09-10 15:30:00-04:00,1573947.4253662117,-26940771.81291504,"[{'asset': SPY, 'quantity': 52000.0}]",0.0
2024-09-10 18:30:00-04:00,1573947.4253662117,-26995607.811450195,"[{'asset': SPY, 'quantity': 52100.0}]",0.0
2024-09-10 18:25:00-04:00,1573947.4253662117,-26995607.811450195,"[{'asset': SPY, 'quantity': 52100.0}]",0.0
2024-09-11 08:30:00-04:00,1591662.8245361336,-26995607.811450195,"[{'asset': SPY, 'quantity': 52100.0}]",0.011255394484221748
2024-09-11 09:30:00-04:00,1591662.8245361336,-26995607.811450195,"[{'asset': SPY, 'quantity': 52100.0}]",0.0
2024-09-11 09:30:00-04:00,1591662.8245361336,-26995607.811450195,"[{'asset': SPY, 'quantity': 52100.0}]",0.0
2024-09-11 12:30:00-04:00,1591662.8245361336,-27050477.812670898,"[{'asset': SPY, 'quantity': 52200.0}]",0.0
2024-09-11 15:30:00-04:00,1591662.8245361336,-27105347.8138916,"[{'asset': SPY, 'quantity': 52300.0}]",0.0
2024-09-11 18:30:00-04:00,1591662.8245361336,-27160217.815112304,"[{'asset': SPY, 'quantity': 52400.0}]",0.0
2024-09-11 18:25:00-04:00,1591662.8245361336,-27160217.815112304,"[{'asset': SPY, 'quantity': 52400.0}]",0.0
2024-09-12 08:30:00-04:00,1922306.696606446,-27160217.815112304,"[{'asset': SPY, 'quantity': 52400.0}]",0.20773487133914426
2024-09-12 09:30:00-04:00,1922306.696606446,-27160217.815112304,"[{'asset': SPY, 'quantity': 52400.0}]",0.0
2024-09-12 09:30:00-04:00,1922306.696606446,-27160217.815112304,"[{'asset': SPY, 'quantity': 52400.0}]",0.0
2024-09-12 12:30:00-04:00,1922306.696606446,-27215718.816088866,"[{'asset': SPY, 'quantity': 52500.0}]",0.0
2024-09-12 15:30:00-04:00,1922306.696606446,-27271219.81706543,"[{'asset': SPY, 'quantity': 52600.0}]",0.0
2024-09-12 18:30:00-04:00,1922306.696606446,-27326720.81804199,"[{'asset': SPY, 'quantity': 52700.0}]",0.0
2024-09-12 18:25:00-04:00,1922306.696606446,-27326720.81804199,"[{'asset': SPY, 'quantity': 52700.0}]",0.0
2024-09-13 08:30:00-04:00,2169997.339916993,-27326720.81804199,"[{'asset': SPY, 'quantity': 52700.0}]",0.12885074153245624
2024-09-13 09:30:00-04:00,2169997.339916993,-27326720.81804199,"[{'asset': SPY, 'quantity': 52700.0}]",0.0
2024-09-13 09:30:00-04:00,2169997.339916993,-27326720.81804199,"[{'asset': SPY, 'quantity': 52700.0}]",0.0
2024-09-13 12:30:00-04:00,2169997.339916993,-27382691.820239257,"[{'asset': SPY, 'quantity': 52800.0}]",0.0
2024-09-13 15:30:00-04:00,2169997.339916993,-27438662.822436523,"[{'asset': SPY, 'quantity': 52900.0}]",0.0
2024-09-13 18:30:00-04:00,2169997.339916993,-27494633.82463379,"[{'asset': SPY, 'quantity': 53000.0}]",0.0
2024-09-13 18:25:00-04:00,2169997.339916993,-27494633.82463379,"[{'asset': SPY, 'quantity': 53000.0}]",0.0
2024-09-16 08:30:00-04:00,2277585.6577880867,-27494633.82463379,"[{'asset': SPY, 'quantity': 53000.0}]",0.0495799307639746
2024-09-16 09:30:00-04:00,2277585.6577880867,-27494633.82463379,"[{'asset': SPY, 'quantity': 53000.0}]",0.0
2024-09-16 09:30:00-04:00,2277585.6577880867,-27494633.82463379,"[{'asset': SPY, 'quantity': 53000.0}]",0.0
2024-09-16 12:30:00-04:00,2277585.6577880867,-27550807.823657226,"[{'asset': SPY, 'quantity': 53100.0}]",0.0
2024-09-16 15:30:00-04:00,2277585.6577880867,-27606981.822680663,"[{'asset': SPY, 'quantity': 53200.0}]",0.0
2024-09-16 18:30:00-04:00,2277585.6577880867,-27663155.8217041,"[{'asset': SPY, 'quantity': 53300.0}]",0.0
2024-09-16 18:25:00-04:00,2277585.6577880867,-27663155.8217041,"[{'asset': SPY, 'quantity': 53300.0}]",0.0
2024-09-17 08:30:00-04:00,2456672.877026368,-27663155.8217041,"[{'asset': SPY, 'quantity': 53300.0}]",0.078630289326727
2024-09-17 09:30:00-04:00,2456672.877026368,-27663155.8217041,"[{'asset': SPY, 'quantity': 53300.0}]",0.0
2024-09-17 09:30:00-04:00,2456672.877026368,-27663155.8217041,"[{'asset': SPY, 'quantity': 53300.0}]",0.0
2024-09-17 12:30:00-04:00,2456672.877026368,-27719665.819262695,"[{'asset': SPY, 'quantity': 53400.0}]",0.0
2024-09-17 15:30:00-04:00,2456672.877026368,-27776175.81682129,"[{'asset': SPY, 'quantity': 53500.0}]",0.0
2024-09-17 18:30:00-04:00,2456672.877026368,-27832685.814379882,"[{'asset': SPY, 'quantity': 53600.0}]",0.0
2024-09-17 18:25:00-04:00,2456672.877026368,-27832685.814379882,"[{'asset': SPY, 'quantity': 53600.0}]",0.0
2024-09-18 08:30:00-04:00,2383777.662182618,-27832685.814379882,"[{'asset': SPY, 'quantity': 53600.0}]",-0.029672332659928524
2024-09-18 09:30:00-04:00,2383777.662182618,-27832685.814379882,"[{'asset': SPY, 'quantity': 53600.0}]",0.0
2024-09-18 09:30:00-04:00,2383777.662182618,-27832685.814379882,"[{'asset': SPY, 'quantity': 53600.0}]",0.0
2024-09-18 12:30:00-04:00,2383777.662182618,-27889059.81340332,"[{'asset': SPY, 'quantity': 53700.0}]",0.0
2024-09-18 15:30:00-04:00,2383777.662182618,-27945433.812426757,"[{'asset': SPY, 'quantity': 53800.0}]",0.0
2024-09-18 18:30:00-04:00,2383777.662182618,-28001807.811450195,"[{'asset': SPY, 'quantity': 53900.0}]",0.0
2024-09-18 18:25:00-04:00,2383777.662182618,-28001807.811450195,"[{'asset': SPY, 'quantity': 53900.0}]",0.0
2024-09-19 08:30:00-04:00,2775631.714916993,-28001807.811450195,"[{'asset': SPY, 'quantity': 53900.0}]",0.1643836415412956
2024-09-19 09:30:00-04:00,2775631.714916993,-28001807.811450195,"[{'asset': SPY, 'quantity': 53900.0}]",0.0
2024-09-19 09:30:00-04:00,2775631.714916993,-28001807.811450195,"[{'asset': SPY, 'quantity': 53900.0}]",0.0
2024-09-19 12:30:00-04:00,2775631.714916993,-28058908.812426757,"[{'asset': SPY, 'quantity': 54000.0}]",0.0
2024-09-19 15:30:00-04:00,2775631.714916993,-28116009.81340332,"[{'asset': SPY, 'quantity': 54100.0}]",0.0
2024-09-19 18:30:00-04:00,2775631.714916993,-28173110.814379882,"[{'asset': SPY, 'quantity': 54200.0}]",0.0
2024-09-19 18:25:00-04:00,2775631.714916993,-28173110.814379882,"[{'asset': SPY, 'quantity': 54200.0}]",0.0
2024-09-20 08:30:00-04:00,2603818.641186524,-28173110.814379882,"[{'asset': SPY, 'quantity': 54200.0}]",-0.061900529817085936
2024-09-20 09:30:00-04:00,2603818.641186524,-28173110.814379882,"[{'asset': SPY, 'quantity': 54200.0}]",0.0
2024-09-20 09:30:00-04:00,2603818.641186524,-28173110.814379882,"[{'asset': SPY, 'quantity': 54200.0}]",0.0
2024-09-20 12:30:00-04:00,2603818.641186524,-28229894.81706543,"[{'asset': SPY, 'quantity': 54300.0}]",0.0
2024-09-20 15:30:00-04:00,2603818.641186524,-28286678.819750976,"[{'asset': SPY, 'quantity': 54400.0}]",0.0
2024-09-20 18:30:00-04:00,2603818.641186524,-28343462.822436523,"[{'asset': SPY, 'quantity': 54500.0}]",0.0
2024-09-20 18:25:00-04:00,2603818.641186524,-28343462.822436523,"[{'asset': SPY, 'quantity': 54500.0}]",0.0
2024-09-23 08:30:00-04:00,2780725.641186524,-28248305.822436523,"[{'asset': SPY, 'quantity': 54500.0}]",0.06794136780562643
2024-09-23 09:30:00-04:00,2780725.641186524,-28248305.822436523,"[{'asset': SPY, 'quantity': 54500.0}]",0.0
2024-09-23 09:30:00-04:00,2780725.641186524,-28248305.822436523,"[{'asset': SPY, 'quantity': 54500.0}]",0.0
2024-09-23 12:30:00-04:00,2780725.641186524,-28305239.82512207,"[{'asset': SPY, 'quantity': 54600.0}]",0.0
2024-09-23 15:30:00-04:00,2780725.641186524,-28362173.827807616,"[{'asset': SPY, 'quantity': 54700.0}]",0.0
2024-09-23 18:30:00-04:00,2780725.641186524,-28419107.830493163,"[{'asset': SPY, 'quantity': 54800.0}]",0.0
2024-09-23 18:25:00-04:00,2780725.641186524,-28419107.830493163,"[{'asset': SPY, 'quantity': 54800.0}]",0.0
2024-09-24 08:30:00-04:00,2843195.0991943367,-28419107.830493163,"[{'asset': SPY, 'quantity': 54800.0}]",0.022465164158071094
2024-09-24 09:30:00-04:00,2843195.0991943367,-28419107.830493163,"[{'asset': SPY, 'quantity': 54800.0}]",0.0
2024-09-24 09:30:00-04:00,2843195.0991943367,-28419107.830493163,"[{'asset': SPY, 'quantity': 54800.0}]",0.0
2024-09-24 12:30:00-04:00,2843195.0991943367,-28476155.82854004,"[{'asset': SPY, 'quantity': 54900.0}]",0.0
2024-09-24 15:30:00-04:00,2843195.0991943367,-28533203.826586913,"[{'asset': SPY, 'quantity': 55000.0}]",0.0
2024-09-24 18:30:00-04:00,2843195.0991943367,-28590251.82463379,"[{'asset': SPY, 'quantity': 55100.0}]",0.0
2024-09-24 18:25:00-04:00,2843195.0991943367,-28590251.82463379,"[{'asset': SPY, 'quantity': 55100.0}]",0.0
2024-09-25 08:30:00-04:00,2879562.982495118,-28590251.82463379,"[{'asset': SPY, 'quantity': 55100.0}]",0.012791202162344195
2024-09-25 09:30:00-04:00,2879562.982495118,-28590251.82463379,"[{'asset': SPY, 'quantity': 55100.0}]",0.0
2024-09-25 09:30:00-04:00,2879562.982495118,-28590251.82463379,"[{'asset': SPY, 'quantity': 55100.0}]",0.0
2024-09-25 12:30:00-04:00,2879562.982495118,-28647365.826098632,"[{'asset': SPY, 'quantity': 55200.0}]",0.0
2024-09-25 15:30:00-04:00,2879562.982495118,-28704479.827563476,"[{'asset': SPY, 'quantity': 55300.0}]",0.0
2024-09-25 18:30:00-04:00,2879562.982495118,-28761593.82902832,"[{'asset': SPY, 'quantity': 55400.0}]",0.0
2024-09-25 18:25:00-04:00,2879562.982495118,-28761593.82902832,"[{'asset': SPY, 'quantity': 55400.0}]",0.0
2024-09-26 08:30:00-04:00,3059058.441479493,-28761593.82902832,"[{'asset': SPY, 'quantity': 55400.0}]",0.06233427088607857
2024-09-26 09:30:00-04:00,3059058.441479493,-28761593.82902832,"[{'asset': SPY, 'quantity': 55400.0}]",0.0
2024-09-26 09:30:00-04:00,3059058.441479493,-28761593.82902832,"[{'asset': SPY, 'quantity': 55400.0}]",0.0
2024-09-26 12:30:00-04:00,3059058.441479493,-28819031.8295166,"[{'asset': SPY, 'quantity': 55500.0}]",0.0
2024-09-26 15:30:00-04:00,3059058.441479493,-28876469.830004882,"[{'asset': SPY, 'quantity': 55600.0}]",0.0
2024-09-26 18:30:00-04:00,3059058.441479493,-28933907.830493163,"[{'asset': SPY, 'quantity': 55700.0}]",0.0
2024-09-26 18:25:00-04:00,3059058.441479493,-28933907.830493163,"[{'asset': SPY, 'quantity': 55700.0}]",0.0
2024-09-27 08:30:00-04:00,3003915.9854248054,-28933907.830493163,"[{'asset': SPY, 'quantity': 55700.0}]",-0.01802595704187271
2024-09-27 09:30:00-04:00,3003915.9854248054,-28933907.830493163,"[{'asset': SPY, 'quantity': 55700.0}]",0.0
2024-09-27 09:30:00-04:00,3003915.9854248054,-28933907.830493163,"[{'asset': SPY, 'quantity': 55700.0}]",0.0
2024-09-27 12:30:00-04:00,3003915.9854248054,-28991246.831958007,"[{'asset': SPY, 'quantity': 55800.0}]",0.0
2024-09-27 15:30:00-04:00,3003915.9854248054,-29048585.83342285,"[{'asset': SPY, 'quantity': 55900.0}]",0.0
2024-09-27 18:30:00-04:00,3003915.9854248054,-29105924.834887695,"[{'asset': SPY, 'quantity': 56000.0}]",0.0
2024-09-27 18:25:00-04:00,3003915.9854248054,-29105924.834887695,"[{'asset': SPY, 'quantity': 56000.0}]",0.0
2024-09-30 08:30:00-04:00,2837594.2080810554,-29105924.834887695,"[{'asset': SPY, 'quantity': 56000.0}]",-0.05536831860503222
2024-09-30 09:30:00-04:00,2837594.2080810554,-29105924.834887695,"[{'asset': SPY, 'quantity': 56000.0}]",0.0
2024-09-30 09:30:00-04:00,2837594.2080810554,-29105924.834887695,"[{'asset': SPY, 'quantity': 56000.0}]",0.0
2024-09-30 12:30:00-04:00,2837594.2080810554,-29162966.83317871,"[{'asset': SPY, 'quantity': 56100.0}]",0.0
2024-09-30 15:30:00-04:00,2837594.2080810554,-29220008.831469726,"[{'asset': SPY, 'quantity': 56200.0}]",0.0
2024-09-30 18:30:00-04:00,2837594.2080810554,-29277050.82976074,"[{'asset': SPY, 'quantity': 56300.0}]",0.0
2024-09-30 18:25:00-04:00,2837594.2080810554,-29277050.82976074,"[{'asset': SPY, 'quantity': 56300.0}]",0.0
2024-10-01 08:30:00-04:00,3005370.5447509773,-29277050.82976074,"[{'asset': SPY, 'quantity': 56300.0}]",0.05912626132098775
2024-10-01 09:30:00-04:00,3005370.5447509773,-29277050.82976074,"[{'asset': SPY, 'quantity': 56300.0}]",0.0
2024-10-01 09:30:00-04:00,3005370.5447509773,-29277050.82976074,"[{'asset': SPY, 'quantity': 56300.0}]",0.0
2024-10-01 12:30:00-04:00,3005370.5447509773,-29334390.832202148,"[{'asset': SPY, 'quantity': 56400.0}]",0.0
2024-10-01 15:30:00-04:00,3005370.5447509773,-29391730.834643554,"[{'asset': SPY, 'quantity': 56500.0}]",0.0
2024-10-01 18:30:00-04:00,3005370.5447509773,-29449070.83708496,"[{'asset': SPY, 'quantity': 56600.0}]",0.0
2024-10-01 18:25:00-04:00,3005370.5447509773,-29449070.83708496,"[{'asset': SPY, 'quantity': 56600.0}]",0.0
2024-10-02 08:30:00-04:00,2683316.4065673836,-29449070.83708496,"[{'asset': SPY, 'quantity': 56600.0}]",-0.10715954435171948
2024-10-02 09:30:00-04:00,2683316.4065673836,-29449070.83708496,"[{'asset': SPY, 'quantity': 56600.0}]",0.0
2024-10-02 09:30:00-04:00,2683316.4065673836,-29449070.83708496,"[{'asset': SPY, 'quantity': 56600.0}]",0.0
2024-10-02 12:30:00-04:00,2683316.4065673836,-29505841.839282226,"[{'asset': SPY, 'quantity': 56700.0}]",0.0
2024-10-02 15:30:00-04:00,2683316.4065673836,-29562612.84147949,"[{'asset': SPY, 'quantity': 56800.0}]",0.0
2024-10-02 18:30:00-04:00,2683316.4065673836,-29619383.843676757,"[{'asset': SPY, 'quantity': 56900.0}]",0.0
2024-10-02 18:25:00-04:00,2683316.4065673836,-29619383.843676757,"[{'asset': SPY, 'quantity': 56900.0}]",0.0
2024-10-03 08:30:00-04:00,2663399.322827149,-29619383.843676757,"[{'asset': SPY, 'quantity': 56900.0}]",-0.00742256250194262
2024-10-03 09:30:00-04:00,2663399.322827149,-29619383.843676757,"[{'asset': SPY, 'quantity': 56900.0}]",0.0
2024-10-03 09:30:00-04:00,2663399.322827149,-29619383.843676757,"[{'asset': SPY, 'quantity': 56900.0}]",0.0
2024-10-03 12:30:00-04:00,2663399.322827149,-29676119.842211913,"[{'asset': SPY, 'quantity': 57000.0}]",0.0
2024-10-03 15:30:00-04:00,2663399.322827149,-29732855.84074707,"[{'asset': SPY, 'quantity': 57100.0}]",0.0
2024-10-03 18:30:00-04:00,2663399.322827149,-29789591.839282226,"[{'asset': SPY, 'quantity': 57200.0}]",0.0
2024-10-03 18:25:00-04:00,2663399.322827149,-29789591.839282226,"[{'asset': SPY, 'quantity': 57200.0}]",0.0
2024-10-04 08:30:00-04:00,2948826.764233399,-29789591.839282226,"[{'asset': SPY, 'quantity': 57200.0}]",0.10716659682231722
2024-10-04 09:30:00-04:00,2948826.764233399,-29789591.839282226,"[{'asset': SPY, 'quantity': 57200.0}]",0.0
2024-10-04 09:30:00-04:00,2948826.764233399,-29789591.839282226,"[{'asset': SPY, 'quantity': 57200.0}]",0.0
2024-10-04 12:30:00-04:00,2948826.764233399,-29846826.83684082,"[{'asset': SPY, 'quantity': 57300.0}]",0.0
2024-10-04 15:30:00-04:00,2948826.764233399,-29904061.834399413,"[{'asset': SPY, 'quantity': 57400.0}]",0.0
2024-10-04 18:30:00-04:00,2948826.764233399,-29961296.831958007,"[{'asset': SPY, 'quantity': 57500.0}]",0.0
2024-10-04 18:25:00-04:00,2948826.764233399,-29961296.831958007,"[{'asset': SPY, 'quantity': 57500.0}]",0.0
2024-10-07 08:30:00-04:00,2888452.466137696,-29961296.831958007,"[{'asset': SPY, 'quantity': 57500.0}]",-0.02047400641773489
2024-10-07 09:30:00-04:00,2888452.466137696,-29961296.831958007,"[{'asset': SPY, 'quantity': 57500.0}]",0.0
2024-10-07 09:30:00-04:00,2888452.466137696,-29961296.831958007,"[{'asset': SPY, 'quantity': 57500.0}]",0.0
2024-10-07 12:30:00-04:00,2888452.466137696,-30018426.830737304,"[{'asset': SPY, 'quantity': 57600.0}]",0.0
2024-10-07 15:30:00-04:00,2888452.466137696,-30075556.8295166,"[{'asset': SPY, 'quantity': 57700.0}]",0.0
2024-10-07 18:30:00-04:00,2888452.466137696,-30132686.828295898,"[{'asset': SPY, 'quantity': 57800.0}]",0.0
2024-10-07 18:25:00-04:00,2888452.466137696,-30132686.828295898,"[{'asset': SPY, 'quantity': 57800.0}]",0.0
2024-10-08 08:30:00-04:00,2837588.1839111336,-30132686.828295898,"[{'asset': SPY, 'quantity': 57800.0}]",-0.017609527185529883
2024-10-08 09:30:00-04:00,2837588.1839111336,-30132686.828295898,"[{'asset': SPY, 'quantity': 57800.0}]",0.0
2024-10-08 09:30:00-04:00,2837588.1839111336,-30132686.828295898,"[{'asset': SPY, 'quantity': 57800.0}]",0.0
2024-10-08 12:30:00-04:00,2837588.1839111336,-30189728.826586913,"[{'asset': SPY, 'quantity': 57900.0}]",0.0
2024-10-08 15:30:00-04:00,2837588.1839111336,-30246770.82487793,"[{'asset': SPY, 'quantity': 58000.0}]",0.0
2024-10-08 18:30:00-04:00,2837588.1839111336,-30303812.823168945,"[{'asset': SPY, 'quantity': 58100.0}]",0.0
2024-10-08 18:25:00-04:00,2837588.1839111336,-30303812.823168945,"[{'asset': SPY, 'quantity': 58100.0}]",0.0
2024-10-09 08:30:00-04:00,2996781.616528321,-30303812.823168945,"[{'asset': SPY, 'quantity': 58100.0}]",0.056101668846733954
2024-10-09 09:30:00-04:00,2996781.616528321,-30303812.823168945,"[{'asset': SPY, 'quantity': 58100.0}]",0.0
2024-10-09 09:30:00-04:00,2996781.616528321,-30303812.823168945,"[{'asset': SPY, 'quantity': 58100.0}]",0.0
2024-10-09 12:30:00-04:00,2996781.616528321,-30361128.820483398,"[{'asset': SPY, 'quantity': 58200.0}]",0.0
2024-10-09 15:30:00-04:00,2996781.616528321,-30418444.81779785,"[{'asset': SPY, 'quantity': 58300.0}]",0.0
2024-10-09 18:30:00-04:00,2996781.616528321,-30475760.815112304,"[{'asset': SPY, 'quantity': 58400.0}]",0.0
2024-10-09 18:25:00-04:00,2996781.616528321,-30475760.815112304,"[{'asset': SPY, 'quantity': 58400.0}]",0.0
2024-10-10 08:30:00-04:00,3149208.325512696,-30475760.815112304,"[{'asset': SPY, 'quantity': 58400.0}]",0.050863469044152954
2024-10-10 09:30:00-04:00,3149208.325512696,-30475760.815112304,"[{'asset': SPY, 'quantity': 58400.0}]",0.0
2024-10-10 09:30:00-04:00,3149208.325512696,-30475760.815112304,"[{'asset': SPY, 'quantity': 58400.0}]",0.0
2024-10-10 12:30:00-04:00,3149208.325512696,-30533337.81706543,"[{'asset': SPY, 'quantity': 58500.0}]",0.0
2024-10-10 15:30:00-04:00,3149208.325512696,-30590914.819018554,"[{'asset': SPY, 'quantity': 58600.0}]",0.0
2024-10-10 18:30:00-04:00,3149208.325512696,-30648491.82097168,"[{'asset': SPY, 'quantity': 58700.0}]",0.0
2024-10-10 18:25:00-04:00,3149208.325512696,-30648491.82097168,"[{'asset': SPY, 'quantity': 58700.0}]",0.0
2024-10-11 08:30:00-04:00,3165642.4624755867,-30648491.82097168,"[{'asset': SPY, 'quantity': 58700.0}]",0.0052184978776261826
2024-10-11 09:30:00-04:00,3165642.4624755867,-30648491.82097168,"[{'asset': SPY, 'quantity': 58700.0}]",0.0
2024-10-11 09:30:00-04:00,3165642.4624755867,-30648491.82097168,"[{'asset': SPY, 'quantity': 58700.0}]",0.0
2024-10-11 12:30:00-04:00,3165642.4624755867,-30706096.819750976,"[{'asset': SPY, 'quantity': 58800.0}]",0.0
2024-10-11 15:30:00-04:00,3165642.4624755867,-30763701.818530273,"[{'asset': SPY, 'quantity': 58900.0}]",0.0
2024-10-11 18:30:00-04:00,3165642.4624755867,-30821306.81730957,"[{'asset': SPY, 'quantity': 59000.0}]",0.0
2024-10-11 18:25:00-04:00,3165642.4624755867,-30821306.81730957,"[{'asset': SPY, 'quantity': 59000.0}]",0.0
2024-10-14 08:30:00-04:00,3470671.4541748054,-30821306.81730957,"[{'asset': SPY, 'quantity': 59000.0}]",0.09635610948328033
2024-10-14 09:30:00-04:00,3470671.4541748054,-30821306.81730957,"[{'asset': SPY, 'quantity': 59000.0}]",0.0
2024-10-14 09:30:00-04:00,3470671.4541748054,-30821306.81730957,"[{'asset': SPY, 'quantity': 59000.0}]",0.0
2024-10-14 12:30:00-04:00,3470671.4541748054,-30879428.814379882,"[{'asset': SPY, 'quantity': 59100.0}]",0.0
2024-10-14 15:30:00-04:00,3470671.4541748054,-30937550.811450195,"[{'asset': SPY, 'quantity': 59200.0}]",0.0
2024-10-14 18:30:00-04:00,3470671.4541748054,-30995672.808520507,"[{'asset': SPY, 'quantity': 59300.0}]",0.0
2024-10-14 18:25:00-04:00,3470671.4541748054,-30995672.808520507,"[{'asset': SPY, 'quantity': 59300.0}]",0.0
2024-10-15 08:30:00-04:00,3670515.78400879,-30995672.808520507,"[{'asset': SPY, 'quantity': 59300.0}]",0.057580883835488095
2024-10-15 09:30:00-04:00,3670515.78400879,-30995672.808520507,"[{'asset': SPY, 'quantity': 59300.0}]",0.0
2024-10-15 09:30:00-04:00,3670515.78400879,-30995672.808520507,"[{'asset': SPY, 'quantity': 59300.0}]",0.0
2024-10-15 12:30:00-04:00,3670515.78400879,-31054131.811206054,"[{'asset': SPY, 'quantity': 59400.0}]",0.0
2024-10-15 15:30:00-04:00,3670515.78400879,-31112590.8138916,"[{'asset': SPY, 'quantity': 59500.0}]",0.0
2024-10-15 18:30:00-04:00,3670515.78400879,-31171049.816577148,"[{'asset': SPY, 'quantity': 59600.0}]",0.0
2024-10-15 18:25:00-04:00,3670515.78400879,-31171049.816577148,"[{'asset': SPY, 'quantity': 59600.0}]",0.0
2024-10-16 08:30:00-04:00,3383839.9295166023,-31171049.816577148,"[{'asset': SPY, 'quantity': 59600.0}]",-0.07810233530152311
2024-10-16 09:30:00-04:00,3383839.9295166023,-31171049.816577148,"[{'asset': SPY, 'quantity': 59600.0}]",0.0
2024-10-16 09:30:00-04:00,3383839.9295166023,-31171049.816577148,"[{'asset': SPY, 'quantity': 59600.0}]",0.0
2024-10-16 12:30:00-04:00,3383839.9295166023,-31229027.819506835,"[{'asset': SPY, 'quantity': 59700.0}]",0.0
2024-10-16 15:30:00-04:00,3383839.9295166023,-31287005.822436523,"[{'asset': SPY, 'quantity': 59800.0}]",0.0
2024-10-16 18:30:00-04:00,3383839.9295166023,-31344983.82536621,"[{'asset': SPY, 'quantity': 59900.0}]",0.0
2024-10-16 18:25:00-04:00,3383839.9295166023,-31344983.82536621,"[{'asset': SPY, 'quantity': 59900.0}]",0.0
2024-10-17 08:30:00-04:00,3751023.5659912117,-31344983.82536621,"[{'asset': SPY, 'quantity': 59900.0}]",0.10851093554152347
2024-10-17 09:30:00-04:00,3751023.5659912117,-31344983.82536621,"[{'asset': SPY, 'quantity': 59900.0}]",0.0
2024-10-17 09:30:00-04:00,3751023.5659912117,-31344983.82536621,"[{'asset': SPY, 'quantity': 59900.0}]",0.0
2024-10-17 12:30:00-04:00,3751023.5659912117,-31403574.822680663,"[{'asset': SPY, 'quantity': 60000.0}]",0.0
2024-10-17 15:30:00-04:00,3751023.5659912117,-31462165.819995116,"[{'asset': SPY, 'quantity': 60100.0}]",0.0
2024-10-17 18:30:00-04:00,3751023.5659912117,-31520756.81730957,"[{'asset': SPY, 'quantity': 60200.0}]",0.0
2024-10-17 18:25:00-04:00,3751023.5659912117,-31520756.81730957,"[{'asset': SPY, 'quantity': 60200.0}]",0.0
2024-10-18 08:30:00-04:00,3640257.623608399,-31520756.81730957,"[{'asset': SPY, 'quantity': 60200.0}]",-0.029529524524206097
2024-10-18 09:30:00-04:00,3640257.623608399,-31520756.81730957,"[{'asset': SPY, 'quantity': 60200.0}]",0.0
2024-10-18 09:30:00-04:00,3640257.623608399,-31520756.81730957,"[{'asset': SPY, 'quantity': 60200.0}]",0.0
2024-10-18 12:30:00-04:00,3640257.623608399,-31579163.81804199,"[{'asset': SPY, 'quantity': 60300.0}]",0.0
2024-10-18 15:30:00-04:00,3640257.623608399,-31637570.818774413,"[{'asset': SPY, 'quantity': 60400.0}]",0.0
2024-10-18 18:30:00-04:00,3640257.623608399,-31695977.819506835,"[{'asset': SPY, 'quantity': 60500.0}]",0.0
2024-10-18 18:25:00-04:00,3640257.623608399,-31695977.819506835,"[{'asset': SPY, 'quantity': 60500.0}]",0.0
2024-10-21 08:30:00-04:00,3626945.7034423836,-31695977.819506835,"[{'asset': SPY, 'quantity': 60500.0}]",-0.003656862107693448
2024-10-21 09:30:00-04:00,3626945.7034423836,-31695977.819506835,"[{'asset': SPY, 'quantity': 60500.0}]",0.0
2024-10-21 09:30:00-04:00,3626945.7034423836,-31695977.819506835,"[{'asset': SPY, 'quantity': 60500.0}]",0.0
2024-10-21 12:30:00-04:00,3626945.7034423836,-31754362.81706543,"[{'asset': SPY, 'quantity': 60600.0}]",0.0
2024-10-21 15:30:00-04:00,3626945.7034423836,-31812747.814624023,"[{'asset': SPY, 'quantity': 60700.0}]",0.0
2024-10-21 18:30:00-04:00,3626945.7034423836,-31871132.812182616,"[{'asset': SPY, 'quantity': 60800.0}]",0.0
2024-10-21 18:25:00-04:00,3626945.7034423836,-31871132.812182616,"[{'asset': SPY, 'quantity': 60800.0}]",0.0
2024-10-22 08:30:00-04:00,3456706.4456298836,-31871132.812182616,"[{'asset': SPY, 'quantity': 60800.0}]",-0.04693736044929586
2024-10-22 09:30:00-04:00,3456706.4456298836,-31871132.812182616,"[{'asset': SPY, 'quantity': 60800.0}]",0.0
2024-10-22 09:30:00-04:00,3456706.4456298836,-31871132.812182616,"[{'asset': SPY, 'quantity': 60800.0}]",0.0
2024-10-22 12:30:00-04:00,3456706.4456298836,-31929237.810961913,"[{'asset': SPY, 'quantity': 60900.0}]",0.0
2024-10-22 15:30:00-04:00,3456706.4456298836,-31987342.80974121,"[{'asset': SPY, 'quantity': 61000.0}]",0.0
2024-10-22 18:30:00-04:00,3456706.4456298836,-32045447.808520507,"[{'asset': SPY, 'quantity': 61100.0}]",0.0
2024-10-22 18:25:00-04:00,3456706.4456298836,-32045447.808520507,"[{'asset': SPY, 'quantity': 61100.0}]",0.0
2024-10-23 08:30:00-04:00,3469538.7881591804,-32045447.808520507,"[{'asset': SPY, 'quantity': 61100.0}]",0.0037123032375283582
2024-10-23 09:30:00-04:00,3469538.7881591804,-32045447.808520507,"[{'asset': SPY, 'quantity': 61100.0}]",0.0
2024-10-23 09:30:00-04:00,3469538.7881591804,-32045447.808520507,"[{'asset': SPY, 'quantity': 61100.0}]",0.0
2024-10-23 12:30:00-04:00,3469538.7881591804,-32103573.80949707,"[{'asset': SPY, 'quantity': 61200.0}]",0.0
2024-10-23 15:30:00-04:00,3469538.7881591804,-32161699.810473632,"[{'asset': SPY, 'quantity': 61300.0}]",0.0
2024-10-23 18:30:00-04:00,3469538.7881591804,-32219825.811450195,"[{'asset': SPY, 'quantity': 61400.0}]",0.0
2024-10-23 18:25:00-04:00,3469538.7881591804,-32219825.811450195,"[{'asset': SPY, 'quantity': 61400.0}]",0.0
2024-10-24 08:30:00-04:00,3390944.9893310554,-32219825.811450195,"[{'asset': SPY, 'quantity': 61400.0}]",-0.022652520587563174
2024-10-24 09:30:00-04:00,3390944.9893310554,-32219825.811450195,"[{'asset': SPY, 'quantity': 61400.0}]",0.0
2024-10-24 09:30:00-04:00,3390944.9893310554,-32219825.811450195,"[{'asset': SPY, 'quantity': 61400.0}]",0.0
2024-10-24 12:30:00-04:00,3390944.9893310554,-32277823.80949707,"[{'asset': SPY, 'quantity': 61500.0}]",0.0
2024-10-24 15:30:00-04:00,3390944.9893310554,-32335821.807543945,"[{'asset': SPY, 'quantity': 61600.0}]",0.0
2024-10-24 18:30:00-04:00,3390944.9893310554,-32393819.80559082,"[{'asset': SPY, 'quantity': 61700.0}]",0.0
2024-10-24 18:25:00-04:00,3390944.9893310554,-32393819.80559082,"[{'asset': SPY, 'quantity': 61700.0}]",0.0
2024-10-25 08:30:00-04:00,3485347.796948243,-32393819.80559082,"[{'asset': SPY, 'quantity': 61700.0}]",0.027839675345429526
2024-10-25 09:30:00-04:00,3485347.796948243,-32393819.80559082,"[{'asset': SPY, 'quantity': 61700.0}]",0.0
2024-10-25 09:30:00-04:00,3485347.796948243,-32393819.80559082,"[{'asset': SPY, 'quantity': 61700.0}]",0.0
2024-10-25 12:30:00-04:00,3485347.796948243,-32451970.806567382,"[{'asset': SPY, 'quantity': 61800.0}]",0.0
2024-10-25 15:30:00-04:00,3485347.796948243,-32510121.807543945,"[{'asset': SPY, 'quantity': 61900.0}]",0.0
2024-10-25 18:30:00-04:00,3485347.796948243,-32568272.808520507,"[{'asset': SPY, 'quantity': 62000.0}]",0.0
2024-10-25 18:25:00-04:00,3485347.796948243,-32568272.808520507,"[{'asset': SPY, 'quantity': 62000.0}]",0.0
2024-10-28 08:30:00-04:00,3551688.2510498054,-32568272.808520507,"[{'asset': SPY, 'quantity': 62000.0}]",0.019034098737477523
2024-10-28 09:30:00-04:00,3551688.2510498054,-32568272.808520507,"[{'asset': SPY, 'quantity': 62000.0}]",0.0
2024-10-28 09:30:00-04:00,3551688.2510498054,-32568272.808520507,"[{'asset': SPY, 'quantity': 62000.0}]",0.0
2024-10-28 12:30:00-04:00,3551688.2510498054,-32626530.81022949,"[{'asset': SPY, 'quantity': 62100.0}]",0.0
2024-10-28 15:30:00-04:00,3551688.2510498054,-32684788.811938476,"[{'asset': SPY, 'quantity': 62200.0}]",0.0
2024-10-28 18:30:00-04:00,3551688.2510498054,-32743046.81364746,"[{'asset': SPY, 'quantity': 62300.0}]",0.0
2024-10-28 18:25:00-04:00,3551688.2510498054,-32743046.81364746,"[{'asset': SPY, 'quantity': 62300.0}]",0.0
2024-10-29 08:30:00-04:00,3381606.665356446,-32743046.81364746,"[{'asset': SPY, 'quantity': 62300.0}]",-0.04788753225823994
2024-10-29 09:30:00-04:00,3381606.665356446,-32743046.81364746,"[{'asset': SPY, 'quantity': 62300.0}]",0.0
2024-10-29 09:30:00-04:00,3381606.665356446,-32743046.81364746,"[{'asset': SPY, 'quantity': 62300.0}]",0.0
2024-10-29 12:30:00-04:00,3381606.665356446,-32801031.811206054,"[{'asset': SPY, 'quantity': 62400.0}]",0.0
2024-10-29 15:30:00-04:00,3381606.665356446,-32859016.808764648,"[{'asset': SPY, 'quantity': 62500.0}]",0.0
2024-10-29 18:30:00-04:00,3381606.665356446,-32917001.80632324,"[{'asset': SPY, 'quantity': 62600.0}]",0.0
2024-10-29 18:25:00-04:00,3381606.665356446,-32917001.80632324,"[{'asset': SPY, 'quantity': 62600.0}]",0.0
2024-10-30 08:30:00-04:00,3471750.8181884773,-32917001.80632324,"[{'asset': SPY, 'quantity': 62600.0}]",0.026657196342653178
2024-10-30 09:30:00-04:00,3471750.8181884773,-32917001.80632324,"[{'asset': SPY, 'quantity': 62600.0}]",0.0
2024-10-30 09:30:00-04:00,3471750.8181884773,-32917001.80632324,"[{'asset': SPY, 'quantity': 62600.0}]",0.0
2024-10-30 12:30:00-04:00,3471750.8181884773,-32975130.804125976,"[{'asset': SPY, 'quantity': 62700.0}]",0.0
2024-10-30 15:30:00-04:00,3471750.8181884773,-33033259.80192871,"[{'asset': SPY, 'quantity': 62800.0}]",0.0
2024-10-30 18:30:00-04:00,3471750.8181884773,-33091388.799731445,"[{'asset': SPY, 'quantity': 62900.0}]",0.0
2024-10-30 18:25:00-04:00,3471750.8181884773,-33091388.799731445,"[{'asset': SPY, 'quantity': 62900.0}]",0.0
2024-10-31 08:30:00-04:00,3111335.0467041023,-33091388.799731445,"[{'asset': SPY, 'quantity': 62900.0}]",-0.10381383640673736
2024-10-31 09:30:00-04:00,3111335.0467041023,-33091388.799731445,"[{'asset': SPY, 'quantity': 62900.0}]",0.0
2024-10-31 09:30:00-04:00,3111335.0467041023,-33091388.799731445,"[{'asset': SPY, 'quantity': 62900.0}]",0.0
2024-10-31 12:30:00-04:00,3111335.0467041023,-33148944.799487304,"[{'asset': SPY, 'quantity': 63000.0}]",0.0
2024-10-31 15:30:00-04:00,3111335.0467041023,-33206500.799243163,"[{'asset': SPY, 'quantity': 63100.0}]",0.0
2024-10-31 18:30:00-04:00,3111335.0467041023,-33264056.798999023,"[{'asset': SPY, 'quantity': 63200.0}]",0.0
2024-10-31 18:25:00-04:00,3111335.0467041023,-33264056.798999023,"[{'asset': SPY, 'quantity': 63200.0}]",0.0
2024-11-01 08:30:00-04:00,2843367.6638916023,-33264056.798999023,"[{'asset': SPY, 'quantity': 63200.0}]",-0.08612617374537113
2024-11-01 09:30:00-04:00,2843367.6638916023,-33264056.798999023,"[{'asset': SPY, 'quantity': 63200.0}]",0.0
2024-11-01 09:30:00-04:00,2843367.6638916023,-33264056.798999023,"[{'asset': SPY, 'quantity': 63200.0}]",0.0
2024-11-01 12:30:00-04:00,2843367.6638916023,-33321188.799731445,"[{'asset': SPY, 'quantity': 63300.0}]",0.0
2024-11-01 15:30:00-04:00,2843367.6638916023,-33378320.800463866,"[{'asset': SPY, 'quantity': 63400.0}]",0.0
2024-11-01 18:30:00-04:00,2843367.6638916023,-33435452.80119629,"[{'asset': SPY, 'quantity': 63500.0}]",0.0
2024-11-01 18:25:00-04:00,2843367.6638916023,-33435452.80119629,"[{'asset': SPY, 'quantity': 63500.0}]",0.0
2024-11-04 08:30:00-05:00,2834476.733715821,-33435452.80119629,"[{'asset': SPY, 'quantity': 63500.0}]",-0.003126901346135691
2024-11-04 09:30:00-05:00,2834476.733715821,-33435452.80119629,"[{'asset': SPY, 'quantity': 63500.0}]",0.0
2024-11-04 09:30:00-05:00,2834476.733715821,-33435452.80119629,"[{'asset': SPY, 'quantity': 63500.0}]",0.0
2024-11-04 12:30:00-05:00,2834476.733715821,-33492570.800463866,"[{'asset': SPY, 'quantity': 63600.0}]",0.0
2024-11-04 15:30:00-05:00,2834476.733715821,-33549688.799731445,"[{'asset': SPY, 'quantity': 63700.0}]",0.0
2024-11-04 18:30:00-05:00,2834476.7337158173,-33606806.79899903,"[{'asset': SPY, 'quantity': 63800.0}]",-1.3322676295501878e-15
2024-11-04 18:25:00-05:00,2834476.7337158173,-33606806.79899903,"[{'asset': SPY, 'quantity': 63800.0}]",0.0
2024-11-05 08:30:00-05:00,2806404.5779540986,-33606806.79899903,"[{'asset': SPY, 'quantity': 63800.0}]",-0.009903822962384345
2024-11-05 09:30:00-05:00,2806404.5779540986,-33606806.79899903,"[{'asset': SPY, 'quantity': 63800.0}]",0.0
2024-11-05 09:30:00-05:00,2806404.5779540986,-33606806.79899903,"[{'asset': SPY, 'quantity': 63800.0}]",0.0
2024-11-05 12:30:00-05:00,2806404.5779540986,-33663880.798022464,"[{'asset': SPY, 'quantity': 63900.0}]",0.0
2024-11-05 15:30:00-05:00,2806404.5779540986,-33720954.7970459,"[{'asset': SPY, 'quantity': 64000.0}]",0.0
2024-11-05 18:30:00-05:00,2806404.5779540986,-33778028.79606934,"[{'asset': SPY, 'quantity': 64100.0}]",0.0
2024-11-05 18:25:00-05:00,2806404.5779540986,-33778028.79606934,"[{'asset': SPY, 'quantity': 64100.0}]",0.0
2024-11-06 08:30:00-05:00,3989691.986401364,-33778028.79606934,"[{'asset': SPY, 'quantity': 64100.0}]",0.42163821201784657
2024-11-06 09:30:00-05:00,3989691.986401364,-33778028.79606934,"[{'asset': SPY, 'quantity': 64100.0}]",0.0
2024-11-06 09:30:00-05:00,3989691.986401364,-33778028.79606934,"[{'asset': SPY, 'quantity': 64100.0}]",0.0
2024-11-06 12:30:00-05:00,3989691.986401364,-33836948.79729004,"[{'asset': SPY, 'quantity': 64200.0}]",0.0
2024-11-06 15:30:00-05:00,3989691.986401364,-33895868.798510745,"[{'asset': SPY, 'quantity': 64300.0}]",0.0
2024-11-06 18:30:00-05:00,3989691.986401364,-33954788.79973145,"[{'asset': SPY, 'quantity': 64400.0}]",0.0
2024-11-06 18:25:00-05:00,3989691.986401364,-33954788.79973145,"[{'asset': SPY, 'quantity': 64400.0}]",0.0
2024-11-07 08:30:00-05:00,4239564.300854489,-33954788.79973145,"[{'asset': SPY, 'quantity': 64400.0}]",0.0626294749832319
2024-11-07 09:30:00-05:00,4239564.300854489,-33954788.79973145,"[{'asset': SPY, 'quantity': 64400.0}]",0.0
2024-11-07 09:30:00-05:00,4239564.300854489,-33954788.79973145,"[{'asset': SPY, 'quantity': 64400.0}]",0.0
2024-11-07 12:30:00-05:00,4239564.300854489,-34014096.80144043,"[{'asset': SPY, 'quantity': 64500.0}]",0.0
2024-11-07 15:30:00-05:00,4239564.300854489,-34073404.80314942,"[{'asset': SPY, 'quantity': 64600.0}]",0.0
2024-11-07 18:30:00-05:00,4239564.300854489,-34132712.8048584,"[{'asset': SPY, 'quantity': 64700.0}]",0.0
2024-11-07 18:25:00-05:00,4239564.300854489,-34132712.8048584,"[{'asset': SPY, 'quantity': 64700.0}]",0.0
2024-11-08 08:30:00-05:00,4439485.089428708,-34132712.8048584,"[{'asset': SPY, 'quantity': 64700.0}]",0.04715597509251701
2024-11-08 09:30:00-05:00,4439485.089428708,-34132712.8048584,"[{'asset': SPY, 'quantity': 64700.0}]",0.0
2024-11-08 09:30:00-05:00,4439485.089428708,-34132712.8048584,"[{'asset': SPY, 'quantity': 64700.0}]",0.0
2024-11-08 12:30:00-05:00,4439485.089428708,-34192329.80314942,"[{'asset': SPY, 'quantity': 64800.0}]",0.0
2024-11-08 15:30:00-05:00,4439485.089428708,-34251946.80144043,"[{'asset': SPY, 'quantity': 64900.0}]",0.0
2024-11-08 18:30:00-05:00,4439485.089428708,-34311563.79973145,"[{'asset': SPY, 'quantity': 65000.0}]",0.0
2024-11-08 18:25:00-05:00,4439485.089428708,-34311563.79973145,"[{'asset': SPY, 'quantity': 65000.0}]",0.0
2024-11-11 08:30:00-05:00,4676086.041577145,-34311563.79973145,"[{'asset': SPY, 'quantity': 65000.0}]",0.05329468336583254
2024-11-11 09:30:00-05:00,4676086.041577145,-34311563.79973145,"[{'asset': SPY, 'quantity': 65000.0}]",0.0
2024-11-11 09:30:00-05:00,4676086.041577145,-34311563.79973145,"[{'asset': SPY, 'quantity': 65000.0}]",0.0
2024-11-11 12:30:00-05:00,4676086.041577145,-34371544.79948731,"[{'asset': SPY, 'quantity': 65100.0}]",0.0
2024-11-11 15:30:00-05:00,4676086.041577145,-34431525.79924317,"[{'asset': SPY, 'quantity': 65200.0}]",0.0
2024-11-11 18:30:00-05:00,4676086.041577145,-34491506.79899903,"[{'asset': SPY, 'quantity': 65300.0}]",0.0
2024-11-11 18:25:00-05:00,4676086.041577145,-34491506.79899903,"[{'asset': SPY, 'quantity': 65300.0}]",0.0
2024-11-12 08:30:00-05:00,4602296.722729489,-34491506.79899903,"[{'asset': SPY, 'quantity': 65300.0}]",-0.01578014565847652
2024-11-12 09:30:00-05:00,4602296.722729489,-34491506.79899903,"[{'asset': SPY, 'quantity': 65300.0}]",0.0
2024-11-12 09:30:00-05:00,4602296.722729489,-34491506.79899903,"[{'asset': SPY, 'quantity': 65300.0}]",0.0
2024-11-12 12:30:00-05:00,4602296.722729489,-34551374.798266605,"[{'asset': SPY, 'quantity': 65400.0}]",0.0
2024-11-12 15:30:00-05:00,4602296.722729489,-34611242.79753418,"[{'asset': SPY, 'quantity': 65500.0}]",0.0
2024-11-12 18:30:00-05:00,4602296.722729489,-34671110.79680176,"[{'asset': SPY, 'quantity': 65600.0}]",0.0
2024-11-12 18:25:00-05:00,4602296.722729489,-34671110.79680176,"[{'asset': SPY, 'quantity': 65600.0}]",0.0
2024-11-13 08:30:00-05:00,4516360.882885739,-34671110.79680176,"[{'asset': SPY, 'quantity': 65600.0}]",-0.0186723814262858
2024-11-13 09:30:00-05:00,4516360.882885739,-34671110.79680176,"[{'asset': SPY, 'quantity': 65600.0}]",0.0
2024-11-13 09:30:00-05:00,4516360.882885739,-34671110.79680176,"[{'asset': SPY, 'quantity': 65600.0}]",0.0
2024-11-13 12:30:00-05:00,4516360.882885739,-34730847.79631348,"[{'asset': SPY, 'quantity': 65700.0}]",0.0
2024-11-13 15:30:00-05:00,4516360.882885739,-34790584.7958252,"[{'asset': SPY, 'quantity': 65800.0}]",0.0
2024-11-13 18:30:00-05:00,4516360.882885739,-34850321.79533692,"[{'asset': SPY, 'quantity': 65900.0}]",0.0
2024-11-13 18:25:00-05:00,4516360.882885739,-34850321.79533692,"[{'asset': SPY, 'quantity': 65900.0}]",0.0
2024-11-14 08:30:00-05:00,4513066.687329099,-34850321.79533692,"[{'asset': SPY, 'quantity': 65900.0}]",-0.0007293915703511233
2024-11-14 09:30:00-05:00,4513066.687329099,-34850321.79533692,"[{'asset': SPY, 'quantity': 65900.0}]",0.0
2024-11-14 09:30:00-05:00,4513066.687329099,-34850321.79533692,"[{'asset': SPY, 'quantity': 65900.0}]",0.0
2024-11-14 12:30:00-05:00,4513066.687329099,-34910053.79606934,"[{'asset': SPY, 'quantity': 66000.0}]",0.0
2024-11-14 15:30:00-05:00,4513066.687329099,-34969785.79680176,"[{'asset': SPY, 'quantity': 66100.0}]",0.0
2024-11-14 18:30:00-05:00,4513066.687329099,-35029517.79753418,"[{'asset': SPY, 'quantity': 66200.0}]",0.0
2024-11-14 18:25:00-05:00,4513066.687329099,-35029517.79753418,"[{'asset': SPY, 'quantity': 66200.0}]",0.0
2024-11-15 08:30:00-05:00,4009944.2630126923,-35029517.79753418,"[{'asset': SPY, 'quantity': 66200.0}]",-0.11148127408109754
2024-11-15 09:30:00-05:00,4009944.2630126923,-35029517.79753418,"[{'asset': SPY, 'quantity': 66200.0}]",0.0
2024-11-15 09:30:00-05:00,4009944.2630126923,-35029517.79753418,"[{'asset': SPY, 'quantity': 66200.0}]",0.0
2024-11-15 12:30:00-05:00,4009944.2630126923,-35088489.794604495,"[{'asset': SPY, 'quantity': 66300.0}]",0.0
2024-11-15 15:30:00-05:00,4009944.2630126923,-35147461.79167481,"[{'asset': SPY, 'quantity': 66400.0}]",0.0
2024-11-15 18:30:00-05:00,4009944.2630126923,-35206433.78874512,"[{'asset': SPY, 'quantity': 66500.0}]",0.0
2024-11-15 18:25:00-05:00,4009944.2630126923,-35206433.78874512,"[{'asset': SPY, 'quantity': 66500.0}]",0.0
2024-11-18 08:30:00-05:00,3777194.2630126923,-35206433.78874512,"[{'asset': SPY, 'quantity': 66500.0}]",-0.058043200786320526
2024-11-18 09:30:00-05:00,3777194.2630126923,-35206433.78874512,"[{'asset': SPY, 'quantity': 66500.0}]",0.0
2024-11-18 09:30:00-05:00,3777194.2630126923,-35206433.78874512,"[{'asset': SPY, 'quantity': 66500.0}]",0.0
2024-11-18 12:30:00-05:00,3777194.2630126923,-35265055.78581543,"[{'asset': SPY, 'quantity': 66600.0}]",0.0
2024-11-18 15:30:00-05:00,3777194.2630126923,-35323677.782885745,"[{'asset': SPY, 'quantity': 66700.0}]",0.0
2024-11-18 18:30:00-05:00,3777194.2630126923,-35382299.77995606,"[{'asset': SPY, 'quantity': 66800.0}]",0.0
2024-11-18 18:25:00-05:00,3777194.2630126923,-35382299.77995606,"[{'asset': SPY, 'quantity': 66800.0}]",0.0
2024-11-19 08:30:00-05:00,3676329.68781738,-35382299.77995606,"[{'asset': SPY, 'quantity': 66800.0}]",-0.026703571003219406
2024-11-19 09:30:00-05:00,3676329.68781738,-35382299.77995606,"[{'asset': SPY, 'quantity': 66800.0}]",0.0
2024-11-19 09:30:00-05:00,3676329.68781738,-35382299.77995606,"[{'asset': SPY, 'quantity': 66800.0}]",0.0
2024-11-19 12:30:00-05:00,3676329.68781738,-35440770.78215332,"[{'asset': SPY, 'quantity': 66900.0}]",0.0
2024-11-19 15:30:00-05:00,3676329.68781738,-35499241.78435059,"[{'asset': SPY, 'quantity': 67000.0}]",0.0
2024-11-19 18:30:00-05:00,3676329.68781738,-35557712.786547855,"[{'asset': SPY, 'quantity': 67100.0}]",0.0
2024-11-19 18:25:00-05:00,3676329.68781738,-35557712.786547855,"[{'asset': SPY, 'quantity': 67100.0}]",0.0
2024-11-20 08:30:00-05:00,4056785.541088864,-35557712.786547855,"[{'asset': SPY, 'quantity': 67100.0}]",0.10348795825691015
2024-11-20 09:30:00-05:00,4056785.541088864,-35557712.786547855,"[{'asset': SPY, 'quantity': 67100.0}]",0.0
2024-11-20 09:30:00-05:00,4056785.541088864,-35557712.786547855,"[{'asset': SPY, 'quantity': 67100.0}]",0.0
2024-11-20 12:30:00-05:00,4056785.541088864,-35616750.787036136,"[{'asset': SPY, 'quantity': 67200.0}]",0.0
2024-11-20 15:30:00-05:00,4056785.541088864,-35675788.78752442,"[{'asset': SPY, 'quantity': 67300.0}]",0.0
2024-11-20 18:30:00-05:00,4056785.541088864,-35734826.7880127,"[{'asset': SPY, 'quantity': 67400.0}]",0.0
2024-11-20 18:25:00-05:00,4056785.541088864,-35734826.7880127,"[{'asset': SPY, 'quantity': 67400.0}]",0.0
2024-11-21 08:30:00-05:00,4260334.857495114,-35734826.7880127,"[{'asset': SPY, 'quantity': 67400.0}]",0.05017502511400096
2024-11-21 09:30:00-05:00,4260334.857495114,-35734826.7880127,"[{'asset': SPY, 'quantity': 67400.0}]",0.0
2024-11-21 09:30:00-05:00,4260334.857495114,-35734826.7880127,"[{'asset': SPY, 'quantity': 67400.0}]",0.0
2024-11-21 12:30:00-05:00,4260334.857495114,-35794166.790454105,"[{'asset': SPY, 'quantity': 67500.0}]",0.0
2024-11-21 15:30:00-05:00,4260334.857495114,-35853506.79289551,"[{'asset': SPY, 'quantity': 67600.0}]",0.0
2024-11-21 18:30:00-05:00,4260334.857495114,-35912846.79533692,"[{'asset': SPY, 'quantity': 67700.0}]",0.0
2024-11-21 18:25:00-05:00,4260334.857495114,-35912846.79533692,"[{'asset': SPY, 'quantity': 67700.0}]",0.0
2024-11-22 08:30:00-05:00,4277933.386547849,-35912846.79533692,"[{'asset': SPY, 'quantity': 67700.0}]",0.004130785405699555
2024-11-22 09:30:00-05:00,4277933.386547849,-35912846.79533692,"[{'asset': SPY, 'quantity': 67700.0}]",0.0
2024-11-22 09:30:00-05:00,4277933.386547849,-35912846.79533692,"[{'asset': SPY, 'quantity': 67700.0}]",0.0
2024-11-22 12:30:00-05:00,4277933.386547849,-35972212.79265137,"[{'asset': SPY, 'quantity': 67800.0}]",0.0
2024-11-22 15:30:00-05:00,4277933.386547849,-36031578.78996582,"[{'asset': SPY, 'quantity': 67900.0}]",0.0
2024-11-22 18:30:00-05:00,4277933.386547849,-36090944.78728028,"[{'asset': SPY, 'quantity': 68000.0}]",0.0
2024-11-22 18:25:00-05:00,4277933.386547849,-36090944.78728028,"[{'asset': SPY, 'quantity': 68000.0}]",0.0
2024-11-25 08:30:00-05:00,4676416.540844724,-36090944.78728028,"[{'asset': SPY, 'quantity': 68000.0}]",0.09314851782169464
2024-11-25 09:30:00-05:00,4676416.540844724,-36090944.78728028,"[{'asset': SPY, 'quantity': 68000.0}]",0.0
2024-11-25 09:30:00-05:00,4676416.540844724,-36090944.78728028,"[{'asset': SPY, 'quantity': 68000.0}]",0.0
2024-11-25 12:30:00-05:00,4676416.540844724,-36150896.7892334,"[{'asset': SPY, 'quantity': 68100.0}]",0.0
2024-11-25 15:30:00-05:00,4676416.540844724,-36210848.79118653,"[{'asset': SPY, 'quantity': 68200.0}]",0.0
2024-11-25 18:30:00-05:00,4676416.540844724,-36270800.79313965,"[{'asset': SPY, 'quantity': 68300.0}]",0.0
2024-11-25 18:25:00-05:00,4676416.540844724,-36270800.79313965,"[{'asset': SPY, 'quantity': 68300.0}]",0.0
2024-11-26 08:30:00-05:00,4627238.373120114,-36270800.79313965,"[{'asset': SPY, 'quantity': 68300.0}]",-0.010516207719110993
2024-11-26 09:30:00-05:00,4627238.373120114,-36270800.79313965,"[{'asset': SPY, 'quantity': 68300.0}]",0.0
2024-11-26 09:30:00-05:00,4627238.373120114,-36270800.79313965,"[{'asset': SPY, 'quantity': 68300.0}]",0.0
2024-11-26 12:30:00-05:00,4627238.373120114,-36330680.79191895,"[{'asset': SPY, 'quantity': 68400.0}]",0.0
2024-11-26 15:30:00-05:00,4627238.373120114,-36390560.790698245,"[{'asset': SPY, 'quantity': 68500.0}]",0.0
2024-11-26 18:30:00-05:00,4627238.373120114,-36450440.78947754,"[{'asset': SPY, 'quantity': 68600.0}]",0.0
2024-11-26 18:25:00-05:00,4627238.373120114,-36450440.78947754,"[{'asset': SPY, 'quantity': 68600.0}]",0.0
2024-11-27 08:30:00-05:00,4741116.717846677,-36450440.78947754,"[{'asset': SPY, 'quantity': 68600.0}]",0.024610434030822415
2024-11-27 09:30:00-05:00,4741116.717846677,-36450440.78947754,"[{'asset': SPY, 'quantity': 68600.0}]",0.0
2024-11-27 09:30:00-05:00,4741116.717846677,-36450440.78947754,"[{'asset': SPY, 'quantity': 68600.0}]",0.0
2024-11-27 12:30:00-05:00,4741116.717846677,-36510486.79167481,"[{'asset': SPY, 'quantity': 68700.0}]",0.0
2024-11-27 15:30:00-05:00,4741116.717846677,-36570532.79387207,"[{'asset': SPY, 'quantity': 68800.0}]",0.0
2024-11-27 18:30:00-05:00,4741116.717846677,-36630578.79606934,"[{'asset': SPY, 'quantity': 68900.0}]",0.0
2024-11-27 18:25:00-05:00,4741116.717846677,-36630578.79606934,"[{'asset': SPY, 'quantity': 68900.0}]",0.0
2024-11-29 08:30:00-05:00,4685993.353588864,-36630578.79606934,"[{'asset': SPY, 'quantity': 68900.0}]",-0.011626662564605317
2024-11-29 09:30:00-05:00,4685993.353588864,-36630578.79606934,"[{'asset': SPY, 'quantity': 68900.0}]",0.0
2024-11-29 09:30:00-05:00,4685993.353588864,-36630578.79606934,"[{'asset': SPY, 'quantity': 68900.0}]",0.0
2024-11-29 12:30:00-05:00,4685993.353588864,-36690544.79338379,"[{'asset': SPY, 'quantity': 69000.0}]",0.0
2024-11-29 15:30:00-05:00,4685993.353588864,-36750510.790698245,"[{'asset': SPY, 'quantity': 69100.0}]",0.0
2024-11-29 15:25:00-05:00,4685993.353588864,-36750510.790698245,"[{'asset': SPY, 'quantity': 69100.0}]",0.0
2024-12-02 08:30:00-05:00,4914714.184887692,-36750510.790698245,"[{'asset': SPY, 'quantity': 69100.0}]",0.04880946557972754
2024-12-02 09:30:00-05:00,4914714.184887692,-36750510.790698245,"[{'asset': SPY, 'quantity': 69100.0}]",0.0
2024-12-02 09:30:00-05:00,4914714.184887692,-36750510.790698245,"[{'asset': SPY, 'quantity': 69100.0}]",0.0
2024-12-02 12:30:00-05:00,4914714.184887692,-36810807.78776856,"[{'asset': SPY, 'quantity': 69200.0}]",0.0
2024-12-02 15:30:00-05:00,4914714.184887692,-36871104.78483887,"[{'asset': SPY, 'quantity': 69300.0}]",0.0
2024-12-02 18:30:00-05:00,4914714.184887692,-36931401.78190918,"[{'asset': SPY, 'quantity': 69400.0}]",0.0
2024-12-02 18:25:00-05:00,4914714.184887692,-36931401.78190918,"[{'asset': SPY, 'quantity': 69400.0}]",0.0
2024-12-03 08:30:00-05:00,4943865.23469238,-36931401.78190918,"[{'asset': SPY, 'quantity': 69400.0}]",0.005931382519521522
2024-12-03 09:30:00-05:00,4943865.23469238,-36931401.78190918,"[{'asset': SPY, 'quantity': 69400.0}]",0.0
2024-12-03 09:30:00-05:00,4943865.23469238,-36931401.78190918,"[{'asset': SPY, 'quantity': 69400.0}]",0.0
2024-12-03 12:30:00-05:00,4943865.23469238,-36991740.78337403,"[{'asset': SPY, 'quantity': 69500.0}]",0.0
2024-12-03 15:30:00-05:00,4943865.23469238,-37052079.78483887,"[{'asset': SPY, 'quantity': 69600.0}]",0.0
2024-12-03 18:30:00-05:00,4943865.23469238,-37112418.786303714,"[{'asset': SPY, 'quantity': 69700.0}]",0.0
2024-12-03 18:25:00-05:00,4943865.23469238,-37112418.786303714,"[{'asset': SPY, 'quantity': 69700.0}]",0.0
2024-12-04 08:30:00-05:00,5099992.554028317,-37112418.786303714,"[{'asset': SPY, 'quantity': 69700.0}]",0.03158001117027864
2024-12-04 09:30:00-05:00,5099992.554028317,-37112418.786303714,"[{'asset': SPY, 'quantity': 69700.0}]",0.0
2024-12-04 09:30:00-05:00,5099992.554028317,-37112418.786303714,"[{'asset': SPY, 'quantity': 69700.0}]",0.0
2024-12-04 12:30:00-05:00,5099992.554028317,-37172981.786791995,"[{'asset': SPY, 'quantity': 69800.0}]",0.0
2024-12-04 15:30:00-05:00,5099992.554028317,-37233544.78728028,"[{'asset': SPY, 'quantity': 69900.0}]",0.0
2024-12-04 18:30:00-05:00,5099992.554028317,-37294107.78776856,"[{'asset': SPY, 'quantity': 70000.0}]",0.0
2024-12-04 18:25:00-05:00,5099992.554028317,-37294107.78776856,"[{'asset': SPY, 'quantity': 70000.0}]",0.0
2024-12-05 08:30:00-05:00,5242090.33234863,-37294107.78776856,"[{'asset': SPY, 'quantity': 70000.0}]",0.027862350153447624
2024-12-05 09:30:00-05:00,5242090.33234863,-37294107.78776856,"[{'asset': SPY, 'quantity': 70000.0}]",0.0
2024-12-05 09:30:00-05:00,5242090.33234863,-37294107.78776856,"[{'asset': SPY, 'quantity': 70000.0}]",0.0
2024-12-05 12:30:00-05:00,5242090.33234863,-37354873.78508301,"[{'asset': SPY, 'quantity': 70100.0}]",0.0
2024-12-05 15:30:00-05:00,5242090.33234863,-37415639.782397464,"[{'asset': SPY, 'quantity': 70200.0}]",0.0
2024-12-05 18:30:00-05:00,5242090.33234863,-37476405.77971192,"[{'asset': SPY, 'quantity': 70300.0}]",0.0
2024-12-05 18:25:00-05:00,5242090.33234863,-37476405.77971192,"[{'asset': SPY, 'quantity': 70300.0}]",0.0
2024-12-06 08:30:00-05:00,5226626.391918942,-37476405.77971192,"[{'asset': SPY, 'quantity': 70300.0}]",-0.0029499568777479057
2024-12-06 09:30:00-05:00,5226626.391918942,-37476405.77971192,"[{'asset': SPY, 'quantity': 70300.0}]",0.0
2024-12-06 09:30:00-05:00,5226626.391918942,-37476405.77971192,"[{'asset': SPY, 'quantity': 70300.0}]",0.0
2024-12-06 12:30:00-05:00,5226626.391918942,-37537149.77995606,"[{'asset': SPY, 'quantity': 70400.0}]",0.0
2024-12-06 15:30:00-05:00,5226626.391918942,-37597893.7802002,"[{'asset': SPY, 'quantity': 70500.0}]",0.0
2024-12-06 18:30:00-05:00,5226626.391918942,-37658637.78044434,"[{'asset': SPY, 'quantity': 70600.0}]",0.0
2024-12-06 18:25:00-05:00,5226626.391918942,-37658637.78044434,"[{'asset': SPY, 'quantity': 70600.0}]",0.0
2024-12-09 08:30:00-05:00,5244276.391918942,-37658637.78044434,"[{'asset': SPY, 'quantity': 70600.0}]",0.003376939286743319
2024-12-09 09:30:00-05:00,5244276.391918942,-37658637.78044434,"[{'asset': SPY, 'quantity': 70600.0}]",0.0
2024-12-09 09:30:00-05:00,5244276.391918942,-37658637.78044434,"[{'asset': SPY, 'quantity': 70600.0}]",0.0
2024-12-09 12:30:00-05:00,5244276.391918942,-37719406.78068848,"[{'asset': SPY, 'quantity': 70700.0}]",0.0
2024-12-09 15:30:00-05:00,5244276.391918942,-37780175.78093262,"[{'asset': SPY, 'quantity': 70800.0}]",0.0
2024-12-09 18:30:00-05:00,5244276.391918942,-37840944.78117676,"[{'asset': SPY, 'quantity': 70900.0}]",0.0
2024-12-09 18:25:00-05:00,5244276.391918942,-37840944.78117676,"[{'asset': SPY, 'quantity': 70900.0}]",0.0
2024-12-10 08:30:00-05:00,5079787.872631833,-37840944.78117676,"[{'asset': SPY, 'quantity': 70900.0}]",-0.03136534137303948
2024-12-10 09:30:00-05:00,5079787.872631833,-37840944.78117676,"[{'asset': SPY, 'quantity': 70900.0}]",0.0
2024-12-10 09:30:00-05:00,5079787.872631833,-37840944.78117676,"[{'asset': SPY, 'quantity': 70900.0}]",0.0
2024-12-10 12:30:00-05:00,5079787.872631833,-37901481.78068848,"[{'asset': SPY, 'quantity': 71000.0}]",0.0
2024-12-10 15:30:00-05:00,5079787.872631833,-37962018.7802002,"[{'asset': SPY, 'quantity': 71100.0}]",0.0
2024-12-10 18:30:00-05:00,5079787.872631833,-38022555.77971192,"[{'asset': SPY, 'quantity': 71200.0}]",0.0
2024-12-10 18:25:00-05:00,5079787.872631833,-38022555.77971192,"[{'asset': SPY, 'quantity': 71200.0}]",0.0
2024-12-11 08:30:00-05:00,5108982.306225583,-38022555.77971192,"[{'asset': SPY, 'quantity': 71200.0}]",0.005747175733664012
2024-12-11 09:30:00-05:00,5108982.306225583,-38022555.77971192,"[{'asset': SPY, 'quantity': 71200.0}]",0.0
2024-12-11 09:30:00-05:00,5108982.306225583,-38022555.77971192,"[{'asset': SPY, 'quantity': 71200.0}]",0.0
2024-12-11 12:30:00-05:00,5108982.306225583,-38083133.782641605,"[{'asset': SPY, 'quantity': 71300.0}]",0.0
2024-12-11 15:30:00-05:00,5108982.306225583,-38143711.78557129,"[{'asset': SPY, 'quantity': 71400.0}]",0.0
2024-12-11 18:30:00-05:00,5108982.306225583,-38204289.78850098,"[{'asset': SPY, 'quantity': 71500.0}]",0.0
2024-12-11 18:25:00-05:00,5108982.306225583,-38204289.78850098,"[{'asset': SPY, 'quantity': 71500.0}]",0.0
2024-12-12 08:30:00-05:00,5166181.433422849,-38204289.78850098,"[{'asset': SPY, 'quantity': 71500.0}]",0.011195796690774529
2024-12-12 09:30:00-05:00,5166181.433422849,-38204289.78850098,"[{'asset': SPY, 'quantity': 71500.0}]",0.0
2024-12-12 09:30:00-05:00,5166181.433422849,-38204289.78850098,"[{'asset': SPY, 'quantity': 71500.0}]",0.0
2024-12-12 12:30:00-05:00,5166181.433422849,-38264947.790209964,"[{'asset': SPY, 'quantity': 71600.0}]",0.0
2024-12-12 15:30:00-05:00,5166181.433422849,-38325605.79191895,"[{'asset': SPY, 'quantity': 71700.0}]",0.0
2024-12-12 18:30:00-05:00,5166181.433422849,-38386263.79362793,"[{'asset': SPY, 'quantity': 71800.0}]",0.0
2024-12-12 18:25:00-05:00,5166181.433422849,-38386263.79362793,"[{'asset': SPY, 'quantity': 71800.0}]",0.0
2024-12-13 08:30:00-05:00,5153257.959301755,-38386263.79362793,"[{'asset': SPY, 'quantity': 71800.0}]",-0.002501552507909399
2024-12-13 09:30:00-05:00,5153257.959301755,-38386263.79362793,"[{'asset': SPY, 'quantity': 71800.0}]",0.0
2024-12-13 09:30:00-05:00,5153257.959301755,-38386263.79362793,"[{'asset': SPY, 'quantity': 71800.0}]",0.0
2024-12-13 12:30:00-05:00,5153257.959301755,-38446903.79606934,"[{'asset': SPY, 'quantity': 71900.0}]",0.0
2024-12-13 15:30:00-05:00,5153257.959301755,-38507543.798510745,"[{'asset': SPY, 'quantity': 72000.0}]",0.0
2024-12-13 18:30:00-05:00,5153257.959301755,-38568183.80095215,"[{'asset': SPY, 'quantity': 72100.0}]",0.0
2024-12-13 18:25:00-05:00,5153257.959301755,-38568183.80095215,"[{'asset': SPY, 'quantity': 72100.0}]",0.0
2024-12-16 08:30:00-05:00,5124416.199047849,-38568183.80095215,"[{'asset': SPY, 'quantity': 72100.0}]",-0.005596801185131062
2024-12-16 09:30:00-05:00,5124416.199047849,-38568183.80095215,"[{'asset': SPY, 'quantity': 72100.0}]",0.0
2024-12-16 09:30:00-05:00,5124416.199047849,-38568183.80095215,"[{'asset': SPY, 'quantity': 72100.0}]",0.0
2024-12-16 12:30:00-05:00,5124416.199047849,-38628783.80095215,"[{'asset': SPY, 'quantity': 72200.0}]",0.0
2024-12-16 15:30:00-05:00,5124416.199047849,-38689383.80095215,"[{'asset': SPY, 'quantity': 72300.0}]",0.0
2024-12-16 18:30:00-05:00,5124416.199047849,-38749983.80095215,"[{'asset': SPY, 'quantity': 72400.0}]",0.0
2024-12-16 18:25:00-05:00,5124416.199047849,-38749983.80095215,"[{'asset': SPY, 'quantity': 72400.0}]",0.0
2024-12-17 08:30:00-05:00,4993372.375805661,-38749983.80095215,"[{'asset': SPY, 'quantity': 72400.0}]",-0.02557243950374999
2024-12-17 09:30:00-05:00,4993372.375805661,-38749983.80095215,"[{'asset': SPY, 'quantity': 72400.0}]",0.0
2024-12-17 09:30:00-05:00,4993372.375805661,-38749983.80095215,"[{'asset': SPY, 'quantity': 72400.0}]",0.0
2024-12-17 12:30:00-05:00,4993372.375805661,-38810402.80119629,"[{'asset': SPY, 'quantity': 72500.0}]",0.0
2024-12-17 15:30:00-05:00,4993372.375805661,-38870821.80144043,"[{'asset': SPY, 'quantity': 72600.0}]",0.0
2024-12-17 18:30:00-05:00,4993372.375805661,-38931240.80168457,"[{'asset': SPY, 'quantity': 72700.0}]",0.0
2024-12-17 18:25:00-05:00,4993372.375805661,-38931240.80168457,"[{'asset': SPY, 'quantity': 72700.0}]",0.0
2024-12-18 08:30:00-05:00,4978103.778393552,-38931240.80168457,"[{'asset': SPY, 'quantity': 72700.0}]",-0.003057772636002487
2024-12-18 09:30:00-05:00,4978103.778393552,-38931240.80168457,"[{'asset': SPY, 'quantity': 72700.0}]",0.0
2024-12-18 09:30:00-05:00,4978103.778393552,-38931240.80168457,"[{'asset': SPY, 'quantity': 72700.0}]",0.0
2024-12-18 12:30:00-05:00,4978103.778393552,-38991638.79973145,"[{'asset': SPY, 'quantity': 72800.0}]",0.0
2024-12-18 15:30:00-05:00,4978103.778393552,-39052036.79777832,"[{'asset': SPY, 'quantity': 72900.0}]",0.0
2024-12-18 18:30:00-05:00,4978103.778393552,-39112434.7958252,"[{'asset': SPY, 'quantity': 73000.0}]",0.0
2024-12-18 18:25:00-05:00,4978103.778393552,-39112434.7958252,"[{'asset': SPY, 'quantity': 73000.0}]",0.0
2024-12-19 08:30:00-05:00,4056844.134838864,-39112434.7958252,"[{'asset': SPY, 'quantity': 73000.0}]",-0.18506236200884918
2024-12-19 09:30:00-05:00,4056844.134838864,-39112434.7958252,"[{'asset': SPY, 'quantity': 73000.0}]",0.0
2024-12-19 09:30:00-05:00,4056844.134838864,-39112434.7958252,"[{'asset': SPY, 'quantity': 73000.0}]",0.0
2024-12-19 12:30:00-05:00,4056844.134838864,-39171570.794360355,"[{'asset': SPY, 'quantity': 73100.0}]",0.0
2024-12-19 15:30:00-05:00,4056844.134838864,-39230706.79289551,"[{'asset': SPY, 'quantity': 73200.0}]",0.0
2024-12-19 18:30:00-05:00,4056844.134838864,-39289842.79143067,"[{'asset': SPY, 'quantity': 73300.0}]",0.0
2024-12-19 18:25:00-05:00,4056844.134838864,-39289842.79143067,"[{'asset': SPY, 'quantity': 73300.0}]",0.0
2024-12-20 08:30:00-05:00,3353899.640209958,-39289842.79143067,"[{'asset': SPY, 'quantity': 73300.0}]",-0.17327372491150117
2024-12-20 09:30:00-05:00,3353899.640209958,-39289842.79143067,"[{'asset': SPY, 'quantity': 73300.0}]",0.0
2024-12-20 09:30:00-05:00,3353899.640209958,-39289842.79143067,"[{'asset': SPY, 'quantity': 73300.0}]",0.0
2024-12-20 12:30:00-05:00,3353899.640209958,-39348019.79338379,"[{'asset': SPY, 'quantity': 73400.0}]",0.0
2024-12-20 15:30:00-05:00,3353899.640209958,-39406196.79533692,"[{'asset': SPY, 'quantity': 73500.0}]",0.0
2024-12-20 18:30:00-05:00,3353899.640209958,-39464373.79729004,"[{'asset': SPY, 'quantity': 73600.0}]",0.0
2024-12-20 18:25:00-05:00,3353899.640209958,-39464373.79729004,"[{'asset': SPY, 'quantity': 73600.0}]",0.0
2024-12-23 08:30:00-05:00,4169828.8808349594,-39319676.19729004,"[{'asset': SPY, 'quantity': 73600.0}]",0.24327777457703625
2024-12-23 09:30:00-05:00,4169828.8808349594,-39319676.19729004,"[{'asset': SPY, 'quantity': 73600.0}]",0.0
2024-12-23 09:30:00-05:00,4169828.8808349594,-39319676.19729004,"[{'asset': SPY, 'quantity': 73600.0}]",0.0
2024-12-23 12:30:00-05:00,4169828.8808349594,-39378765.198754884,"[{'asset': SPY, 'quantity': 73700.0}]",0.0
2024-12-23 15:30:00-05:00,4169828.8808349594,-39437854.20021973,"[{'asset': SPY, 'quantity': 73800.0}]",0.0
2024-12-23 18:30:00-05:00,4169828.8808349594,-39496943.20168457,"[{'asset': SPY, 'quantity': 73900.0}]",0.0
2024-12-23 18:25:00-05:00,4169828.8808349594,-39496943.20168457,"[{'asset': SPY, 'quantity': 73900.0}]",0.0
2024-12-24 08:30:00-05:00,4551890.617895506,-39496943.20168457,"[{'asset': SPY, 'quantity': 73900.0}]",0.09162527959277877
2024-12-24 09:30:00-05:00,4551890.617895506,-39496943.20168457,"[{'asset': SPY, 'quantity': 73900.0}]",0.0
2024-12-24 09:30:00-05:00,4551890.617895506,-39496943.20168457,"[{'asset': SPY, 'quantity': 73900.0}]",0.0
2024-12-24 12:30:00-05:00,4551890.617895506,-39556549.20144043,"[{'asset': SPY, 'quantity': 74000.0}]",0.0
2024-12-24 15:30:00-05:00,4551890.617895506,-39616155.20119629,"[{'asset': SPY, 'quantity': 74100.0}]",0.0
2024-12-24 15:25:00-05:00,4551890.617895506,-39616155.20119629,"[{'asset': SPY, 'quantity': 74100.0}]",0.0
2024-12-26 08:30:00-05:00,4806794.798803709,-39616155.20119629,"[{'asset': SPY, 'quantity': 74100.0}]",0.05599962791418167
2024-12-26 09:30:00-05:00,4806794.798803709,-39616155.20119629,"[{'asset': SPY, 'quantity': 74100.0}]",0.0
2024-12-26 09:30:00-05:00,4806794.798803709,-39616155.20119629,"[{'asset': SPY, 'quantity': 74100.0}]",0.0
2024-12-26 12:30:00-05:00,4806794.798803709,-39676105.20119629,"[{'asset': SPY, 'quantity': 74200.0}]",0.0
2024-12-26 15:30:00-05:00,4806794.798803709,-39736055.20119629,"[{'asset': SPY, 'quantity': 74300.0}]",0.0
2024-12-26 18:30:00-05:00,4806794.798803709,-39796005.20119629,"[{'asset': SPY, 'quantity': 74400.0}]",0.0
2024-12-26 18:25:00-05:00,4806794.798803709,-39796005.20119629,"[{'asset': SPY, 'quantity': 74400.0}]",0.0
2024-12-27 08:30:00-05:00,4660969.164038084,-39796005.20119629,"[{'asset': SPY, 'quantity': 74400.0}]",-0.03033739547232539
2024-12-27 09:30:00-05:00,4660969.164038084,-39796005.20119629,"[{'asset': SPY, 'quantity': 74400.0}]",0.0
2024-12-27 09:30:00-05:00,4660969.164038084,-39796005.20119629,"[{'asset': SPY, 'quantity': 74400.0}]",0.0
2024-12-27 12:30:00-05:00,4660969.164038084,-39855759.198999025,"[{'asset': SPY, 'quantity': 74500.0}]",0.0
2024-12-27 15:30:00-05:00,4660969.164038084,-39915513.19680176,"[{'asset': SPY, 'quantity': 74600.0}]",0.0
2024-12-27 18:30:00-05:00,4660969.164038084,-39975267.19460449,"[{'asset': SPY, 'quantity': 74700.0}]",0.0
2024-12-27 18:25:00-05:00,4660969.164038084,-39975267.19460449,"[{'asset': SPY, 'quantity': 74700.0}]",0.0
2024-12-30 08:30:00-05:00,3940116.8996337876,-39975267.19460449,"[{'asset': SPY, 'quantity': 74700.0}]",-0.15465716228420145
2024-12-30 09:30:00-05:00,3940116.8996337876,-39975267.19460449,"[{'asset': SPY, 'quantity': 74700.0}]",0.0
2024-12-30 09:30:00-05:00,3940116.8996337876,-39975267.19460449,"[{'asset': SPY, 'quantity': 74700.0}]",0.0
2024-12-30 12:30:00-05:00,3940116.8996337876,-40034056.19606934,"[{'asset': SPY, 'quantity': 74800.0}]",0.0
2024-12-30 15:30:00-05:00,3940116.8996337876,-40092845.19753418,"[{'asset': SPY, 'quantity': 74900.0}]",0.0
2024-12-30 18:30:00-05:00,3940116.8996337876,-40151634.198999025,"[{'asset': SPY, 'quantity': 75000.0}]",0.0
2024-12-30 18:25:00-05:00,3940116.8996337876,-40151634.198999025,"[{'asset': SPY, 'quantity': 75000.0}]",0.0
