time,strategy,identifier,symbol,side,type,status,multiplier,time_in_force,asset.strike,asset.multiplier,asset.asset_type,price,filled_quantity,trade_cost
2024-01-02 09:30:00-05:00,MyStrategy,dac765bfe7df44969d366204bf9b0d88,SPY,buy,market,new,1,gtc,0.0,1,stock,,,
2024-01-02 09:30:00-05:00,MyStrategy,dac765bfe7df44969d366204bf9b0d88,SPY,buy,market,fill,1,gtc,0.0,1,stock,472.1600036621094,100.0,0.0
2024-01-02 12:30:00-05:00,MyStrategy,6f0f72b1e46c4856aed92723aba6e773,SPY,buy,market,new,1,gtc,0.0,1,stock,,,
2024-01-02 12:30:00-05:00,MyStrategy,6f0f72b1e46c4856aed92723aba6e773,SPY,buy,market,fill,1,gtc,0.0,1,stock,472.1600036621094,100.0,0.0
2024-01-02 15:30:00-05:00,MyStrategy,8837fc7e1bcf487fbf5c8cd72e4bb219,SPY,buy,market,new,1,gtc,0.0,1,stock,,,
2024-01-02 15:30:00-05:00,MyStrategy,8837fc7e1bcf487fbf5c8cd72e4bb219,SPY,buy,market,fill,1,gtc,0.0,1,stock,472.1600036621094,100.0,0.0
2024-01-03 09:30:00-05:00,MyStrategy,7e4c3da9a02b4f428dbcf33b88f15873,SPY,buy,market,new,1,gtc,0.0,1,stock,,,
2024-01-03 09:30:00-05:00,MyStrategy,7e4c3da9a02b4f428dbcf33b88f15873,SPY,buy,market,fill,1,gtc,0.0,1,stock,470.42999267578125,100.0,0.0
2024-01-03 12:30:00-05:00,MyStrategy,223d1170d5974f2d8d4799125f16dbd3,SPY,buy,market,new,1,gtc,0.0,1,stock,,,
2024-01-03 12:30:00-05:00,MyStrategy,223d1170d5974f2d8d4799125f16dbd3,SPY,buy,market,fill,1,gtc,0.0,1,stock,470.42999267578125,100.0,0.0
2024-01-03 15:30:00-05:00,MyStrategy,87b94b0f9fbd4079afdaa0a80c5fed58,SPY,buy,market,new,1,gtc,0.0,1,stock,,,
2024-01-03 15:30:00-05:00,MyStrategy,87b94b0f9fbd4079afdaa0a80c5fed58,SPY,buy,market,fill,1,gtc,0.0,1,stock,470.42999267578125,100.0,0.0
2024-01-04 09:30:00-05:00,MyStrategy,e1db03f0e2af4e43bf449716b4240479,SPY,buy,market,new,1,gtc,0.0,1,stock,,,
2024-01-04 09:30:00-05:00,MyStrategy,e1db03f0e2af4e43bf449716b4240479,SPY,buy,market,fill,1,gtc,0.0,1,stock,468.29998779296875,100.0,0.0
2024-01-04 12:30:00-05:00,MyStrategy,b733d905669f47c08c13cfe14bb36598,SPY,buy,market,new,1,gtc,0.0,1,stock,,,
2024-01-04 12:30:00-05:00,MyStrategy,b733d905669f47c08c13cfe14bb36598,SPY,buy,market,fill,1,gtc,0.0,1,stock,468.29998779296875,100.0,0.0
2024-01-04 15:30:00-05:00,MyStrategy,65720f9c230c4389bbc974bbcc678d8a,SPY,buy,market,new,1,gtc,0.0,1,stock,,,
2024-01-04 15:30:00-05:00,MyStrategy,65720f9c230c4389bbc974bbcc678d8a,SPY,buy,market,fill,1,gtc,0.0,1,stock,468.29998779296875,100.0,0.0
2024-01-05 09:30:00-05:00,MyStrategy,9839af1c57794f9ab02d183b17e1c7ab,SPY,buy,market,new,1,gtc,0.0,1,stock,,,
2024-01-05 09:30:00-05:00,MyStrategy,9839af1c57794f9ab02d183b17e1c7ab,SPY,buy,market,fill,1,gtc,0.0,1,stock,467.489990234375,100.0,0.0
2024-01-05 12:30:00-05:00,MyStrategy,5d51f1a87fdf476cb000f47d16d32758,SPY,buy,market,new,1,gtc,0.0,1,stock,,,
2024-01-05 12:30:00-05:00,MyStrategy,5d51f1a87fdf476cb000f47d16d32758,SPY,buy,market,fill,1,gtc,0.0,1,stock,467.489990234375,100.0,0.0
2024-01-05 15:30:00-05:00,MyStrategy,e83469cff8c54a2282d47676950e168b,SPY,buy,market,new,1,gtc,0.0,1,stock,,,
2024-01-05 15:30:00-05:00,MyStrategy,e83469cff8c54a2282d47676950e168b,SPY,buy,market,fill,1,gtc,0.0,1,stock,467.489990234375,100.0,0.0
2024-01-08 09:30:00-05:00,MyStrategy,9b90200567ca45d381e2dcffd445b313,SPY,buy,market,new,1,gtc,0.0,1,stock,,,
2024-01-08 09:30:00-05:00,MyStrategy,9b90200567ca45d381e2dcffd445b313,SPY,buy,market,fill,1,gtc,0.0,1,stock,468.42999267578125,100.0,0.0
2024-01-08 12:30:00-05:00,MyStrategy,61d78e5308da4fdeb448eb859f70b54e,SPY,buy,market,new,1,gtc,0.0,1,stock,,,
2024-01-08 12:30:00-05:00,MyStrategy,61d78e5308da4fdeb448eb859f70b54e,SPY,buy,market,fill,1,gtc,0.0,1,stock,468.42999267578125,100.0,0.0
2024-01-08 15:30:00-05:00,MyStrategy,1fa8d080c2244b67a7c330d35a95fc3b,SPY,buy,market,new,1,gtc,0.0,1,stock,,,
2024-01-08 15:30:00-05:00,MyStrategy,1fa8d080c2244b67a7c330d35a95fc3b,SPY,buy,market,fill,1,gtc,0.0,1,stock,468.42999267578125,100.0,0.0
2024-01-09 09:30:00-05:00,MyStrategy,8a5adc8c2b3d47c4bcf03b401e204b6a,SPY,buy,market,new,1,gtc,0.0,1,stock,,,
2024-01-09 09:30:00-05:00,MyStrategy,8a5adc8c2b3d47c4bcf03b401e204b6a,SPY,buy,market,fill,1,gtc,0.0,1,stock,471.8699951171875,100.0,0.0
2024-01-09 12:30:00-05:00,MyStrategy,168c61a7e70046c398b99302c8275db8,SPY,buy,market,new,1,gtc,0.0,1,stock,,,
2024-01-09 12:30:00-05:00,MyStrategy,168c61a7e70046c398b99302c8275db8,SPY,buy,market,fill,1,gtc,0.0,1,stock,471.8699951171875,100.0,0.0
2024-01-09 15:30:00-05:00,MyStrategy,f0e63218319d4653b0783d8faaef0daa,SPY,buy,market,new,1,gtc,0.0,1,stock,,,
2024-01-09 15:30:00-05:00,MyStrategy,f0e63218319d4653b0783d8faaef0daa,SPY,buy,market,fill,1,gtc,0.0,1,stock,471.8699951171875,100.0,0.0
2024-01-10 09:30:00-05:00,MyStrategy,c296362a360f407485176731be6dca51,SPY,buy,market,new,1,gtc,0.0,1,stock,,,
2024-01-10 09:30:00-05:00,MyStrategy,c296362a360f407485176731be6dca51,SPY,buy,market,fill,1,gtc,0.0,1,stock,474.1600036621094,100.0,0.0
2024-01-10 12:30:00-05:00,MyStrategy,e435ffb7ee6249338f48b069e2cc0440,SPY,buy,market,new,1,gtc,0.0,1,stock,,,
2024-01-10 12:30:00-05:00,MyStrategy,e435ffb7ee6249338f48b069e2cc0440,SPY,buy,market,fill,1,gtc,0.0,1,stock,474.1600036621094,100.0,0.0
2024-01-10 15:30:00-05:00,MyStrategy,a8bd3f1763c04f87bd195da2dec4a041,SPY,buy,market,new,1,gtc,0.0,1,stock,,,
2024-01-10 15:30:00-05:00,MyStrategy,a8bd3f1763c04f87bd195da2dec4a041,SPY,buy,market,fill,1,gtc,0.0,1,stock,474.1600036621094,100.0,0.0
2024-01-11 09:30:00-05:00,MyStrategy,90cc809050bb42c19a85799689de968a,SPY,buy,market,new,1,gtc,0.0,1,stock,,,
2024-01-11 09:30:00-05:00,MyStrategy,90cc809050bb42c19a85799689de968a,SPY,buy,market,fill,1,gtc,0.0,1,stock,477.5899963378906,100.0,0.0
2024-01-11 12:30:00-05:00,MyStrategy,f3f8f5743d334bfaa8003035aa29aa5e,SPY,buy,market,new,1,gtc,0.0,1,stock,,,
2024-01-11 12:30:00-05:00,MyStrategy,f3f8f5743d334bfaa8003035aa29aa5e,SPY,buy,market,fill,1,gtc,0.0,1,stock,477.5899963378906,100.0,0.0
2024-01-11 15:30:00-05:00,MyStrategy,b8898027128d4de786c4e0a1333d3f7b,SPY,buy,market,new,1,gtc,0.0,1,stock,,,
2024-01-11 15:30:00-05:00,MyStrategy,b8898027128d4de786c4e0a1333d3f7b,SPY,buy,market,fill,1,gtc,0.0,1,stock,477.5899963378906,100.0,0.0
2024-01-12 09:30:00-05:00,MyStrategy,c20e1a638773420e99b50c001147fbfe,SPY,buy,market,new,1,gtc,0.0,1,stock,,,
2024-01-12 09:30:00-05:00,MyStrategy,c20e1a638773420e99b50c001147fbfe,SPY,buy,market,fill,1,gtc,0.0,1,stock,477.8399963378906,100.0,0.0
2024-01-12 12:30:00-05:00,MyStrategy,a7cd04c2781b4faeb08729efec81e89b,SPY,buy,market,new,1,gtc,0.0,1,stock,,,
2024-01-12 12:30:00-05:00,MyStrategy,a7cd04c2781b4faeb08729efec81e89b,SPY,buy,market,fill,1,gtc,0.0,1,stock,477.8399963378906,100.0,0.0
2024-01-12 15:30:00-05:00,MyStrategy,0febdd602c624d349e46998065f6953e,SPY,buy,market,new,1,gtc,0.0,1,stock,,,
2024-01-12 15:30:00-05:00,MyStrategy,0febdd602c624d349e46998065f6953e,SPY,buy,market,fill,1,gtc,0.0,1,stock,477.8399963378906,100.0,0.0
2024-01-16 09:30:00-05:00,MyStrategy,b772ab09ba164973b39841b787f9ad28,SPY,buy,market,new,1,gtc,0.0,1,stock,,,
2024-01-16 09:30:00-05:00,MyStrategy,b772ab09ba164973b39841b787f9ad28,SPY,buy,market,fill,1,gtc,0.0,1,stock,475.260009765625,100.0,0.0
2024-01-16 12:30:00-05:00,MyStrategy,31fa99fb093a4b11a080cfbb32eeff9b,SPY,buy,market,new,1,gtc,0.0,1,stock,,,
2024-01-16 12:30:00-05:00,MyStrategy,31fa99fb093a4b11a080cfbb32eeff9b,SPY,buy,market,fill,1,gtc,0.0,1,stock,475.260009765625,100.0,0.0
2024-01-16 15:30:00-05:00,MyStrategy,061f78e8e4e04a32aed926b91aa41385,SPY,buy,market,new,1,gtc,0.0,1,stock,,,
2024-01-16 15:30:00-05:00,MyStrategy,061f78e8e4e04a32aed926b91aa41385,SPY,buy,market,fill,1,gtc,0.0,1,stock,475.260009765625,100.0,0.0
2024-01-17 09:30:00-05:00,MyStrategy,79c486e92cde4555a9583e85271b196d,SPY,buy,market,new,1,gtc,0.0,1,stock,,,
2024-01-17 09:30:00-05:00,MyStrategy,79c486e92cde4555a9583e85271b196d,SPY,buy,market,fill,1,gtc,0.0,1,stock,471.82000732421875,100.0,0.0
2024-01-17 12:30:00-05:00,MyStrategy,3455f963bcb14c97a61364330fac4548,SPY,buy,market,new,1,gtc,0.0,1,stock,,,
2024-01-17 12:30:00-05:00,MyStrategy,3455f963bcb14c97a61364330fac4548,SPY,buy,market,fill,1,gtc,0.0,1,stock,471.82000732421875,100.0,0.0
2024-01-17 15:30:00-05:00,MyStrategy,4ccbceb94092461aba67eb83e1dc9336,SPY,buy,market,new,1,gtc,0.0,1,stock,,,
2024-01-17 15:30:00-05:00,MyStrategy,4ccbceb94092461aba67eb83e1dc9336,SPY,buy,market,fill,1,gtc,0.0,1,stock,471.82000732421875,100.0,0.0
2024-01-18 09:30:00-05:00,MyStrategy,13b135e0717d416c9ad309f0cbc5ddb2,SPY,buy,market,new,1,gtc,0.0,1,stock,,,
2024-01-18 09:30:00-05:00,MyStrategy,13b135e0717d416c9ad309f0cbc5ddb2,SPY,buy,market,fill,1,gtc,0.0,1,stock,474.010009765625,100.0,0.0
2024-01-18 12:30:00-05:00,MyStrategy,359c902c88744c87b9cad8ba90e8cf67,SPY,buy,market,new,1,gtc,0.0,1,stock,,,
2024-01-18 12:30:00-05:00,MyStrategy,359c902c88744c87b9cad8ba90e8cf67,SPY,buy,market,fill,1,gtc,0.0,1,stock,474.010009765625,100.0,0.0
2024-01-18 15:30:00-05:00,MyStrategy,7a032fab46674c81971534396a736129,SPY,buy,market,new,1,gtc,0.0,1,stock,,,
2024-01-18 15:30:00-05:00,MyStrategy,7a032fab46674c81971534396a736129,SPY,buy,market,fill,1,gtc,0.0,1,stock,474.010009765625,100.0,0.0
2024-01-19 09:30:00-05:00,MyStrategy,c0ada199c8984a0bb230fbea3a9916a7,SPY,buy,market,new,1,gtc,0.0,1,stock,,,
2024-01-19 09:30:00-05:00,MyStrategy,c0ada199c8984a0bb230fbea3a9916a7,SPY,buy,market,fill,1,gtc,0.0,1,stock,477.6499938964844,100.0,0.0
2024-01-19 12:30:00-05:00,MyStrategy,47946e5615184c14924a4df128d46f24,SPY,buy,market,new,1,gtc,0.0,1,stock,,,
2024-01-19 12:30:00-05:00,MyStrategy,47946e5615184c14924a4df128d46f24,SPY,buy,market,fill,1,gtc,0.0,1,stock,477.6499938964844,100.0,0.0
2024-01-19 15:30:00-05:00,MyStrategy,5ceae5b0b4d2465ebed4f3468197183a,SPY,buy,market,new,1,gtc,0.0,1,stock,,,
2024-01-19 15:30:00-05:00,MyStrategy,5ceae5b0b4d2465ebed4f3468197183a,SPY,buy,market,fill,1,gtc,0.0,1,stock,477.6499938964844,100.0,0.0
2024-01-22 09:30:00-05:00,MyStrategy,f6e0910417ff42ccb3aa71627b15ebee,SPY,buy,market,new,1,gtc,0.0,1,stock,,,
2024-01-22 09:30:00-05:00,MyStrategy,f6e0910417ff42ccb3aa71627b15ebee,SPY,buy,market,fill,1,gtc,0.0,1,stock,484.010009765625,100.0,0.0
2024-01-22 12:30:00-05:00,MyStrategy,670dc364ea4a4e3e883982cd34b41a03,SPY,buy,market,new,1,gtc,0.0,1,stock,,,
2024-01-22 12:30:00-05:00,MyStrategy,670dc364ea4a4e3e883982cd34b41a03,SPY,buy,market,fill,1,gtc,0.0,1,stock,484.010009765625,100.0,0.0
2024-01-22 15:30:00-05:00,MyStrategy,41cb5048627b489d9bbfa66198fced3a,SPY,buy,market,new,1,gtc,0.0,1,stock,,,
2024-01-22 15:30:00-05:00,MyStrategy,41cb5048627b489d9bbfa66198fced3a,SPY,buy,market,fill,1,gtc,0.0,1,stock,484.010009765625,100.0,0.0
2024-01-23 09:30:00-05:00,MyStrategy,d3e8747118f441b28389c0820f0b5e47,SPY,buy,market,new,1,gtc,0.0,1,stock,,,
2024-01-23 09:30:00-05:00,MyStrategy,d3e8747118f441b28389c0820f0b5e47,SPY,buy,market,fill,1,gtc,0.0,1,stock,484.010009765625,100.0,0.0
2024-01-23 12:30:00-05:00,MyStrategy,7250c6c1eb2d4bac87999d2b4ea4fc83,SPY,buy,market,new,1,gtc,0.0,1,stock,,,
2024-01-23 12:30:00-05:00,MyStrategy,7250c6c1eb2d4bac87999d2b4ea4fc83,SPY,buy,market,fill,1,gtc,0.0,1,stock,484.010009765625,100.0,0.0
2024-01-23 15:30:00-05:00,MyStrategy,00f09c13c5ad426891757e87d89e4a9b,SPY,buy,market,new,1,gtc,0.0,1,stock,,,
2024-01-23 15:30:00-05:00,MyStrategy,00f09c13c5ad426891757e87d89e4a9b,SPY,buy,market,fill,1,gtc,0.0,1,stock,484.010009765625,100.0,0.0
2024-01-24 09:30:00-05:00,MyStrategy,4acb60b2bb00462e89da67d07c963064,SPY,buy,market,new,1,gtc,0.0,1,stock,,,
2024-01-24 09:30:00-05:00,MyStrategy,4acb60b2bb00462e89da67d07c963064,SPY,buy,market,fill,1,gtc,0.0,1,stock,487.80999755859375,100.0,0.0
2024-01-24 12:30:00-05:00,MyStrategy,602fbd63bec94a8e8c12473183d6c6f1,SPY,buy,market,new,1,gtc,0.0,1,stock,,,
2024-01-24 12:30:00-05:00,MyStrategy,602fbd63bec94a8e8c12473183d6c6f1,SPY,buy,market,fill,1,gtc,0.0,1,stock,487.80999755859375,100.0,0.0
2024-01-24 15:30:00-05:00,MyStrategy,492d2dc662bd42219e952292de1d6521,SPY,buy,market,new,1,gtc,0.0,1,stock,,,
2024-01-24 15:30:00-05:00,MyStrategy,492d2dc662bd42219e952292de1d6521,SPY,buy,market,fill,1,gtc,0.0,1,stock,487.80999755859375,100.0,0.0
2024-01-25 09:30:00-05:00,MyStrategy,5e5660381a3d4edda0f99d427002cd8a,SPY,buy,market,new,1,gtc,0.0,1,stock,,,
2024-01-25 09:30:00-05:00,MyStrategy,5e5660381a3d4edda0f99d427002cd8a,SPY,buy,market,fill,1,gtc,0.0,1,stock,487.5799865722656,100.0,0.0
2024-01-25 12:30:00-05:00,MyStrategy,9863ab513c5b4ef498c2debfea2e0f1b,SPY,buy,market,new,1,gtc,0.0,1,stock,,,
2024-01-25 12:30:00-05:00,MyStrategy,9863ab513c5b4ef498c2debfea2e0f1b,SPY,buy,market,fill,1,gtc,0.0,1,stock,487.5799865722656,100.0,0.0
2024-01-25 15:30:00-05:00,MyStrategy,fec62b31fee148f3a7c27d328a29e586,SPY,buy,market,new,1,gtc,0.0,1,stock,,,
2024-01-25 15:30:00-05:00,MyStrategy,fec62b31fee148f3a7c27d328a29e586,SPY,buy,market,fill,1,gtc,0.0,1,stock,487.5799865722656,100.0,0.0
2024-01-26 09:30:00-05:00,MyStrategy,ac4a7a4ed61f4f81a27c3a8da4f5a674,SPY,buy,market,new,1,gtc,0.0,1,stock,,,
2024-01-26 09:30:00-05:00,MyStrategy,ac4a7a4ed61f4f81a27c3a8da4f5a674,SPY,buy,market,fill,1,gtc,0.0,1,stock,487.5899963378906,100.0,0.0
2024-01-26 12:30:00-05:00,MyStrategy,b516ed2cf2cf4be4b386ce7ffb0eef0d,SPY,buy,market,new,1,gtc,0.0,1,stock,,,
2024-01-26 12:30:00-05:00,MyStrategy,b516ed2cf2cf4be4b386ce7ffb0eef0d,SPY,buy,market,fill,1,gtc,0.0,1,stock,487.5899963378906,100.0,0.0
2024-01-26 15:30:00-05:00,MyStrategy,dad7374ffaa24be2a2b28b529f43c078,SPY,buy,market,new,1,gtc,0.0,1,stock,,,
2024-01-26 15:30:00-05:00,MyStrategy,dad7374ffaa24be2a2b28b529f43c078,SPY,buy,market,fill,1,gtc,0.0,1,stock,487.5899963378906,100.0,0.0
2024-01-29 09:30:00-05:00,MyStrategy,c15db08c7a954183be3a1a39854d7220,SPY,buy,market,new,1,gtc,0.0,1,stock,,,
2024-01-29 09:30:00-05:00,MyStrategy,c15db08c7a954183be3a1a39854d7220,SPY,buy,market,fill,1,gtc,0.0,1,stock,487.7300109863281,100.0,0.0
2024-01-29 12:30:00-05:00,MyStrategy,3cbedfa9dbe344efb160c0d361722572,SPY,buy,market,new,1,gtc,0.0,1,stock,,,
2024-01-29 12:30:00-05:00,MyStrategy,3cbedfa9dbe344efb160c0d361722572,SPY,buy,market,fill,1,gtc,0.0,1,stock,487.7300109863281,100.0,0.0
2024-01-29 15:30:00-05:00,MyStrategy,446d10fd9a9d4b7689918b704553d4ab,SPY,buy,market,new,1,gtc,0.0,1,stock,,,
2024-01-29 15:30:00-05:00,MyStrategy,446d10fd9a9d4b7689918b704553d4ab,SPY,buy,market,fill,1,gtc,0.0,1,stock,487.7300109863281,100.0,0.0
2024-01-30 09:30:00-05:00,MyStrategy,cb6bbd4e8335431aa7587647021c8885,SPY,buy,market,new,1,gtc,0.0,1,stock,,,
2024-01-30 09:30:00-05:00,MyStrategy,cb6bbd4e8335431aa7587647021c8885,SPY,buy,market,fill,1,gtc,0.0,1,stock,490.55999755859375,100.0,0.0
2024-01-30 12:30:00-05:00,MyStrategy,c2481af240654543a947e828266dd9c3,SPY,buy,market,new,1,gtc,0.0,1,stock,,,
2024-01-30 12:30:00-05:00,MyStrategy,c2481af240654543a947e828266dd9c3,SPY,buy,market,fill,1,gtc,0.0,1,stock,490.55999755859375,100.0,0.0
2024-01-30 15:30:00-05:00,MyStrategy,ce33e517d59640c88f34aaaa3b68c413,SPY,buy,market,new,1,gtc,0.0,1,stock,,,
2024-01-30 15:30:00-05:00,MyStrategy,ce33e517d59640c88f34aaaa3b68c413,SPY,buy,market,fill,1,gtc,0.0,1,stock,490.55999755859375,100.0,0.0
2024-01-31 09:30:00-05:00,MyStrategy,6990ea0ddb924d8eba96624d0e3d1807,SPY,buy,market,new,1,gtc,0.0,1,stock,,,
2024-01-31 09:30:00-05:00,MyStrategy,6990ea0ddb924d8eba96624d0e3d1807,SPY,buy,market,fill,1,gtc,0.0,1,stock,488.6199951171875,100.0,0.0
2024-01-31 12:30:00-05:00,MyStrategy,64ae08b136ce410aa480926896b92313,SPY,buy,market,new,1,gtc,0.0,1,stock,,,
2024-01-31 12:30:00-05:00,MyStrategy,64ae08b136ce410aa480926896b92313,SPY,buy,market,fill,1,gtc,0.0,1,stock,488.6199951171875,100.0,0.0
2024-01-31 15:30:00-05:00,MyStrategy,97c1d707e2bf4cf1b022b0460e206e1b,SPY,buy,market,new,1,gtc,0.0,1,stock,,,
2024-01-31 15:30:00-05:00,MyStrategy,97c1d707e2bf4cf1b022b0460e206e1b,SPY,buy,market,fill,1,gtc,0.0,1,stock,488.6199951171875,100.0,0.0
2024-02-01 09:30:00-05:00,MyStrategy,087c035825a4497f9cc887c106fb0c31,SPY,buy,market,new,1,gtc,0.0,1,stock,,,
2024-02-01 09:30:00-05:00,MyStrategy,087c035825a4497f9cc887c106fb0c31,SPY,buy,market,fill,1,gtc,0.0,1,stock,484.6300048828125,100.0,0.0
2024-02-01 12:30:00-05:00,MyStrategy,5547cbbcc8c946949fdc39fc12a1d3b2,SPY,buy,market,new,1,gtc,0.0,1,stock,,,
2024-02-01 12:30:00-05:00,MyStrategy,5547cbbcc8c946949fdc39fc12a1d3b2,SPY,buy,market,fill,1,gtc,0.0,1,stock,484.6300048828125,100.0,0.0
2024-02-01 15:30:00-05:00,MyStrategy,582584d72a2a444684bfdfcbdbe23565,SPY,buy,market,new,1,gtc,0.0,1,stock,,,
2024-02-01 15:30:00-05:00,MyStrategy,582584d72a2a444684bfdfcbdbe23565,SPY,buy,market,fill,1,gtc,0.0,1,stock,484.6300048828125,100.0,0.0
2024-02-02 09:30:00-05:00,MyStrategy,ef76c1ee55a6448dbe8cfedf66e7f2d5,SPY,buy,market,new,1,gtc,0.0,1,stock,,,
2024-02-02 09:30:00-05:00,MyStrategy,ef76c1ee55a6448dbe8cfedf66e7f2d5,SPY,buy,market,fill,1,gtc,0.0,1,stock,489.6499938964844,100.0,0.0
2024-02-02 12:30:00-05:00,MyStrategy,9c42ed14418d447fa050bd306558ac19,SPY,buy,market,new,1,gtc,0.0,1,stock,,,
2024-02-02 12:30:00-05:00,MyStrategy,9c42ed14418d447fa050bd306558ac19,SPY,buy,market,fill,1,gtc,0.0,1,stock,489.6499938964844,100.0,0.0
2024-02-02 15:30:00-05:00,MyStrategy,1fe91f02fda8434489425a3eac2b4b20,SPY,buy,market,new,1,gtc,0.0,1,stock,,,
2024-02-02 15:30:00-05:00,MyStrategy,1fe91f02fda8434489425a3eac2b4b20,SPY,buy,market,fill,1,gtc,0.0,1,stock,489.6499938964844,100.0,0.0
2024-02-05 09:30:00-05:00,MyStrategy,106da416559d4f3f83cbf8befd0e9c93,SPY,buy,market,new,1,gtc,0.0,1,stock,,,
2024-02-05 09:30:00-05:00,MyStrategy,106da416559d4f3f83cbf8befd0e9c93,SPY,buy,market,fill,1,gtc,0.0,1,stock,493.70001220703125,100.0,0.0
2024-02-05 12:30:00-05:00,MyStrategy,717dd787d6794e4b956b127058cd6b0b,SPY,buy,market,new,1,gtc,0.0,1,stock,,,
2024-02-05 12:30:00-05:00,MyStrategy,717dd787d6794e4b956b127058cd6b0b,SPY,buy,market,fill,1,gtc,0.0,1,stock,493.70001220703125,100.0,0.0
2024-02-05 15:30:00-05:00,MyStrategy,eb1cb47634bd44d4b37e2d6e299f12ac,SPY,buy,market,new,1,gtc,0.0,1,stock,,,
2024-02-05 15:30:00-05:00,MyStrategy,eb1cb47634bd44d4b37e2d6e299f12ac,SPY,buy,market,fill,1,gtc,0.0,1,stock,493.70001220703125,100.0,0.0
2024-02-06 09:30:00-05:00,MyStrategy,6aa2adf7a7bd4eaa873ff91bcf3af54e,SPY,buy,market,new,1,gtc,0.0,1,stock,,,
2024-02-06 09:30:00-05:00,MyStrategy,6aa2adf7a7bd4eaa873ff91bcf3af54e,SPY,buy,market,fill,1,gtc,0.0,1,stock,493.5199890136719,100.0,0.0
2024-02-06 12:30:00-05:00,MyStrategy,90d468410dea4dbc81b04cf8d1b1911d,SPY,buy,market,new,1,gtc,0.0,1,stock,,,
2024-02-06 12:30:00-05:00,MyStrategy,90d468410dea4dbc81b04cf8d1b1911d,SPY,buy,market,fill,1,gtc,0.0,1,stock,493.5199890136719,100.0,0.0
2024-02-06 15:30:00-05:00,MyStrategy,e65f618d2fee4d3da8de30aa636f748a,SPY,buy,market,new,1,gtc,0.0,1,stock,,,
2024-02-06 15:30:00-05:00,MyStrategy,e65f618d2fee4d3da8de30aa636f748a,SPY,buy,market,fill,1,gtc,0.0,1,stock,493.5199890136719,100.0,0.0
2024-02-07 09:30:00-05:00,MyStrategy,c46b369436924e2c8b590a4ee1815d79,SPY,buy,market,new,1,gtc,0.0,1,stock,,,
2024-02-07 09:30:00-05:00,MyStrategy,c46b369436924e2c8b590a4ee1815d79,SPY,buy,market,fill,1,gtc,0.0,1,stock,496.2900085449219,100.0,0.0
2024-02-07 12:30:00-05:00,MyStrategy,3cd6ef77273f4a7984e22c014b823db8,SPY,buy,market,new,1,gtc,0.0,1,stock,,,
2024-02-07 12:30:00-05:00,MyStrategy,3cd6ef77273f4a7984e22c014b823db8,SPY,buy,market,fill,1,gtc,0.0,1,stock,496.2900085449219,100.0,0.0
2024-02-07 15:30:00-05:00,MyStrategy,733811cd8fc24476ada6522b444e2c32,SPY,buy,market,new,1,gtc,0.0,1,stock,,,
2024-02-07 15:30:00-05:00,MyStrategy,733811cd8fc24476ada6522b444e2c32,SPY,buy,market,fill,1,gtc,0.0,1,stock,496.2900085449219,100.0,0.0
2024-02-08 09:30:00-05:00,MyStrategy,0662fb6ba404407b9c01a2524bb7c062,SPY,buy,market,new,1,gtc,0.0,1,stock,,,
2024-02-08 09:30:00-05:00,MyStrategy,0662fb6ba404407b9c01a2524bb7c062,SPY,buy,market,fill,1,gtc,0.0,1,stock,498.1000061035156,100.0,0.0
2024-02-08 12:30:00-05:00,MyStrategy,70994ddc0847440babc807841dda08f3,SPY,buy,market,new,1,gtc,0.0,1,stock,,,
2024-02-08 12:30:00-05:00,MyStrategy,70994ddc0847440babc807841dda08f3,SPY,buy,market,fill,1,gtc,0.0,1,stock,498.1000061035156,100.0,0.0
2024-02-08 15:30:00-05:00,MyStrategy,8ece2f5f4f5249b487ddb0b232d3e7a1,SPY,buy,market,new,1,gtc,0.0,1,stock,,,
2024-02-08 15:30:00-05:00,MyStrategy,8ece2f5f4f5249b487ddb0b232d3e7a1,SPY,buy,market,fill,1,gtc,0.0,1,stock,498.1000061035156,100.0,0.0
2024-02-09 09:30:00-05:00,MyStrategy,bfdf28e1c1fc4be2868b0a786600ddaf,SPY,buy,market,new,1,gtc,0.0,1,stock,,,
2024-02-09 09:30:00-05:00,MyStrategy,bfdf28e1c1fc4be2868b0a786600ddaf,SPY,buy,market,fill,1,gtc,0.0,1,stock,498.8399963378906,100.0,0.0
2024-02-09 12:30:00-05:00,MyStrategy,b2a7ecb61e5a4c8a9c45b26ef619e206,SPY,buy,market,new,1,gtc,0.0,1,stock,,,
2024-02-09 12:30:00-05:00,MyStrategy,b2a7ecb61e5a4c8a9c45b26ef619e206,SPY,buy,market,fill,1,gtc,0.0,1,stock,498.8399963378906,100.0,0.0
2024-02-09 15:30:00-05:00,MyStrategy,8005434b040e40559ef5539ad53154f3,SPY,buy,market,new,1,gtc,0.0,1,stock,,,
2024-02-09 15:30:00-05:00,MyStrategy,8005434b040e40559ef5539ad53154f3,SPY,buy,market,fill,1,gtc,0.0,1,stock,498.8399963378906,100.0,0.0
2024-02-12 09:30:00-05:00,MyStrategy,2f7e008d62c5472db58eaf90e5cc237e,SPY,buy,market,new,1,gtc,0.0,1,stock,,,
2024-02-12 09:30:00-05:00,MyStrategy,2f7e008d62c5472db58eaf90e5cc237e,SPY,buy,market,fill,1,gtc,0.0,1,stock,501.1700134277344,100.0,0.0
2024-02-12 12:30:00-05:00,MyStrategy,21ff3d426780489fab7d5a55001270e1,SPY,buy,market,new,1,gtc,0.0,1,stock,,,
2024-02-12 12:30:00-05:00,MyStrategy,21ff3d426780489fab7d5a55001270e1,SPY,buy,market,fill,1,gtc,0.0,1,stock,501.1700134277344,100.0,0.0
2024-02-12 15:30:00-05:00,MyStrategy,c834395f5fab4bb99f6d47f5a6bc9fb8,SPY,buy,market,new,1,gtc,0.0,1,stock,,,
2024-02-12 15:30:00-05:00,MyStrategy,c834395f5fab4bb99f6d47f5a6bc9fb8,SPY,buy,market,fill,1,gtc,0.0,1,stock,501.1700134277344,100.0,0.0
2024-02-13 09:30:00-05:00,MyStrategy,7afaf04b93224f3f8b860dcadff52c15,SPY,buy,market,new,1,gtc,0.0,1,stock,,,
2024-02-13 09:30:00-05:00,MyStrategy,7afaf04b93224f3f8b860dcadff52c15,SPY,buy,market,fill,1,gtc,0.0,1,stock,494.5299987792969,100.0,0.0
2024-02-13 12:30:00-05:00,MyStrategy,a838544220b64666bb8672ab80d45c5c,SPY,buy,market,new,1,gtc,0.0,1,stock,,,
2024-02-13 12:30:00-05:00,MyStrategy,a838544220b64666bb8672ab80d45c5c,SPY,buy,market,fill,1,gtc,0.0,1,stock,494.5299987792969,100.0,0.0
2024-02-13 15:30:00-05:00,MyStrategy,43cb786ae52649e1a451a86289a56488,SPY,buy,market,new,1,gtc,0.0,1,stock,,,
2024-02-13 15:30:00-05:00,MyStrategy,43cb786ae52649e1a451a86289a56488,SPY,buy,market,fill,1,gtc,0.0,1,stock,494.5299987792969,100.0,0.0
2024-02-14 09:30:00-05:00,MyStrategy,a0bae374c43941edb24e93a64d27a743,SPY,buy,market,new,1,gtc,0.0,1,stock,,,
2024-02-14 09:30:00-05:00,MyStrategy,a0bae374c43941edb24e93a64d27a743,SPY,buy,market,fill,1,gtc,0.0,1,stock,496.7900085449219,100.0,0.0
2024-02-14 12:30:00-05:00,MyStrategy,cb1a9577cee7456a921bd15d4a712e17,SPY,buy,market,new,1,gtc,0.0,1,stock,,,
2024-02-14 12:30:00-05:00,MyStrategy,cb1a9577cee7456a921bd15d4a712e17,SPY,buy,market,fill,1,gtc,0.0,1,stock,496.7900085449219,100.0,0.0
2024-02-14 15:30:00-05:00,MyStrategy,70a438bdda9143d79d88b6aceac33c3a,SPY,buy,market,new,1,gtc,0.0,1,stock,,,
2024-02-14 15:30:00-05:00,MyStrategy,70a438bdda9143d79d88b6aceac33c3a,SPY,buy,market,fill,1,gtc,0.0,1,stock,496.7900085449219,100.0,0.0
2024-02-15 09:30:00-05:00,MyStrategy,634a8a534ff04204975bced7c971de50,SPY,buy,market,new,1,gtc,0.0,1,stock,,,
2024-02-15 09:30:00-05:00,MyStrategy,634a8a534ff04204975bced7c971de50,SPY,buy,market,fill,1,gtc,0.0,1,stock,499.2900085449219,100.0,0.0
2024-02-15 12:30:00-05:00,MyStrategy,12f53c2946224788abb04dfdcc62bad7,SPY,buy,market,new,1,gtc,0.0,1,stock,,,
2024-02-15 12:30:00-05:00,MyStrategy,12f53c2946224788abb04dfdcc62bad7,SPY,buy,market,fill,1,gtc,0.0,1,stock,499.2900085449219,100.0,0.0
2024-02-15 15:30:00-05:00,MyStrategy,c7158b5f3a034f7a802ee7c2a007d581,SPY,buy,market,new,1,gtc,0.0,1,stock,,,
2024-02-15 15:30:00-05:00,MyStrategy,c7158b5f3a034f7a802ee7c2a007d581,SPY,buy,market,fill,1,gtc,0.0,1,stock,499.2900085449219,100.0,0.0
2024-02-16 09:30:00-05:00,MyStrategy,b19dd41945f94ad4bf775933e718036a,SPY,buy,market,new,1,gtc,0.0,1,stock,,,
2024-02-16 09:30:00-05:00,MyStrategy,b19dd41945f94ad4bf775933e718036a,SPY,buy,market,fill,1,gtc,0.0,1,stock,501.70001220703125,100.0,0.0
2024-02-16 12:30:00-05:00,MyStrategy,5c26adfda2044d7e945f8c623c15fdd4,SPY,buy,market,new,1,gtc,0.0,1,stock,,,
2024-02-16 12:30:00-05:00,MyStrategy,5c26adfda2044d7e945f8c623c15fdd4,SPY,buy,market,fill,1,gtc,0.0,1,stock,501.70001220703125,100.0,0.0
2024-02-16 15:30:00-05:00,MyStrategy,b74d317071f640789126ea227605c1d4,SPY,buy,market,new,1,gtc,0.0,1,stock,,,
2024-02-16 15:30:00-05:00,MyStrategy,b74d317071f640789126ea227605c1d4,SPY,buy,market,fill,1,gtc,0.0,1,stock,501.70001220703125,100.0,0.0
2024-02-20 09:30:00-05:00,MyStrategy,2e03225a98184314aa8dcc04b1da9239,SPY,buy,market,new,1,gtc,0.0,1,stock,,,
2024-02-20 09:30:00-05:00,MyStrategy,2e03225a98184314aa8dcc04b1da9239,SPY,buy,market,fill,1,gtc,0.0,1,stock,497.7200012207031,100.0,0.0
2024-02-20 12:30:00-05:00,MyStrategy,0ef2a8e7402f4c33ac802ca2a8fcce1b,SPY,buy,market,new,1,gtc,0.0,1,stock,,,
2024-02-20 12:30:00-05:00,MyStrategy,0ef2a8e7402f4c33ac802ca2a8fcce1b,SPY,buy,market,fill,1,gtc,0.0,1,stock,497.7200012207031,100.0,0.0
2024-02-20 15:30:00-05:00,MyStrategy,f93c5b0a92dd44808353ae34b51c0d35,SPY,buy,market,new,1,gtc,0.0,1,stock,,,
2024-02-20 15:30:00-05:00,MyStrategy,f93c5b0a92dd44808353ae34b51c0d35,SPY,buy,market,fill,1,gtc,0.0,1,stock,497.7200012207031,100.0,0.0
2024-02-21 09:30:00-05:00,MyStrategy,eb12dc999bcb4d3aa7184a592ccd4852,SPY,buy,market,new,1,gtc,0.0,1,stock,,,
2024-02-21 09:30:00-05:00,MyStrategy,eb12dc999bcb4d3aa7184a592ccd4852,SPY,buy,market,fill,1,gtc,0.0,1,stock,495.4200134277344,100.0,0.0
2024-02-21 12:30:00-05:00,MyStrategy,8b3c4e6977e74d1180bbc6f6d43c5836,SPY,buy,market,new,1,gtc,0.0,1,stock,,,
2024-02-21 12:30:00-05:00,MyStrategy,8b3c4e6977e74d1180bbc6f6d43c5836,SPY,buy,market,fill,1,gtc,0.0,1,stock,495.4200134277344,100.0,0.0
2024-02-21 15:30:00-05:00,MyStrategy,6543990b313c43b2bd67298c531f7e73,SPY,buy,market,new,1,gtc,0.0,1,stock,,,
2024-02-21 15:30:00-05:00,MyStrategy,6543990b313c43b2bd67298c531f7e73,SPY,buy,market,fill,1,gtc,0.0,1,stock,495.4200134277344,100.0,0.0
2024-02-22 09:30:00-05:00,MyStrategy,a33c028e3bec4815b7e8f30e38b29983,SPY,buy,market,new,1,gtc,0.0,1,stock,,,
2024-02-22 09:30:00-05:00,MyStrategy,a33c028e3bec4815b7e8f30e38b29983,SPY,buy,market,fill,1,gtc,0.0,1,stock,504.010009765625,100.0,0.0
2024-02-22 12:30:00-05:00,MyStrategy,30198c5bed0d43d2b330b73755733de2,SPY,buy,market,new,1,gtc,0.0,1,stock,,,
2024-02-22 12:30:00-05:00,MyStrategy,30198c5bed0d43d2b330b73755733de2,SPY,buy,market,fill,1,gtc,0.0,1,stock,504.010009765625,100.0,0.0
2024-02-22 15:30:00-05:00,MyStrategy,5001f3a7c70046cfbc94eb3f80a22b21,SPY,buy,market,new,1,gtc,0.0,1,stock,,,
2024-02-22 15:30:00-05:00,MyStrategy,5001f3a7c70046cfbc94eb3f80a22b21,SPY,buy,market,fill,1,gtc,0.0,1,stock,504.010009765625,100.0,0.0
2024-02-23 09:30:00-05:00,MyStrategy,4d5985184153420085d0faaf6269b8aa,SPY,buy,market,new,1,gtc,0.0,1,stock,,,
2024-02-23 09:30:00-05:00,MyStrategy,4d5985184153420085d0faaf6269b8aa,SPY,buy,market,fill,1,gtc,0.0,1,stock,509.2699890136719,100.0,0.0
2024-02-23 12:30:00-05:00,MyStrategy,f09c0ac7f8a5466aa75a6ad285da00c1,SPY,buy,market,new,1,gtc,0.0,1,stock,,,
2024-02-23 12:30:00-05:00,MyStrategy,f09c0ac7f8a5466aa75a6ad285da00c1,SPY,buy,market,fill,1,gtc,0.0,1,stock,509.2699890136719,100.0,0.0
2024-02-23 15:30:00-05:00,MyStrategy,d750be5d9d4648f2ae191c92a0303140,SPY,buy,market,new,1,gtc,0.0,1,stock,,,
2024-02-23 15:30:00-05:00,MyStrategy,d750be5d9d4648f2ae191c92a0303140,SPY,buy,market,fill,1,gtc,0.0,1,stock,509.2699890136719,100.0,0.0
2024-02-26 09:30:00-05:00,MyStrategy,cb3278749c5842fe9d836e188ec04de2,SPY,buy,market,new,1,gtc,0.0,1,stock,,,
2024-02-26 09:30:00-05:00,MyStrategy,cb3278749c5842fe9d836e188ec04de2,SPY,buy,market,fill,1,gtc,0.0,1,stock,508.29998779296875,100.0,0.0
2024-02-26 12:30:00-05:00,MyStrategy,05fde2dfe5ad456d93c025a2ed5c697d,SPY,buy,market,new,1,gtc,0.0,1,stock,,,
2024-02-26 12:30:00-05:00,MyStrategy,05fde2dfe5ad456d93c025a2ed5c697d,SPY,buy,market,fill,1,gtc,0.0,1,stock,508.29998779296875,100.0,0.0
2024-02-26 15:30:00-05:00,MyStrategy,dc23f94c08c24d42b6ae86e6ed5c97b7,SPY,buy,market,new,1,gtc,0.0,1,stock,,,
2024-02-26 15:30:00-05:00,MyStrategy,dc23f94c08c24d42b6ae86e6ed5c97b7,SPY,buy,market,fill,1,gtc,0.0,1,stock,508.29998779296875,100.0,0.0
2024-02-27 09:30:00-05:00,MyStrategy,3521bd7dd87f4dbaad238a06676860c6,SPY,buy,market,new,1,gtc,0.0,1,stock,,,
2024-02-27 09:30:00-05:00,MyStrategy,3521bd7dd87f4dbaad238a06676860c6,SPY,buy,market,fill,1,gtc,0.0,1,stock,506.70001220703125,100.0,0.0
2024-02-27 12:30:00-05:00,MyStrategy,37d3d90137314fe0809287e9bed02795,SPY,buy,market,new,1,gtc,0.0,1,stock,,,
2024-02-27 12:30:00-05:00,MyStrategy,37d3d90137314fe0809287e9bed02795,SPY,buy,market,fill,1,gtc,0.0,1,stock,506.70001220703125,100.0,0.0
2024-02-27 15:30:00-05:00,MyStrategy,0fded938c2b34f04a15cdede0c181aea,SPY,buy,market,new,1,gtc,0.0,1,stock,,,
2024-02-27 15:30:00-05:00,MyStrategy,0fded938c2b34f04a15cdede0c181aea,SPY,buy,market,fill,1,gtc,0.0,1,stock,506.70001220703125,100.0,0.0
2024-02-28 09:30:00-05:00,MyStrategy,1b70d082bd9b475e98d94962c9da26c8,SPY,buy,market,new,1,gtc,0.0,1,stock,,,
2024-02-28 09:30:00-05:00,MyStrategy,1b70d082bd9b475e98d94962c9da26c8,SPY,buy,market,fill,1,gtc,0.0,1,stock,505.3299865722656,100.0,0.0
2024-02-28 12:30:00-05:00,MyStrategy,1f8ddb574b3041d0bc353168d117774e,SPY,buy,market,new,1,gtc,0.0,1,stock,,,
2024-02-28 12:30:00-05:00,MyStrategy,1f8ddb574b3041d0bc353168d117774e,SPY,buy,market,fill,1,gtc,0.0,1,stock,505.3299865722656,100.0,0.0
2024-02-28 15:30:00-05:00,MyStrategy,38a5d6cea3e8446ba6030c13e6b5a810,SPY,buy,market,new,1,gtc,0.0,1,stock,,,
2024-02-28 15:30:00-05:00,MyStrategy,38a5d6cea3e8446ba6030c13e6b5a810,SPY,buy,market,fill,1,gtc,0.0,1,stock,505.3299865722656,100.0,0.0
2024-02-29 09:30:00-05:00,MyStrategy,fed4e3dcf14b46d2948dd16d61737dde,SPY,buy,market,new,1,gtc,0.0,1,stock,,,
2024-02-29 09:30:00-05:00,MyStrategy,fed4e3dcf14b46d2948dd16d61737dde,SPY,buy,market,fill,1,gtc,0.0,1,stock,508.07000732421875,100.0,0.0
2024-02-29 12:30:00-05:00,MyStrategy,0d265eecb76c47038151b332add2f294,SPY,buy,market,new,1,gtc,0.0,1,stock,,,
2024-02-29 12:30:00-05:00,MyStrategy,0d265eecb76c47038151b332add2f294,SPY,buy,market,fill,1,gtc,0.0,1,stock,508.07000732421875,100.0,0.0
2024-02-29 15:30:00-05:00,MyStrategy,4dab3f2ed73344c8b582c6be124e5edc,SPY,buy,market,new,1,gtc,0.0,1,stock,,,
2024-02-29 15:30:00-05:00,MyStrategy,4dab3f2ed73344c8b582c6be124e5edc,SPY,buy,market,fill,1,gtc,0.0,1,stock,508.07000732421875,100.0,0.0
2024-03-01 09:30:00-05:00,MyStrategy,37e2e92611734f529a2c15a9cbe503e6,SPY,buy,market,new,1,gtc,0.0,1,stock,,,
2024-03-01 09:30:00-05:00,MyStrategy,37e2e92611734f529a2c15a9cbe503e6,SPY,buy,market,fill,1,gtc,0.0,1,stock,508.9800109863281,100.0,0.0
2024-03-01 12:30:00-05:00,MyStrategy,3b8e45f6dd194541827472099bc81093,SPY,buy,market,new,1,gtc,0.0,1,stock,,,
2024-03-01 12:30:00-05:00,MyStrategy,3b8e45f6dd194541827472099bc81093,SPY,buy,market,fill,1,gtc,0.0,1,stock,508.9800109863281,100.0,0.0
2024-03-01 15:30:00-05:00,MyStrategy,b725915309d8459fac0323969c2531e7,SPY,buy,market,new,1,gtc,0.0,1,stock,,,
2024-03-01 15:30:00-05:00,MyStrategy,b725915309d8459fac0323969c2531e7,SPY,buy,market,fill,1,gtc,0.0,1,stock,508.9800109863281,100.0,0.0
2024-03-04 09:30:00-05:00,MyStrategy,f91c54f140fc44b8b12d59d0537ba4db,SPY,buy,market,new,1,gtc,0.0,1,stock,,,
2024-03-04 09:30:00-05:00,MyStrategy,f91c54f140fc44b8b12d59d0537ba4db,SPY,buy,market,fill,1,gtc,0.0,1,stock,512.030029296875,100.0,0.0
2024-03-04 12:30:00-05:00,MyStrategy,ce3d975ce5a34010a05f2ac3f81a9481,SPY,buy,market,new,1,gtc,0.0,1,stock,,,
2024-03-04 12:30:00-05:00,MyStrategy,ce3d975ce5a34010a05f2ac3f81a9481,SPY,buy,market,fill,1,gtc,0.0,1,stock,512.030029296875,100.0,0.0
2024-03-04 15:30:00-05:00,MyStrategy,9c2aa5e052bf4f71a1179eeab959899b,SPY,buy,market,new,1,gtc,0.0,1,stock,,,
2024-03-04 15:30:00-05:00,MyStrategy,9c2aa5e052bf4f71a1179eeab959899b,SPY,buy,market,fill,1,gtc,0.0,1,stock,512.030029296875,100.0,0.0
2024-03-05 09:30:00-05:00,MyStrategy,c19c59342680462dbc54d1ea9fd9b517,SPY,buy,market,new,1,gtc,0.0,1,stock,,,
2024-03-05 09:30:00-05:00,MyStrategy,c19c59342680462dbc54d1ea9fd9b517,SPY,buy,market,fill,1,gtc,0.0,1,stock,510.239990234375,100.0,0.0
2024-03-05 12:30:00-05:00,MyStrategy,f64d28669f824abcac0fa27d048b83dc,SPY,buy,market,new,1,gtc,0.0,1,stock,,,
2024-03-05 12:30:00-05:00,MyStrategy,f64d28669f824abcac0fa27d048b83dc,SPY,buy,market,fill,1,gtc,0.0,1,stock,510.239990234375,100.0,0.0
2024-03-05 15:30:00-05:00,MyStrategy,65a12e3ce8774ebd806f8821524a10d9,SPY,buy,market,new,1,gtc,0.0,1,stock,,,
2024-03-05 15:30:00-05:00,MyStrategy,65a12e3ce8774ebd806f8821524a10d9,SPY,buy,market,fill,1,gtc,0.0,1,stock,510.239990234375,100.0,0.0
2024-03-06 09:30:00-05:00,MyStrategy,d12634642a2347699eb05db77d949994,SPY,buy,market,new,1,gtc,0.0,1,stock,,,
2024-03-06 09:30:00-05:00,MyStrategy,d12634642a2347699eb05db77d949994,SPY,buy,market,fill,1,gtc,0.0,1,stock,510.54998779296875,100.0,0.0
2024-03-06 12:30:00-05:00,MyStrategy,5066c63b4ccb4b339ff755f8aeba844a,SPY,buy,market,new,1,gtc,0.0,1,stock,,,
2024-03-06 12:30:00-05:00,MyStrategy,5066c63b4ccb4b339ff755f8aeba844a,SPY,buy,market,fill,1,gtc,0.0,1,stock,510.54998779296875,100.0,0.0
2024-03-06 15:30:00-05:00,MyStrategy,d0eb11856ee64e22b59f1bfdf211cb24,SPY,buy,market,new,1,gtc,0.0,1,stock,,,
2024-03-06 15:30:00-05:00,MyStrategy,d0eb11856ee64e22b59f1bfdf211cb24,SPY,buy,market,fill,1,gtc,0.0,1,stock,510.54998779296875,100.0,0.0
2024-03-07 09:30:00-05:00,MyStrategy,22db3357b27644709bfc638bf39053e0,SPY,buy,market,new,1,gtc,0.0,1,stock,,,
2024-03-07 09:30:00-05:00,MyStrategy,22db3357b27644709bfc638bf39053e0,SPY,buy,market,fill,1,gtc,0.0,1,stock,513.1400146484375,100.0,0.0
2024-03-07 12:30:00-05:00,MyStrategy,3faab2d1904b41ac97bbd91aace37c3a,SPY,buy,market,new,1,gtc,0.0,1,stock,,,
2024-03-07 12:30:00-05:00,MyStrategy,3faab2d1904b41ac97bbd91aace37c3a,SPY,buy,market,fill,1,gtc,0.0,1,stock,513.1400146484375,100.0,0.0
2024-03-07 15:30:00-05:00,MyStrategy,79589e8a3e3e42088b894700f24fe87a,SPY,buy,market,new,1,gtc,0.0,1,stock,,,
2024-03-07 15:30:00-05:00,MyStrategy,79589e8a3e3e42088b894700f24fe87a,SPY,buy,market,fill,1,gtc,0.0,1,stock,513.1400146484375,100.0,0.0
2024-03-08 09:30:00-05:00,MyStrategy,f0025ffa7b9b4a9c9bca2ae604d5199e,SPY,buy,market,new,1,gtc,0.0,1,stock,,,
2024-03-08 09:30:00-05:00,MyStrategy,f0025ffa7b9b4a9c9bca2ae604d5199e,SPY,buy,market,fill,1,gtc,0.0,1,stock,515.4600219726562,100.0,0.0
2024-03-08 12:30:00-05:00,MyStrategy,9290f31ca7454cccb7badf419b764883,SPY,buy,market,new,1,gtc,0.0,1,stock,,,
2024-03-08 12:30:00-05:00,MyStrategy,9290f31ca7454cccb7badf419b764883,SPY,buy,market,fill,1,gtc,0.0,1,stock,515.4600219726562,100.0,0.0
2024-03-08 15:30:00-05:00,MyStrategy,8501f454c85543dd8157b7b553a861e8,SPY,buy,market,new,1,gtc,0.0,1,stock,,,
2024-03-08 15:30:00-05:00,MyStrategy,8501f454c85543dd8157b7b553a861e8,SPY,buy,market,fill,1,gtc,0.0,1,stock,515.4600219726562,100.0,0.0
2024-03-11 09:30:00-04:00,MyStrategy,0ed9e261c95c4a63a37d43c6d2d7074d,SPY,buy,market,new,1,gtc,0.0,1,stock,,,
2024-03-11 09:30:00-04:00,MyStrategy,0ed9e261c95c4a63a37d43c6d2d7074d,SPY,buy,market,fill,1,gtc,0.0,1,stock,510.4800109863281,100.0,0.0
2024-03-11 12:30:00-04:00,MyStrategy,1deb3ca6520d45a38be25dcaf7625a83,SPY,buy,market,new,1,gtc,0.0,1,stock,,,
2024-03-11 12:30:00-04:00,MyStrategy,1deb3ca6520d45a38be25dcaf7625a83,SPY,buy,market,fill,1,gtc,0.0,1,stock,510.4800109863281,100.0,0.0
2024-03-11 15:30:00-04:00,MyStrategy,099649d7fd384a7d8c60f145c9be5e74,SPY,buy,market,new,1,gtc,0.0,1,stock,,,
2024-03-11 15:30:00-04:00,MyStrategy,099649d7fd384a7d8c60f145c9be5e74,SPY,buy,market,fill,1,gtc,0.0,1,stock,510.4800109863281,100.0,0.0
2024-03-12 09:30:00-04:00,MyStrategy,0b7b77c7ff0e484da561321be00e7b80,SPY,buy,market,new,1,gtc,0.0,1,stock,,,
2024-03-12 09:30:00-04:00,MyStrategy,0b7b77c7ff0e484da561321be00e7b80,SPY,buy,market,fill,1,gtc,0.0,1,stock,513.4500122070312,100.0,0.0
2024-03-12 12:30:00-04:00,MyStrategy,b6665bc62a534b1dbbd096206922bdf8,SPY,buy,market,new,1,gtc,0.0,1,stock,,,
2024-03-12 12:30:00-04:00,MyStrategy,b6665bc62a534b1dbbd096206922bdf8,SPY,buy,market,fill,1,gtc,0.0,1,stock,513.4500122070312,100.0,0.0
2024-03-12 15:30:00-04:00,MyStrategy,8b6839cec32a49bb9f17b0a3a38b8412,SPY,buy,market,new,1,gtc,0.0,1,stock,,,
2024-03-12 15:30:00-04:00,MyStrategy,8b6839cec32a49bb9f17b0a3a38b8412,SPY,buy,market,fill,1,gtc,0.0,1,stock,513.4500122070312,100.0,0.0
2024-03-13 09:30:00-04:00,MyStrategy,ef7fe6d23b1d47b2b4153a438e4ae37d,SPY,buy,market,new,1,gtc,0.0,1,stock,,,
2024-03-13 09:30:00-04:00,MyStrategy,ef7fe6d23b1d47b2b4153a438e4ae37d,SPY,buy,market,fill,1,gtc,0.0,1,stock,517.1099853515625,100.0,0.0
2024-03-13 12:30:00-04:00,MyStrategy,ba9a6e6f668f42408ffc0116db547112,SPY,buy,market,new,1,gtc,0.0,1,stock,,,
2024-03-13 12:30:00-04:00,MyStrategy,ba9a6e6f668f42408ffc0116db547112,SPY,buy,market,fill,1,gtc,0.0,1,stock,517.1099853515625,100.0,0.0
2024-03-13 15:30:00-04:00,MyStrategy,856f212cbe444a57b8afb8543947a66e,SPY,buy,market,new,1,gtc,0.0,1,stock,,,
2024-03-13 15:30:00-04:00,MyStrategy,856f212cbe444a57b8afb8543947a66e,SPY,buy,market,fill,1,gtc,0.0,1,stock,517.1099853515625,100.0,0.0
2024-03-14 09:30:00-04:00,MyStrategy,c93c774192ec4630b850f896666df5cb,SPY,buy,market,new,1,gtc,0.0,1,stock,,,
2024-03-14 09:30:00-04:00,MyStrategy,c93c774192ec4630b850f896666df5cb,SPY,buy,market,fill,1,gtc,0.0,1,stock,516.969970703125,100.0,0.0
2024-03-14 12:30:00-04:00,MyStrategy,ca60188054c4497b9719f8e0ed76bce9,SPY,buy,market,new,1,gtc,0.0,1,stock,,,
2024-03-14 12:30:00-04:00,MyStrategy,ca60188054c4497b9719f8e0ed76bce9,SPY,buy,market,fill,1,gtc,0.0,1,stock,516.969970703125,100.0,0.0
2024-03-14 15:30:00-04:00,MyStrategy,c7517700051d4f4788eaf83cb5aa5ad9,SPY,buy,market,new,1,gtc,0.0,1,stock,,,
2024-03-14 15:30:00-04:00,MyStrategy,c7517700051d4f4788eaf83cb5aa5ad9,SPY,buy,market,fill,1,gtc,0.0,1,stock,516.969970703125,100.0,0.0
2024-03-15 09:30:00-04:00,MyStrategy,ee6c83f3c05943e3bf7bf18d5f5966cf,SPY,buy,market,new,1,gtc,0.0,1,stock,,,
2024-03-15 09:30:00-04:00,MyStrategy,ee6c83f3c05943e3bf7bf18d5f5966cf,SPY,buy,market,fill,1,gtc,0.0,1,stock,510.2099914550781,100.0,0.0
2024-03-15 12:30:00-04:00,MyStrategy,6c53c3d2356049618be02012da36e763,SPY,buy,market,new,1,gtc,0.0,1,stock,,,
2024-03-15 12:30:00-04:00,MyStrategy,6c53c3d2356049618be02012da36e763,SPY,buy,market,fill,1,gtc,0.0,1,stock,510.2099914550781,100.0,0.0
2024-03-15 15:30:00-04:00,MyStrategy,769d81a6a5ad4bb6a8e1bde880d7d020,SPY,buy,market,new,1,gtc,0.0,1,stock,,,
2024-03-15 15:30:00-04:00,MyStrategy,769d81a6a5ad4bb6a8e1bde880d7d020,SPY,buy,market,fill,1,gtc,0.0,1,stock,510.2099914550781,100.0,0.0
2024-03-18 09:30:00-04:00,MyStrategy,9dd16ff847c6405aaa67101c48383e5c,SPY,buy,market,new,1,gtc,0.0,1,stock,,,
2024-03-18 09:30:00-04:00,MyStrategy,9dd16ff847c6405aaa67101c48383e5c,SPY,buy,market,fill,1,gtc,0.0,1,stock,514.0,100.0,0.0
2024-03-18 12:30:00-04:00,MyStrategy,87e2f484afb34257b2f802f3b0f937b6,SPY,buy,market,new,1,gtc,0.0,1,stock,,,
2024-03-18 12:30:00-04:00,MyStrategy,87e2f484afb34257b2f802f3b0f937b6,SPY,buy,market,fill,1,gtc,0.0,1,stock,514.0,100.0,0.0
2024-03-18 15:30:00-04:00,MyStrategy,393d57e7f1a8465d9eef59ce591b10e4,SPY,buy,market,new,1,gtc,0.0,1,stock,,,
2024-03-18 15:30:00-04:00,MyStrategy,393d57e7f1a8465d9eef59ce591b10e4,SPY,buy,market,fill,1,gtc,0.0,1,stock,514.0,100.0,0.0
2024-03-19 09:30:00-04:00,MyStrategy,9d0235dd00ee42deae107551b9bd2b57,SPY,buy,market,new,1,gtc,0.0,1,stock,,,
2024-03-19 09:30:00-04:00,MyStrategy,9d0235dd00ee42deae107551b9bd2b57,SPY,buy,market,fill,1,gtc,0.0,1,stock,512.1500244140625,100.0,0.0
2024-03-19 12:30:00-04:00,MyStrategy,8d83730f9cfd4fe3949314ccbc5fa993,SPY,buy,market,new,1,gtc,0.0,1,stock,,,
2024-03-19 12:30:00-04:00,MyStrategy,8d83730f9cfd4fe3949314ccbc5fa993,SPY,buy,market,fill,1,gtc,0.0,1,stock,512.1500244140625,100.0,0.0
2024-03-19 15:30:00-04:00,MyStrategy,9797e415336047ba8b773ef27a013576,SPY,buy,market,new,1,gtc,0.0,1,stock,,,
2024-03-19 15:30:00-04:00,MyStrategy,9797e415336047ba8b773ef27a013576,SPY,buy,market,fill,1,gtc,0.0,1,stock,512.1500244140625,100.0,0.0
2024-03-20 09:30:00-04:00,MyStrategy,6ad536eec6cd4d518d9c83a2eb17f517,SPY,buy,market,new,1,gtc,0.0,1,stock,,,
2024-03-20 09:30:00-04:00,MyStrategy,6ad536eec6cd4d518d9c83a2eb17f517,SPY,buy,market,fill,1,gtc,0.0,1,stock,515.77001953125,100.0,0.0
2024-03-20 12:30:00-04:00,MyStrategy,baf0ea2117ba46a78f8bbe0f5214470e,SPY,buy,market,new,1,gtc,0.0,1,stock,,,
2024-03-20 12:30:00-04:00,MyStrategy,baf0ea2117ba46a78f8bbe0f5214470e,SPY,buy,market,fill,1,gtc,0.0,1,stock,515.77001953125,100.0,0.0
2024-03-20 15:30:00-04:00,MyStrategy,7d8596f993fa4bd082f546c772dbdaea,SPY,buy,market,new,1,gtc,0.0,1,stock,,,
2024-03-20 15:30:00-04:00,MyStrategy,7d8596f993fa4bd082f546c772dbdaea,SPY,buy,market,fill,1,gtc,0.0,1,stock,515.77001953125,100.0,0.0
2024-03-21 09:30:00-04:00,MyStrategy,f700680fa1db4ece8a0a1b606e692870,SPY,buy,market,new,1,gtc,0.0,1,stock,,,
2024-03-21 09:30:00-04:00,MyStrategy,f700680fa1db4ece8a0a1b606e692870,SPY,buy,market,fill,1,gtc,0.0,1,stock,523.3900146484375,100.0,0.0
2024-03-21 12:30:00-04:00,MyStrategy,1c5b7c4537a04c27a3cde3d425083375,SPY,buy,market,new,1,gtc,0.0,1,stock,,,
2024-03-21 12:30:00-04:00,MyStrategy,1c5b7c4537a04c27a3cde3d425083375,SPY,buy,market,fill,1,gtc,0.0,1,stock,523.3900146484375,100.0,0.0
2024-03-21 15:30:00-04:00,MyStrategy,6719e25389ca4e0b8ebe7161b3cf0c78,SPY,buy,market,new,1,gtc,0.0,1,stock,,,
2024-03-21 15:30:00-04:00,MyStrategy,6719e25389ca4e0b8ebe7161b3cf0c78,SPY,buy,market,fill,1,gtc,0.0,1,stock,523.3900146484375,100.0,0.0
2024-03-22 09:30:00-04:00,MyStrategy,0402a08565c844d690badd3486bede6a,SPY,buy,market,new,1,gtc,0.0,1,stock,,,
2024-03-22 09:30:00-04:00,MyStrategy,0402a08565c844d690badd3486bede6a,SPY,buy,market,fill,1,gtc,0.0,1,stock,522.1099853515625,100.0,0.0
2024-03-22 12:30:00-04:00,MyStrategy,9cd611ea64aa43419bdacce23130c1ed,SPY,buy,market,new,1,gtc,0.0,1,stock,,,
2024-03-22 12:30:00-04:00,MyStrategy,9cd611ea64aa43419bdacce23130c1ed,SPY,buy,market,fill,1,gtc,0.0,1,stock,522.1099853515625,100.0,0.0
2024-03-22 15:30:00-04:00,MyStrategy,09654b944d9c4f5e9a5ad0f96c86cd87,SPY,buy,market,new,1,gtc,0.0,1,stock,,,
2024-03-22 15:30:00-04:00,MyStrategy,09654b944d9c4f5e9a5ad0f96c86cd87,SPY,buy,market,fill,1,gtc,0.0,1,stock,522.1099853515625,100.0,0.0
2024-03-25 09:30:00-04:00,MyStrategy,f4943ef0910040338bed4ff4d702dcf5,SPY,buy,market,new,1,gtc,0.0,1,stock,,,
2024-03-25 09:30:00-04:00,MyStrategy,f4943ef0910040338bed4ff4d702dcf5,SPY,buy,market,fill,1,gtc,0.0,1,stock,519.7999877929688,100.0,0.0
2024-03-25 12:30:00-04:00,MyStrategy,63a48c2ffd594185b0052ff4ba029ce1,SPY,buy,market,new,1,gtc,0.0,1,stock,,,
2024-03-25 12:30:00-04:00,MyStrategy,63a48c2ffd594185b0052ff4ba029ce1,SPY,buy,market,fill,1,gtc,0.0,1,stock,519.7999877929688,100.0,0.0
2024-03-25 15:30:00-04:00,MyStrategy,977b032eb810447ca77bed47bcbc3f87,SPY,buy,market,new,1,gtc,0.0,1,stock,,,
2024-03-25 15:30:00-04:00,MyStrategy,977b032eb810447ca77bed47bcbc3f87,SPY,buy,market,fill,1,gtc,0.0,1,stock,519.7999877929688,100.0,0.0
2024-03-26 09:30:00-04:00,MyStrategy,79e5c026a26c458e8b2a9321779dd0fc,SPY,buy,market,new,1,gtc,0.0,1,stock,,,
2024-03-26 09:30:00-04:00,MyStrategy,79e5c026a26c458e8b2a9321779dd0fc,SPY,buy,market,fill,1,gtc,0.0,1,stock,521.22998046875,100.0,0.0
2024-03-26 12:30:00-04:00,MyStrategy,68bcad84c55143869f0008cf3dae7196,SPY,buy,market,new,1,gtc,0.0,1,stock,,,
2024-03-26 12:30:00-04:00,MyStrategy,68bcad84c55143869f0008cf3dae7196,SPY,buy,market,fill,1,gtc,0.0,1,stock,521.22998046875,100.0,0.0
2024-03-26 15:30:00-04:00,MyStrategy,690f126d80df4631833beb36b06f5856,SPY,buy,market,new,1,gtc,0.0,1,stock,,,
2024-03-26 15:30:00-04:00,MyStrategy,690f126d80df4631833beb36b06f5856,SPY,buy,market,fill,1,gtc,0.0,1,stock,521.22998046875,100.0,0.0
2024-03-27 09:30:00-04:00,MyStrategy,39e30d565c284bf58c145088343a812c,SPY,buy,market,new,1,gtc,0.0,1,stock,,,
2024-03-27 09:30:00-04:00,MyStrategy,39e30d565c284bf58c145088343a812c,SPY,buy,market,fill,1,gtc,0.0,1,stock,521.7100219726562,100.0,0.0
2024-03-27 12:30:00-04:00,MyStrategy,cbda41ee9f5d4114831677e304dcd3de,SPY,buy,market,new,1,gtc,0.0,1,stock,,,
2024-03-27 12:30:00-04:00,MyStrategy,cbda41ee9f5d4114831677e304dcd3de,SPY,buy,market,fill,1,gtc,0.0,1,stock,521.7100219726562,100.0,0.0
2024-03-27 15:30:00-04:00,MyStrategy,c08511b9202445139ecbb9ff8b504f44,SPY,buy,market,new,1,gtc,0.0,1,stock,,,
2024-03-27 15:30:00-04:00,MyStrategy,c08511b9202445139ecbb9ff8b504f44,SPY,buy,market,fill,1,gtc,0.0,1,stock,521.7100219726562,100.0,0.0
2024-03-28 09:30:00-04:00,MyStrategy,11a82cf8c8854097a8b14cb961122a04,SPY,buy,market,new,1,gtc,0.0,1,stock,,,
2024-03-28 09:30:00-04:00,MyStrategy,11a82cf8c8854097a8b14cb961122a04,SPY,buy,market,fill,1,gtc,0.0,1,stock,523.2100219726562,100.0,0.0
2024-03-28 12:30:00-04:00,MyStrategy,39c19b873ca5483985fdf5afc765884c,SPY,buy,market,new,1,gtc,0.0,1,stock,,,
2024-03-28 12:30:00-04:00,MyStrategy,39c19b873ca5483985fdf5afc765884c,SPY,buy,market,fill,1,gtc,0.0,1,stock,523.2100219726562,100.0,0.0
2024-03-28 15:30:00-04:00,MyStrategy,e0333f3aeb084f4ca283931c5f68e8f4,SPY,buy,market,new,1,gtc,0.0,1,stock,,,
2024-03-28 15:30:00-04:00,MyStrategy,e0333f3aeb084f4ca283931c5f68e8f4,SPY,buy,market,fill,1,gtc,0.0,1,stock,523.2100219726562,100.0,0.0
2024-04-01 09:30:00-04:00,MyStrategy,eae5a59c1cd64e699539d4b56bbfe8f3,SPY,buy,market,new,1,gtc,0.0,1,stock,,,
2024-04-01 09:30:00-04:00,MyStrategy,eae5a59c1cd64e699539d4b56bbfe8f3,SPY,buy,market,fill,1,gtc,0.0,1,stock,523.8300170898438,100.0,0.0
2024-04-01 12:30:00-04:00,MyStrategy,638e3614d2184352a6cc4ce3ef1ef9f9,SPY,buy,market,new,1,gtc,0.0,1,stock,,,
2024-04-01 12:30:00-04:00,MyStrategy,638e3614d2184352a6cc4ce3ef1ef9f9,SPY,buy,market,fill,1,gtc,0.0,1,stock,523.8300170898438,100.0,0.0
2024-04-01 15:30:00-04:00,MyStrategy,e49f615cebaa4e7b9662bf818f4fb843,SPY,buy,market,new,1,gtc,0.0,1,stock,,,
2024-04-01 15:30:00-04:00,MyStrategy,e49f615cebaa4e7b9662bf818f4fb843,SPY,buy,market,fill,1,gtc,0.0,1,stock,523.8300170898438,100.0,0.0
2024-04-02 09:30:00-04:00,MyStrategy,d23c119489754807b3f77625a1056355,SPY,buy,market,new,1,gtc,0.0,1,stock,,,
2024-04-02 09:30:00-04:00,MyStrategy,d23c119489754807b3f77625a1056355,SPY,buy,market,fill,1,gtc,0.0,1,stock,518.239990234375,100.0,0.0
2024-04-02 12:30:00-04:00,MyStrategy,ae7e9fcd8cc24b07920da803606b6dde,SPY,buy,market,new,1,gtc,0.0,1,stock,,,
2024-04-02 12:30:00-04:00,MyStrategy,ae7e9fcd8cc24b07920da803606b6dde,SPY,buy,market,fill,1,gtc,0.0,1,stock,518.239990234375,100.0,0.0
2024-04-02 15:30:00-04:00,MyStrategy,c540cd87b71d45db8a18dbb80092d0d9,SPY,buy,market,new,1,gtc,0.0,1,stock,,,
2024-04-02 15:30:00-04:00,MyStrategy,c540cd87b71d45db8a18dbb80092d0d9,SPY,buy,market,fill,1,gtc,0.0,1,stock,518.239990234375,100.0,0.0
2024-04-03 09:30:00-04:00,MyStrategy,aead462b49d3457ca04efec85613ca8a,SPY,buy,market,new,1,gtc,0.0,1,stock,,,
2024-04-03 09:30:00-04:00,MyStrategy,aead462b49d3457ca04efec85613ca8a,SPY,buy,market,fill,1,gtc,0.0,1,stock,517.719970703125,100.0,0.0
2024-04-03 12:30:00-04:00,MyStrategy,c49ee986468245fa96d6c89fc24fe458,SPY,buy,market,new,1,gtc,0.0,1,stock,,,
2024-04-03 12:30:00-04:00,MyStrategy,c49ee986468245fa96d6c89fc24fe458,SPY,buy,market,fill,1,gtc,0.0,1,stock,517.719970703125,100.0,0.0
2024-04-03 15:30:00-04:00,MyStrategy,ecb7ded7efb14757bfec0b46f97bccb5,SPY,buy,market,new,1,gtc,0.0,1,stock,,,
2024-04-03 15:30:00-04:00,MyStrategy,ecb7ded7efb14757bfec0b46f97bccb5,SPY,buy,market,fill,1,gtc,0.0,1,stock,517.719970703125,100.0,0.0
2024-04-04 09:30:00-04:00,MyStrategy,0d14a947c64f426c8996c6047fe1f9e5,SPY,buy,market,new,1,gtc,0.0,1,stock,,,
2024-04-04 09:30:00-04:00,MyStrategy,0d14a947c64f426c8996c6047fe1f9e5,SPY,buy,market,fill,1,gtc,0.0,1,stock,523.52001953125,100.0,0.0
2024-04-04 12:30:00-04:00,MyStrategy,b06d2547b8a24dfda2f8cdf29f23785b,SPY,buy,market,new,1,gtc,0.0,1,stock,,,
2024-04-04 12:30:00-04:00,MyStrategy,b06d2547b8a24dfda2f8cdf29f23785b,SPY,buy,market,fill,1,gtc,0.0,1,stock,523.52001953125,100.0,0.0
2024-04-04 15:30:00-04:00,MyStrategy,71ca9bd070004323b63630b3ac0a4711,SPY,buy,market,new,1,gtc,0.0,1,stock,,,
2024-04-04 15:30:00-04:00,MyStrategy,71ca9bd070004323b63630b3ac0a4711,SPY,buy,market,fill,1,gtc,0.0,1,stock,523.52001953125,100.0,0.0
2024-04-05 09:30:00-04:00,MyStrategy,36b5efe49f2045e5aac5fcb351f6d64d,SPY,buy,market,new,1,gtc,0.0,1,stock,,,
2024-04-05 09:30:00-04:00,MyStrategy,36b5efe49f2045e5aac5fcb351f6d64d,SPY,buy,market,fill,1,gtc,0.0,1,stock,514.4600219726562,100.0,0.0
2024-04-05 12:30:00-04:00,MyStrategy,aa15bfa01c554d4286eb807c076cc10a,SPY,buy,market,new,1,gtc,0.0,1,stock,,,
2024-04-05 12:30:00-04:00,MyStrategy,aa15bfa01c554d4286eb807c076cc10a,SPY,buy,market,fill,1,gtc,0.0,1,stock,514.4600219726562,100.0,0.0
2024-04-05 15:30:00-04:00,MyStrategy,e3b12790e37a49ae81380a38be709f61,SPY,buy,market,new,1,gtc,0.0,1,stock,,,
2024-04-05 15:30:00-04:00,MyStrategy,e3b12790e37a49ae81380a38be709f61,SPY,buy,market,fill,1,gtc,0.0,1,stock,514.4600219726562,100.0,0.0
2024-04-08 09:30:00-04:00,MyStrategy,a0d8f91766984a598445114165de31c8,SPY,buy,market,new,1,gtc,0.0,1,stock,,,
2024-04-08 09:30:00-04:00,MyStrategy,a0d8f91766984a598445114165de31c8,SPY,buy,market,fill,1,gtc,0.0,1,stock,519.1500244140625,100.0,0.0
2024-04-08 12:30:00-04:00,MyStrategy,3caac5514e3240928698dc6120aa2e6c,SPY,buy,market,new,1,gtc,0.0,1,stock,,,
2024-04-08 12:30:00-04:00,MyStrategy,3caac5514e3240928698dc6120aa2e6c,SPY,buy,market,fill,1,gtc,0.0,1,stock,519.1500244140625,100.0,0.0
2024-04-08 15:30:00-04:00,MyStrategy,1872ebee043a465198a6976626503123,SPY,buy,market,new,1,gtc,0.0,1,stock,,,
2024-04-08 15:30:00-04:00,MyStrategy,1872ebee043a465198a6976626503123,SPY,buy,market,fill,1,gtc,0.0,1,stock,519.1500244140625,100.0,0.0
2024-04-09 09:30:00-04:00,MyStrategy,bec3bbc5e93240b5921034c09c0391bd,SPY,buy,market,new,1,gtc,0.0,1,stock,,,
2024-04-09 09:30:00-04:00,MyStrategy,bec3bbc5e93240b5921034c09c0391bd,SPY,buy,market,fill,1,gtc,0.0,1,stock,520.5,100.0,0.0
2024-04-09 12:30:00-04:00,MyStrategy,5ed198a871cf4604ac3aeaf792c57a05,SPY,buy,market,new,1,gtc,0.0,1,stock,,,
2024-04-09 12:30:00-04:00,MyStrategy,5ed198a871cf4604ac3aeaf792c57a05,SPY,buy,market,fill,1,gtc,0.0,1,stock,520.5,100.0,0.0
2024-04-09 15:30:00-04:00,MyStrategy,d770bf3ac94e44d0ab23cc39406b9aee,SPY,buy,market,new,1,gtc,0.0,1,stock,,,
2024-04-09 15:30:00-04:00,MyStrategy,d770bf3ac94e44d0ab23cc39406b9aee,SPY,buy,market,fill,1,gtc,0.0,1,stock,520.5,100.0,0.0
2024-04-10 09:30:00-04:00,MyStrategy,f0c9d5ed09da42f695f8d4fb15e31bd9,SPY,buy,market,new,1,gtc,0.0,1,stock,,,
2024-04-10 09:30:00-04:00,MyStrategy,f0c9d5ed09da42f695f8d4fb15e31bd9,SPY,buy,market,fill,1,gtc,0.0,1,stock,513.47998046875,100.0,0.0
2024-04-10 12:30:00-04:00,MyStrategy,41a6d1b181fa46fa8d2fe4799d297dde,SPY,buy,market,new,1,gtc,0.0,1,stock,,,
2024-04-10 12:30:00-04:00,MyStrategy,41a6d1b181fa46fa8d2fe4799d297dde,SPY,buy,market,fill,1,gtc,0.0,1,stock,513.47998046875,100.0,0.0
2024-04-10 15:30:00-04:00,MyStrategy,80b460bceb5b480791afe76051fb61ad,SPY,buy,market,new,1,gtc,0.0,1,stock,,,
2024-04-10 15:30:00-04:00,MyStrategy,80b460bceb5b480791afe76051fb61ad,SPY,buy,market,fill,1,gtc,0.0,1,stock,513.47998046875,100.0,0.0
2024-04-11 09:30:00-04:00,MyStrategy,164c88d75558406cbb8acd217ad26548,SPY,buy,market,new,1,gtc,0.0,1,stock,,,
2024-04-11 09:30:00-04:00,MyStrategy,164c88d75558406cbb8acd217ad26548,SPY,buy,market,fill,1,gtc,0.0,1,stock,515.6799926757812,100.0,0.0
2024-04-11 12:30:00-04:00,MyStrategy,8ceed04d3925432cbaf239d3304e0e9a,SPY,buy,market,new,1,gtc,0.0,1,stock,,,
2024-04-11 12:30:00-04:00,MyStrategy,8ceed04d3925432cbaf239d3304e0e9a,SPY,buy,market,fill,1,gtc,0.0,1,stock,515.6799926757812,100.0,0.0
2024-04-11 15:30:00-04:00,MyStrategy,8e12f6d6c09048a2825fb5cafed46c8b,SPY,buy,market,new,1,gtc,0.0,1,stock,,,
2024-04-11 15:30:00-04:00,MyStrategy,8e12f6d6c09048a2825fb5cafed46c8b,SPY,buy,market,fill,1,gtc,0.0,1,stock,515.6799926757812,100.0,0.0
2024-04-12 09:30:00-04:00,MyStrategy,653a002596cf45208806d2f66d86b4e5,SPY,buy,market,new,1,gtc,0.0,1,stock,,,
2024-04-12 09:30:00-04:00,MyStrategy,653a002596cf45208806d2f66d86b4e5,SPY,buy,market,fill,1,gtc,0.0,1,stock,514.3699951171875,100.0,0.0
2024-04-12 12:30:00-04:00,MyStrategy,9a0a40793c4b453ca92162ac2f72575d,SPY,buy,market,new,1,gtc,0.0,1,stock,,,
2024-04-12 12:30:00-04:00,MyStrategy,9a0a40793c4b453ca92162ac2f72575d,SPY,buy,market,fill,1,gtc,0.0,1,stock,514.3699951171875,100.0,0.0
2024-04-12 15:30:00-04:00,MyStrategy,b9ebdc96a2b0416382035d1082aff7ac,SPY,buy,market,new,1,gtc,0.0,1,stock,,,
2024-04-12 15:30:00-04:00,MyStrategy,b9ebdc96a2b0416382035d1082aff7ac,SPY,buy,market,fill,1,gtc,0.0,1,stock,514.3699951171875,100.0,0.0
2024-04-15 09:30:00-04:00,MyStrategy,55eac9cf9c7c49ed8f5969622c836e5f,SPY,buy,market,new,1,gtc,0.0,1,stock,,,
2024-04-15 09:30:00-04:00,MyStrategy,55eac9cf9c7c49ed8f5969622c836e5f,SPY,buy,market,fill,1,gtc,0.0,1,stock,515.1300048828125,100.0,0.0
2024-04-15 12:30:00-04:00,MyStrategy,9b81df8449ae4f16bff44aaefdb1f659,SPY,buy,market,new,1,gtc,0.0,1,stock,,,
2024-04-15 12:30:00-04:00,MyStrategy,9b81df8449ae4f16bff44aaefdb1f659,SPY,buy,market,fill,1,gtc,0.0,1,stock,515.1300048828125,100.0,0.0
2024-04-15 15:30:00-04:00,MyStrategy,c792efd7257c477c9738e490a314ecd7,SPY,buy,market,new,1,gtc,0.0,1,stock,,,
2024-04-15 15:30:00-04:00,MyStrategy,c792efd7257c477c9738e490a314ecd7,SPY,buy,market,fill,1,gtc,0.0,1,stock,515.1300048828125,100.0,0.0
2024-04-16 09:30:00-04:00,MyStrategy,057ae9096ce341459e6d91c821fc1fe1,SPY,buy,market,new,1,gtc,0.0,1,stock,,,
2024-04-16 09:30:00-04:00,MyStrategy,057ae9096ce341459e6d91c821fc1fe1,SPY,buy,market,fill,1,gtc,0.0,1,stock,504.94000244140625,100.0,0.0
2024-04-16 12:30:00-04:00,MyStrategy,6a55349e281044ccb2ecb7e6003f4fc9,SPY,buy,market,new,1,gtc,0.0,1,stock,,,
2024-04-16 12:30:00-04:00,MyStrategy,6a55349e281044ccb2ecb7e6003f4fc9,SPY,buy,market,fill,1,gtc,0.0,1,stock,504.94000244140625,100.0,0.0
2024-04-16 15:30:00-04:00,MyStrategy,33519453ef5b4367ab950beb8563e9e2,SPY,buy,market,new,1,gtc,0.0,1,stock,,,
2024-04-16 15:30:00-04:00,MyStrategy,33519453ef5b4367ab950beb8563e9e2,SPY,buy,market,fill,1,gtc,0.0,1,stock,504.94000244140625,100.0,0.0
2024-04-17 09:30:00-04:00,MyStrategy,51f76288c8414b2393037085fa2c2407,SPY,buy,market,new,1,gtc,0.0,1,stock,,,
2024-04-17 09:30:00-04:00,MyStrategy,51f76288c8414b2393037085fa2c2407,SPY,buy,market,fill,1,gtc,0.0,1,stock,506.04998779296875,100.0,0.0
2024-04-17 12:30:00-04:00,MyStrategy,05d61f0338924cc1a75dad0367a7168d,SPY,buy,market,new,1,gtc,0.0,1,stock,,,
2024-04-17 12:30:00-04:00,MyStrategy,05d61f0338924cc1a75dad0367a7168d,SPY,buy,market,fill,1,gtc,0.0,1,stock,506.04998779296875,100.0,0.0
2024-04-17 15:30:00-04:00,MyStrategy,23dd6589c3c449afb90c2a7fed09c266,SPY,buy,market,new,1,gtc,0.0,1,stock,,,
2024-04-17 15:30:00-04:00,MyStrategy,23dd6589c3c449afb90c2a7fed09c266,SPY,buy,market,fill,1,gtc,0.0,1,stock,506.04998779296875,100.0,0.0
2024-04-18 09:30:00-04:00,MyStrategy,0eeb744988454437979e640154f38858,SPY,buy,market,new,1,gtc,0.0,1,stock,,,
2024-04-18 09:30:00-04:00,MyStrategy,0eeb744988454437979e640154f38858,SPY,buy,market,fill,1,gtc,0.0,1,stock,501.9800109863281,100.0,0.0
2024-04-18 12:30:00-04:00,MyStrategy,c052d3b24ad44e9cbb2a0cc2841dd7bc,SPY,buy,market,new,1,gtc,0.0,1,stock,,,
2024-04-18 12:30:00-04:00,MyStrategy,c052d3b24ad44e9cbb2a0cc2841dd7bc,SPY,buy,market,fill,1,gtc,0.0,1,stock,501.9800109863281,100.0,0.0
2024-04-18 15:30:00-04:00,MyStrategy,1a4909ebb15d4468879a8e52f3b7f1aa,SPY,buy,market,new,1,gtc,0.0,1,stock,,,
2024-04-18 15:30:00-04:00,MyStrategy,1a4909ebb15d4468879a8e52f3b7f1aa,SPY,buy,market,fill,1,gtc,0.0,1,stock,501.9800109863281,100.0,0.0
2024-04-19 09:30:00-04:00,MyStrategy,d88f73b2a39e459c8d8fd12f9e14fcb4,SPY,buy,market,new,1,gtc,0.0,1,stock,,,
2024-04-19 09:30:00-04:00,MyStrategy,d88f73b2a39e459c8d8fd12f9e14fcb4,SPY,buy,market,fill,1,gtc,0.0,1,stock,499.44000244140625,100.0,0.0
2024-04-19 12:30:00-04:00,MyStrategy,bb493e1e498448ac81cb582dd7749509,SPY,buy,market,new,1,gtc,0.0,1,stock,,,
2024-04-19 12:30:00-04:00,MyStrategy,bb493e1e498448ac81cb582dd7749509,SPY,buy,market,fill,1,gtc,0.0,1,stock,499.44000244140625,100.0,0.0
2024-04-19 15:30:00-04:00,MyStrategy,c62f2ea1f6084064919f4920e89c857d,SPY,buy,market,new,1,gtc,0.0,1,stock,,,
2024-04-19 15:30:00-04:00,MyStrategy,c62f2ea1f6084064919f4920e89c857d,SPY,buy,market,fill,1,gtc,0.0,1,stock,499.44000244140625,100.0,0.0
2024-04-22 09:30:00-04:00,MyStrategy,e241bf0245974107a701ed5ec0e41c4c,SPY,buy,market,new,1,gtc,0.0,1,stock,,,
2024-04-22 09:30:00-04:00,MyStrategy,e241bf0245974107a701ed5ec0e41c4c,SPY,buy,market,fill,1,gtc,0.0,1,stock,497.8299865722656,100.0,0.0
2024-04-22 12:30:00-04:00,MyStrategy,7c84b4b5ab284964a1d70aff6db4c653,SPY,buy,market,new,1,gtc,0.0,1,stock,,,
2024-04-22 12:30:00-04:00,MyStrategy,7c84b4b5ab284964a1d70aff6db4c653,SPY,buy,market,fill,1,gtc,0.0,1,stock,497.8299865722656,100.0,0.0
2024-04-22 15:30:00-04:00,MyStrategy,933d54550cbe40e198274f4dbd8ae510,SPY,buy,market,new,1,gtc,0.0,1,stock,,,
2024-04-22 15:30:00-04:00,MyStrategy,933d54550cbe40e198274f4dbd8ae510,SPY,buy,market,fill,1,gtc,0.0,1,stock,497.8299865722656,100.0,0.0
2024-04-23 09:30:00-04:00,MyStrategy,e7c14d5dc55e44d0b84840a8980f6f53,SPY,buy,market,new,1,gtc,0.0,1,stock,,,
2024-04-23 09:30:00-04:00,MyStrategy,e7c14d5dc55e44d0b84840a8980f6f53,SPY,buy,market,fill,1,gtc,0.0,1,stock,501.7799987792969,100.0,0.0
2024-04-23 12:30:00-04:00,MyStrategy,d8cf9d7ef74e4ccc92b3de24b4c73700,SPY,buy,market,new,1,gtc,0.0,1,stock,,,
2024-04-23 12:30:00-04:00,MyStrategy,d8cf9d7ef74e4ccc92b3de24b4c73700,SPY,buy,market,fill,1,gtc,0.0,1,stock,501.7799987792969,100.0,0.0
2024-04-23 15:30:00-04:00,MyStrategy,400e6275a81f4e1dabb46fc540f7c247,SPY,buy,market,new,1,gtc,0.0,1,stock,,,
2024-04-23 15:30:00-04:00,MyStrategy,400e6275a81f4e1dabb46fc540f7c247,SPY,buy,market,fill,1,gtc,0.0,1,stock,501.7799987792969,100.0,0.0
2024-04-24 09:30:00-04:00,MyStrategy,39997d5edd1f48c79a5ff75dbf4452ce,SPY,buy,market,new,1,gtc,0.0,1,stock,,,
2024-04-24 09:30:00-04:00,MyStrategy,39997d5edd1f48c79a5ff75dbf4452ce,SPY,buy,market,fill,1,gtc,0.0,1,stock,506.55999755859375,100.0,0.0
2024-04-24 12:30:00-04:00,MyStrategy,cee03d8f24c44304b8e1705d5b818158,SPY,buy,market,new,1,gtc,0.0,1,stock,,,
2024-04-24 12:30:00-04:00,MyStrategy,cee03d8f24c44304b8e1705d5b818158,SPY,buy,market,fill,1,gtc,0.0,1,stock,506.55999755859375,100.0,0.0
2024-04-24 15:30:00-04:00,MyStrategy,ba05c771b22f45ab84de0db439a53860,SPY,buy,market,new,1,gtc,0.0,1,stock,,,
2024-04-24 15:30:00-04:00,MyStrategy,ba05c771b22f45ab84de0db439a53860,SPY,buy,market,fill,1,gtc,0.0,1,stock,506.55999755859375,100.0,0.0
2024-04-25 09:30:00-04:00,MyStrategy,4391e227d9fe41218320443bb7f8f26c,SPY,buy,market,new,1,gtc,0.0,1,stock,,,
2024-04-25 09:30:00-04:00,MyStrategy,4391e227d9fe41218320443bb7f8f26c,SPY,buy,market,fill,1,gtc,0.0,1,stock,499.17999267578125,100.0,0.0
2024-04-25 12:30:00-04:00,MyStrategy,b9840e6ffb224a44b052465359428bd2,SPY,buy,market,new,1,gtc,0.0,1,stock,,,
2024-04-25 12:30:00-04:00,MyStrategy,b9840e6ffb224a44b052465359428bd2,SPY,buy,market,fill,1,gtc,0.0,1,stock,499.17999267578125,100.0,0.0
2024-04-25 15:30:00-04:00,MyStrategy,c3f2fbaca9714ca3828d6e6db86e8055,SPY,buy,market,new,1,gtc,0.0,1,stock,,,
2024-04-25 15:30:00-04:00,MyStrategy,c3f2fbaca9714ca3828d6e6db86e8055,SPY,buy,market,fill,1,gtc,0.0,1,stock,499.17999267578125,100.0,0.0
2024-04-26 09:30:00-04:00,MyStrategy,4c9c104a2ba548b796906bb338edeaed,SPY,buy,market,new,1,gtc,0.0,1,stock,,,
2024-04-26 09:30:00-04:00,MyStrategy,4c9c104a2ba548b796906bb338edeaed,SPY,buy,market,fill,1,gtc,0.0,1,stock,506.3500061035156,100.0,0.0
2024-04-26 12:30:00-04:00,MyStrategy,33df21a867e6412cae50f01b7c29b89f,SPY,buy,market,new,1,gtc,0.0,1,stock,,,
2024-04-26 12:30:00-04:00,MyStrategy,33df21a867e6412cae50f01b7c29b89f,SPY,buy,market,fill,1,gtc,0.0,1,stock,506.3500061035156,100.0,0.0
2024-04-26 15:30:00-04:00,MyStrategy,7b2c38aa39534a46a8f692457dcaf219,SPY,buy,market,new,1,gtc,0.0,1,stock,,,
2024-04-26 15:30:00-04:00,MyStrategy,7b2c38aa39534a46a8f692457dcaf219,SPY,buy,market,fill,1,gtc,0.0,1,stock,506.3500061035156,100.0,0.0
2024-04-29 09:30:00-04:00,MyStrategy,a6699dfe8dd14ddf937cf0755a5c2e22,SPY,buy,market,new,1,gtc,0.0,1,stock,,,
2024-04-29 09:30:00-04:00,MyStrategy,a6699dfe8dd14ddf937cf0755a5c2e22,SPY,buy,market,fill,1,gtc,0.0,1,stock,510.0899963378906,100.0,0.0
2024-04-29 12:30:00-04:00,MyStrategy,b79c4a42e25b462385d1b814bf67f12f,SPY,buy,market,new,1,gtc,0.0,1,stock,,,
2024-04-29 12:30:00-04:00,MyStrategy,b79c4a42e25b462385d1b814bf67f12f,SPY,buy,market,fill,1,gtc,0.0,1,stock,510.0899963378906,100.0,0.0
2024-04-29 15:30:00-04:00,MyStrategy,30476ec634d84eb289a937b21b33b8a7,SPY,buy,market,new,1,gtc,0.0,1,stock,,,
2024-04-29 15:30:00-04:00,MyStrategy,30476ec634d84eb289a937b21b33b8a7,SPY,buy,market,fill,1,gtc,0.0,1,stock,510.0899963378906,100.0,0.0
2024-04-30 09:30:00-04:00,MyStrategy,86147b4b66bc487fb983e96da145e444,SPY,buy,market,new,1,gtc,0.0,1,stock,,,
2024-04-30 09:30:00-04:00,MyStrategy,86147b4b66bc487fb983e96da145e444,SPY,buy,market,fill,1,gtc,0.0,1,stock,508.55999755859375,100.0,0.0
2024-04-30 12:30:00-04:00,MyStrategy,e7a2f7cf64db41e898e1a806e3060004,SPY,buy,market,new,1,gtc,0.0,1,stock,,,
2024-04-30 12:30:00-04:00,MyStrategy,e7a2f7cf64db41e898e1a806e3060004,SPY,buy,market,fill,1,gtc,0.0,1,stock,508.55999755859375,100.0,0.0
2024-04-30 15:30:00-04:00,MyStrategy,41feef03cef2454c854e627ff161c05b,SPY,buy,market,new,1,gtc,0.0,1,stock,,,
2024-04-30 15:30:00-04:00,MyStrategy,41feef03cef2454c854e627ff161c05b,SPY,buy,market,fill,1,gtc,0.0,1,stock,508.55999755859375,100.0,0.0
2024-05-01 09:30:00-04:00,MyStrategy,acda61fcc1c14827a75be76aee1916d1,SPY,buy,market,new,1,gtc,0.0,1,stock,,,
2024-05-01 09:30:00-04:00,MyStrategy,acda61fcc1c14827a75be76aee1916d1,SPY,buy,market,fill,1,gtc,0.0,1,stock,501.3800048828125,100.0,0.0
2024-05-01 12:30:00-04:00,MyStrategy,8d1d543f460841dbb5a07ac006c05aad,SPY,buy,market,new,1,gtc,0.0,1,stock,,,
2024-05-01 12:30:00-04:00,MyStrategy,8d1d543f460841dbb5a07ac006c05aad,SPY,buy,market,fill,1,gtc,0.0,1,stock,501.3800048828125,100.0,0.0
2024-05-01 15:30:00-04:00,MyStrategy,c480eb31f3c2408d9bb050d946050033,SPY,buy,market,new,1,gtc,0.0,1,stock,,,
2024-05-01 15:30:00-04:00,MyStrategy,c480eb31f3c2408d9bb050d946050033,SPY,buy,market,fill,1,gtc,0.0,1,stock,501.3800048828125,100.0,0.0
2024-05-02 09:30:00-04:00,MyStrategy,0f3cf420315e49b39aab3c8d4b18ec60,SPY,buy,market,new,1,gtc,0.0,1,stock,,,
2024-05-02 09:30:00-04:00,MyStrategy,0f3cf420315e49b39aab3c8d4b18ec60,SPY,buy,market,fill,1,gtc,0.0,1,stock,504.1499938964844,100.0,0.0
2024-05-02 12:30:00-04:00,MyStrategy,9f25c3a8d3444219961e6bc2b7da7df4,SPY,buy,market,new,1,gtc,0.0,1,stock,,,
2024-05-02 12:30:00-04:00,MyStrategy,9f25c3a8d3444219961e6bc2b7da7df4,SPY,buy,market,fill,1,gtc,0.0,1,stock,504.1499938964844,100.0,0.0
2024-05-02 15:30:00-04:00,MyStrategy,82fcd3aa09154727992c180ff92d244a,SPY,buy,market,new,1,gtc,0.0,1,stock,,,
2024-05-02 15:30:00-04:00,MyStrategy,82fcd3aa09154727992c180ff92d244a,SPY,buy,market,fill,1,gtc,0.0,1,stock,504.1499938964844,100.0,0.0
2024-05-03 09:30:00-04:00,MyStrategy,8e1984e44da3404a8019c35e4f2ffe64,SPY,buy,market,new,1,gtc,0.0,1,stock,,,
2024-05-03 09:30:00-04:00,MyStrategy,8e1984e44da3404a8019c35e4f2ffe64,SPY,buy,market,fill,1,gtc,0.0,1,stock,511.1600036621094,100.0,0.0
2024-05-03 12:30:00-04:00,MyStrategy,b8d84827d4374225b0b97edc2e54a1cc,SPY,buy,market,new,1,gtc,0.0,1,stock,,,
2024-05-03 12:30:00-04:00,MyStrategy,b8d84827d4374225b0b97edc2e54a1cc,SPY,buy,market,fill,1,gtc,0.0,1,stock,511.1600036621094,100.0,0.0
2024-05-03 15:30:00-04:00,MyStrategy,3c26f6c5bb7d43cc9cbf5181fb12c266,SPY,buy,market,new,1,gtc,0.0,1,stock,,,
2024-05-03 15:30:00-04:00,MyStrategy,3c26f6c5bb7d43cc9cbf5181fb12c266,SPY,buy,market,fill,1,gtc,0.0,1,stock,511.1600036621094,100.0,0.0
2024-05-06 09:30:00-04:00,MyStrategy,7a21b787231c4eeab02cf0d3527f2c1b,SPY,buy,market,new,1,gtc,0.0,1,stock,,,
2024-05-06 09:30:00-04:00,MyStrategy,7a21b787231c4eeab02cf0d3527f2c1b,SPY,buy,market,fill,1,gtc,0.0,1,stock,513.75,100.0,0.0
2024-05-06 12:30:00-04:00,MyStrategy,4dd241cd9e9c4cbcab9ae14f18372b7e,SPY,buy,market,new,1,gtc,0.0,1,stock,,,
2024-05-06 12:30:00-04:00,MyStrategy,4dd241cd9e9c4cbcab9ae14f18372b7e,SPY,buy,market,fill,1,gtc,0.0,1,stock,513.75,100.0,0.0
2024-05-06 15:30:00-04:00,MyStrategy,1c57221ae9564676beb54ddecb148ebb,SPY,buy,market,new,1,gtc,0.0,1,stock,,,
2024-05-06 15:30:00-04:00,MyStrategy,1c57221ae9564676beb54ddecb148ebb,SPY,buy,market,fill,1,gtc,0.0,1,stock,513.75,100.0,0.0
2024-05-07 09:30:00-04:00,MyStrategy,a9146b0a970a4e9da0e4e6e9f2efdc26,SPY,buy,market,new,1,gtc,0.0,1,stock,,,
2024-05-07 09:30:00-04:00,MyStrategy,a9146b0a970a4e9da0e4e6e9f2efdc26,SPY,buy,market,fill,1,gtc,0.0,1,stock,517.5599975585938,100.0,0.0
2024-05-07 12:30:00-04:00,MyStrategy,e379f68ee4404089aa543e0df876316c,SPY,buy,market,new,1,gtc,0.0,1,stock,,,
2024-05-07 12:30:00-04:00,MyStrategy,e379f68ee4404089aa543e0df876316c,SPY,buy,market,fill,1,gtc,0.0,1,stock,517.5599975585938,100.0,0.0
2024-05-07 15:30:00-04:00,MyStrategy,7711138ba3cb4a049a6ac84b69568c3e,SPY,buy,market,new,1,gtc,0.0,1,stock,,,
2024-05-07 15:30:00-04:00,MyStrategy,7711138ba3cb4a049a6ac84b69568c3e,SPY,buy,market,fill,1,gtc,0.0,1,stock,517.5599975585938,100.0,0.0
2024-05-08 09:30:00-04:00,MyStrategy,155bc4e49f6d45d4a6044bc8b870e3c6,SPY,buy,market,new,1,gtc,0.0,1,stock,,,
2024-05-08 09:30:00-04:00,MyStrategy,155bc4e49f6d45d4a6044bc8b870e3c6,SPY,buy,market,fill,1,gtc,0.0,1,stock,515.260009765625,100.0,0.0
2024-05-08 12:30:00-04:00,MyStrategy,9794d299e798450382968d6f746b2dec,SPY,buy,market,new,1,gtc,0.0,1,stock,,,
2024-05-08 12:30:00-04:00,MyStrategy,9794d299e798450382968d6f746b2dec,SPY,buy,market,fill,1,gtc,0.0,1,stock,515.260009765625,100.0,0.0
2024-05-08 15:30:00-04:00,MyStrategy,4f7ad07066b24b3eaf2b4ded11f46c0b,SPY,buy,market,new,1,gtc,0.0,1,stock,,,
2024-05-08 15:30:00-04:00,MyStrategy,4f7ad07066b24b3eaf2b4ded11f46c0b,SPY,buy,market,fill,1,gtc,0.0,1,stock,515.260009765625,100.0,0.0
2024-05-09 09:30:00-04:00,MyStrategy,d9723032d4f54fe09ff0f6fc87087d24,SPY,buy,market,new,1,gtc,0.0,1,stock,,,
2024-05-09 09:30:00-04:00,MyStrategy,d9723032d4f54fe09ff0f6fc87087d24,SPY,buy,market,fill,1,gtc,0.0,1,stock,517.3800048828125,100.0,0.0
2024-05-09 12:30:00-04:00,MyStrategy,7606c78c5a844426aa6da5d2222265b0,SPY,buy,market,new,1,gtc,0.0,1,stock,,,
2024-05-09 12:30:00-04:00,MyStrategy,7606c78c5a844426aa6da5d2222265b0,SPY,buy,market,fill,1,gtc,0.0,1,stock,517.3800048828125,100.0,0.0
2024-05-09 15:30:00-04:00,MyStrategy,e14b6b75a5784a5692466b828e836a97,SPY,buy,market,new,1,gtc,0.0,1,stock,,,
2024-05-09 15:30:00-04:00,MyStrategy,e14b6b75a5784a5692466b828e836a97,SPY,buy,market,fill,1,gtc,0.0,1,stock,517.3800048828125,100.0,0.0
2024-05-10 09:30:00-04:00,MyStrategy,2f73656d65b14a69acebab27cf4e51b3,SPY,buy,market,new,1,gtc,0.0,1,stock,,,
2024-05-10 09:30:00-04:00,MyStrategy,2f73656d65b14a69acebab27cf4e51b3,SPY,buy,market,fill,1,gtc,0.0,1,stock,521.8099975585938,100.0,0.0
2024-05-10 12:30:00-04:00,MyStrategy,8530c9c512fb4870849182ca6005bb3d,SPY,buy,market,new,1,gtc,0.0,1,stock,,,
2024-05-10 12:30:00-04:00,MyStrategy,8530c9c512fb4870849182ca6005bb3d,SPY,buy,market,fill,1,gtc,0.0,1,stock,521.8099975585938,100.0,0.0
2024-05-10 15:30:00-04:00,MyStrategy,4a53670d80034b34abcd764da82b2a0a,SPY,buy,market,new,1,gtc,0.0,1,stock,,,
2024-05-10 15:30:00-04:00,MyStrategy,4a53670d80034b34abcd764da82b2a0a,SPY,buy,market,fill,1,gtc,0.0,1,stock,521.8099975585938,100.0,0.0
2024-05-13 09:30:00-04:00,MyStrategy,a344c25a1a154c2199f563bd85f7f4ec,SPY,buy,market,new,1,gtc,0.0,1,stock,,,
2024-05-13 09:30:00-04:00,MyStrategy,a344c25a1a154c2199f563bd85f7f4ec,SPY,buy,market,fill,1,gtc,0.0,1,stock,522.5599975585938,100.0,0.0
2024-05-13 12:30:00-04:00,MyStrategy,2025fbd1472d49fa8be40b763352fbc2,SPY,buy,market,new,1,gtc,0.0,1,stock,,,
2024-05-13 12:30:00-04:00,MyStrategy,2025fbd1472d49fa8be40b763352fbc2,SPY,buy,market,fill,1,gtc,0.0,1,stock,522.5599975585938,100.0,0.0
2024-05-13 15:30:00-04:00,MyStrategy,001d632f764e42519aa62eae6889beee,SPY,buy,market,new,1,gtc,0.0,1,stock,,,
2024-05-13 15:30:00-04:00,MyStrategy,001d632f764e42519aa62eae6889beee,SPY,buy,market,fill,1,gtc,0.0,1,stock,522.5599975585938,100.0,0.0
2024-05-14 09:30:00-04:00,MyStrategy,21be8b28c33f4b9397fd82add441535e,SPY,buy,market,new,1,gtc,0.0,1,stock,,,
2024-05-14 09:30:00-04:00,MyStrategy,21be8b28c33f4b9397fd82add441535e,SPY,buy,market,fill,1,gtc,0.0,1,stock,521.1099853515625,100.0,0.0
2024-05-14 12:30:00-04:00,MyStrategy,3637a5d06b034687ab8a465a37e4ce6f,SPY,buy,market,new,1,gtc,0.0,1,stock,,,
2024-05-14 12:30:00-04:00,MyStrategy,3637a5d06b034687ab8a465a37e4ce6f,SPY,buy,market,fill,1,gtc,0.0,1,stock,521.1099853515625,100.0,0.0
2024-05-14 15:30:00-04:00,MyStrategy,86c428a93a2e4e28b7e18616b30d48d6,SPY,buy,market,new,1,gtc,0.0,1,stock,,,
2024-05-14 15:30:00-04:00,MyStrategy,86c428a93a2e4e28b7e18616b30d48d6,SPY,buy,market,fill,1,gtc,0.0,1,stock,521.1099853515625,100.0,0.0
2024-05-15 09:30:00-04:00,MyStrategy,b898da79f7c8455fa0942eaeee151727,SPY,buy,market,new,1,gtc,0.0,1,stock,,,
2024-05-15 09:30:00-04:00,MyStrategy,b898da79f7c8455fa0942eaeee151727,SPY,buy,market,fill,1,gtc,0.0,1,stock,525.8300170898438,100.0,0.0
2024-05-15 12:30:00-04:00,MyStrategy,71ce9a15d1864a8eb3b4e3c8cccc10b5,SPY,buy,market,new,1,gtc,0.0,1,stock,,,
2024-05-15 12:30:00-04:00,MyStrategy,71ce9a15d1864a8eb3b4e3c8cccc10b5,SPY,buy,market,fill,1,gtc,0.0,1,stock,525.8300170898438,100.0,0.0
2024-05-15 15:30:00-04:00,MyStrategy,4bd82e968c2b4868ba24032a923a3209,SPY,buy,market,new,1,gtc,0.0,1,stock,,,
2024-05-15 15:30:00-04:00,MyStrategy,4bd82e968c2b4868ba24032a923a3209,SPY,buy,market,fill,1,gtc,0.0,1,stock,525.8300170898438,100.0,0.0
2024-05-16 09:30:00-04:00,MyStrategy,0915cca10fd94c688e09405eecf3aa83,SPY,buy,market,new,1,gtc,0.0,1,stock,,,
2024-05-16 09:30:00-04:00,MyStrategy,0915cca10fd94c688e09405eecf3aa83,SPY,buy,market,fill,1,gtc,0.0,1,stock,529.8800048828125,100.0,0.0
2024-05-16 12:30:00-04:00,MyStrategy,684f5862385947369580032a4db6f493,SPY,buy,market,new,1,gtc,0.0,1,stock,,,
2024-05-16 12:30:00-04:00,MyStrategy,684f5862385947369580032a4db6f493,SPY,buy,market,fill,1,gtc,0.0,1,stock,529.8800048828125,100.0,0.0
2024-05-16 15:30:00-04:00,MyStrategy,f06c5f21a6e24dddad358acec4a474f5,SPY,buy,market,new,1,gtc,0.0,1,stock,,,
2024-05-16 15:30:00-04:00,MyStrategy,f06c5f21a6e24dddad358acec4a474f5,SPY,buy,market,fill,1,gtc,0.0,1,stock,529.8800048828125,100.0,0.0
2024-05-17 09:30:00-04:00,MyStrategy,afb77f5638934c0683767197cfc5b217,SPY,buy,market,new,1,gtc,0.0,1,stock,,,
2024-05-17 09:30:00-04:00,MyStrategy,afb77f5638934c0683767197cfc5b217,SPY,buy,market,fill,1,gtc,0.0,1,stock,528.8099975585938,100.0,0.0
2024-05-17 12:30:00-04:00,MyStrategy,fc123cf8097b4750a0304af3bf1c2469,SPY,buy,market,new,1,gtc,0.0,1,stock,,,
2024-05-17 12:30:00-04:00,MyStrategy,fc123cf8097b4750a0304af3bf1c2469,SPY,buy,market,fill,1,gtc,0.0,1,stock,528.8099975585938,100.0,0.0
2024-05-17 15:30:00-04:00,MyStrategy,390e0032448a45f2949e4584507e5b7d,SPY,buy,market,new,1,gtc,0.0,1,stock,,,
2024-05-17 15:30:00-04:00,MyStrategy,390e0032448a45f2949e4584507e5b7d,SPY,buy,market,fill,1,gtc,0.0,1,stock,528.8099975585938,100.0,0.0
2024-05-20 09:30:00-04:00,MyStrategy,dbf149ff5a6b43fcb65a433540786b5b,SPY,buy,market,new,1,gtc,0.0,1,stock,,,
2024-05-20 09:30:00-04:00,MyStrategy,dbf149ff5a6b43fcb65a433540786b5b,SPY,buy,market,fill,1,gtc,0.0,1,stock,529.5700073242188,100.0,0.0
2024-05-20 12:30:00-04:00,MyStrategy,4d7a5908e3ff4efabbced64981bbae59,SPY,buy,market,new,1,gtc,0.0,1,stock,,,
2024-05-20 12:30:00-04:00,MyStrategy,4d7a5908e3ff4efabbced64981bbae59,SPY,buy,market,fill,1,gtc,0.0,1,stock,529.5700073242188,100.0,0.0
2024-05-20 15:30:00-04:00,MyStrategy,8a46f1b7ac5344cd901d444ec144e883,SPY,buy,market,new,1,gtc,0.0,1,stock,,,
2024-05-20 15:30:00-04:00,MyStrategy,8a46f1b7ac5344cd901d444ec144e883,SPY,buy,market,fill,1,gtc,0.0,1,stock,529.5700073242188,100.0,0.0
2024-05-21 09:30:00-04:00,MyStrategy,631a5c3493c741cb88cd4cb12c0d8c21,SPY,buy,market,new,1,gtc,0.0,1,stock,,,
2024-05-21 09:30:00-04:00,MyStrategy,631a5c3493c741cb88cd4cb12c0d8c21,SPY,buy,market,fill,1,gtc,0.0,1,stock,529.280029296875,100.0,0.0
2024-05-21 12:30:00-04:00,MyStrategy,eb4420919249497eb31256767d0e64b8,SPY,buy,market,new,1,gtc,0.0,1,stock,,,
2024-05-21 12:30:00-04:00,MyStrategy,eb4420919249497eb31256767d0e64b8,SPY,buy,market,fill,1,gtc,0.0,1,stock,529.280029296875,100.0,0.0
2024-05-21 15:30:00-04:00,MyStrategy,8d9ec980ca3641958cb11afcaf050284,SPY,buy,market,new,1,gtc,0.0,1,stock,,,
2024-05-21 15:30:00-04:00,MyStrategy,8d9ec980ca3641958cb11afcaf050284,SPY,buy,market,fill,1,gtc,0.0,1,stock,529.280029296875,100.0,0.0
2024-05-22 09:30:00-04:00,MyStrategy,7db2c6138fec4908a4c9f2b4dd336a4a,SPY,buy,market,new,1,gtc,0.0,1,stock,,,
2024-05-22 09:30:00-04:00,MyStrategy,7db2c6138fec4908a4c9f2b4dd336a4a,SPY,buy,market,fill,1,gtc,0.0,1,stock,530.6500244140625,100.0,0.0
2024-05-22 12:30:00-04:00,MyStrategy,2f33183778a447228aec719d1ce9acd5,SPY,buy,market,new,1,gtc,0.0,1,stock,,,
2024-05-22 12:30:00-04:00,MyStrategy,2f33183778a447228aec719d1ce9acd5,SPY,buy,market,fill,1,gtc,0.0,1,stock,530.6500244140625,100.0,0.0
2024-05-22 15:30:00-04:00,MyStrategy,a7b8f619525748deacf961b61638f439,SPY,buy,market,new,1,gtc,0.0,1,stock,,,
2024-05-22 15:30:00-04:00,MyStrategy,a7b8f619525748deacf961b61638f439,SPY,buy,market,fill,1,gtc,0.0,1,stock,530.6500244140625,100.0,0.0
2024-05-23 09:30:00-04:00,MyStrategy,9bfdf846c4e4448fb0fcad7676385987,SPY,buy,market,new,1,gtc,0.0,1,stock,,,
2024-05-23 09:30:00-04:00,MyStrategy,9bfdf846c4e4448fb0fcad7676385987,SPY,buy,market,fill,1,gtc,0.0,1,stock,532.9600219726562,100.0,0.0
2024-05-23 12:30:00-04:00,MyStrategy,d5ca62c89e154f6b936e05e9fbf05293,SPY,buy,market,new,1,gtc,0.0,1,stock,,,
2024-05-23 12:30:00-04:00,MyStrategy,d5ca62c89e154f6b936e05e9fbf05293,SPY,buy,market,fill,1,gtc,0.0,1,stock,532.9600219726562,100.0,0.0
2024-05-23 15:30:00-04:00,MyStrategy,66a37d93d83b49c69c52f185452972a8,SPY,buy,market,new,1,gtc,0.0,1,stock,,,
2024-05-23 15:30:00-04:00,MyStrategy,66a37d93d83b49c69c52f185452972a8,SPY,buy,market,fill,1,gtc,0.0,1,stock,532.9600219726562,100.0,0.0
2024-05-24 09:30:00-04:00,MyStrategy,9cfeb4fd00884d7d87ca27aae49916f0,SPY,buy,market,new,1,gtc,0.0,1,stock,,,
2024-05-24 09:30:00-04:00,MyStrategy,9cfeb4fd00884d7d87ca27aae49916f0,SPY,buy,market,fill,1,gtc,0.0,1,stock,527.8499755859375,100.0,0.0
2024-05-24 12:30:00-04:00,MyStrategy,ba8c71f0feb94e249c46b11c6c221936,SPY,buy,market,new,1,gtc,0.0,1,stock,,,
2024-05-24 12:30:00-04:00,MyStrategy,ba8c71f0feb94e249c46b11c6c221936,SPY,buy,market,fill,1,gtc,0.0,1,stock,527.8499755859375,100.0,0.0
2024-05-24 15:30:00-04:00,MyStrategy,e2760384fb73483db07f13a9c539b8cc,SPY,buy,market,new,1,gtc,0.0,1,stock,,,
2024-05-24 15:30:00-04:00,MyStrategy,e2760384fb73483db07f13a9c539b8cc,SPY,buy,market,fill,1,gtc,0.0,1,stock,527.8499755859375,100.0,0.0
2024-05-28 09:30:00-04:00,MyStrategy,d72727294a9648ddb1bdb4eb39282250,SPY,buy,market,new,1,gtc,0.0,1,stock,,,
2024-05-28 09:30:00-04:00,MyStrategy,d72727294a9648ddb1bdb4eb39282250,SPY,buy,market,fill,1,gtc,0.0,1,stock,530.27001953125,100.0,0.0
2024-05-28 12:30:00-04:00,MyStrategy,963c301371304e729ce7fbff43c24997,SPY,buy,market,new,1,gtc,0.0,1,stock,,,
2024-05-28 12:30:00-04:00,MyStrategy,963c301371304e729ce7fbff43c24997,SPY,buy,market,fill,1,gtc,0.0,1,stock,530.27001953125,100.0,0.0
2024-05-28 15:30:00-04:00,MyStrategy,815720ee57e84236a1248c6a13cd61b6,SPY,buy,market,new,1,gtc,0.0,1,stock,,,
2024-05-28 15:30:00-04:00,MyStrategy,815720ee57e84236a1248c6a13cd61b6,SPY,buy,market,fill,1,gtc,0.0,1,stock,530.27001953125,100.0,0.0
2024-05-29 09:30:00-04:00,MyStrategy,5b8a2ea8615742989219a0b00c9474b4,SPY,buy,market,new,1,gtc,0.0,1,stock,,,
2024-05-29 09:30:00-04:00,MyStrategy,5b8a2ea8615742989219a0b00c9474b4,SPY,buy,market,fill,1,gtc,0.0,1,stock,525.6799926757812,100.0,0.0
2024-05-29 12:30:00-04:00,MyStrategy,de8aed2240024a32959077533415e6de,SPY,buy,market,new,1,gtc,0.0,1,stock,,,
2024-05-29 12:30:00-04:00,MyStrategy,de8aed2240024a32959077533415e6de,SPY,buy,market,fill,1,gtc,0.0,1,stock,525.6799926757812,100.0,0.0
2024-05-29 15:30:00-04:00,MyStrategy,cc364d8977954b94827726c66df3a110,SPY,buy,market,new,1,gtc,0.0,1,stock,,,
2024-05-29 15:30:00-04:00,MyStrategy,cc364d8977954b94827726c66df3a110,SPY,buy,market,fill,1,gtc,0.0,1,stock,525.6799926757812,100.0,0.0
2024-05-30 09:30:00-04:00,MyStrategy,362d15ea7453416a9591bc4ce91c2d52,SPY,buy,market,new,1,gtc,0.0,1,stock,,,
2024-05-30 09:30:00-04:00,MyStrategy,362d15ea7453416a9591bc4ce91c2d52,SPY,buy,market,fill,1,gtc,0.0,1,stock,524.52001953125,100.0,0.0
2024-05-30 12:30:00-04:00,MyStrategy,7c042e03f31b42aaa545831d85129e5f,SPY,buy,market,new,1,gtc,0.0,1,stock,,,
2024-05-30 12:30:00-04:00,MyStrategy,7c042e03f31b42aaa545831d85129e5f,SPY,buy,market,fill,1,gtc,0.0,1,stock,524.52001953125,100.0,0.0
2024-05-30 15:30:00-04:00,MyStrategy,7ceb4a05088e49f99db1a44be6d1085d,SPY,buy,market,new,1,gtc,0.0,1,stock,,,
2024-05-30 15:30:00-04:00,MyStrategy,7ceb4a05088e49f99db1a44be6d1085d,SPY,buy,market,fill,1,gtc,0.0,1,stock,524.52001953125,100.0,0.0
2024-05-31 09:30:00-04:00,MyStrategy,902b8fb251df4f9485795efbe0660171,SPY,buy,market,new,1,gtc,0.0,1,stock,,,
2024-05-31 09:30:00-04:00,MyStrategy,902b8fb251df4f9485795efbe0660171,SPY,buy,market,fill,1,gtc,0.0,1,stock,523.5900268554688,100.0,0.0
2024-05-31 12:30:00-04:00,MyStrategy,5eac5726365c4dd5a98db9c6edc93ccd,SPY,buy,market,new,1,gtc,0.0,1,stock,,,
2024-05-31 12:30:00-04:00,MyStrategy,5eac5726365c4dd5a98db9c6edc93ccd,SPY,buy,market,fill,1,gtc,0.0,1,stock,523.5900268554688,100.0,0.0
2024-05-31 15:30:00-04:00,MyStrategy,0fac5329a7e34a939202ce0903bccddf,SPY,buy,market,new,1,gtc,0.0,1,stock,,,
2024-05-31 15:30:00-04:00,MyStrategy,0fac5329a7e34a939202ce0903bccddf,SPY,buy,market,fill,1,gtc,0.0,1,stock,523.5900268554688,100.0,0.0
2024-06-03 09:30:00-04:00,MyStrategy,32f9d945e45e4e3bab2d14e3c1c5085f,SPY,buy,market,new,1,gtc,0.0,1,stock,,,
2024-06-03 09:30:00-04:00,MyStrategy,32f9d945e45e4e3bab2d14e3c1c5085f,SPY,buy,market,fill,1,gtc,0.0,1,stock,529.02001953125,100.0,0.0
2024-06-03 12:30:00-04:00,MyStrategy,9fedc7cf50ca4e059d7c5741e6c77011,SPY,buy,market,new,1,gtc,0.0,1,stock,,,
2024-06-03 12:30:00-04:00,MyStrategy,9fedc7cf50ca4e059d7c5741e6c77011,SPY,buy,market,fill,1,gtc,0.0,1,stock,529.02001953125,100.0,0.0
2024-06-03 15:30:00-04:00,MyStrategy,6ec5a92005424bf79ac1c90df1137682,SPY,buy,market,new,1,gtc,0.0,1,stock,,,
2024-06-03 15:30:00-04:00,MyStrategy,6ec5a92005424bf79ac1c90df1137682,SPY,buy,market,fill,1,gtc,0.0,1,stock,529.02001953125,100.0,0.0
2024-06-04 09:30:00-04:00,MyStrategy,fd7ff4f37c3744c39fe15766b67a0755,SPY,buy,market,new,1,gtc,0.0,1,stock,,,
2024-06-04 09:30:00-04:00,MyStrategy,fd7ff4f37c3744c39fe15766b67a0755,SPY,buy,market,fill,1,gtc,0.0,1,stock,526.4600219726562,100.0,0.0
2024-06-04 12:30:00-04:00,MyStrategy,c1246b17823c44f783b1d4216724b100,SPY,buy,market,new,1,gtc,0.0,1,stock,,,
2024-06-04 12:30:00-04:00,MyStrategy,c1246b17823c44f783b1d4216724b100,SPY,buy,market,fill,1,gtc,0.0,1,stock,526.4600219726562,100.0,0.0
2024-06-04 15:30:00-04:00,MyStrategy,9777bc7374214b2c9619fef30c680511,SPY,buy,market,new,1,gtc,0.0,1,stock,,,
2024-06-04 15:30:00-04:00,MyStrategy,9777bc7374214b2c9619fef30c680511,SPY,buy,market,fill,1,gtc,0.0,1,stock,526.4600219726562,100.0,0.0
2024-06-05 09:30:00-04:00,MyStrategy,4e70038ddf744021b1221f4cfa25c26b,SPY,buy,market,new,1,gtc,0.0,1,stock,,,
2024-06-05 09:30:00-04:00,MyStrategy,4e70038ddf744021b1221f4cfa25c26b,SPY,buy,market,fill,1,gtc,0.0,1,stock,530.77001953125,100.0,0.0
2024-06-05 12:30:00-04:00,MyStrategy,ac2214bc924d4ab59c1c28e4a329e1a1,SPY,buy,market,new,1,gtc,0.0,1,stock,,,
2024-06-05 12:30:00-04:00,MyStrategy,ac2214bc924d4ab59c1c28e4a329e1a1,SPY,buy,market,fill,1,gtc,0.0,1,stock,530.77001953125,100.0,0.0
2024-06-05 15:30:00-04:00,MyStrategy,640edad1a54d41c6b2705683b0e7ee04,SPY,buy,market,new,1,gtc,0.0,1,stock,,,
2024-06-05 15:30:00-04:00,MyStrategy,640edad1a54d41c6b2705683b0e7ee04,SPY,buy,market,fill,1,gtc,0.0,1,stock,530.77001953125,100.0,0.0
2024-06-06 09:30:00-04:00,MyStrategy,6c039566463346d2b9c0f0a45543549a,SPY,buy,market,new,1,gtc,0.0,1,stock,,,
2024-06-06 09:30:00-04:00,MyStrategy,6c039566463346d2b9c0f0a45543549a,SPY,buy,market,fill,1,gtc,0.0,1,stock,534.97998046875,100.0,0.0
2024-06-06 12:30:00-04:00,MyStrategy,b2f0cf001dd148df816cfb213770b124,SPY,buy,market,new,1,gtc,0.0,1,stock,,,
2024-06-06 12:30:00-04:00,MyStrategy,b2f0cf001dd148df816cfb213770b124,SPY,buy,market,fill,1,gtc,0.0,1,stock,534.97998046875,100.0,0.0
2024-06-06 15:30:00-04:00,MyStrategy,a206f9da47674544be6403f86a084602,SPY,buy,market,new,1,gtc,0.0,1,stock,,,
2024-06-06 15:30:00-04:00,MyStrategy,a206f9da47674544be6403f86a084602,SPY,buy,market,fill,1,gtc,0.0,1,stock,534.97998046875,100.0,0.0
2024-06-07 09:30:00-04:00,MyStrategy,8a579e6611214e5eaeb9e8f76557428b,SPY,buy,market,new,1,gtc,0.0,1,stock,,,
2024-06-07 09:30:00-04:00,MyStrategy,8a579e6611214e5eaeb9e8f76557428b,SPY,buy,market,fill,1,gtc,0.0,1,stock,533.6599731445312,100.0,0.0
2024-06-07 12:30:00-04:00,MyStrategy,adac60d2c1e74ceaa2c4c98dbb9eca11,SPY,buy,market,new,1,gtc,0.0,1,stock,,,
2024-06-07 12:30:00-04:00,MyStrategy,adac60d2c1e74ceaa2c4c98dbb9eca11,SPY,buy,market,fill,1,gtc,0.0,1,stock,533.6599731445312,100.0,0.0
2024-06-07 15:30:00-04:00,MyStrategy,24aaf12018d14e6499177a34ee38b36d,SPY,buy,market,new,1,gtc,0.0,1,stock,,,
2024-06-07 15:30:00-04:00,MyStrategy,24aaf12018d14e6499177a34ee38b36d,SPY,buy,market,fill,1,gtc,0.0,1,stock,533.6599731445312,100.0,0.0
2024-06-10 09:30:00-04:00,MyStrategy,6df2369dd48a42719ef8367f8a587cdf,SPY,buy,market,new,1,gtc,0.0,1,stock,,,
2024-06-10 09:30:00-04:00,MyStrategy,6df2369dd48a42719ef8367f8a587cdf,SPY,buy,market,fill,1,gtc,0.0,1,stock,533.1799926757812,100.0,0.0
2024-06-10 12:30:00-04:00,MyStrategy,5635b846343843fcb355162a1c1d7525,SPY,buy,market,new,1,gtc,0.0,1,stock,,,
2024-06-10 12:30:00-04:00,MyStrategy,5635b846343843fcb355162a1c1d7525,SPY,buy,market,fill,1,gtc,0.0,1,stock,533.1799926757812,100.0,0.0
2024-06-10 15:30:00-04:00,MyStrategy,2f721030d8e44ce98ec0e0977c5995c8,SPY,buy,market,new,1,gtc,0.0,1,stock,,,
2024-06-10 15:30:00-04:00,MyStrategy,2f721030d8e44ce98ec0e0977c5995c8,SPY,buy,market,fill,1,gtc,0.0,1,stock,533.1799926757812,100.0,0.0
2024-06-11 09:30:00-04:00,MyStrategy,2332d7972cfa4e7a8ae447324b801618,SPY,buy,market,new,1,gtc,0.0,1,stock,,,
2024-06-11 09:30:00-04:00,MyStrategy,2332d7972cfa4e7a8ae447324b801618,SPY,buy,market,fill,1,gtc,0.0,1,stock,534.0700073242188,100.0,0.0
2024-06-11 12:30:00-04:00,MyStrategy,fa9004a2a7e346a58db52e5a1be2a078,SPY,buy,market,new,1,gtc,0.0,1,stock,,,
2024-06-11 12:30:00-04:00,MyStrategy,fa9004a2a7e346a58db52e5a1be2a078,SPY,buy,market,fill,1,gtc,0.0,1,stock,534.0700073242188,100.0,0.0
2024-06-11 15:30:00-04:00,MyStrategy,a2c08e7b33c342f5890d55d6f985ba12,SPY,buy,market,new,1,gtc,0.0,1,stock,,,
2024-06-11 15:30:00-04:00,MyStrategy,a2c08e7b33c342f5890d55d6f985ba12,SPY,buy,market,fill,1,gtc,0.0,1,stock,534.0700073242188,100.0,0.0
2024-06-12 09:30:00-04:00,MyStrategy,ee5f85968683414d9ab51a1ac19792f5,SPY,buy,market,new,1,gtc,0.0,1,stock,,,
2024-06-12 09:30:00-04:00,MyStrategy,ee5f85968683414d9ab51a1ac19792f5,SPY,buy,market,fill,1,gtc,0.0,1,stock,541.6300048828125,100.0,0.0
2024-06-12 12:30:00-04:00,MyStrategy,4f8f7729eeab4dc398f4fd0fc12004c6,SPY,buy,market,new,1,gtc,0.0,1,stock,,,
2024-06-12 12:30:00-04:00,MyStrategy,4f8f7729eeab4dc398f4fd0fc12004c6,SPY,buy,market,fill,1,gtc,0.0,1,stock,541.6300048828125,100.0,0.0
2024-06-12 15:30:00-04:00,MyStrategy,ef61dfdce77a40ebb0219eee3491becc,SPY,buy,market,new,1,gtc,0.0,1,stock,,,
2024-06-12 15:30:00-04:00,MyStrategy,ef61dfdce77a40ebb0219eee3491becc,SPY,buy,market,fill,1,gtc,0.0,1,stock,541.6300048828125,100.0,0.0
2024-06-13 09:30:00-04:00,MyStrategy,53eede24b0764f6b8580f333b8f81de3,SPY,buy,market,new,1,gtc,0.0,1,stock,,,
2024-06-13 09:30:00-04:00,MyStrategy,53eede24b0764f6b8580f333b8f81de3,SPY,buy,market,fill,1,gtc,0.0,1,stock,543.1500244140625,100.0,0.0
2024-06-13 12:30:00-04:00,MyStrategy,84095fc17f4f4be59db72ced2272c9ae,SPY,buy,market,new,1,gtc,0.0,1,stock,,,
2024-06-13 12:30:00-04:00,MyStrategy,84095fc17f4f4be59db72ced2272c9ae,SPY,buy,market,fill,1,gtc,0.0,1,stock,543.1500244140625,100.0,0.0
2024-06-13 15:30:00-04:00,MyStrategy,1321c338bd584b1d8ea5fd2d4e2baf2b,SPY,buy,market,new,1,gtc,0.0,1,stock,,,
2024-06-13 15:30:00-04:00,MyStrategy,1321c338bd584b1d8ea5fd2d4e2baf2b,SPY,buy,market,fill,1,gtc,0.0,1,stock,543.1500244140625,100.0,0.0
2024-06-14 09:30:00-04:00,MyStrategy,4bf59d63d48f4126b61d293745083df1,SPY,buy,market,new,1,gtc,0.0,1,stock,,,
2024-06-14 09:30:00-04:00,MyStrategy,4bf59d63d48f4126b61d293745083df1,SPY,buy,market,fill,1,gtc,0.0,1,stock,540.8800048828125,100.0,0.0
2024-06-14 12:30:00-04:00,MyStrategy,7b12b35e047e4d26b1e442bd66c77aa1,SPY,buy,market,new,1,gtc,0.0,1,stock,,,
2024-06-14 12:30:00-04:00,MyStrategy,7b12b35e047e4d26b1e442bd66c77aa1,SPY,buy,market,fill,1,gtc,0.0,1,stock,540.8800048828125,100.0,0.0
2024-06-14 15:30:00-04:00,MyStrategy,46dd5fa0e8964569b59fda7b04e01197,SPY,buy,market,new,1,gtc,0.0,1,stock,,,
2024-06-14 15:30:00-04:00,MyStrategy,46dd5fa0e8964569b59fda7b04e01197,SPY,buy,market,fill,1,gtc,0.0,1,stock,540.8800048828125,100.0,0.0
2024-06-17 09:30:00-04:00,MyStrategy,16f22d1f7d444d8a84dfa26fdc3cf2ed,SPY,buy,market,new,1,gtc,0.0,1,stock,,,
2024-06-17 09:30:00-04:00,MyStrategy,16f22d1f7d444d8a84dfa26fdc3cf2ed,SPY,buy,market,fill,1,gtc,0.0,1,stock,542.0800170898438,100.0,0.0
2024-06-17 12:30:00-04:00,MyStrategy,7b2e582dc73f44418916aa7f79ea5858,SPY,buy,market,new,1,gtc,0.0,1,stock,,,
2024-06-17 12:30:00-04:00,MyStrategy,7b2e582dc73f44418916aa7f79ea5858,SPY,buy,market,fill,1,gtc,0.0,1,stock,542.0800170898438,100.0,0.0
2024-06-17 15:30:00-04:00,MyStrategy,dbc125d793854694898dfcba5ade99ab,SPY,buy,market,new,1,gtc,0.0,1,stock,,,
2024-06-17 15:30:00-04:00,MyStrategy,dbc125d793854694898dfcba5ade99ab,SPY,buy,market,fill,1,gtc,0.0,1,stock,542.0800170898438,100.0,0.0
2024-06-18 09:30:00-04:00,MyStrategy,b7d3215cc84b44d49fd40ef333fb98e5,SPY,buy,market,new,1,gtc,0.0,1,stock,,,
2024-06-18 09:30:00-04:00,MyStrategy,b7d3215cc84b44d49fd40ef333fb98e5,SPY,buy,market,fill,1,gtc,0.0,1,stock,547.1599731445312,100.0,0.0
2024-06-18 12:30:00-04:00,MyStrategy,c3fc6bcc232f4c75a0c2fe0e5bfdfb49,SPY,buy,market,new,1,gtc,0.0,1,stock,,,
2024-06-18 12:30:00-04:00,MyStrategy,c3fc6bcc232f4c75a0c2fe0e5bfdfb49,SPY,buy,market,fill,1,gtc,0.0,1,stock,547.1599731445312,100.0,0.0
2024-06-18 15:30:00-04:00,MyStrategy,9e4ce103a8114153adcf0a9df95d45de,SPY,buy,market,new,1,gtc,0.0,1,stock,,,
2024-06-18 15:30:00-04:00,MyStrategy,9e4ce103a8114153adcf0a9df95d45de,SPY,buy,market,fill,1,gtc,0.0,1,stock,547.1599731445312,100.0,0.0
2024-06-20 09:30:00-04:00,MyStrategy,a56d40e6c180412a962116ac8739d1d6,SPY,buy,market,new,1,gtc,0.0,1,stock,,,
2024-06-20 09:30:00-04:00,MyStrategy,a56d40e6c180412a962116ac8739d1d6,SPY,buy,market,fill,1,gtc,0.0,1,stock,549.4400024414062,100.0,0.0
2024-06-20 12:30:00-04:00,MyStrategy,5f3df4c9b3ca4c9d90863247104d0502,SPY,buy,market,new,1,gtc,0.0,1,stock,,,
2024-06-20 12:30:00-04:00,MyStrategy,5f3df4c9b3ca4c9d90863247104d0502,SPY,buy,market,fill,1,gtc,0.0,1,stock,549.4400024414062,100.0,0.0
2024-06-20 15:30:00-04:00,MyStrategy,b0f18bf549594a02ab3bfd5f918221db,SPY,buy,market,new,1,gtc,0.0,1,stock,,,
2024-06-20 15:30:00-04:00,MyStrategy,b0f18bf549594a02ab3bfd5f918221db,SPY,buy,market,fill,1,gtc,0.0,1,stock,549.4400024414062,100.0,0.0
2024-06-21 09:30:00-04:00,MyStrategy,71f88bec90344c95bebe3dbb07770ba6,SPY,buy,market,new,1,gtc,0.0,1,stock,,,
2024-06-21 09:30:00-04:00,MyStrategy,71f88bec90344c95bebe3dbb07770ba6,SPY,buy,market,fill,1,gtc,0.0,1,stock,544.4000244140625,100.0,0.0
2024-06-21 12:30:00-04:00,MyStrategy,38d6416d376643c595cfa9e0e33fc846,SPY,buy,market,new,1,gtc,0.0,1,stock,,,
2024-06-21 12:30:00-04:00,MyStrategy,38d6416d376643c595cfa9e0e33fc846,SPY,buy,market,fill,1,gtc,0.0,1,stock,544.4000244140625,100.0,0.0
2024-06-21 15:30:00-04:00,MyStrategy,cb5fc4e691a84961ac357d095742b97c,SPY,buy,market,new,1,gtc,0.0,1,stock,,,
2024-06-21 15:30:00-04:00,MyStrategy,cb5fc4e691a84961ac357d095742b97c,SPY,buy,market,fill,1,gtc,0.0,1,stock,544.4000244140625,100.0,0.0
2024-06-24 09:30:00-04:00,MyStrategy,fb9edd93bd4440188e6c3d369c34719f,SPY,buy,market,new,1,gtc,0.0,1,stock,,,
2024-06-24 09:30:00-04:00,MyStrategy,fb9edd93bd4440188e6c3d369c34719f,SPY,buy,market,fill,1,gtc,0.0,1,stock,544.3300170898438,100.0,0.0
2024-06-24 12:30:00-04:00,MyStrategy,fbae4ea8842348a1983183df60e2f3f3,SPY,buy,market,new,1,gtc,0.0,1,stock,,,
2024-06-24 12:30:00-04:00,MyStrategy,fbae4ea8842348a1983183df60e2f3f3,SPY,buy,market,fill,1,gtc,0.0,1,stock,544.3300170898438,100.0,0.0
2024-06-24 15:30:00-04:00,MyStrategy,09f3a767059e42c2b26da9bb5ccc6120,SPY,buy,market,new,1,gtc,0.0,1,stock,,,
2024-06-24 15:30:00-04:00,MyStrategy,09f3a767059e42c2b26da9bb5ccc6120,SPY,buy,market,fill,1,gtc,0.0,1,stock,544.3300170898438,100.0,0.0
2024-06-25 09:30:00-04:00,MyStrategy,5deb41f30c374b6eb0a73dc3e933c3f5,SPY,buy,market,new,1,gtc,0.0,1,stock,,,
2024-06-25 09:30:00-04:00,MyStrategy,5deb41f30c374b6eb0a73dc3e933c3f5,SPY,buy,market,fill,1,gtc,0.0,1,stock,543.989990234375,100.0,0.0
2024-06-25 12:30:00-04:00,MyStrategy,d0d2b2f6b80e406f95ec5ff642fd9c13,SPY,buy,market,new,1,gtc,0.0,1,stock,,,
2024-06-25 12:30:00-04:00,MyStrategy,d0d2b2f6b80e406f95ec5ff642fd9c13,SPY,buy,market,fill,1,gtc,0.0,1,stock,543.989990234375,100.0,0.0
2024-06-25 15:30:00-04:00,MyStrategy,a99e5a26785b4f36a4c6b0575c5b1175,SPY,buy,market,new,1,gtc,0.0,1,stock,,,
2024-06-25 15:30:00-04:00,MyStrategy,a99e5a26785b4f36a4c6b0575c5b1175,SPY,buy,market,fill,1,gtc,0.0,1,stock,543.989990234375,100.0,0.0
2024-06-26 09:30:00-04:00,MyStrategy,9124b44b86c441f68ab65066fc64ee97,SPY,buy,market,new,1,gtc,0.0,1,stock,,,
2024-06-26 09:30:00-04:00,MyStrategy,9124b44b86c441f68ab65066fc64ee97,SPY,buy,market,fill,1,gtc,0.0,1,stock,543.6900024414062,100.0,0.0
2024-06-26 12:30:00-04:00,MyStrategy,5f2d15626f374d05934b592db09b9400,SPY,buy,market,new,1,gtc,0.0,1,stock,,,
2024-06-26 12:30:00-04:00,MyStrategy,5f2d15626f374d05934b592db09b9400,SPY,buy,market,fill,1,gtc,0.0,1,stock,543.6900024414062,100.0,0.0
2024-06-26 15:30:00-04:00,MyStrategy,a783ac87c7a047c98e36ca4cd0e20be2,SPY,buy,market,new,1,gtc,0.0,1,stock,,,
2024-06-26 15:30:00-04:00,MyStrategy,a783ac87c7a047c98e36ca4cd0e20be2,SPY,buy,market,fill,1,gtc,0.0,1,stock,543.6900024414062,100.0,0.0
2024-06-27 09:30:00-04:00,MyStrategy,194183b9a6114e069dde860370785d8b,SPY,buy,market,new,1,gtc,0.0,1,stock,,,
2024-06-27 09:30:00-04:00,MyStrategy,194183b9a6114e069dde860370785d8b,SPY,buy,market,fill,1,gtc,0.0,1,stock,545.3699951171875,100.0,0.0
2024-06-27 12:30:00-04:00,MyStrategy,608d3cd3952247bfaa88d2701b0e094b,SPY,buy,market,new,1,gtc,0.0,1,stock,,,
2024-06-27 12:30:00-04:00,MyStrategy,608d3cd3952247bfaa88d2701b0e094b,SPY,buy,market,fill,1,gtc,0.0,1,stock,545.3699951171875,100.0,0.0
2024-06-27 15:30:00-04:00,MyStrategy,53b30545d9d64c8e8d80b98d7a09f228,SPY,buy,market,new,1,gtc,0.0,1,stock,,,
2024-06-27 15:30:00-04:00,MyStrategy,53b30545d9d64c8e8d80b98d7a09f228,SPY,buy,market,fill,1,gtc,0.0,1,stock,545.3699951171875,100.0,0.0
2024-06-28 09:30:00-04:00,MyStrategy,35ed66ce711d4e92aa42f70725f635e7,SPY,buy,market,new,1,gtc,0.0,1,stock,,,
2024-06-28 09:30:00-04:00,MyStrategy,35ed66ce711d4e92aa42f70725f635e7,SPY,buy,market,fill,1,gtc,0.0,1,stock,547.1599731445312,100.0,0.0
2024-06-28 12:30:00-04:00,MyStrategy,f36d620c609947b5977ab98b1d6cb1ac,SPY,buy,market,new,1,gtc,0.0,1,stock,,,
2024-06-28 12:30:00-04:00,MyStrategy,f36d620c609947b5977ab98b1d6cb1ac,SPY,buy,market,fill,1,gtc,0.0,1,stock,547.1599731445312,100.0,0.0
2024-06-28 15:30:00-04:00,MyStrategy,b5d09f57739743d0a020aa01c6dfb93e,SPY,buy,market,new,1,gtc,0.0,1,stock,,,
2024-06-28 15:30:00-04:00,MyStrategy,b5d09f57739743d0a020aa01c6dfb93e,SPY,buy,market,fill,1,gtc,0.0,1,stock,547.1599731445312,100.0,0.0
2024-07-01 09:30:00-04:00,MyStrategy,efe237e1f6754e2b9363c7fa52719743,SPY,buy,market,new,1,gtc,0.0,1,stock,,,
2024-07-01 09:30:00-04:00,MyStrategy,efe237e1f6754e2b9363c7fa52719743,SPY,buy,market,fill,1,gtc,0.0,1,stock,545.6300048828125,100.0,0.0
2024-07-01 12:30:00-04:00,MyStrategy,a41ff985a33f4d0fa9b8c9b2aae11c7d,SPY,buy,market,new,1,gtc,0.0,1,stock,,,
2024-07-01 12:30:00-04:00,MyStrategy,a41ff985a33f4d0fa9b8c9b2aae11c7d,SPY,buy,market,fill,1,gtc,0.0,1,stock,545.6300048828125,100.0,0.0
2024-07-01 15:30:00-04:00,MyStrategy,91d2bd651d4e40b1bc515a2e24b8a140,SPY,buy,market,new,1,gtc,0.0,1,stock,,,
2024-07-01 15:30:00-04:00,MyStrategy,91d2bd651d4e40b1bc515a2e24b8a140,SPY,buy,market,fill,1,gtc,0.0,1,stock,545.6300048828125,100.0,0.0
2024-07-02 09:30:00-04:00,MyStrategy,bd85210f6e624a0c97943e98f461f43c,SPY,buy,market,new,1,gtc,0.0,1,stock,,,
2024-07-02 09:30:00-04:00,MyStrategy,bd85210f6e624a0c97943e98f461f43c,SPY,buy,market,fill,1,gtc,0.0,1,stock,543.7000122070312,100.0,0.0
2024-07-02 12:30:00-04:00,MyStrategy,0bcdecbf8d5144dd96111bda2ff6ce1b,SPY,buy,market,new,1,gtc,0.0,1,stock,,,
2024-07-02 12:30:00-04:00,MyStrategy,0bcdecbf8d5144dd96111bda2ff6ce1b,SPY,buy,market,fill,1,gtc,0.0,1,stock,543.7000122070312,100.0,0.0
2024-07-02 15:30:00-04:00,MyStrategy,934222f842424fc1ac3a9f16dbae854f,SPY,buy,market,new,1,gtc,0.0,1,stock,,,
2024-07-02 15:30:00-04:00,MyStrategy,934222f842424fc1ac3a9f16dbae854f,SPY,buy,market,fill,1,gtc,0.0,1,stock,543.7000122070312,100.0,0.0
2024-07-03 09:30:00-04:00,MyStrategy,ebf979393d2440ad896d53232902d230,SPY,buy,market,new,1,gtc,0.0,1,stock,,,
2024-07-03 09:30:00-04:00,MyStrategy,ebf979393d2440ad896d53232902d230,SPY,buy,market,fill,1,gtc,0.0,1,stock,548.6900024414062,100.0,0.0
2024-07-03 12:30:00-04:00,MyStrategy,28ba439830374468a9838b2b96f6290d,SPY,buy,market,new,1,gtc,0.0,1,stock,,,
2024-07-03 12:30:00-04:00,MyStrategy,28ba439830374468a9838b2b96f6290d,SPY,buy,market,fill,1,gtc,0.0,1,stock,548.6900024414062,100.0,0.0
2024-07-05 09:30:00-04:00,MyStrategy,39b63db3d8f547a5942b27fdec598c51,SPY,buy,market,new,1,gtc,0.0,1,stock,,,
2024-07-05 09:30:00-04:00,MyStrategy,39b63db3d8f547a5942b27fdec598c51,SPY,buy,market,fill,1,gtc,0.0,1,stock,551.77001953125,100.0,0.0
2024-07-05 12:30:00-04:00,MyStrategy,c1c2aa5399bf4bc28fae671cb0c07dd3,SPY,buy,market,new,1,gtc,0.0,1,stock,,,
2024-07-05 12:30:00-04:00,MyStrategy,c1c2aa5399bf4bc28fae671cb0c07dd3,SPY,buy,market,fill,1,gtc,0.0,1,stock,551.77001953125,100.0,0.0
2024-07-05 15:30:00-04:00,MyStrategy,8dcdb704546f4e55b77006045fa48bcb,SPY,buy,market,new,1,gtc,0.0,1,stock,,,
2024-07-05 15:30:00-04:00,MyStrategy,8dcdb704546f4e55b77006045fa48bcb,SPY,buy,market,fill,1,gtc,0.0,1,stock,551.77001953125,100.0,0.0
2024-07-08 09:30:00-04:00,MyStrategy,cbee269f85e4486ab3a7871946c06563,SPY,buy,market,new,1,gtc,0.0,1,stock,,,
2024-07-08 09:30:00-04:00,MyStrategy,cbee269f85e4486ab3a7871946c06563,SPY,buy,market,fill,1,gtc,0.0,1,stock,555.4400024414062,100.0,0.0
2024-07-08 12:30:00-04:00,MyStrategy,edba49e7c05a4f82b72b3e63615ae732,SPY,buy,market,new,1,gtc,0.0,1,stock,,,
2024-07-08 12:30:00-04:00,MyStrategy,edba49e7c05a4f82b72b3e63615ae732,SPY,buy,market,fill,1,gtc,0.0,1,stock,555.4400024414062,100.0,0.0
2024-07-08 15:30:00-04:00,MyStrategy,eef61946a7b64db5b288533951d1dd58,SPY,buy,market,new,1,gtc,0.0,1,stock,,,
2024-07-08 15:30:00-04:00,MyStrategy,eef61946a7b64db5b288533951d1dd58,SPY,buy,market,fill,1,gtc,0.0,1,stock,555.4400024414062,100.0,0.0
2024-07-09 09:30:00-04:00,MyStrategy,5dfbe1ca87fe40e8bc238710b624541f,SPY,buy,market,new,1,gtc,0.0,1,stock,,,
2024-07-09 09:30:00-04:00,MyStrategy,5dfbe1ca87fe40e8bc238710b624541f,SPY,buy,market,fill,1,gtc,0.0,1,stock,556.260009765625,100.0,0.0
2024-07-09 12:30:00-04:00,MyStrategy,69367626a1a7464fbc77f7b625d3ca6e,SPY,buy,market,new,1,gtc,0.0,1,stock,,,
2024-07-09 12:30:00-04:00,MyStrategy,69367626a1a7464fbc77f7b625d3ca6e,SPY,buy,market,fill,1,gtc,0.0,1,stock,556.260009765625,100.0,0.0
2024-07-09 15:30:00-04:00,MyStrategy,3963c46f3c1f4c2e8a0ead044fd51dad,SPY,buy,market,new,1,gtc,0.0,1,stock,,,
2024-07-09 15:30:00-04:00,MyStrategy,3963c46f3c1f4c2e8a0ead044fd51dad,SPY,buy,market,fill,1,gtc,0.0,1,stock,556.260009765625,100.0,0.0
2024-07-10 09:30:00-04:00,MyStrategy,d56109c033d14644a65fcd304201f5f9,SPY,buy,market,new,1,gtc,0.0,1,stock,,,
2024-07-10 09:30:00-04:00,MyStrategy,d56109c033d14644a65fcd304201f5f9,SPY,buy,market,fill,1,gtc,0.0,1,stock,557.0700073242188,100.0,0.0
2024-07-10 12:30:00-04:00,MyStrategy,b7044e16ab3d47a6b4f2ebb0f96c32e7,SPY,buy,market,new,1,gtc,0.0,1,stock,,,
2024-07-10 12:30:00-04:00,MyStrategy,b7044e16ab3d47a6b4f2ebb0f96c32e7,SPY,buy,market,fill,1,gtc,0.0,1,stock,557.0700073242188,100.0,0.0
2024-07-10 15:30:00-04:00,MyStrategy,764ee18f96be4b81bdf205015fb24528,SPY,buy,market,new,1,gtc,0.0,1,stock,,,
2024-07-10 15:30:00-04:00,MyStrategy,764ee18f96be4b81bdf205015fb24528,SPY,buy,market,fill,1,gtc,0.0,1,stock,557.0700073242188,100.0,0.0
2024-07-11 09:30:00-04:00,MyStrategy,46e3c3932c16443ea3f0f804f70c6c25,SPY,buy,market,new,1,gtc,0.0,1,stock,,,
2024-07-11 09:30:00-04:00,MyStrategy,46e3c3932c16443ea3f0f804f70c6c25,SPY,buy,market,fill,1,gtc,0.0,1,stock,561.4400024414062,100.0,0.0
2024-07-11 12:30:00-04:00,MyStrategy,d852dfbce42046c9bb3cbd4272207875,SPY,buy,market,new,1,gtc,0.0,1,stock,,,
2024-07-11 12:30:00-04:00,MyStrategy,d852dfbce42046c9bb3cbd4272207875,SPY,buy,market,fill,1,gtc,0.0,1,stock,561.4400024414062,100.0,0.0
2024-07-11 15:30:00-04:00,MyStrategy,24270845dfbd4dd0b98deb5ff414cfa3,SPY,buy,market,new,1,gtc,0.0,1,stock,,,
2024-07-11 15:30:00-04:00,MyStrategy,24270845dfbd4dd0b98deb5ff414cfa3,SPY,buy,market,fill,1,gtc,0.0,1,stock,561.4400024414062,100.0,0.0
2024-07-12 09:30:00-04:00,MyStrategy,396ca5d81d474ca694899fe52d472874,SPY,buy,market,new,1,gtc,0.0,1,stock,,,
2024-07-12 09:30:00-04:00,MyStrategy,396ca5d81d474ca694899fe52d472874,SPY,buy,market,fill,1,gtc,0.0,1,stock,557.6300048828125,100.0,0.0
2024-07-12 12:30:00-04:00,MyStrategy,b9665068f1654e9aa28d4a4186ffcaec,SPY,buy,market,new,1,gtc,0.0,1,stock,,,
2024-07-12 12:30:00-04:00,MyStrategy,b9665068f1654e9aa28d4a4186ffcaec,SPY,buy,market,fill,1,gtc,0.0,1,stock,557.6300048828125,100.0,0.0
2024-07-12 15:30:00-04:00,MyStrategy,d36df1f6a6ca4c21b42a4f1de661d450,SPY,buy,market,new,1,gtc,0.0,1,stock,,,
2024-07-12 15:30:00-04:00,MyStrategy,d36df1f6a6ca4c21b42a4f1de661d450,SPY,buy,market,fill,1,gtc,0.0,1,stock,557.6300048828125,100.0,0.0
2024-07-15 09:30:00-04:00,MyStrategy,fa7f0eddd3de49d48ad78bd597b8a053,SPY,buy,market,new,1,gtc,0.0,1,stock,,,
2024-07-15 09:30:00-04:00,MyStrategy,fa7f0eddd3de49d48ad78bd597b8a053,SPY,buy,market,fill,1,gtc,0.0,1,stock,562.030029296875,100.0,0.0
2024-07-15 12:30:00-04:00,MyStrategy,9902d80485b444fc9b73038f1b86528e,SPY,buy,market,new,1,gtc,0.0,1,stock,,,
2024-07-15 12:30:00-04:00,MyStrategy,9902d80485b444fc9b73038f1b86528e,SPY,buy,market,fill,1,gtc,0.0,1,stock,562.030029296875,100.0,0.0
2024-07-15 15:30:00-04:00,MyStrategy,bee586bcbb364dcf90a958eaed4d6ba6,SPY,buy,market,new,1,gtc,0.0,1,stock,,,
2024-07-15 15:30:00-04:00,MyStrategy,bee586bcbb364dcf90a958eaed4d6ba6,SPY,buy,market,fill,1,gtc,0.0,1,stock,562.030029296875,100.0,0.0
2024-07-16 09:30:00-04:00,MyStrategy,bf35d84f2b7344ee8d3d9e1cfffaf6e6,SPY,buy,market,new,1,gtc,0.0,1,stock,,,
2024-07-16 09:30:00-04:00,MyStrategy,bf35d84f2b7344ee8d3d9e1cfffaf6e6,SPY,buy,market,fill,1,gtc,0.0,1,stock,562.8699951171875,100.0,0.0
2024-07-16 12:30:00-04:00,MyStrategy,709214b8fada4ee4a109b7fe41ada758,SPY,buy,market,new,1,gtc,0.0,1,stock,,,
2024-07-16 12:30:00-04:00,MyStrategy,709214b8fada4ee4a109b7fe41ada758,SPY,buy,market,fill,1,gtc,0.0,1,stock,562.8699951171875,100.0,0.0
2024-07-16 15:30:00-04:00,MyStrategy,7a0c645e1ac7414a80510b53ac2cc089,SPY,buy,market,new,1,gtc,0.0,1,stock,,,
2024-07-16 15:30:00-04:00,MyStrategy,7a0c645e1ac7414a80510b53ac2cc089,SPY,buy,market,fill,1,gtc,0.0,1,stock,562.8699951171875,100.0,0.0
2024-07-17 09:30:00-04:00,MyStrategy,942a5b3f586741b09151d8428e75acd1,SPY,buy,market,new,1,gtc,0.0,1,stock,,,
2024-07-17 09:30:00-04:00,MyStrategy,942a5b3f586741b09151d8428e75acd1,SPY,buy,market,fill,1,gtc,0.0,1,stock,558.7999877929688,100.0,0.0
2024-07-17 12:30:00-04:00,MyStrategy,c959976080114f119295d2a30383cf9d,SPY,buy,market,new,1,gtc,0.0,1,stock,,,
2024-07-17 12:30:00-04:00,MyStrategy,c959976080114f119295d2a30383cf9d,SPY,buy,market,fill,1,gtc,0.0,1,stock,558.7999877929688,100.0,0.0
2024-07-17 15:30:00-04:00,MyStrategy,620a4917914a4f268c442042f186ed4d,SPY,buy,market,new,1,gtc,0.0,1,stock,,,
2024-07-17 15:30:00-04:00,MyStrategy,620a4917914a4f268c442042f186ed4d,SPY,buy,market,fill,1,gtc,0.0,1,stock,558.7999877929688,100.0,0.0
2024-07-18 09:30:00-04:00,MyStrategy,604f46e582c34a46b8294b1187efb432,SPY,buy,market,new,1,gtc,0.0,1,stock,,,
2024-07-18 09:30:00-04:00,MyStrategy,604f46e582c34a46b8294b1187efb432,SPY,buy,market,fill,1,gtc,0.0,1,stock,558.510009765625,100.0,0.0
2024-07-18 12:30:00-04:00,MyStrategy,fe64cded453448e1a65324ba95f69121,SPY,buy,market,new,1,gtc,0.0,1,stock,,,
2024-07-18 12:30:00-04:00,MyStrategy,fe64cded453448e1a65324ba95f69121,SPY,buy,market,fill,1,gtc,0.0,1,stock,558.510009765625,100.0,0.0
2024-07-18 15:30:00-04:00,MyStrategy,56ed008bfb6d4b11b516be46857f3242,SPY,buy,market,new,1,gtc,0.0,1,stock,,,
2024-07-18 15:30:00-04:00,MyStrategy,56ed008bfb6d4b11b516be46857f3242,SPY,buy,market,fill,1,gtc,0.0,1,stock,558.510009765625,100.0,0.0
2024-07-19 09:30:00-04:00,MyStrategy,e80251d37d4e4b58b716a4ed95f99fa4,SPY,buy,market,new,1,gtc,0.0,1,stock,,,
2024-07-19 09:30:00-04:00,MyStrategy,e80251d37d4e4b58b716a4ed95f99fa4,SPY,buy,market,fill,1,gtc,0.0,1,stock,552.4199829101562,100.0,0.0
2024-07-19 12:30:00-04:00,MyStrategy,fd7e21f43fd441fe894b79000633677a,SPY,buy,market,new,1,gtc,0.0,1,stock,,,
2024-07-19 12:30:00-04:00,MyStrategy,fd7e21f43fd441fe894b79000633677a,SPY,buy,market,fill,1,gtc,0.0,1,stock,552.4199829101562,100.0,0.0
2024-07-19 15:30:00-04:00,MyStrategy,d42177f6ae33432795ef016d2a2b6443,SPY,buy,market,new,1,gtc,0.0,1,stock,,,
2024-07-19 15:30:00-04:00,MyStrategy,d42177f6ae33432795ef016d2a2b6443,SPY,buy,market,fill,1,gtc,0.0,1,stock,552.4199829101562,100.0,0.0
2024-07-22 09:30:00-04:00,MyStrategy,2767bbfc6ad64f03867ed2e46035bd3a,SPY,buy,market,new,1,gtc,0.0,1,stock,,,
2024-07-22 09:30:00-04:00,MyStrategy,2767bbfc6ad64f03867ed2e46035bd3a,SPY,buy,market,fill,1,gtc,0.0,1,stock,553.0,100.0,0.0
2024-07-22 12:30:00-04:00,MyStrategy,6ce8a927b40d4b1c8e11d62b51868685,SPY,buy,market,new,1,gtc,0.0,1,stock,,,
2024-07-22 12:30:00-04:00,MyStrategy,6ce8a927b40d4b1c8e11d62b51868685,SPY,buy,market,fill,1,gtc,0.0,1,stock,553.0,100.0,0.0
2024-07-22 15:30:00-04:00,MyStrategy,bad7c6e075f0448292c9b61b3522fc33,SPY,buy,market,new,1,gtc,0.0,1,stock,,,
2024-07-22 15:30:00-04:00,MyStrategy,bad7c6e075f0448292c9b61b3522fc33,SPY,buy,market,fill,1,gtc,0.0,1,stock,553.0,100.0,0.0
2024-07-23 09:30:00-04:00,MyStrategy,034ba5d694c943fe9e8871cb62e2a525,SPY,buy,market,new,1,gtc,0.0,1,stock,,,
2024-07-23 09:30:00-04:00,MyStrategy,034ba5d694c943fe9e8871cb62e2a525,SPY,buy,market,fill,1,gtc,0.0,1,stock,554.5399780273438,100.0,0.0
2024-07-23 12:30:00-04:00,MyStrategy,f7529f569be24358bbe0f1c277d967a5,SPY,buy,market,new,1,gtc,0.0,1,stock,,,
2024-07-23 12:30:00-04:00,MyStrategy,f7529f569be24358bbe0f1c277d967a5,SPY,buy,market,fill,1,gtc,0.0,1,stock,554.5399780273438,100.0,0.0
2024-07-23 15:30:00-04:00,MyStrategy,3309b3d7150c4cec9739243cb42ee9cf,SPY,buy,market,new,1,gtc,0.0,1,stock,,,
2024-07-23 15:30:00-04:00,MyStrategy,3309b3d7150c4cec9739243cb42ee9cf,SPY,buy,market,fill,1,gtc,0.0,1,stock,554.5399780273438,100.0,0.0
2024-07-24 09:30:00-04:00,MyStrategy,f45224f7c69f4b8da706d8fb64e336a2,SPY,buy,market,new,1,gtc,0.0,1,stock,,,
2024-07-24 09:30:00-04:00,MyStrategy,f45224f7c69f4b8da706d8fb64e336a2,SPY,buy,market,fill,1,gtc,0.0,1,stock,548.8599853515625,100.0,0.0
2024-07-24 12:30:00-04:00,MyStrategy,77f10b8b48024121abb9d2a66f227437,SPY,buy,market,new,1,gtc,0.0,1,stock,,,
2024-07-24 12:30:00-04:00,MyStrategy,77f10b8b48024121abb9d2a66f227437,SPY,buy,market,fill,1,gtc,0.0,1,stock,548.8599853515625,100.0,0.0
2024-07-24 15:30:00-04:00,MyStrategy,50795e6d0ce241d2b1e4fe3f04a3347f,SPY,buy,market,new,1,gtc,0.0,1,stock,,,
2024-07-24 15:30:00-04:00,MyStrategy,50795e6d0ce241d2b1e4fe3f04a3347f,SPY,buy,market,fill,1,gtc,0.0,1,stock,548.8599853515625,100.0,0.0
2024-07-25 09:30:00-04:00,MyStrategy,4e67ef1bcd1c4794ad9b1dcaa1b6756d,SPY,buy,market,new,1,gtc,0.0,1,stock,,,
2024-07-25 09:30:00-04:00,MyStrategy,4e67ef1bcd1c4794ad9b1dcaa1b6756d,SPY,buy,market,fill,1,gtc,0.0,1,stock,541.3499755859375,100.0,0.0
2024-07-25 12:30:00-04:00,MyStrategy,51d5d31923dc42c989d3b26109317507,SPY,buy,market,new,1,gtc,0.0,1,stock,,,
2024-07-25 12:30:00-04:00,MyStrategy,51d5d31923dc42c989d3b26109317507,SPY,buy,market,fill,1,gtc,0.0,1,stock,541.3499755859375,100.0,0.0
2024-07-25 15:30:00-04:00,MyStrategy,e4eed425f7c64630bd9b34ce4252cc1a,SPY,buy,market,new,1,gtc,0.0,1,stock,,,
2024-07-25 15:30:00-04:00,MyStrategy,e4eed425f7c64630bd9b34ce4252cc1a,SPY,buy,market,fill,1,gtc,0.0,1,stock,541.3499755859375,100.0,0.0
2024-07-26 09:30:00-04:00,MyStrategy,a743417bf65a485b90617bde381c31cd,SPY,buy,market,new,1,gtc,0.0,1,stock,,,
2024-07-26 09:30:00-04:00,MyStrategy,a743417bf65a485b90617bde381c31cd,SPY,buy,market,fill,1,gtc,0.0,1,stock,542.280029296875,100.0,0.0
2024-07-26 12:30:00-04:00,MyStrategy,26a1106fc53a4cefa1915d75147f863d,SPY,buy,market,new,1,gtc,0.0,1,stock,,,
2024-07-26 12:30:00-04:00,MyStrategy,26a1106fc53a4cefa1915d75147f863d,SPY,buy,market,fill,1,gtc,0.0,1,stock,542.280029296875,100.0,0.0
2024-07-26 15:30:00-04:00,MyStrategy,c95a7813bcc14211bb2ef909fd1253ac,SPY,buy,market,new,1,gtc,0.0,1,stock,,,
2024-07-26 15:30:00-04:00,MyStrategy,c95a7813bcc14211bb2ef909fd1253ac,SPY,buy,market,fill,1,gtc,0.0,1,stock,542.280029296875,100.0,0.0
2024-07-29 09:30:00-04:00,MyStrategy,b938c0796e034e65bc371168fd21b384,SPY,buy,market,new,1,gtc,0.0,1,stock,,,
2024-07-29 09:30:00-04:00,MyStrategy,b938c0796e034e65bc371168fd21b384,SPY,buy,market,fill,1,gtc,0.0,1,stock,546.02001953125,100.0,0.0
2024-07-29 12:30:00-04:00,MyStrategy,a8340d1a79704641a19b83b535220341,SPY,buy,market,new,1,gtc,0.0,1,stock,,,
2024-07-29 12:30:00-04:00,MyStrategy,a8340d1a79704641a19b83b535220341,SPY,buy,market,fill,1,gtc,0.0,1,stock,546.02001953125,100.0,0.0
2024-07-29 15:30:00-04:00,MyStrategy,9ab1815032df4c55b9d48f253cab7720,SPY,buy,market,new,1,gtc,0.0,1,stock,,,
2024-07-29 15:30:00-04:00,MyStrategy,9ab1815032df4c55b9d48f253cab7720,SPY,buy,market,fill,1,gtc,0.0,1,stock,546.02001953125,100.0,0.0
2024-07-30 09:30:00-04:00,MyStrategy,d0ecbf31eedd4834890cf49221ed0111,SPY,buy,market,new,1,gtc,0.0,1,stock,,,
2024-07-30 09:30:00-04:00,MyStrategy,d0ecbf31eedd4834890cf49221ed0111,SPY,buy,market,fill,1,gtc,0.0,1,stock,546.260009765625,100.0,0.0
2024-07-30 12:30:00-04:00,MyStrategy,f0ec31f0165c492d88874aa34ed26643,SPY,buy,market,new,1,gtc,0.0,1,stock,,,
2024-07-30 12:30:00-04:00,MyStrategy,f0ec31f0165c492d88874aa34ed26643,SPY,buy,market,fill,1,gtc,0.0,1,stock,546.260009765625,100.0,0.0
2024-07-30 15:30:00-04:00,MyStrategy,9589e2a99b4147d78615a5323447168f,SPY,buy,market,new,1,gtc,0.0,1,stock,,,
2024-07-30 15:30:00-04:00,MyStrategy,9589e2a99b4147d78615a5323447168f,SPY,buy,market,fill,1,gtc,0.0,1,stock,546.260009765625,100.0,0.0
2024-07-31 09:30:00-04:00,MyStrategy,bc04a5b2e3b54ff28362779f49bfa7a4,SPY,buy,market,new,1,gtc,0.0,1,stock,,,
2024-07-31 09:30:00-04:00,MyStrategy,bc04a5b2e3b54ff28362779f49bfa7a4,SPY,buy,market,fill,1,gtc,0.0,1,stock,548.97998046875,100.0,0.0
2024-07-31 12:30:00-04:00,MyStrategy,92baaa735dc04f53bf0b86dc8ab24d85,SPY,buy,market,new,1,gtc,0.0,1,stock,,,
2024-07-31 12:30:00-04:00,MyStrategy,92baaa735dc04f53bf0b86dc8ab24d85,SPY,buy,market,fill,1,gtc,0.0,1,stock,548.97998046875,100.0,0.0
2024-07-31 15:30:00-04:00,MyStrategy,0ed557ca8d954ca6827068c980315962,SPY,buy,market,new,1,gtc,0.0,1,stock,,,
2024-07-31 15:30:00-04:00,MyStrategy,0ed557ca8d954ca6827068c980315962,SPY,buy,market,fill,1,gtc,0.0,1,stock,548.97998046875,100.0,0.0
2024-08-01 09:30:00-04:00,MyStrategy,7a0ea604405e40ca968471f1f3f351aa,SPY,buy,market,new,1,gtc,0.0,1,stock,,,
2024-08-01 09:30:00-04:00,MyStrategy,7a0ea604405e40ca968471f1f3f351aa,SPY,buy,market,fill,1,gtc,0.0,1,stock,552.5700073242188,100.0,0.0
2024-08-01 12:30:00-04:00,MyStrategy,c0ab7f6c6ede4d51afbf09c98ae623c9,SPY,buy,market,new,1,gtc,0.0,1,stock,,,
2024-08-01 12:30:00-04:00,MyStrategy,c0ab7f6c6ede4d51afbf09c98ae623c9,SPY,buy,market,fill,1,gtc,0.0,1,stock,552.5700073242188,100.0,0.0
2024-08-01 15:30:00-04:00,MyStrategy,eb2ad665112340bca429a0b3230a8520,SPY,buy,market,new,1,gtc,0.0,1,stock,,,
2024-08-01 15:30:00-04:00,MyStrategy,eb2ad665112340bca429a0b3230a8520,SPY,buy,market,fill,1,gtc,0.0,1,stock,552.5700073242188,100.0,0.0
2024-08-02 09:30:00-04:00,MyStrategy,d8775bf0101b45cab62e094dbaadd4a0,SPY,buy,market,new,1,gtc,0.0,1,stock,,,
2024-08-02 09:30:00-04:00,MyStrategy,d8775bf0101b45cab62e094dbaadd4a0,SPY,buy,market,fill,1,gtc,0.0,1,stock,535.75,100.0,0.0
2024-08-02 12:30:00-04:00,MyStrategy,48c4c02ab2484f558ebc2925755fddc8,SPY,buy,market,new,1,gtc,0.0,1,stock,,,
2024-08-02 12:30:00-04:00,MyStrategy,48c4c02ab2484f558ebc2925755fddc8,SPY,buy,market,fill,1,gtc,0.0,1,stock,535.75,100.0,0.0
2024-08-02 15:30:00-04:00,MyStrategy,4bce3be52a8144f98e7275fd4a117b50,SPY,buy,market,new,1,gtc,0.0,1,stock,,,
2024-08-02 15:30:00-04:00,MyStrategy,4bce3be52a8144f98e7275fd4a117b50,SPY,buy,market,fill,1,gtc,0.0,1,stock,535.75,100.0,0.0
2024-08-05 09:30:00-04:00,MyStrategy,8c7688b56122487eaa199f4acba56705,SPY,buy,market,new,1,gtc,0.0,1,stock,,,
2024-08-05 09:30:00-04:00,MyStrategy,8c7688b56122487eaa199f4acba56705,SPY,buy,market,fill,1,gtc,0.0,1,stock,511.6400146484375,100.0,0.0
2024-08-05 12:30:00-04:00,MyStrategy,7ad0650f39dd4ad6a5c51f17cb0600a3,SPY,buy,market,new,1,gtc,0.0,1,stock,,,
2024-08-05 12:30:00-04:00,MyStrategy,7ad0650f39dd4ad6a5c51f17cb0600a3,SPY,buy,market,fill,1,gtc,0.0,1,stock,511.6400146484375,100.0,0.0
2024-08-05 15:30:00-04:00,MyStrategy,a47568d6e35541e8b4839de0a2d4ea66,SPY,buy,market,new,1,gtc,0.0,1,stock,,,
2024-08-05 15:30:00-04:00,MyStrategy,a47568d6e35541e8b4839de0a2d4ea66,SPY,buy,market,fill,1,gtc,0.0,1,stock,511.6400146484375,100.0,0.0
2024-08-06 09:30:00-04:00,MyStrategy,23ab024f9e8943fe80dca26d36949c8c,SPY,buy,market,new,1,gtc,0.0,1,stock,,,
2024-08-06 09:30:00-04:00,MyStrategy,23ab024f9e8943fe80dca26d36949c8c,SPY,buy,market,fill,1,gtc,0.0,1,stock,519.219970703125,100.0,0.0
2024-08-06 12:30:00-04:00,MyStrategy,e3eed845ec4c4c8caa9b556ea3f7a8cc,SPY,buy,market,new,1,gtc,0.0,1,stock,,,
2024-08-06 12:30:00-04:00,MyStrategy,e3eed845ec4c4c8caa9b556ea3f7a8cc,SPY,buy,market,fill,1,gtc,0.0,1,stock,519.219970703125,100.0,0.0
2024-08-06 15:30:00-04:00,MyStrategy,76408aeb91f84c608d6b9d159e19b1ad,SPY,buy,market,new,1,gtc,0.0,1,stock,,,
2024-08-06 15:30:00-04:00,MyStrategy,76408aeb91f84c608d6b9d159e19b1ad,SPY,buy,market,fill,1,gtc,0.0,1,stock,519.219970703125,100.0,0.0
2024-08-07 09:30:00-04:00,MyStrategy,d2d6e070fd9d4c1d89d8cc156e3df39d,SPY,buy,market,new,1,gtc,0.0,1,stock,,,
2024-08-07 09:30:00-04:00,MyStrategy,d2d6e070fd9d4c1d89d8cc156e3df39d,SPY,buy,market,fill,1,gtc,0.0,1,stock,528.469970703125,100.0,0.0
2024-08-07 12:30:00-04:00,MyStrategy,3a870ecaf3aa45158e58ff230180ae53,SPY,buy,market,new,1,gtc,0.0,1,stock,,,
2024-08-07 12:30:00-04:00,MyStrategy,3a870ecaf3aa45158e58ff230180ae53,SPY,buy,market,fill,1,gtc,0.0,1,stock,528.469970703125,100.0,0.0
2024-08-07 15:30:00-04:00,MyStrategy,88c5a3cacf3d476da4385b27f3221574,SPY,buy,market,new,1,gtc,0.0,1,stock,,,
2024-08-07 15:30:00-04:00,MyStrategy,88c5a3cacf3d476da4385b27f3221574,SPY,buy,market,fill,1,gtc,0.0,1,stock,528.469970703125,100.0,0.0
2024-08-08 09:30:00-04:00,MyStrategy,c4881a418c0c46489c76fbe6e26e4a5d,SPY,buy,market,new,1,gtc,0.0,1,stock,,,
2024-08-08 09:30:00-04:00,MyStrategy,c4881a418c0c46489c76fbe6e26e4a5d,SPY,buy,market,fill,1,gtc,0.0,1,stock,523.9099731445312,100.0,0.0
2024-08-08 12:30:00-04:00,MyStrategy,1be09ec556644f4eb68bce088123edcd,SPY,buy,market,new,1,gtc,0.0,1,stock,,,
2024-08-08 12:30:00-04:00,MyStrategy,1be09ec556644f4eb68bce088123edcd,SPY,buy,market,fill,1,gtc,0.0,1,stock,523.9099731445312,100.0,0.0
2024-08-08 15:30:00-04:00,MyStrategy,9edd8c061483455f8d9dd2e47b27a4f8,SPY,buy,market,new,1,gtc,0.0,1,stock,,,
2024-08-08 15:30:00-04:00,MyStrategy,9edd8c061483455f8d9dd2e47b27a4f8,SPY,buy,market,fill,1,gtc,0.0,1,stock,523.9099731445312,100.0,0.0
2024-08-09 09:30:00-04:00,MyStrategy,9d6c6d8ee58343edb86e3be5ced727ae,SPY,buy,market,new,1,gtc,0.0,1,stock,,,
2024-08-09 09:30:00-04:00,MyStrategy,9d6c6d8ee58343edb86e3be5ced727ae,SPY,buy,market,fill,1,gtc,0.0,1,stock,529.8099975585938,100.0,0.0
2024-08-09 12:30:00-04:00,MyStrategy,3390f4a7a3124963a51700d7aa8cc551,SPY,buy,market,new,1,gtc,0.0,1,stock,,,
2024-08-09 12:30:00-04:00,MyStrategy,3390f4a7a3124963a51700d7aa8cc551,SPY,buy,market,fill,1,gtc,0.0,1,stock,529.8099975585938,100.0,0.0
2024-08-09 15:30:00-04:00,MyStrategy,59938b516f2f487aa181dfa6463f94a6,SPY,buy,market,new,1,gtc,0.0,1,stock,,,
2024-08-09 15:30:00-04:00,MyStrategy,59938b516f2f487aa181dfa6463f94a6,SPY,buy,market,fill,1,gtc,0.0,1,stock,529.8099975585938,100.0,0.0
2024-08-12 09:30:00-04:00,MyStrategy,37c406d849224ce6a5f2d232cc3be0f3,SPY,buy,market,new,1,gtc,0.0,1,stock,,,
2024-08-12 09:30:00-04:00,MyStrategy,37c406d849224ce6a5f2d232cc3be0f3,SPY,buy,market,fill,1,gtc,0.0,1,stock,534.2100219726562,100.0,0.0
2024-08-12 12:30:00-04:00,MyStrategy,5232a09f329a4e3582f1777a1237b912,SPY,buy,market,new,1,gtc,0.0,1,stock,,,
2024-08-12 12:30:00-04:00,MyStrategy,5232a09f329a4e3582f1777a1237b912,SPY,buy,market,fill,1,gtc,0.0,1,stock,534.2100219726562,100.0,0.0
2024-08-12 15:30:00-04:00,MyStrategy,df7b1b4832094f0ab444f3fb939c40d9,SPY,buy,market,new,1,gtc,0.0,1,stock,,,
2024-08-12 15:30:00-04:00,MyStrategy,df7b1b4832094f0ab444f3fb939c40d9,SPY,buy,market,fill,1,gtc,0.0,1,stock,534.2100219726562,100.0,0.0
2024-08-13 09:30:00-04:00,MyStrategy,b842eb22beea4090981489e327b625d5,SPY,buy,market,new,1,gtc,0.0,1,stock,,,
2024-08-13 09:30:00-04:00,MyStrategy,b842eb22beea4090981489e327b625d5,SPY,buy,market,fill,1,gtc,0.0,1,stock,536.530029296875,100.0,0.0
2024-08-13 12:30:00-04:00,MyStrategy,615e26617884467897dd52074c1bbb67,SPY,buy,market,new,1,gtc,0.0,1,stock,,,
2024-08-13 12:30:00-04:00,MyStrategy,615e26617884467897dd52074c1bbb67,SPY,buy,market,fill,1,gtc,0.0,1,stock,536.530029296875,100.0,0.0
2024-08-13 15:30:00-04:00,MyStrategy,cedfcda6ea5d40aa96a95a3b2e7f8d26,SPY,buy,market,new,1,gtc,0.0,1,stock,,,
2024-08-13 15:30:00-04:00,MyStrategy,cedfcda6ea5d40aa96a95a3b2e7f8d26,SPY,buy,market,fill,1,gtc,0.0,1,stock,536.530029296875,100.0,0.0
2024-08-14 09:30:00-04:00,MyStrategy,77210483836f48bab692420980349f61,SPY,buy,market,new,1,gtc,0.0,1,stock,,,
2024-08-14 09:30:00-04:00,MyStrategy,77210483836f48bab692420980349f61,SPY,buy,market,fill,1,gtc,0.0,1,stock,542.8499755859375,100.0,0.0
2024-08-14 12:30:00-04:00,MyStrategy,e172605db9234f40a358f8854a63ec2e,SPY,buy,market,new,1,gtc,0.0,1,stock,,,
2024-08-14 12:30:00-04:00,MyStrategy,e172605db9234f40a358f8854a63ec2e,SPY,buy,market,fill,1,gtc,0.0,1,stock,542.8499755859375,100.0,0.0
2024-08-14 15:30:00-04:00,MyStrategy,5eefc14a875d4e54b4077a4da2bcbec9,SPY,buy,market,new,1,gtc,0.0,1,stock,,,
2024-08-14 15:30:00-04:00,MyStrategy,5eefc14a875d4e54b4077a4da2bcbec9,SPY,buy,market,fill,1,gtc,0.0,1,stock,542.8499755859375,100.0,0.0
2024-08-15 09:30:00-04:00,MyStrategy,44113ea798ca4075a5ca375ab2bd1241,SPY,buy,market,new,1,gtc,0.0,1,stock,,,
2024-08-15 09:30:00-04:00,MyStrategy,44113ea798ca4075a5ca375ab2bd1241,SPY,buy,market,fill,1,gtc,0.0,1,stock,549.5,100.0,0.0
2024-08-15 12:30:00-04:00,MyStrategy,ebbbe1a366e54b54bac2a96bd8b5514d,SPY,buy,market,new,1,gtc,0.0,1,stock,,,
2024-08-15 12:30:00-04:00,MyStrategy,ebbbe1a366e54b54bac2a96bd8b5514d,SPY,buy,market,fill,1,gtc,0.0,1,stock,549.5,100.0,0.0
2024-08-15 15:30:00-04:00,MyStrategy,9e3300b912f84eba99c0de792c97553a,SPY,buy,market,new,1,gtc,0.0,1,stock,,,
2024-08-15 15:30:00-04:00,MyStrategy,9e3300b912f84eba99c0de792c97553a,SPY,buy,market,fill,1,gtc,0.0,1,stock,549.5,100.0,0.0
2024-08-16 09:30:00-04:00,MyStrategy,b02d3c4b9824409fb8aa9c0a76ad1549,SPY,buy,market,new,1,gtc,0.0,1,stock,,,
2024-08-16 09:30:00-04:00,MyStrategy,b02d3c4b9824409fb8aa9c0a76ad1549,SPY,buy,market,fill,1,gtc,0.0,1,stock,551.4199829101562,100.0,0.0
2024-08-16 12:30:00-04:00,MyStrategy,50119f658bde44138e9441e0f4554deb,SPY,buy,market,new,1,gtc,0.0,1,stock,,,
2024-08-16 12:30:00-04:00,MyStrategy,50119f658bde44138e9441e0f4554deb,SPY,buy,market,fill,1,gtc,0.0,1,stock,551.4199829101562,100.0,0.0
2024-08-16 15:30:00-04:00,MyStrategy,3bd6341b3c5f4447a4dc8b3a7fd89a71,SPY,buy,market,new,1,gtc,0.0,1,stock,,,
2024-08-16 15:30:00-04:00,MyStrategy,3bd6341b3c5f4447a4dc8b3a7fd89a71,SPY,buy,market,fill,1,gtc,0.0,1,stock,551.4199829101562,100.0,0.0
2024-08-19 09:30:00-04:00,MyStrategy,489a02447cbe43f780540961b613452c,SPY,buy,market,new,1,gtc,0.0,1,stock,,,
2024-08-19 09:30:00-04:00,MyStrategy,489a02447cbe43f780540961b613452c,SPY,buy,market,fill,1,gtc,0.0,1,stock,554.72998046875,100.0,0.0
2024-08-19 12:30:00-04:00,MyStrategy,7ed231a0a48e4fedb9d71475a0d9c2df,SPY,buy,market,new,1,gtc,0.0,1,stock,,,
2024-08-19 12:30:00-04:00,MyStrategy,7ed231a0a48e4fedb9d71475a0d9c2df,SPY,buy,market,fill,1,gtc,0.0,1,stock,554.72998046875,100.0,0.0
2024-08-19 15:30:00-04:00,MyStrategy,0c77303b12994732ae6e33302d5c5681,SPY,buy,market,new,1,gtc,0.0,1,stock,,,
2024-08-19 15:30:00-04:00,MyStrategy,0c77303b12994732ae6e33302d5c5681,SPY,buy,market,fill,1,gtc,0.0,1,stock,554.72998046875,100.0,0.0
2024-08-20 09:30:00-04:00,MyStrategy,5eeb8beb894c491685ccfcba88e9f15c,SPY,buy,market,new,1,gtc,0.0,1,stock,,,
2024-08-20 09:30:00-04:00,MyStrategy,5eeb8beb894c491685ccfcba88e9f15c,SPY,buy,market,fill,1,gtc,0.0,1,stock,559.1500244140625,100.0,0.0
2024-08-20 12:30:00-04:00,MyStrategy,148a5892302e4eb08cbf79ed126e16ef,SPY,buy,market,new,1,gtc,0.0,1,stock,,,
2024-08-20 12:30:00-04:00,MyStrategy,148a5892302e4eb08cbf79ed126e16ef,SPY,buy,market,fill,1,gtc,0.0,1,stock,559.1500244140625,100.0,0.0
2024-08-20 15:30:00-04:00,MyStrategy,5cca9c176766473d9b303721143456af,SPY,buy,market,new,1,gtc,0.0,1,stock,,,
2024-08-20 15:30:00-04:00,MyStrategy,5cca9c176766473d9b303721143456af,SPY,buy,market,fill,1,gtc,0.0,1,stock,559.1500244140625,100.0,0.0
2024-08-21 09:30:00-04:00,MyStrategy,6213bd5072b045db8031cc03cb290a78,SPY,buy,market,new,1,gtc,0.0,1,stock,,,
2024-08-21 09:30:00-04:00,MyStrategy,6213bd5072b045db8031cc03cb290a78,SPY,buy,market,fill,1,gtc,0.0,1,stock,559.77001953125,100.0,0.0
2024-08-21 12:30:00-04:00,MyStrategy,8cb0fddc408d4e9794d242a4d77cc726,SPY,buy,market,new,1,gtc,0.0,1,stock,,,
2024-08-21 12:30:00-04:00,MyStrategy,8cb0fddc408d4e9794d242a4d77cc726,SPY,buy,market,fill,1,gtc,0.0,1,stock,559.77001953125,100.0,0.0
2024-08-21 15:30:00-04:00,MyStrategy,f900558bff194c859fcc01f6afdcbcc7,SPY,buy,market,new,1,gtc,0.0,1,stock,,,
2024-08-21 15:30:00-04:00,MyStrategy,f900558bff194c859fcc01f6afdcbcc7,SPY,buy,market,fill,1,gtc,0.0,1,stock,559.77001953125,100.0,0.0
2024-08-22 09:30:00-04:00,MyStrategy,e8f6c6ceaef14aed90561bb570482a07,SPY,buy,market,new,1,gtc,0.0,1,stock,,,
2024-08-22 09:30:00-04:00,MyStrategy,e8f6c6ceaef14aed90561bb570482a07,SPY,buy,market,fill,1,gtc,0.0,1,stock,562.5599975585938,100.0,0.0
2024-08-22 12:30:00-04:00,MyStrategy,143bdacc522e41e283153e37534cb37f,SPY,buy,market,new,1,gtc,0.0,1,stock,,,
2024-08-22 12:30:00-04:00,MyStrategy,143bdacc522e41e283153e37534cb37f,SPY,buy,market,fill,1,gtc,0.0,1,stock,562.5599975585938,100.0,0.0
2024-08-22 15:30:00-04:00,MyStrategy,7a0f7768c2db471a8fc2201b6f7a5729,SPY,buy,market,new,1,gtc,0.0,1,stock,,,
2024-08-22 15:30:00-04:00,MyStrategy,7a0f7768c2db471a8fc2201b6f7a5729,SPY,buy,market,fill,1,gtc,0.0,1,stock,562.5599975585938,100.0,0.0
2024-08-23 09:30:00-04:00,MyStrategy,ff208c9cf3814ceca64c7327ef333f90,SPY,buy,market,new,1,gtc,0.0,1,stock,,,
2024-08-23 09:30:00-04:00,MyStrategy,ff208c9cf3814ceca64c7327ef333f90,SPY,buy,market,fill,1,gtc,0.0,1,stock,559.530029296875,100.0,0.0
2024-08-23 12:30:00-04:00,MyStrategy,9b9e8e00a23d4d3487ecb15e0b647c84,SPY,buy,market,new,1,gtc,0.0,1,stock,,,
2024-08-23 12:30:00-04:00,MyStrategy,9b9e8e00a23d4d3487ecb15e0b647c84,SPY,buy,market,fill,1,gtc,0.0,1,stock,559.530029296875,100.0,0.0
2024-08-23 15:30:00-04:00,MyStrategy,96c95c0d9fd04953b9264f5b92b68ad2,SPY,buy,market,new,1,gtc,0.0,1,stock,,,
2024-08-23 15:30:00-04:00,MyStrategy,96c95c0d9fd04953b9264f5b92b68ad2,SPY,buy,market,fill,1,gtc,0.0,1,stock,559.530029296875,100.0,0.0
2024-08-26 09:30:00-04:00,MyStrategy,65680928b4f24d8cb8328677c3f03405,SPY,buy,market,new,1,gtc,0.0,1,stock,,,
2024-08-26 09:30:00-04:00,MyStrategy,65680928b4f24d8cb8328677c3f03405,SPY,buy,market,fill,1,gtc,0.0,1,stock,563.1799926757812,100.0,0.0
2024-08-26 12:30:00-04:00,MyStrategy,ccd69172d1e14e4e9d5bab36da33ee34,SPY,buy,market,new,1,gtc,0.0,1,stock,,,
2024-08-26 12:30:00-04:00,MyStrategy,ccd69172d1e14e4e9d5bab36da33ee34,SPY,buy,market,fill,1,gtc,0.0,1,stock,563.1799926757812,100.0,0.0
2024-08-26 15:30:00-04:00,MyStrategy,54f76c9568074e4687fec0551dd579e4,SPY,buy,market,new,1,gtc,0.0,1,stock,,,
2024-08-26 15:30:00-04:00,MyStrategy,54f76c9568074e4687fec0551dd579e4,SPY,buy,market,fill,1,gtc,0.0,1,stock,563.1799926757812,100.0,0.0
2024-08-27 09:30:00-04:00,MyStrategy,e2f77445267c43bf910bf0616533846e,SPY,buy,market,new,1,gtc,0.0,1,stock,,,
2024-08-27 09:30:00-04:00,MyStrategy,e2f77445267c43bf910bf0616533846e,SPY,buy,market,fill,1,gtc,0.0,1,stock,559.489990234375,100.0,0.0
2024-08-27 12:30:00-04:00,MyStrategy,6fbcd94815554801b84b4c0af30762af,SPY,buy,market,new,1,gtc,0.0,1,stock,,,
2024-08-27 12:30:00-04:00,MyStrategy,6fbcd94815554801b84b4c0af30762af,SPY,buy,market,fill,1,gtc,0.0,1,stock,559.489990234375,100.0,0.0
2024-08-27 15:30:00-04:00,MyStrategy,7b60fca3478e4256b71ea31adb9dae71,SPY,buy,market,new,1,gtc,0.0,1,stock,,,
2024-08-27 15:30:00-04:00,MyStrategy,7b60fca3478e4256b71ea31adb9dae71,SPY,buy,market,fill,1,gtc,0.0,1,stock,559.489990234375,100.0,0.0
2024-08-28 09:30:00-04:00,MyStrategy,7c50c66f73b74ce1ab56cfe88e926f74,SPY,buy,market,new,1,gtc,0.0,1,stock,,,
2024-08-28 09:30:00-04:00,MyStrategy,7c50c66f73b74ce1ab56cfe88e926f74,SPY,buy,market,fill,1,gtc,0.0,1,stock,561.2100219726562,100.0,0.0
2024-08-28 12:30:00-04:00,MyStrategy,5340d9626815408fbdc3aec60d1b5422,SPY,buy,market,new,1,gtc,0.0,1,stock,,,
2024-08-28 12:30:00-04:00,MyStrategy,5340d9626815408fbdc3aec60d1b5422,SPY,buy,market,fill,1,gtc,0.0,1,stock,561.2100219726562,100.0,0.0
2024-08-28 15:30:00-04:00,MyStrategy,74ebd749bbe540c49a777ac373259153,SPY,buy,market,new,1,gtc,0.0,1,stock,,,
2024-08-28 15:30:00-04:00,MyStrategy,74ebd749bbe540c49a777ac373259153,SPY,buy,market,fill,1,gtc,0.0,1,stock,561.2100219726562,100.0,0.0
2024-08-29 09:30:00-04:00,MyStrategy,d393284dd90c4c339094ce33465cfb5e,SPY,buy,market,new,1,gtc,0.0,1,stock,,,
2024-08-29 09:30:00-04:00,MyStrategy,d393284dd90c4c339094ce33465cfb5e,SPY,buy,market,fill,1,gtc,0.0,1,stock,560.3099975585938,100.0,0.0
2024-08-29 12:30:00-04:00,MyStrategy,8b8a70e2158c4b59976f6dcf566a6f17,SPY,buy,market,new,1,gtc,0.0,1,stock,,,
2024-08-29 12:30:00-04:00,MyStrategy,8b8a70e2158c4b59976f6dcf566a6f17,SPY,buy,market,fill,1,gtc,0.0,1,stock,560.3099975585938,100.0,0.0
2024-08-29 15:30:00-04:00,MyStrategy,8781140d9a8f4910a0b96ffddef9a95e,SPY,buy,market,new,1,gtc,0.0,1,stock,,,
2024-08-29 15:30:00-04:00,MyStrategy,8781140d9a8f4910a0b96ffddef9a95e,SPY,buy,market,fill,1,gtc,0.0,1,stock,560.3099975585938,100.0,0.0
2024-08-30 09:30:00-04:00,MyStrategy,16e6e262d1df46d4bb8f90e3c545b681,SPY,buy,market,new,1,gtc,0.0,1,stock,,,
2024-08-30 09:30:00-04:00,MyStrategy,16e6e262d1df46d4bb8f90e3c545b681,SPY,buy,market,fill,1,gtc,0.0,1,stock,560.77001953125,100.0,0.0
2024-08-30 12:30:00-04:00,MyStrategy,00b3a6d1740d4b0693317f572f6d72a7,SPY,buy,market,new,1,gtc,0.0,1,stock,,,
2024-08-30 12:30:00-04:00,MyStrategy,00b3a6d1740d4b0693317f572f6d72a7,SPY,buy,market,fill,1,gtc,0.0,1,stock,560.77001953125,100.0,0.0
2024-08-30 15:30:00-04:00,MyStrategy,9b46456c93304f9fb03320c50d3816a1,SPY,buy,market,new,1,gtc,0.0,1,stock,,,
2024-08-30 15:30:00-04:00,MyStrategy,9b46456c93304f9fb03320c50d3816a1,SPY,buy,market,fill,1,gtc,0.0,1,stock,560.77001953125,100.0,0.0
2024-09-03 09:30:00-04:00,MyStrategy,dfcccdd8318a4ee1bb2953846c1d61bc,SPY,buy,market,new,1,gtc,0.0,1,stock,,,
2024-09-03 09:30:00-04:00,MyStrategy,dfcccdd8318a4ee1bb2953846c1d61bc,SPY,buy,market,fill,1,gtc,0.0,1,stock,560.469970703125,100.0,0.0
2024-09-03 12:30:00-04:00,MyStrategy,dd88d63719f345e39bc88ba46843e6a5,SPY,buy,market,new,1,gtc,0.0,1,stock,,,
2024-09-03 12:30:00-04:00,MyStrategy,dd88d63719f345e39bc88ba46843e6a5,SPY,buy,market,fill,1,gtc,0.0,1,stock,560.469970703125,100.0,0.0
2024-09-03 15:30:00-04:00,MyStrategy,e9dea6e93f024bb8ae1b57468e3428df,SPY,buy,market,new,1,gtc,0.0,1,stock,,,
2024-09-03 15:30:00-04:00,MyStrategy,e9dea6e93f024bb8ae1b57468e3428df,SPY,buy,market,fill,1,gtc,0.0,1,stock,560.469970703125,100.0,0.0
2024-09-04 09:30:00-04:00,MyStrategy,3998c0cb3ad148178f055da096db6a74,SPY,buy,market,new,1,gtc,0.0,1,stock,,,
2024-09-04 09:30:00-04:00,MyStrategy,3998c0cb3ad148178f055da096db6a74,SPY,buy,market,fill,1,gtc,0.0,1,stock,550.2000122070312,100.0,0.0
2024-09-04 12:30:00-04:00,MyStrategy,4fdc619293624dc982e6b0dbf5f89192,SPY,buy,market,new,1,gtc,0.0,1,stock,,,
2024-09-04 12:30:00-04:00,MyStrategy,4fdc619293624dc982e6b0dbf5f89192,SPY,buy,market,fill,1,gtc,0.0,1,stock,550.2000122070312,100.0,0.0
2024-09-04 15:30:00-04:00,MyStrategy,cc3ab3e86069434a935b16286bcb72ec,SPY,buy,market,new,1,gtc,0.0,1,stock,,,
2024-09-04 15:30:00-04:00,MyStrategy,cc3ab3e86069434a935b16286bcb72ec,SPY,buy,market,fill,1,gtc,0.0,1,stock,550.2000122070312,100.0,0.0
2024-09-05 09:30:00-04:00,MyStrategy,31faaf3b11d049b4938a64d132b84167,SPY,buy,market,new,1,gtc,0.0,1,stock,,,
2024-09-05 09:30:00-04:00,MyStrategy,31faaf3b11d049b4938a64d132b84167,SPY,buy,market,fill,1,gtc,0.0,1,stock,550.8900146484375,100.0,0.0
2024-09-05 12:30:00-04:00,MyStrategy,ccc9608825e7411ab9ce75fec817928d,SPY,buy,market,new,1,gtc,0.0,1,stock,,,
2024-09-05 12:30:00-04:00,MyStrategy,ccc9608825e7411ab9ce75fec817928d,SPY,buy,market,fill,1,gtc,0.0,1,stock,550.8900146484375,100.0,0.0
2024-09-05 15:30:00-04:00,MyStrategy,d0b42f192b234e50ac782f7d2b05f917,SPY,buy,market,new,1,gtc,0.0,1,stock,,,
2024-09-05 15:30:00-04:00,MyStrategy,d0b42f192b234e50ac782f7d2b05f917,SPY,buy,market,fill,1,gtc,0.0,1,stock,550.8900146484375,100.0,0.0
2024-09-06 09:30:00-04:00,MyStrategy,fee2aed55bff444a8bf254e5810d9510,SPY,buy,market,new,1,gtc,0.0,1,stock,,,
2024-09-06 09:30:00-04:00,MyStrategy,fee2aed55bff444a8bf254e5810d9510,SPY,buy,market,fill,1,gtc,0.0,1,stock,549.9400024414062,100.0,0.0
2024-09-06 12:30:00-04:00,MyStrategy,b18a5ff913b341e69af0e54fea036b21,SPY,buy,market,new,1,gtc,0.0,1,stock,,,
2024-09-06 12:30:00-04:00,MyStrategy,b18a5ff913b341e69af0e54fea036b21,SPY,buy,market,fill,1,gtc,0.0,1,stock,549.9400024414062,100.0,0.0
2024-09-06 15:30:00-04:00,MyStrategy,858e46956bf54617a470ae06a2a19f67,SPY,buy,market,new,1,gtc,0.0,1,stock,,,
2024-09-06 15:30:00-04:00,MyStrategy,858e46956bf54617a470ae06a2a19f67,SPY,buy,market,fill,1,gtc,0.0,1,stock,549.9400024414062,100.0,0.0
2024-09-09 09:30:00-04:00,MyStrategy,b44826675c2842408764580dcafb4800,SPY,buy,market,new,1,gtc,0.0,1,stock,,,
2024-09-09 09:30:00-04:00,MyStrategy,b44826675c2842408764580dcafb4800,SPY,buy,market,fill,1,gtc,0.0,1,stock,544.6500244140625,100.0,0.0
2024-09-09 12:30:00-04:00,MyStrategy,709b66b402234e0bb833726d7e7bd34e,SPY,buy,market,new,1,gtc,0.0,1,stock,,,
2024-09-09 12:30:00-04:00,MyStrategy,709b66b402234e0bb833726d7e7bd34e,SPY,buy,market,fill,1,gtc,0.0,1,stock,544.6500244140625,100.0,0.0
2024-09-09 15:30:00-04:00,MyStrategy,b5cb66f9f24548869ae543789e8be3a4,SPY,buy,market,new,1,gtc,0.0,1,stock,,,
2024-09-09 15:30:00-04:00,MyStrategy,b5cb66f9f24548869ae543789e8be3a4,SPY,buy,market,fill,1,gtc,0.0,1,stock,544.6500244140625,100.0,0.0
2024-09-10 09:30:00-04:00,MyStrategy,013950cd01e646a29d3b6fc461261b59,SPY,buy,market,new,1,gtc,0.0,1,stock,,,
2024-09-10 09:30:00-04:00,MyStrategy,013950cd01e646a29d3b6fc461261b59,SPY,buy,market,fill,1,gtc,0.0,1,stock,548.3599853515625,100.0,0.0
2024-09-10 12:30:00-04:00,MyStrategy,4ddd1c4e77ff4022af1e17b07919de76,SPY,buy,market,new,1,gtc,0.0,1,stock,,,
2024-09-10 12:30:00-04:00,MyStrategy,4ddd1c4e77ff4022af1e17b07919de76,SPY,buy,market,fill,1,gtc,0.0,1,stock,548.3599853515625,100.0,0.0
2024-09-10 15:30:00-04:00,MyStrategy,fbfe45ee50a141a4a87038394d58005c,SPY,buy,market,new,1,gtc,0.0,1,stock,,,
2024-09-10 15:30:00-04:00,MyStrategy,fbfe45ee50a141a4a87038394d58005c,SPY,buy,market,fill,1,gtc,0.0,1,stock,548.3599853515625,100.0,0.0
2024-09-11 09:30:00-04:00,MyStrategy,1b3c4130e81d42d684b2301a1857c06f,SPY,buy,market,new,1,gtc,0.0,1,stock,,,
2024-09-11 09:30:00-04:00,MyStrategy,1b3c4130e81d42d684b2301a1857c06f,SPY,buy,market,fill,1,gtc,0.0,1,stock,548.7000122070312,100.0,0.0
2024-09-11 12:30:00-04:00,MyStrategy,8a1975df07724564bd2234acc3ab497f,SPY,buy,market,new,1,gtc,0.0,1,stock,,,
2024-09-11 12:30:00-04:00,MyStrategy,8a1975df07724564bd2234acc3ab497f,SPY,buy,market,fill,1,gtc,0.0,1,stock,548.7000122070312,100.0,0.0
2024-09-11 15:30:00-04:00,MyStrategy,eb8dd16154d54ff7afa076560055efb9,SPY,buy,market,new,1,gtc,0.0,1,stock,,,
2024-09-11 15:30:00-04:00,MyStrategy,eb8dd16154d54ff7afa076560055efb9,SPY,buy,market,fill,1,gtc,0.0,1,stock,548.7000122070312,100.0,0.0
2024-09-12 09:30:00-04:00,MyStrategy,35223dcc582741c7bad7e4cdad74ebc2,SPY,buy,market,new,1,gtc,0.0,1,stock,,,
2024-09-12 09:30:00-04:00,MyStrategy,35223dcc582741c7bad7e4cdad74ebc2,SPY,buy,market,fill,1,gtc,0.0,1,stock,555.010009765625,100.0,0.0
2024-09-12 12:30:00-04:00,MyStrategy,8ebcab1ccbf94ce9b9961268f92b204a,SPY,buy,market,new,1,gtc,0.0,1,stock,,,
2024-09-12 12:30:00-04:00,MyStrategy,8ebcab1ccbf94ce9b9961268f92b204a,SPY,buy,market,fill,1,gtc,0.0,1,stock,555.010009765625,100.0,0.0
2024-09-12 15:30:00-04:00,MyStrategy,ac5153baa93b45c78e9c65dbf56609ff,SPY,buy,market,new,1,gtc,0.0,1,stock,,,
2024-09-12 15:30:00-04:00,MyStrategy,ac5153baa93b45c78e9c65dbf56609ff,SPY,buy,market,fill,1,gtc,0.0,1,stock,555.010009765625,100.0,0.0
2024-09-13 09:30:00-04:00,MyStrategy,9007f001fb494a3eb2a61a340a24af8b,SPY,buy,market,new,1,gtc,0.0,1,stock,,,
2024-09-13 09:30:00-04:00,MyStrategy,9007f001fb494a3eb2a61a340a24af8b,SPY,buy,market,fill,1,gtc,0.0,1,stock,559.7100219726562,100.0,0.0
2024-09-13 12:30:00-04:00,MyStrategy,da070cf9b0ba42cf8097a6a3b4589460,SPY,buy,market,new,1,gtc,0.0,1,stock,,,
2024-09-13 12:30:00-04:00,MyStrategy,da070cf9b0ba42cf8097a6a3b4589460,SPY,buy,market,fill,1,gtc,0.0,1,stock,559.7100219726562,100.0,0.0
2024-09-13 15:30:00-04:00,MyStrategy,e3b0d62e61fa4249a8c960af1d5c81ca,SPY,buy,market,new,1,gtc,0.0,1,stock,,,
2024-09-13 15:30:00-04:00,MyStrategy,e3b0d62e61fa4249a8c960af1d5c81ca,SPY,buy,market,fill,1,gtc,0.0,1,stock,559.7100219726562,100.0,0.0
2024-09-16 09:30:00-04:00,MyStrategy,dc2b94f538824df789db47ef33b472be,SPY,buy,market,new,1,gtc,0.0,1,stock,,,
2024-09-16 09:30:00-04:00,MyStrategy,dc2b94f538824df789db47ef33b472be,SPY,buy,market,fill,1,gtc,0.0,1,stock,561.739990234375,100.0,0.0
2024-09-16 12:30:00-04:00,MyStrategy,748a8b9fca99404f89e31b818203f96d,SPY,buy,market,new,1,gtc,0.0,1,stock,,,
2024-09-16 12:30:00-04:00,MyStrategy,748a8b9fca99404f89e31b818203f96d,SPY,buy,market,fill,1,gtc,0.0,1,stock,561.739990234375,100.0,0.0
2024-09-16 15:30:00-04:00,MyStrategy,e49a2b898dd44fc0b37b9507b1aa181d,SPY,buy,market,new,1,gtc,0.0,1,stock,,,
2024-09-16 15:30:00-04:00,MyStrategy,e49a2b898dd44fc0b37b9507b1aa181d,SPY,buy,market,fill,1,gtc,0.0,1,stock,561.739990234375,100.0,0.0
2024-09-17 09:30:00-04:00,MyStrategy,d717d071ad6742a8a170f15853c6b9bf,SPY,buy,market,new,1,gtc,0.0,1,stock,,,
2024-09-17 09:30:00-04:00,MyStrategy,d717d071ad6742a8a170f15853c6b9bf,SPY,buy,market,fill,1,gtc,0.0,1,stock,565.0999755859375,100.0,0.0
2024-09-17 12:30:00-04:00,MyStrategy,50b0978edfb647b2abc23216a7f593ec,SPY,buy,market,new,1,gtc,0.0,1,stock,,,
2024-09-17 12:30:00-04:00,MyStrategy,50b0978edfb647b2abc23216a7f593ec,SPY,buy,market,fill,1,gtc,0.0,1,stock,565.0999755859375,100.0,0.0
2024-09-17 15:30:00-04:00,MyStrategy,38332397f4304a9d8d21326a619ccb56,SPY,buy,market,new,1,gtc,0.0,1,stock,,,
2024-09-17 15:30:00-04:00,MyStrategy,38332397f4304a9d8d21326a619ccb56,SPY,buy,market,fill,1,gtc,0.0,1,stock,565.0999755859375,100.0,0.0
2024-09-18 09:30:00-04:00,MyStrategy,26d53f97c3dc4406a883ce9f4dc251ce,SPY,buy,market,new,1,gtc,0.0,1,stock,,,
2024-09-18 09:30:00-04:00,MyStrategy,26d53f97c3dc4406a883ce9f4dc251ce,SPY,buy,market,fill,1,gtc,0.0,1,stock,563.739990234375,100.0,0.0
2024-09-18 12:30:00-04:00,MyStrategy,467d529d8b944c7892b88d30e5f22fd1,SPY,buy,market,new,1,gtc,0.0,1,stock,,,
2024-09-18 12:30:00-04:00,MyStrategy,467d529d8b944c7892b88d30e5f22fd1,SPY,buy,market,fill,1,gtc,0.0,1,stock,563.739990234375,100.0,0.0
2024-09-18 15:30:00-04:00,MyStrategy,62e791514eb7403f8be3bc94abdffbe8,SPY,buy,market,new,1,gtc,0.0,1,stock,,,
2024-09-18 15:30:00-04:00,MyStrategy,62e791514eb7403f8be3bc94abdffbe8,SPY,buy,market,fill,1,gtc,0.0,1,stock,563.739990234375,100.0,0.0
2024-09-19 09:30:00-04:00,MyStrategy,7b3f5a7b044b417caac6edafa31686ba,SPY,buy,market,new,1,gtc,0.0,1,stock,,,
2024-09-19 09:30:00-04:00,MyStrategy,7b3f5a7b044b417caac6edafa31686ba,SPY,buy,market,fill,1,gtc,0.0,1,stock,571.010009765625,100.0,0.0
2024-09-19 12:30:00-04:00,MyStrategy,ba140397341d4d109a771222a7add50c,SPY,buy,market,new,1,gtc,0.0,1,stock,,,
2024-09-19 12:30:00-04:00,MyStrategy,ba140397341d4d109a771222a7add50c,SPY,buy,market,fill,1,gtc,0.0,1,stock,571.010009765625,100.0,0.0
2024-09-19 15:30:00-04:00,MyStrategy,751173a11f8e4fad865a12d1639bf600,SPY,buy,market,new,1,gtc,0.0,1,stock,,,
2024-09-19 15:30:00-04:00,MyStrategy,751173a11f8e4fad865a12d1639bf600,SPY,buy,market,fill,1,gtc,0.0,1,stock,571.010009765625,100.0,0.0
2024-09-20 09:30:00-04:00,MyStrategy,ae65e1ecef304ddc93a5c01aa9c8efcd,SPY,buy,market,new,1,gtc,0.0,1,stock,,,
2024-09-20 09:30:00-04:00,MyStrategy,ae65e1ecef304ddc93a5c01aa9c8efcd,SPY,buy,market,fill,1,gtc,0.0,1,stock,567.8400268554688,100.0,0.0
2024-09-20 12:30:00-04:00,MyStrategy,3238c28350af42fd9722d1799e06db99,SPY,buy,market,new,1,gtc,0.0,1,stock,,,
2024-09-20 12:30:00-04:00,MyStrategy,3238c28350af42fd9722d1799e06db99,SPY,buy,market,fill,1,gtc,0.0,1,stock,567.8400268554688,100.0,0.0
2024-09-20 15:30:00-04:00,MyStrategy,1bcde574cc2a43019d8ba48c92de7826,SPY,buy,market,new,1,gtc,0.0,1,stock,,,
2024-09-20 15:30:00-04:00,MyStrategy,1bcde574cc2a43019d8ba48c92de7826,SPY,buy,market,fill,1,gtc,0.0,1,stock,567.8400268554688,100.0,0.0
2024-09-23 09:30:00-04:00,MyStrategy,57126d3377554606a5d55d1b5375d118,SPY,buy,market,new,1,gtc,0.0,1,stock,,,
2024-09-23 09:30:00-04:00,MyStrategy,57126d3377554606a5d55d1b5375d118,SPY,buy,market,fill,1,gtc,0.0,1,stock,569.3400268554688,100.0,0.0
2024-09-23 12:30:00-04:00,MyStrategy,95c1d09efe0744d398bfbe44aa3050a9,SPY,buy,market,new,1,gtc,0.0,1,stock,,,
2024-09-23 12:30:00-04:00,MyStrategy,95c1d09efe0744d398bfbe44aa3050a9,SPY,buy,market,fill,1,gtc,0.0,1,stock,569.3400268554688,100.0,0.0
2024-09-23 15:30:00-04:00,MyStrategy,e4ffea618515438eba238b1c743a24fd,SPY,buy,market,new,1,gtc,0.0,1,stock,,,
2024-09-23 15:30:00-04:00,MyStrategy,e4ffea618515438eba238b1c743a24fd,SPY,buy,market,fill,1,gtc,0.0,1,stock,569.3400268554688,100.0,0.0
2024-09-24 09:30:00-04:00,MyStrategy,077c0bcf96924b3fbe7cf58199eb8688,SPY,buy,market,new,1,gtc,0.0,1,stock,,,
2024-09-24 09:30:00-04:00,MyStrategy,077c0bcf96924b3fbe7cf58199eb8688,SPY,buy,market,fill,1,gtc,0.0,1,stock,570.47998046875,100.0,0.0
2024-09-24 12:30:00-04:00,MyStrategy,1b1a236d9bdd4746a40fbf37982fd7d2,SPY,buy,market,new,1,gtc,0.0,1,stock,,,
2024-09-24 12:30:00-04:00,MyStrategy,1b1a236d9bdd4746a40fbf37982fd7d2,SPY,buy,market,fill,1,gtc,0.0,1,stock,570.47998046875,100.0,0.0
2024-09-24 15:30:00-04:00,MyStrategy,78491ebbb1f8420fac5796907dc71a0f,SPY,buy,market,new,1,gtc,0.0,1,stock,,,
2024-09-24 15:30:00-04:00,MyStrategy,78491ebbb1f8420fac5796907dc71a0f,SPY,buy,market,fill,1,gtc,0.0,1,stock,570.47998046875,100.0,0.0
2024-09-25 09:30:00-04:00,MyStrategy,6663e825062e4591bfa7826cfe5c414c,SPY,buy,market,new,1,gtc,0.0,1,stock,,,
2024-09-25 09:30:00-04:00,MyStrategy,6663e825062e4591bfa7826cfe5c414c,SPY,buy,market,fill,1,gtc,0.0,1,stock,571.1400146484375,100.0,0.0
2024-09-25 12:30:00-04:00,MyStrategy,ecb2ae9bd3914f3092c88bea209edf20,SPY,buy,market,new,1,gtc,0.0,1,stock,,,
2024-09-25 12:30:00-04:00,MyStrategy,ecb2ae9bd3914f3092c88bea209edf20,SPY,buy,market,fill,1,gtc,0.0,1,stock,571.1400146484375,100.0,0.0
2024-09-25 15:30:00-04:00,MyStrategy,32727777693442ebbe0c69aab23c5895,SPY,buy,market,new,1,gtc,0.0,1,stock,,,
2024-09-25 15:30:00-04:00,MyStrategy,32727777693442ebbe0c69aab23c5895,SPY,buy,market,fill,1,gtc,0.0,1,stock,571.1400146484375,100.0,0.0
2024-09-26 09:30:00-04:00,MyStrategy,e84ae756f753408f9d6bd2eba8be973a,SPY,buy,market,new,1,gtc,0.0,1,stock,,,
2024-09-26 09:30:00-04:00,MyStrategy,e84ae756f753408f9d6bd2eba8be973a,SPY,buy,market,fill,1,gtc,0.0,1,stock,574.3800048828125,100.0,0.0
2024-09-26 12:30:00-04:00,MyStrategy,9312dddb4e2746c29aed342cac7f1071,SPY,buy,market,new,1,gtc,0.0,1,stock,,,
2024-09-26 12:30:00-04:00,MyStrategy,9312dddb4e2746c29aed342cac7f1071,SPY,buy,market,fill,1,gtc,0.0,1,stock,574.3800048828125,100.0,0.0
2024-09-26 15:30:00-04:00,MyStrategy,6ced012338f848c6a352f5b45d6ecec4,SPY,buy,market,new,1,gtc,0.0,1,stock,,,
2024-09-26 15:30:00-04:00,MyStrategy,6ced012338f848c6a352f5b45d6ecec4,SPY,buy,market,fill,1,gtc,0.0,1,stock,574.3800048828125,100.0,0.0
2024-09-27 09:30:00-04:00,MyStrategy,0d72dd6005304a2788c38317111cc53a,SPY,buy,market,new,1,gtc,0.0,1,stock,,,
2024-09-27 09:30:00-04:00,MyStrategy,0d72dd6005304a2788c38317111cc53a,SPY,buy,market,fill,1,gtc,0.0,1,stock,573.3900146484375,100.0,0.0
2024-09-27 12:30:00-04:00,MyStrategy,2e61041d5335473f94890d9cbf278938,SPY,buy,market,new,1,gtc,0.0,1,stock,,,
2024-09-27 12:30:00-04:00,MyStrategy,2e61041d5335473f94890d9cbf278938,SPY,buy,market,fill,1,gtc,0.0,1,stock,573.3900146484375,100.0,0.0
2024-09-27 15:30:00-04:00,MyStrategy,f3929ff96db54d959931c05b44ab99ba,SPY,buy,market,new,1,gtc,0.0,1,stock,,,
2024-09-27 15:30:00-04:00,MyStrategy,f3929ff96db54d959931c05b44ab99ba,SPY,buy,market,fill,1,gtc,0.0,1,stock,573.3900146484375,100.0,0.0
2024-09-30 09:30:00-04:00,MyStrategy,0443227a23a64bf4966bc7dc600e70c5,SPY,buy,market,new,1,gtc,0.0,1,stock,,,
2024-09-30 09:30:00-04:00,MyStrategy,0443227a23a64bf4966bc7dc600e70c5,SPY,buy,market,fill,1,gtc,0.0,1,stock,570.4199829101562,100.0,0.0
2024-09-30 12:30:00-04:00,MyStrategy,31b0267d9621495092cafc45a8d19930,SPY,buy,market,new,1,gtc,0.0,1,stock,,,
2024-09-30 12:30:00-04:00,MyStrategy,31b0267d9621495092cafc45a8d19930,SPY,buy,market,fill,1,gtc,0.0,1,stock,570.4199829101562,100.0,0.0
2024-09-30 15:30:00-04:00,MyStrategy,bb7143b9cf97423e8600f8da85bd8572,SPY,buy,market,new,1,gtc,0.0,1,stock,,,
2024-09-30 15:30:00-04:00,MyStrategy,bb7143b9cf97423e8600f8da85bd8572,SPY,buy,market,fill,1,gtc,0.0,1,stock,570.4199829101562,100.0,0.0
2024-10-01 09:30:00-04:00,MyStrategy,000e5ed58655447483e3571072ff855a,SPY,buy,market,new,1,gtc,0.0,1,stock,,,
2024-10-01 09:30:00-04:00,MyStrategy,000e5ed58655447483e3571072ff855a,SPY,buy,market,fill,1,gtc,0.0,1,stock,573.4000244140625,100.0,0.0
2024-10-01 12:30:00-04:00,MyStrategy,34f9795021cf46578ecb0acb9b0ae8a5,SPY,buy,market,new,1,gtc,0.0,1,stock,,,
2024-10-01 12:30:00-04:00,MyStrategy,34f9795021cf46578ecb0acb9b0ae8a5,SPY,buy,market,fill,1,gtc,0.0,1,stock,573.4000244140625,100.0,0.0
2024-10-01 15:30:00-04:00,MyStrategy,6246498e4e8946f088548417797965e1,SPY,buy,market,new,1,gtc,0.0,1,stock,,,
2024-10-01 15:30:00-04:00,MyStrategy,6246498e4e8946f088548417797965e1,SPY,buy,market,fill,1,gtc,0.0,1,stock,573.4000244140625,100.0,0.0
2024-10-02 09:30:00-04:00,MyStrategy,910ffd68fbac433ea565b9fb16891be4,SPY,buy,market,new,1,gtc,0.0,1,stock,,,
2024-10-02 09:30:00-04:00,MyStrategy,910ffd68fbac433ea565b9fb16891be4,SPY,buy,market,fill,1,gtc,0.0,1,stock,567.7100219726562,100.0,0.0
2024-10-02 12:30:00-04:00,MyStrategy,ffb2702864e24660adf13afa1daff085,SPY,buy,market,new,1,gtc,0.0,1,stock,,,
2024-10-02 12:30:00-04:00,MyStrategy,ffb2702864e24660adf13afa1daff085,SPY,buy,market,fill,1,gtc,0.0,1,stock,567.7100219726562,100.0,0.0
2024-10-02 15:30:00-04:00,MyStrategy,108f85d1974242a2be2d1231a0b9cc64,SPY,buy,market,new,1,gtc,0.0,1,stock,,,
2024-10-02 15:30:00-04:00,MyStrategy,108f85d1974242a2be2d1231a0b9cc64,SPY,buy,market,fill,1,gtc,0.0,1,stock,567.7100219726562,100.0,0.0
2024-10-03 09:30:00-04:00,MyStrategy,49d4308b817b4c3288d0ce986e53e457,SPY,buy,market,new,1,gtc,0.0,1,stock,,,
2024-10-03 09:30:00-04:00,MyStrategy,49d4308b817b4c3288d0ce986e53e457,SPY,buy,market,fill,1,gtc,0.0,1,stock,567.3599853515625,100.0,0.0
2024-10-03 12:30:00-04:00,MyStrategy,0ef18e6535c046da90f487d2ada29f83,SPY,buy,market,new,1,gtc,0.0,1,stock,,,
2024-10-03 12:30:00-04:00,MyStrategy,0ef18e6535c046da90f487d2ada29f83,SPY,buy,market,fill,1,gtc,0.0,1,stock,567.3599853515625,100.0,0.0
2024-10-03 15:30:00-04:00,MyStrategy,83699231fed54a55a98a74bbe43f905a,SPY,buy,market,new,1,gtc,0.0,1,stock,,,
2024-10-03 15:30:00-04:00,MyStrategy,83699231fed54a55a98a74bbe43f905a,SPY,buy,market,fill,1,gtc,0.0,1,stock,567.3599853515625,100.0,0.0
2024-10-04 09:30:00-04:00,MyStrategy,cf51d791e83d4ea5bf55bcc4ad03d7ee,SPY,buy,market,new,1,gtc,0.0,1,stock,,,
2024-10-04 09:30:00-04:00,MyStrategy,cf51d791e83d4ea5bf55bcc4ad03d7ee,SPY,buy,market,fill,1,gtc,0.0,1,stock,572.3499755859375,100.0,0.0
2024-10-04 12:30:00-04:00,MyStrategy,8ca27e2fe5e945a3a4861220f5929c20,SPY,buy,market,new,1,gtc,0.0,1,stock,,,
2024-10-04 12:30:00-04:00,MyStrategy,8ca27e2fe5e945a3a4861220f5929c20,SPY,buy,market,fill,1,gtc,0.0,1,stock,572.3499755859375,100.0,0.0
2024-10-04 15:30:00-04:00,MyStrategy,4fed050d9a5246a18e1b3507364f7dc3,SPY,buy,market,new,1,gtc,0.0,1,stock,,,
2024-10-04 15:30:00-04:00,MyStrategy,4fed050d9a5246a18e1b3507364f7dc3,SPY,buy,market,fill,1,gtc,0.0,1,stock,572.3499755859375,100.0,0.0
2024-10-07 09:30:00-04:00,MyStrategy,f03b4591cae547ac80d93c25f3807ec6,SPY,buy,market,new,1,gtc,0.0,1,stock,,,
2024-10-07 09:30:00-04:00,MyStrategy,f03b4591cae547ac80d93c25f3807ec6,SPY,buy,market,fill,1,gtc,0.0,1,stock,571.2999877929688,100.0,0.0
2024-10-07 12:30:00-04:00,MyStrategy,7d4953994f5c49f7a5217e15301746c3,SPY,buy,market,new,1,gtc,0.0,1,stock,,,
2024-10-07 12:30:00-04:00,MyStrategy,7d4953994f5c49f7a5217e15301746c3,SPY,buy,market,fill,1,gtc,0.0,1,stock,571.2999877929688,100.0,0.0
2024-10-07 15:30:00-04:00,MyStrategy,4a9b21c2e6d04b6fb13ec00db93cd09f,SPY,buy,market,new,1,gtc,0.0,1,stock,,,
2024-10-07 15:30:00-04:00,MyStrategy,4a9b21c2e6d04b6fb13ec00db93cd09f,SPY,buy,market,fill,1,gtc,0.0,1,stock,571.2999877929688,100.0,0.0
2024-10-08 09:30:00-04:00,MyStrategy,b244fc91cf1d41e1ac7f2ec3aa3c2b32,SPY,buy,market,new,1,gtc,0.0,1,stock,,,
2024-10-08 09:30:00-04:00,MyStrategy,b244fc91cf1d41e1ac7f2ec3aa3c2b32,SPY,buy,market,fill,1,gtc,0.0,1,stock,570.4199829101562,100.0,0.0
2024-10-08 12:30:00-04:00,MyStrategy,a50f9b28808d4a3f804710bb7ee1ed1b,SPY,buy,market,new,1,gtc,0.0,1,stock,,,
2024-10-08 12:30:00-04:00,MyStrategy,a50f9b28808d4a3f804710bb7ee1ed1b,SPY,buy,market,fill,1,gtc,0.0,1,stock,570.4199829101562,100.0,0.0
2024-10-08 15:30:00-04:00,MyStrategy,749b6d74434d44df9c58e92c28832388,SPY,buy,market,new,1,gtc,0.0,1,stock,,,
2024-10-08 15:30:00-04:00,MyStrategy,749b6d74434d44df9c58e92c28832388,SPY,buy,market,fill,1,gtc,0.0,1,stock,570.4199829101562,100.0,0.0
2024-10-09 09:30:00-04:00,MyStrategy,6f28a91865b34f68949ba6eebd62bf9a,SPY,buy,market,new,1,gtc,0.0,1,stock,,,
2024-10-09 09:30:00-04:00,MyStrategy,6f28a91865b34f68949ba6eebd62bf9a,SPY,buy,market,fill,1,gtc,0.0,1,stock,573.1599731445312,100.0,0.0
2024-10-09 12:30:00-04:00,MyStrategy,2c6c4d4377a74821b335a6bd161356ee,SPY,buy,market,new,1,gtc,0.0,1,stock,,,
2024-10-09 12:30:00-04:00,MyStrategy,2c6c4d4377a74821b335a6bd161356ee,SPY,buy,market,fill,1,gtc,0.0,1,stock,573.1599731445312,100.0,0.0
2024-10-09 15:30:00-04:00,MyStrategy,fe1b24f2317b4f42a9fb7620df58aa03,SPY,buy,market,new,1,gtc,0.0,1,stock,,,
2024-10-09 15:30:00-04:00,MyStrategy,fe1b24f2317b4f42a9fb7620df58aa03,SPY,buy,market,fill,1,gtc,0.0,1,stock,573.1599731445312,100.0,0.0
2024-10-10 09:30:00-04:00,MyStrategy,c3bf1e8b0d414222975de48ad13ee947,SPY,buy,market,new,1,gtc,0.0,1,stock,,,
2024-10-10 09:30:00-04:00,MyStrategy,c3bf1e8b0d414222975de48ad13ee947,SPY,buy,market,fill,1,gtc,0.0,1,stock,575.77001953125,100.0,0.0
2024-10-10 12:30:00-04:00,MyStrategy,cee6b0c524624bffae1b0d2fc7f1c5e6,SPY,buy,market,new,1,gtc,0.0,1,stock,,,
2024-10-10 12:30:00-04:00,MyStrategy,cee6b0c524624bffae1b0d2fc7f1c5e6,SPY,buy,market,fill,1,gtc,0.0,1,stock,575.77001953125,100.0,0.0
2024-10-10 15:30:00-04:00,MyStrategy,565e6c473077487a81b0e681684a5c7d,SPY,buy,market,new,1,gtc,0.0,1,stock,,,
2024-10-10 15:30:00-04:00,MyStrategy,565e6c473077487a81b0e681684a5c7d,SPY,buy,market,fill,1,gtc,0.0,1,stock,575.77001953125,100.0,0.0
2024-10-11 09:30:00-04:00,MyStrategy,164bba2a453a4849a7e35a875eab27c5,SPY,buy,market,new,1,gtc,0.0,1,stock,,,
2024-10-11 09:30:00-04:00,MyStrategy,164bba2a453a4849a7e35a875eab27c5,SPY,buy,market,fill,1,gtc,0.0,1,stock,576.0499877929688,100.0,0.0
2024-10-11 12:30:00-04:00,MyStrategy,11e5cbe2db174b66bd7701339ee6eafb,SPY,buy,market,new,1,gtc,0.0,1,stock,,,
2024-10-11 12:30:00-04:00,MyStrategy,11e5cbe2db174b66bd7701339ee6eafb,SPY,buy,market,fill,1,gtc,0.0,1,stock,576.0499877929688,100.0,0.0
2024-10-11 15:30:00-04:00,MyStrategy,b9518988b48b487a8fdc4906e2ced673,SPY,buy,market,new,1,gtc,0.0,1,stock,,,
2024-10-11 15:30:00-04:00,MyStrategy,b9518988b48b487a8fdc4906e2ced673,SPY,buy,market,fill,1,gtc,0.0,1,stock,576.0499877929688,100.0,0.0
2024-10-14 09:30:00-04:00,MyStrategy,3c949c69e23440248032b6278a833314,SPY,buy,market,new,1,gtc,0.0,1,stock,,,
2024-10-14 09:30:00-04:00,MyStrategy,3c949c69e23440248032b6278a833314,SPY,buy,market,fill,1,gtc,0.0,1,stock,581.219970703125,100.0,0.0
2024-10-14 12:30:00-04:00,MyStrategy,c3ca108c2c8a4e7386731741acf71dc1,SPY,buy,market,new,1,gtc,0.0,1,stock,,,
2024-10-14 12:30:00-04:00,MyStrategy,c3ca108c2c8a4e7386731741acf71dc1,SPY,buy,market,fill,1,gtc,0.0,1,stock,581.219970703125,100.0,0.0
2024-10-14 15:30:00-04:00,MyStrategy,8198b0979c564d428a0963f7ae6d0905,SPY,buy,market,new,1,gtc,0.0,1,stock,,,
2024-10-14 15:30:00-04:00,MyStrategy,8198b0979c564d428a0963f7ae6d0905,SPY,buy,market,fill,1,gtc,0.0,1,stock,581.219970703125,100.0,0.0
2024-10-15 09:30:00-04:00,MyStrategy,c441456443c844e59dd75bd5534675ab,SPY,buy,market,new,1,gtc,0.0,1,stock,,,
2024-10-15 09:30:00-04:00,MyStrategy,c441456443c844e59dd75bd5534675ab,SPY,buy,market,fill,1,gtc,0.0,1,stock,584.5900268554688,100.0,0.0
2024-10-15 12:30:00-04:00,MyStrategy,afc5ce85f97f4624b561f4f25e1f78c6,SPY,buy,market,new,1,gtc,0.0,1,stock,,,
2024-10-15 12:30:00-04:00,MyStrategy,afc5ce85f97f4624b561f4f25e1f78c6,SPY,buy,market,fill,1,gtc,0.0,1,stock,584.5900268554688,100.0,0.0
2024-10-15 15:30:00-04:00,MyStrategy,06680e08355c4ca39ebc3174777142d9,SPY,buy,market,new,1,gtc,0.0,1,stock,,,
2024-10-15 15:30:00-04:00,MyStrategy,06680e08355c4ca39ebc3174777142d9,SPY,buy,market,fill,1,gtc,0.0,1,stock,584.5900268554688,100.0,0.0
2024-10-16 09:30:00-04:00,MyStrategy,1a25753bdaaa445194b2d94737f6ceb9,SPY,buy,market,new,1,gtc,0.0,1,stock,,,
2024-10-16 09:30:00-04:00,MyStrategy,1a25753bdaaa445194b2d94737f6ceb9,SPY,buy,market,fill,1,gtc,0.0,1,stock,579.780029296875,100.0,0.0
2024-10-16 12:30:00-04:00,MyStrategy,f2e341a0e886425ba16fc2cb695154cc,SPY,buy,market,new,1,gtc,0.0,1,stock,,,
2024-10-16 12:30:00-04:00,MyStrategy,f2e341a0e886425ba16fc2cb695154cc,SPY,buy,market,fill,1,gtc,0.0,1,stock,579.780029296875,100.0,0.0
2024-10-16 15:30:00-04:00,MyStrategy,9178f0e69ae046daac991dcbdd76b461,SPY,buy,market,new,1,gtc,0.0,1,stock,,,
2024-10-16 15:30:00-04:00,MyStrategy,9178f0e69ae046daac991dcbdd76b461,SPY,buy,market,fill,1,gtc,0.0,1,stock,579.780029296875,100.0,0.0
2024-10-17 09:30:00-04:00,MyStrategy,370dfc49197a468b900d6ae16fb5dcbe,SPY,buy,market,new,1,gtc,0.0,1,stock,,,
2024-10-17 09:30:00-04:00,MyStrategy,370dfc49197a468b900d6ae16fb5dcbe,SPY,buy,market,fill,1,gtc,0.0,1,stock,585.9099731445312,100.0,0.0
2024-10-17 12:30:00-04:00,MyStrategy,d50afdc4bc1840539d1112aa1d595448,SPY,buy,market,new,1,gtc,0.0,1,stock,,,
2024-10-17 12:30:00-04:00,MyStrategy,d50afdc4bc1840539d1112aa1d595448,SPY,buy,market,fill,1,gtc,0.0,1,stock,585.9099731445312,100.0,0.0
2024-10-17 15:30:00-04:00,MyStrategy,1e5893529c2a4007a19f68f7bf4a53d9,SPY,buy,market,new,1,gtc,0.0,1,stock,,,
2024-10-17 15:30:00-04:00,MyStrategy,1e5893529c2a4007a19f68f7bf4a53d9,SPY,buy,market,fill,1,gtc,0.0,1,stock,585.9099731445312,100.0,0.0
2024-10-18 09:30:00-04:00,MyStrategy,f2ca4709e74e45908b9c8d8656ec6e87,SPY,buy,market,new,1,gtc,0.0,1,stock,,,
2024-10-18 09:30:00-04:00,MyStrategy,f2ca4709e74e45908b9c8d8656ec6e87,SPY,buy,market,fill,1,gtc,0.0,1,stock,584.0700073242188,100.0,0.0
2024-10-18 12:30:00-04:00,MyStrategy,ce277ee4b3b048308c1bd2e061144e18,SPY,buy,market,new,1,gtc,0.0,1,stock,,,
2024-10-18 12:30:00-04:00,MyStrategy,ce277ee4b3b048308c1bd2e061144e18,SPY,buy,market,fill,1,gtc,0.0,1,stock,584.0700073242188,100.0,0.0
2024-10-18 15:30:00-04:00,MyStrategy,8dcba18d668144af8ac26daa03280dde,SPY,buy,market,new,1,gtc,0.0,1,stock,,,
2024-10-18 15:30:00-04:00,MyStrategy,8dcba18d668144af8ac26daa03280dde,SPY,buy,market,fill,1,gtc,0.0,1,stock,584.0700073242188,100.0,0.0
2024-10-21 09:30:00-04:00,MyStrategy,b030258a360e46c3afa0c8ae498d4f54,SPY,buy,market,new,1,gtc,0.0,1,stock,,,
2024-10-21 09:30:00-04:00,MyStrategy,b030258a360e46c3afa0c8ae498d4f54,SPY,buy,market,fill,1,gtc,0.0,1,stock,583.8499755859375,100.0,0.0
2024-10-21 12:30:00-04:00,MyStrategy,dc6961f86c1441459917735eb7d82c36,SPY,buy,market,new,1,gtc,0.0,1,stock,,,
2024-10-21 12:30:00-04:00,MyStrategy,dc6961f86c1441459917735eb7d82c36,SPY,buy,market,fill,1,gtc,0.0,1,stock,583.8499755859375,100.0,0.0
2024-10-21 15:30:00-04:00,MyStrategy,4eaaaf3af0484089a9c1bc40a773cdea,SPY,buy,market,new,1,gtc,0.0,1,stock,,,
2024-10-21 15:30:00-04:00,MyStrategy,4eaaaf3af0484089a9c1bc40a773cdea,SPY,buy,market,fill,1,gtc,0.0,1,stock,583.8499755859375,100.0,0.0
2024-10-22 09:30:00-04:00,MyStrategy,6c4da689231b4679b3eb49126b2e1c04,SPY,buy,market,new,1,gtc,0.0,1,stock,,,
2024-10-22 09:30:00-04:00,MyStrategy,6c4da689231b4679b3eb49126b2e1c04,SPY,buy,market,fill,1,gtc,0.0,1,stock,581.0499877929688,100.0,0.0
2024-10-22 12:30:00-04:00,MyStrategy,c60600a8a29e4e5a9d9bd1de6cfede89,SPY,buy,market,new,1,gtc,0.0,1,stock,,,
2024-10-22 12:30:00-04:00,MyStrategy,c60600a8a29e4e5a9d9bd1de6cfede89,SPY,buy,market,fill,1,gtc,0.0,1,stock,581.0499877929688,100.0,0.0
2024-10-22 15:30:00-04:00,MyStrategy,4ef4b1b8e527438db512d5fc39609533,SPY,buy,market,new,1,gtc,0.0,1,stock,,,
2024-10-22 15:30:00-04:00,MyStrategy,4ef4b1b8e527438db512d5fc39609533,SPY,buy,market,fill,1,gtc,0.0,1,stock,581.0499877929688,100.0,0.0
2024-10-23 09:30:00-04:00,MyStrategy,2e4ca37464bc45cba91b23b89aff0765,SPY,buy,market,new,1,gtc,0.0,1,stock,,,
2024-10-23 09:30:00-04:00,MyStrategy,2e4ca37464bc45cba91b23b89aff0765,SPY,buy,market,fill,1,gtc,0.0,1,stock,581.260009765625,100.0,0.0
2024-10-23 12:30:00-04:00,MyStrategy,9bc382555cc84fa5b4ac405324e4dc53,SPY,buy,market,new,1,gtc,0.0,1,stock,,,
2024-10-23 12:30:00-04:00,MyStrategy,9bc382555cc84fa5b4ac405324e4dc53,SPY,buy,market,fill,1,gtc,0.0,1,stock,581.260009765625,100.0,0.0
2024-10-23 15:30:00-04:00,MyStrategy,b057a06d3c7d4b209db7299f81ed7a9b,SPY,buy,market,new,1,gtc,0.0,1,stock,,,
2024-10-23 15:30:00-04:00,MyStrategy,b057a06d3c7d4b209db7299f81ed7a9b,SPY,buy,market,fill,1,gtc,0.0,1,stock,581.260009765625,100.0,0.0
2024-10-24 09:30:00-04:00,MyStrategy,6650c742cc2b451b94085b87f60572c0,SPY,buy,market,new,1,gtc,0.0,1,stock,,,
2024-10-24 09:30:00-04:00,MyStrategy,6650c742cc2b451b94085b87f60572c0,SPY,buy,market,fill,1,gtc,0.0,1,stock,579.97998046875,100.0,0.0
2024-10-24 12:30:00-04:00,MyStrategy,9f29f9af20284100b558933b08c77120,SPY,buy,market,new,1,gtc,0.0,1,stock,,,
2024-10-24 12:30:00-04:00,MyStrategy,9f29f9af20284100b558933b08c77120,SPY,buy,market,fill,1,gtc,0.0,1,stock,579.97998046875,100.0,0.0
2024-10-24 15:30:00-04:00,MyStrategy,9f251123798542a2b0db0602d2497e3a,SPY,buy,market,new,1,gtc,0.0,1,stock,,,
2024-10-24 15:30:00-04:00,MyStrategy,9f251123798542a2b0db0602d2497e3a,SPY,buy,market,fill,1,gtc,0.0,1,stock,579.97998046875,100.0,0.0
2024-10-25 09:30:00-04:00,MyStrategy,7ae1056cb6ed4ceb8585af58d63e0f7a,SPY,buy,market,new,1,gtc,0.0,1,stock,,,
2024-10-25 09:30:00-04:00,MyStrategy,7ae1056cb6ed4ceb8585af58d63e0f7a,SPY,buy,market,fill,1,gtc,0.0,1,stock,581.510009765625,100.0,0.0
2024-10-25 12:30:00-04:00,MyStrategy,e9e6543a39fb4f2cba7a7cbe495f8201,SPY,buy,market,new,1,gtc,0.0,1,stock,,,
2024-10-25 12:30:00-04:00,MyStrategy,e9e6543a39fb4f2cba7a7cbe495f8201,SPY,buy,market,fill,1,gtc,0.0,1,stock,581.510009765625,100.0,0.0
2024-10-25 15:30:00-04:00,MyStrategy,ab826886ba5e49b89017d407347b7ef4,SPY,buy,market,new,1,gtc,0.0,1,stock,,,
2024-10-25 15:30:00-04:00,MyStrategy,ab826886ba5e49b89017d407347b7ef4,SPY,buy,market,fill,1,gtc,0.0,1,stock,581.510009765625,100.0,0.0
2024-10-28 09:30:00-04:00,MyStrategy,5af69967a4fd416e9cf8fd66c14dcd48,SPY,buy,market,new,1,gtc,0.0,1,stock,,,
2024-10-28 09:30:00-04:00,MyStrategy,5af69967a4fd416e9cf8fd66c14dcd48,SPY,buy,market,fill,1,gtc,0.0,1,stock,582.5800170898438,100.0,0.0
2024-10-28 12:30:00-04:00,MyStrategy,a1b9015528c24c0baca14964d0790ee0,SPY,buy,market,new,1,gtc,0.0,1,stock,,,
2024-10-28 12:30:00-04:00,MyStrategy,a1b9015528c24c0baca14964d0790ee0,SPY,buy,market,fill,1,gtc,0.0,1,stock,582.5800170898438,100.0,0.0
2024-10-28 15:30:00-04:00,MyStrategy,00f8db87e5404b19915e8d67c70aabe4,SPY,buy,market,new,1,gtc,0.0,1,stock,,,
2024-10-28 15:30:00-04:00,MyStrategy,00f8db87e5404b19915e8d67c70aabe4,SPY,buy,market,fill,1,gtc,0.0,1,stock,582.5800170898438,100.0,0.0
2024-10-29 09:30:00-04:00,MyStrategy,055f20d153004717beb1542dcd397a19,SPY,buy,market,new,1,gtc,0.0,1,stock,,,
2024-10-29 09:30:00-04:00,MyStrategy,055f20d153004717beb1542dcd397a19,SPY,buy,market,fill,1,gtc,0.0,1,stock,579.8499755859375,100.0,0.0
2024-10-29 12:30:00-04:00,MyStrategy,e807292479c24ceb98c2ae4780fe01ff,SPY,buy,market,new,1,gtc,0.0,1,stock,,,
2024-10-29 12:30:00-04:00,MyStrategy,e807292479c24ceb98c2ae4780fe01ff,SPY,buy,market,fill,1,gtc,0.0,1,stock,579.8499755859375,100.0,0.0
2024-10-29 15:30:00-04:00,MyStrategy,43c05d6acce74e35a14aad816bc9b147,SPY,buy,market,new,1,gtc,0.0,1,stock,,,
2024-10-29 15:30:00-04:00,MyStrategy,43c05d6acce74e35a14aad816bc9b147,SPY,buy,market,fill,1,gtc,0.0,1,stock,579.8499755859375,100.0,0.0
2024-10-30 09:30:00-04:00,MyStrategy,42ad7878cef142228d3259655a40f5fa,SPY,buy,market,new,1,gtc,0.0,1,stock,,,
2024-10-30 09:30:00-04:00,MyStrategy,42ad7878cef142228d3259655a40f5fa,SPY,buy,market,fill,1,gtc,0.0,1,stock,581.2899780273438,100.0,0.0
2024-10-30 12:30:00-04:00,MyStrategy,40119fcb2fff46ab84a37199b641fa9c,SPY,buy,market,new,1,gtc,0.0,1,stock,,,
2024-10-30 12:30:00-04:00,MyStrategy,40119fcb2fff46ab84a37199b641fa9c,SPY,buy,market,fill,1,gtc,0.0,1,stock,581.2899780273438,100.0,0.0
2024-10-30 15:30:00-04:00,MyStrategy,0a138ab7fd2446b5a67e0a72b5eddf76,SPY,buy,market,new,1,gtc,0.0,1,stock,,,
2024-10-30 15:30:00-04:00,MyStrategy,0a138ab7fd2446b5a67e0a72b5eddf76,SPY,buy,market,fill,1,gtc,0.0,1,stock,581.2899780273438,100.0,0.0
2024-10-31 09:30:00-04:00,MyStrategy,4e0dfc6a6fe6461d9c80c7a4be01033d,SPY,buy,market,new,1,gtc,0.0,1,stock,,,
2024-10-31 09:30:00-04:00,MyStrategy,4e0dfc6a6fe6461d9c80c7a4be01033d,SPY,buy,market,fill,1,gtc,0.0,1,stock,575.5599975585938,100.0,0.0
2024-10-31 12:30:00-04:00,MyStrategy,64f43c453857408992895157e98961fc,SPY,buy,market,new,1,gtc,0.0,1,stock,,,
2024-10-31 12:30:00-04:00,MyStrategy,64f43c453857408992895157e98961fc,SPY,buy,market,fill,1,gtc,0.0,1,stock,575.5599975585938,100.0,0.0
2024-10-31 15:30:00-04:00,MyStrategy,aeff9bf100bc4a9d807cbd49ece2e50a,SPY,buy,market,new,1,gtc,0.0,1,stock,,,
2024-10-31 15:30:00-04:00,MyStrategy,aeff9bf100bc4a9d807cbd49ece2e50a,SPY,buy,market,fill,1,gtc,0.0,1,stock,575.5599975585938,100.0,0.0
2024-11-01 09:30:00-04:00,MyStrategy,a7ba8201d5784e2d8fa18f5db298b16f,SPY,buy,market,new,1,gtc,0.0,1,stock,,,
2024-11-01 09:30:00-04:00,MyStrategy,a7ba8201d5784e2d8fa18f5db298b16f,SPY,buy,market,fill,1,gtc,0.0,1,stock,571.3200073242188,100.0,0.0
2024-11-01 12:30:00-04:00,MyStrategy,e53d8a7fdca54e0e8871d3f14013b8b1,SPY,buy,market,new,1,gtc,0.0,1,stock,,,
2024-11-01 12:30:00-04:00,MyStrategy,e53d8a7fdca54e0e8871d3f14013b8b1,SPY,buy,market,fill,1,gtc,0.0,1,stock,571.3200073242188,100.0,0.0
2024-11-01 15:30:00-04:00,MyStrategy,86d62099f4f645eb84801e5ae948c3e5,SPY,buy,market,new,1,gtc,0.0,1,stock,,,
2024-11-01 15:30:00-04:00,MyStrategy,86d62099f4f645eb84801e5ae948c3e5,SPY,buy,market,fill,1,gtc,0.0,1,stock,571.3200073242188,100.0,0.0
2024-11-04 09:30:00-05:00,MyStrategy,d1cef36e866b48759460f8786e0bfcbf,SPY,buy,market,new,1,gtc,0.0,1,stock,,,
2024-11-04 09:30:00-05:00,MyStrategy,d1cef36e866b48759460f8786e0bfcbf,SPY,buy,market,fill,1,gtc,0.0,1,stock,571.1799926757812,100.0,0.0
2024-11-04 12:30:00-05:00,MyStrategy,06c8384f827e4d70b18f7cf97fc454e3,SPY,buy,market,new,1,gtc,0.0,1,stock,,,
2024-11-04 12:30:00-05:00,MyStrategy,06c8384f827e4d70b18f7cf97fc454e3,SPY,buy,market,fill,1,gtc,0.0,1,stock,571.1799926757812,100.0,0.0
2024-11-04 15:30:00-05:00,MyStrategy,db6a3096821b4381ae073bb05382782b,SPY,buy,market,new,1,gtc,0.0,1,stock,,,
2024-11-04 15:30:00-05:00,MyStrategy,db6a3096821b4381ae073bb05382782b,SPY,buy,market,fill,1,gtc,0.0,1,stock,571.1799926757812,100.0,0.0
2024-11-05 09:30:00-05:00,MyStrategy,03f44331c08c4d0c9b1925a221549e60,SPY,buy,market,new,1,gtc,0.0,1,stock,,,
2024-11-05 09:30:00-05:00,MyStrategy,03f44331c08c4d0c9b1925a221549e60,SPY,buy,market,fill,1,gtc,0.0,1,stock,570.739990234375,100.0,0.0
2024-11-05 12:30:00-05:00,MyStrategy,1adf40c5ac0a420d9839bd7b220a7946,SPY,buy,market,new,1,gtc,0.0,1,stock,,,
2024-11-05 12:30:00-05:00,MyStrategy,1adf40c5ac0a420d9839bd7b220a7946,SPY,buy,market,fill,1,gtc,0.0,1,stock,570.739990234375,100.0,0.0
2024-11-05 15:30:00-05:00,MyStrategy,dd5d1b80531c437dbfbf5e7821185c96,SPY,buy,market,new,1,gtc,0.0,1,stock,,,
2024-11-05 15:30:00-05:00,MyStrategy,dd5d1b80531c437dbfbf5e7821185c96,SPY,buy,market,fill,1,gtc,0.0,1,stock,570.739990234375,100.0,0.0
2024-11-06 09:30:00-05:00,MyStrategy,f28739ec452f4698aaf444765e91d116,SPY,buy,market,new,1,gtc,0.0,1,stock,,,
2024-11-06 09:30:00-05:00,MyStrategy,f28739ec452f4698aaf444765e91d116,SPY,buy,market,fill,1,gtc,0.0,1,stock,589.2000122070312,100.0,0.0
2024-11-06 12:30:00-05:00,MyStrategy,413bcdbf7ddb48519577ecfd0b9e89b5,SPY,buy,market,new,1,gtc,0.0,1,stock,,,
2024-11-06 12:30:00-05:00,MyStrategy,413bcdbf7ddb48519577ecfd0b9e89b5,SPY,buy,market,fill,1,gtc,0.0,1,stock,589.2000122070312,100.0,0.0
2024-11-06 15:30:00-05:00,MyStrategy,88986101322c4d85ab651c03136c8453,SPY,buy,market,new,1,gtc,0.0,1,stock,,,
2024-11-06 15:30:00-05:00,MyStrategy,88986101322c4d85ab651c03136c8453,SPY,buy,market,fill,1,gtc,0.0,1,stock,589.2000122070312,100.0,0.0
2024-11-07 09:30:00-05:00,MyStrategy,60db2ceaad814133b522dbfb122c42f9,SPY,buy,market,new,1,gtc,0.0,1,stock,,,
2024-11-07 09:30:00-05:00,MyStrategy,60db2ceaad814133b522dbfb122c42f9,SPY,buy,market,fill,1,gtc,0.0,1,stock,593.0800170898438,100.0,0.0
2024-11-07 12:30:00-05:00,MyStrategy,355592ec5e244e04bb55b022bee2055f,SPY,buy,market,new,1,gtc,0.0,1,stock,,,
2024-11-07 12:30:00-05:00,MyStrategy,355592ec5e244e04bb55b022bee2055f,SPY,buy,market,fill,1,gtc,0.0,1,stock,593.0800170898438,100.0,0.0
2024-11-07 15:30:00-05:00,MyStrategy,80304c7c26ad49d5a02f57afd41c36e5,SPY,buy,market,new,1,gtc,0.0,1,stock,,,
2024-11-07 15:30:00-05:00,MyStrategy,80304c7c26ad49d5a02f57afd41c36e5,SPY,buy,market,fill,1,gtc,0.0,1,stock,593.0800170898438,100.0,0.0
2024-11-08 09:30:00-05:00,MyStrategy,1b9e2594b4e34e5d88e0c61ca27165ad,SPY,buy,market,new,1,gtc,0.0,1,stock,,,
2024-11-08 09:30:00-05:00,MyStrategy,1b9e2594b4e34e5d88e0c61ca27165ad,SPY,buy,market,fill,1,gtc,0.0,1,stock,596.1699829101562,100.0,0.0
2024-11-08 12:30:00-05:00,MyStrategy,bebc4ea037ef4703a12f9597031b6661,SPY,buy,market,new,1,gtc,0.0,1,stock,,,
2024-11-08 12:30:00-05:00,MyStrategy,bebc4ea037ef4703a12f9597031b6661,SPY,buy,market,fill,1,gtc,0.0,1,stock,596.1699829101562,100.0,0.0
2024-11-08 15:30:00-05:00,MyStrategy,8ae894cb49524884a75feae9e80c63a0,SPY,buy,market,new,1,gtc,0.0,1,stock,,,
2024-11-08 15:30:00-05:00,MyStrategy,8ae894cb49524884a75feae9e80c63a0,SPY,buy,market,fill,1,gtc,0.0,1,stock,596.1699829101562,100.0,0.0
2024-11-11 09:30:00-05:00,MyStrategy,42a711e81333403287359af71151d08e,SPY,buy,market,new,1,gtc,0.0,1,stock,,,
2024-11-11 09:30:00-05:00,MyStrategy,42a711e81333403287359af71151d08e,SPY,buy,market,fill,1,gtc,0.0,1,stock,599.8099975585938,100.0,0.0
2024-11-11 12:30:00-05:00,MyStrategy,85ccab723f8843d9834ec8aae6bb7bf7,SPY,buy,market,new,1,gtc,0.0,1,stock,,,
2024-11-11 12:30:00-05:00,MyStrategy,85ccab723f8843d9834ec8aae6bb7bf7,SPY,buy,market,fill,1,gtc,0.0,1,stock,599.8099975585938,100.0,0.0
2024-11-11 15:30:00-05:00,MyStrategy,a167c483eab74729897316eb89e3befb,SPY,buy,market,new,1,gtc,0.0,1,stock,,,
2024-11-11 15:30:00-05:00,MyStrategy,a167c483eab74729897316eb89e3befb,SPY,buy,market,fill,1,gtc,0.0,1,stock,599.8099975585938,100.0,0.0
2024-11-12 09:30:00-05:00,MyStrategy,0a35906066644ab48d32d8222d77507d,SPY,buy,market,new,1,gtc,0.0,1,stock,,,
2024-11-12 09:30:00-05:00,MyStrategy,0a35906066644ab48d32d8222d77507d,SPY,buy,market,fill,1,gtc,0.0,1,stock,598.6799926757812,100.0,0.0
2024-11-12 12:30:00-05:00,MyStrategy,7f564fda78fd46889d8878b785f8bd19,SPY,buy,market,new,1,gtc,0.0,1,stock,,,
2024-11-12 12:30:00-05:00,MyStrategy,7f564fda78fd46889d8878b785f8bd19,SPY,buy,market,fill,1,gtc,0.0,1,stock,598.6799926757812,100.0,0.0
2024-11-12 15:30:00-05:00,MyStrategy,40b952e7a15844d7b66fc96d40411f07,SPY,buy,market,new,1,gtc,0.0,1,stock,,,
2024-11-12 15:30:00-05:00,MyStrategy,40b952e7a15844d7b66fc96d40411f07,SPY,buy,market,fill,1,gtc,0.0,1,stock,598.6799926757812,100.0,0.0
2024-11-13 09:30:00-05:00,MyStrategy,c3a1fb65e20147edafbbbe40ab69408f,SPY,buy,market,new,1,gtc,0.0,1,stock,,,
2024-11-13 09:30:00-05:00,MyStrategy,c3a1fb65e20147edafbbbe40ab69408f,SPY,buy,market,fill,1,gtc,0.0,1,stock,597.3699951171875,100.0,0.0
2024-11-13 12:30:00-05:00,MyStrategy,dfc07f0e6bed43968b9e16a8aafc547c,SPY,buy,market,new,1,gtc,0.0,1,stock,,,
2024-11-13 12:30:00-05:00,MyStrategy,dfc07f0e6bed43968b9e16a8aafc547c,SPY,buy,market,fill,1,gtc,0.0,1,stock,597.3699951171875,100.0,0.0
2024-11-13 15:30:00-05:00,MyStrategy,3a44f4a3f24044b2abba23ddd8ea7865,SPY,buy,market,new,1,gtc,0.0,1,stock,,,
2024-11-13 15:30:00-05:00,MyStrategy,3a44f4a3f24044b2abba23ddd8ea7865,SPY,buy,market,fill,1,gtc,0.0,1,stock,597.3699951171875,100.0,0.0
2024-11-14 09:30:00-05:00,MyStrategy,20be4535d64d4568b7325860907c7671,SPY,buy,market,new,1,gtc,0.0,1,stock,,,
2024-11-14 09:30:00-05:00,MyStrategy,20be4535d64d4568b7325860907c7671,SPY,buy,market,fill,1,gtc,0.0,1,stock,597.3200073242188,100.0,0.0
2024-11-14 12:30:00-05:00,MyStrategy,cb53c103461749518d26b66b329b3efc,SPY,buy,market,new,1,gtc,0.0,1,stock,,,
2024-11-14 12:30:00-05:00,MyStrategy,cb53c103461749518d26b66b329b3efc,SPY,buy,market,fill,1,gtc,0.0,1,stock,597.3200073242188,100.0,0.0
2024-11-14 15:30:00-05:00,MyStrategy,450fb4e7be92447d8d423d7a17936ea7,SPY,buy,market,new,1,gtc,0.0,1,stock,,,
2024-11-14 15:30:00-05:00,MyStrategy,450fb4e7be92447d8d423d7a17936ea7,SPY,buy,market,fill,1,gtc,0.0,1,stock,597.3200073242188,100.0,0.0
2024-11-15 09:30:00-05:00,MyStrategy,7a1cf02d64e34ebd8fae4f7a2f053aed,SPY,buy,market,new,1,gtc,0.0,1,stock,,,
2024-11-15 09:30:00-05:00,MyStrategy,7a1cf02d64e34ebd8fae4f7a2f053aed,SPY,buy,market,fill,1,gtc,0.0,1,stock,589.719970703125,100.0,0.0
2024-11-15 12:30:00-05:00,MyStrategy,b753a815a9674918a83e2d9371b09a00,SPY,buy,market,new,1,gtc,0.0,1,stock,,,
2024-11-15 12:30:00-05:00,MyStrategy,b753a815a9674918a83e2d9371b09a00,SPY,buy,market,fill,1,gtc,0.0,1,stock,589.719970703125,100.0,0.0
2024-11-15 15:30:00-05:00,MyStrategy,3fbeb43451904782919f15355c277591,SPY,buy,market,new,1,gtc,0.0,1,stock,,,
2024-11-15 15:30:00-05:00,MyStrategy,3fbeb43451904782919f15355c277591,SPY,buy,market,fill,1,gtc,0.0,1,stock,589.719970703125,100.0,0.0
2024-11-18 09:30:00-05:00,MyStrategy,e12fd4ea806b42adaf6f1523d3df207c,SPY,buy,market,new,1,gtc,0.0,1,stock,,,
2024-11-18 09:30:00-05:00,MyStrategy,e12fd4ea806b42adaf6f1523d3df207c,SPY,buy,market,fill,1,gtc,0.0,1,stock,586.219970703125,100.0,0.0
2024-11-18 12:30:00-05:00,MyStrategy,b9f4630b8a994748a4e503478071cdbb,SPY,buy,market,new,1,gtc,0.0,1,stock,,,
2024-11-18 12:30:00-05:00,MyStrategy,b9f4630b8a994748a4e503478071cdbb,SPY,buy,market,fill,1,gtc,0.0,1,stock,586.219970703125,100.0,0.0
2024-11-18 15:30:00-05:00,MyStrategy,b100e630a28045f1b1a6d09d3bc4484b,SPY,buy,market,new,1,gtc,0.0,1,stock,,,
2024-11-18 15:30:00-05:00,MyStrategy,b100e630a28045f1b1a6d09d3bc4484b,SPY,buy,market,fill,1,gtc,0.0,1,stock,586.219970703125,100.0,0.0
2024-11-19 09:30:00-05:00,MyStrategy,10b5d90b1f80400cb0e6d3ba892623c7,SPY,buy,market,new,1,gtc,0.0,1,stock,,,
2024-11-19 09:30:00-05:00,MyStrategy,10b5d90b1f80400cb0e6d3ba892623c7,SPY,buy,market,fill,1,gtc,0.0,1,stock,584.7100219726562,100.0,0.0
2024-11-19 12:30:00-05:00,MyStrategy,0da21386917948fbbbab4b2e7569fd2a,SPY,buy,market,new,1,gtc,0.0,1,stock,,,
2024-11-19 12:30:00-05:00,MyStrategy,0da21386917948fbbbab4b2e7569fd2a,SPY,buy,market,fill,1,gtc,0.0,1,stock,584.7100219726562,100.0,0.0
2024-11-19 15:30:00-05:00,MyStrategy,3016bf45c0b949e581399c0e448ea727,SPY,buy,market,new,1,gtc,0.0,1,stock,,,
2024-11-19 15:30:00-05:00,MyStrategy,3016bf45c0b949e581399c0e448ea727,SPY,buy,market,fill,1,gtc,0.0,1,stock,584.7100219726562,100.0,0.0
2024-11-20 09:30:00-05:00,MyStrategy,9b1b7816a777477287937bf177d6c778,SPY,buy,market,new,1,gtc,0.0,1,stock,,,
2024-11-20 09:30:00-05:00,MyStrategy,9b1b7816a777477287937bf177d6c778,SPY,buy,market,fill,1,gtc,0.0,1,stock,590.3800048828125,100.0,0.0
2024-11-20 12:30:00-05:00,MyStrategy,9a7dd09cc5a747d78d95f3bd92711c9b,SPY,buy,market,new,1,gtc,0.0,1,stock,,,
2024-11-20 12:30:00-05:00,MyStrategy,9a7dd09cc5a747d78d95f3bd92711c9b,SPY,buy,market,fill,1,gtc,0.0,1,stock,590.3800048828125,100.0,0.0
2024-11-20 15:30:00-05:00,MyStrategy,593b9706a83d42f28dfba66c04bead1d,SPY,buy,market,new,1,gtc,0.0,1,stock,,,
2024-11-20 15:30:00-05:00,MyStrategy,593b9706a83d42f28dfba66c04bead1d,SPY,buy,market,fill,1,gtc,0.0,1,stock,590.3800048828125,100.0,0.0
2024-11-21 09:30:00-05:00,MyStrategy,009cf87dec3a4ecea73530c2594d39e8,SPY,buy,market,new,1,gtc,0.0,1,stock,,,
2024-11-21 09:30:00-05:00,MyStrategy,009cf87dec3a4ecea73530c2594d39e8,SPY,buy,market,fill,1,gtc,0.0,1,stock,593.4000244140625,100.0,0.0
2024-11-21 12:30:00-05:00,MyStrategy,f8526648351f4e838403b8f191511a83,SPY,buy,market,new,1,gtc,0.0,1,stock,,,
2024-11-21 12:30:00-05:00,MyStrategy,f8526648351f4e838403b8f191511a83,SPY,buy,market,fill,1,gtc,0.0,1,stock,593.4000244140625,100.0,0.0
2024-11-21 15:30:00-05:00,MyStrategy,762dfb6755ec4d9c9cf76a0f4f0f1064,SPY,buy,market,new,1,gtc,0.0,1,stock,,,
2024-11-21 15:30:00-05:00,MyStrategy,762dfb6755ec4d9c9cf76a0f4f0f1064,SPY,buy,market,fill,1,gtc,0.0,1,stock,593.4000244140625,100.0,0.0
2024-11-22 09:30:00-05:00,MyStrategy,8d2392f7b7804e8cbe4e3a4b953927d8,SPY,buy,market,new,1,gtc,0.0,1,stock,,,
2024-11-22 09:30:00-05:00,MyStrategy,8d2392f7b7804e8cbe4e3a4b953927d8,SPY,buy,market,fill,1,gtc,0.0,1,stock,593.6599731445312,100.0,0.0
2024-11-22 12:30:00-05:00,MyStrategy,dbc84982b3524aeead05872026222303,SPY,buy,market,new,1,gtc,0.0,1,stock,,,
2024-11-22 12:30:00-05:00,MyStrategy,dbc84982b3524aeead05872026222303,SPY,buy,market,fill,1,gtc,0.0,1,stock,593.6599731445312,100.0,0.0
2024-11-22 15:30:00-05:00,MyStrategy,03b8a886c68c450fa08ca9e83ec2ffa0,SPY,buy,market,new,1,gtc,0.0,1,stock,,,
2024-11-22 15:30:00-05:00,MyStrategy,03b8a886c68c450fa08ca9e83ec2ffa0,SPY,buy,market,fill,1,gtc,0.0,1,stock,593.6599731445312,100.0,0.0
2024-11-25 09:30:00-05:00,MyStrategy,28afea55b1da4a928467cfacd639d259,SPY,buy,market,new,1,gtc,0.0,1,stock,,,
2024-11-25 09:30:00-05:00,MyStrategy,28afea55b1da4a928467cfacd639d259,SPY,buy,market,fill,1,gtc,0.0,1,stock,599.52001953125,100.0,0.0
2024-11-25 12:30:00-05:00,MyStrategy,ddc930f7241f49b2939a41d3549e5cce,SPY,buy,market,new,1,gtc,0.0,1,stock,,,
2024-11-25 12:30:00-05:00,MyStrategy,ddc930f7241f49b2939a41d3549e5cce,SPY,buy,market,fill,1,gtc,0.0,1,stock,599.52001953125,100.0,0.0
2024-11-25 15:30:00-05:00,MyStrategy,897e8859e42f42099f34ca813698da4c,SPY,buy,market,new,1,gtc,0.0,1,stock,,,
2024-11-25 15:30:00-05:00,MyStrategy,897e8859e42f42099f34ca813698da4c,SPY,buy,market,fill,1,gtc,0.0,1,stock,599.52001953125,100.0,0.0
2024-11-26 09:30:00-05:00,MyStrategy,5d074d7f8b3d4e72b90a0ae17afdb0ce,SPY,buy,market,new,1,gtc,0.0,1,stock,,,
2024-11-26 09:30:00-05:00,MyStrategy,5d074d7f8b3d4e72b90a0ae17afdb0ce,SPY,buy,market,fill,1,gtc,0.0,1,stock,598.7999877929688,100.0,0.0
2024-11-26 12:30:00-05:00,MyStrategy,81711f1c2ffc43cf84968a3fdaaca334,SPY,buy,market,new,1,gtc,0.0,1,stock,,,
2024-11-26 12:30:00-05:00,MyStrategy,81711f1c2ffc43cf84968a3fdaaca334,SPY,buy,market,fill,1,gtc,0.0,1,stock,598.7999877929688,100.0,0.0
2024-11-26 15:30:00-05:00,MyStrategy,9655cb06222f4fd38acb1913e6a87ec5,SPY,buy,market,new,1,gtc,0.0,1,stock,,,
2024-11-26 15:30:00-05:00,MyStrategy,9655cb06222f4fd38acb1913e6a87ec5,SPY,buy,market,fill,1,gtc,0.0,1,stock,598.7999877929688,100.0,0.0
2024-11-27 09:30:00-05:00,MyStrategy,dd60b609025f4939916224bafc57aef8,SPY,buy,market,new,1,gtc,0.0,1,stock,,,
2024-11-27 09:30:00-05:00,MyStrategy,dd60b609025f4939916224bafc57aef8,SPY,buy,market,fill,1,gtc,0.0,1,stock,600.4600219726562,100.0,0.0
2024-11-27 12:30:00-05:00,MyStrategy,aed1de5815724da396e11db8fe3edda0,SPY,buy,market,new,1,gtc,0.0,1,stock,,,
2024-11-27 12:30:00-05:00,MyStrategy,aed1de5815724da396e11db8fe3edda0,SPY,buy,market,fill,1,gtc,0.0,1,stock,600.4600219726562,100.0,0.0
2024-11-27 15:30:00-05:00,MyStrategy,1db64055602046a796c50950d174ccb1,SPY,buy,market,new,1,gtc,0.0,1,stock,,,
2024-11-27 15:30:00-05:00,MyStrategy,1db64055602046a796c50950d174ccb1,SPY,buy,market,fill,1,gtc,0.0,1,stock,600.4600219726562,100.0,0.0
2024-11-29 09:30:00-05:00,MyStrategy,74f5799b6ece46fb80c5b830d7fce991,SPY,buy,market,new,1,gtc,0.0,1,stock,,,
2024-11-29 09:30:00-05:00,MyStrategy,74f5799b6ece46fb80c5b830d7fce991,SPY,buy,market,fill,1,gtc,0.0,1,stock,599.6599731445312,100.0,0.0
2024-11-29 12:30:00-05:00,MyStrategy,9c3aa035cc594dfaae4c54c7760d26c8,SPY,buy,market,new,1,gtc,0.0,1,stock,,,
2024-11-29 12:30:00-05:00,MyStrategy,9c3aa035cc594dfaae4c54c7760d26c8,SPY,buy,market,fill,1,gtc,0.0,1,stock,599.6599731445312,100.0,0.0
2024-12-02 09:30:00-05:00,MyStrategy,8d97e57c72454201b48b7cac28340744,SPY,buy,market,new,1,gtc,0.0,1,stock,,,
2024-12-02 09:30:00-05:00,MyStrategy,8d97e57c72454201b48b7cac28340744,SPY,buy,market,fill,1,gtc,0.0,1,stock,602.969970703125,100.0,0.0
2024-12-02 12:30:00-05:00,MyStrategy,da4a371c75954a08aa8636b1b690d450,SPY,buy,market,new,1,gtc,0.0,1,stock,,,
2024-12-02 12:30:00-05:00,MyStrategy,da4a371c75954a08aa8636b1b690d450,SPY,buy,market,fill,1,gtc,0.0,1,stock,602.969970703125,100.0,0.0
2024-12-02 15:30:00-05:00,MyStrategy,f48d3c896f7541cd939018722a3260de,SPY,buy,market,new,1,gtc,0.0,1,stock,,,
2024-12-02 15:30:00-05:00,MyStrategy,f48d3c896f7541cd939018722a3260de,SPY,buy,market,fill,1,gtc,0.0,1,stock,602.969970703125,100.0,0.0
2024-12-03 09:30:00-05:00,MyStrategy,384c17949fc24e509f415055456fbcb3,SPY,buy,market,new,1,gtc,0.0,1,stock,,,
2024-12-03 09:30:00-05:00,MyStrategy,384c17949fc24e509f415055456fbcb3,SPY,buy,market,fill,1,gtc,0.0,1,stock,603.3900146484375,100.0,0.0
2024-12-03 12:30:00-05:00,MyStrategy,428483a710df482b88cfdff8b3783549,SPY,buy,market,new,1,gtc,0.0,1,stock,,,
2024-12-03 12:30:00-05:00,MyStrategy,428483a710df482b88cfdff8b3783549,SPY,buy,market,fill,1,gtc,0.0,1,stock,603.3900146484375,100.0,0.0
2024-12-03 15:30:00-05:00,MyStrategy,2f8c5514b74b49a485e8fce7ee9de3a7,SPY,buy,market,new,1,gtc,0.0,1,stock,,,
2024-12-03 15:30:00-05:00,MyStrategy,2f8c5514b74b49a485e8fce7ee9de3a7,SPY,buy,market,fill,1,gtc,0.0,1,stock,603.3900146484375,100.0,0.0
2024-12-04 09:30:00-05:00,MyStrategy,a9ef16e13e864eb48b5eda068cc0f791,SPY,buy,market,new,1,gtc,0.0,1,stock,,,
2024-12-04 09:30:00-05:00,MyStrategy,a9ef16e13e864eb48b5eda068cc0f791,SPY,buy,market,fill,1,gtc,0.0,1,stock,605.6300048828125,100.0,0.0
2024-12-04 12:30:00-05:00,MyStrategy,1a241c775eee49cda4fa871650902a63,SPY,buy,market,new,1,gtc,0.0,1,stock,,,
2024-12-04 12:30:00-05:00,MyStrategy,1a241c775eee49cda4fa871650902a63,SPY,buy,market,fill,1,gtc,0.0,1,stock,605.6300048828125,100.0,0.0
2024-12-04 15:30:00-05:00,MyStrategy,6dbb90f063bc4f39b7b05889e2e87389,SPY,buy,market,new,1,gtc,0.0,1,stock,,,
2024-12-04 15:30:00-05:00,MyStrategy,6dbb90f063bc4f39b7b05889e2e87389,SPY,buy,market,fill,1,gtc,0.0,1,stock,605.6300048828125,100.0,0.0
2024-12-05 09:30:00-05:00,MyStrategy,892f49c4242d4c1d8c54d9c8afe3aa85,SPY,buy,market,new,1,gtc,0.0,1,stock,,,
2024-12-05 09:30:00-05:00,MyStrategy,892f49c4242d4c1d8c54d9c8afe3aa85,SPY,buy,market,fill,1,gtc,0.0,1,stock,607.6599731445312,100.0,0.0
2024-12-05 12:30:00-05:00,MyStrategy,fa4b9e9340624e77a660f75babeb7134,SPY,buy,market,new,1,gtc,0.0,1,stock,,,
2024-12-05 12:30:00-05:00,MyStrategy,fa4b9e9340624e77a660f75babeb7134,SPY,buy,market,fill,1,gtc,0.0,1,stock,607.6599731445312,100.0,0.0
2024-12-05 15:30:00-05:00,MyStrategy,8923feaf55b6411486cb029c4a0f75a1,SPY,buy,market,new,1,gtc,0.0,1,stock,,,
2024-12-05 15:30:00-05:00,MyStrategy,8923feaf55b6411486cb029c4a0f75a1,SPY,buy,market,fill,1,gtc,0.0,1,stock,607.6599731445312,100.0,0.0
2024-12-06 09:30:00-05:00,MyStrategy,8e0189e892964790919ebc5ae6df02d6,SPY,buy,market,new,1,gtc,0.0,1,stock,,,
2024-12-06 09:30:00-05:00,MyStrategy,8e0189e892964790919ebc5ae6df02d6,SPY,buy,market,fill,1,gtc,0.0,1,stock,607.4400024414062,100.0,0.0
2024-12-06 12:30:00-05:00,MyStrategy,1b4835d696fb479087f05788d725f6b1,SPY,buy,market,new,1,gtc,0.0,1,stock,,,
2024-12-06 12:30:00-05:00,MyStrategy,1b4835d696fb479087f05788d725f6b1,SPY,buy,market,fill,1,gtc,0.0,1,stock,607.4400024414062,100.0,0.0
2024-12-06 15:30:00-05:00,MyStrategy,282ceba97f984d42acc097043ae8367d,SPY,buy,market,new,1,gtc,0.0,1,stock,,,
2024-12-06 15:30:00-05:00,MyStrategy,282ceba97f984d42acc097043ae8367d,SPY,buy,market,fill,1,gtc,0.0,1,stock,607.4400024414062,100.0,0.0
2024-12-09 09:30:00-05:00,MyStrategy,fe56babb05a94369b005a92b1c345b59,SPY,buy,market,new,1,gtc,0.0,1,stock,,,
2024-12-09 09:30:00-05:00,MyStrategy,fe56babb05a94369b005a92b1c345b59,SPY,buy,market,fill,1,gtc,0.0,1,stock,607.6900024414062,100.0,0.0
2024-12-09 12:30:00-05:00,MyStrategy,a7f1e2dd2e254b4088deb92f184f7767,SPY,buy,market,new,1,gtc,0.0,1,stock,,,
2024-12-09 12:30:00-05:00,MyStrategy,a7f1e2dd2e254b4088deb92f184f7767,SPY,buy,market,fill,1,gtc,0.0,1,stock,607.6900024414062,100.0,0.0
2024-12-09 15:30:00-05:00,MyStrategy,750044f271e4442ea4463358a5c09b4a,SPY,buy,market,new,1,gtc,0.0,1,stock,,,
2024-12-09 15:30:00-05:00,MyStrategy,750044f271e4442ea4463358a5c09b4a,SPY,buy,market,fill,1,gtc,0.0,1,stock,607.6900024414062,100.0,0.0
2024-12-10 09:30:00-05:00,MyStrategy,512b61faaaa74bc491c2e4b8398611e6,SPY,buy,market,new,1,gtc,0.0,1,stock,,,
2024-12-10 09:30:00-05:00,MyStrategy,512b61faaaa74bc491c2e4b8398611e6,SPY,buy,market,fill,1,gtc,0.0,1,stock,605.3699951171875,100.0,0.0
2024-12-10 12:30:00-05:00,MyStrategy,24dbfa24988c43fe81b0f11d5072c5d8,SPY,buy,market,new,1,gtc,0.0,1,stock,,,
2024-12-10 12:30:00-05:00,MyStrategy,24dbfa24988c43fe81b0f11d5072c5d8,SPY,buy,market,fill,1,gtc,0.0,1,stock,605.3699951171875,100.0,0.0
2024-12-10 15:30:00-05:00,MyStrategy,d1bd4903e95c4f2db0a16c3e181602f8,SPY,buy,market,new,1,gtc,0.0,1,stock,,,
2024-12-10 15:30:00-05:00,MyStrategy,d1bd4903e95c4f2db0a16c3e181602f8,SPY,buy,market,fill,1,gtc,0.0,1,stock,605.3699951171875,100.0,0.0
2024-12-11 09:30:00-05:00,MyStrategy,01505fa6ccc2469bb343c9713786e546,SPY,buy,market,new,1,gtc,0.0,1,stock,,,
2024-12-11 09:30:00-05:00,MyStrategy,01505fa6ccc2469bb343c9713786e546,SPY,buy,market,fill,1,gtc,0.0,1,stock,605.780029296875,100.0,0.0
2024-12-11 12:30:00-05:00,MyStrategy,5698c982323a42d3b3db0d3bcac0a9bd,SPY,buy,market,new,1,gtc,0.0,1,stock,,,
2024-12-11 12:30:00-05:00,MyStrategy,5698c982323a42d3b3db0d3bcac0a9bd,SPY,buy,market,fill,1,gtc,0.0,1,stock,605.780029296875,100.0,0.0
2024-12-11 15:30:00-05:00,MyStrategy,5f4aeac40ca54e92b11cd579b333e42b,SPY,buy,market,new,1,gtc,0.0,1,stock,,,
2024-12-11 15:30:00-05:00,MyStrategy,5f4aeac40ca54e92b11cd579b333e42b,SPY,buy,market,fill,1,gtc,0.0,1,stock,605.780029296875,100.0,0.0
2024-12-12 09:30:00-05:00,MyStrategy,b183825e2c0a4564946aed5955ddee89,SPY,buy,market,new,1,gtc,0.0,1,stock,,,
2024-12-12 09:30:00-05:00,MyStrategy,b183825e2c0a4564946aed5955ddee89,SPY,buy,market,fill,1,gtc,0.0,1,stock,606.5800170898438,100.0,0.0
2024-12-12 12:30:00-05:00,MyStrategy,ab59175dc37d4cc8ad57eb04fa27cde8,SPY,buy,market,new,1,gtc,0.0,1,stock,,,
2024-12-12 12:30:00-05:00,MyStrategy,ab59175dc37d4cc8ad57eb04fa27cde8,SPY,buy,market,fill,1,gtc,0.0,1,stock,606.5800170898438,100.0,0.0
2024-12-12 15:30:00-05:00,MyStrategy,1bc330fb7c1d4a7d83732f24da37ccdc,SPY,buy,market,new,1,gtc,0.0,1,stock,,,
2024-12-12 15:30:00-05:00,MyStrategy,1bc330fb7c1d4a7d83732f24da37ccdc,SPY,buy,market,fill,1,gtc,0.0,1,stock,606.5800170898438,100.0,0.0
2024-12-13 09:30:00-05:00,MyStrategy,599c59a16048440ab836990271b431cc,SPY,buy,market,new,1,gtc,0.0,1,stock,,,
2024-12-13 09:30:00-05:00,MyStrategy,599c59a16048440ab836990271b431cc,SPY,buy,market,fill,1,gtc,0.0,1,stock,606.4000244140625,100.0,0.0
2024-12-13 12:30:00-05:00,MyStrategy,ac4406cb838f44f49441427726aba5c8,SPY,buy,market,new,1,gtc,0.0,1,stock,,,
2024-12-13 12:30:00-05:00,MyStrategy,ac4406cb838f44f49441427726aba5c8,SPY,buy,market,fill,1,gtc,0.0,1,stock,606.4000244140625,100.0,0.0
2024-12-13 15:30:00-05:00,MyStrategy,06933217cd37454cbe597988ca8fec14,SPY,buy,market,new,1,gtc,0.0,1,stock,,,
2024-12-13 15:30:00-05:00,MyStrategy,06933217cd37454cbe597988ca8fec14,SPY,buy,market,fill,1,gtc,0.0,1,stock,606.4000244140625,100.0,0.0
2024-12-16 09:30:00-05:00,MyStrategy,cc6f0775f5784a1db86664b3ecc7f0d6,SPY,buy,market,new,1,gtc,0.0,1,stock,,,
2024-12-16 09:30:00-05:00,MyStrategy,cc6f0775f5784a1db86664b3ecc7f0d6,SPY,buy,market,fill,1,gtc,0.0,1,stock,606.0,100.0,0.0
2024-12-16 12:30:00-05:00,MyStrategy,b1f236a2d10b4c81ba1142addd7e4eef,SPY,buy,market,new,1,gtc,0.0,1,stock,,,
2024-12-16 12:30:00-05:00,MyStrategy,b1f236a2d10b4c81ba1142addd7e4eef,SPY,buy,market,fill,1,gtc,0.0,1,stock,606.0,100.0,0.0
2024-12-16 15:30:00-05:00,MyStrategy,0d482570b9d240a6b6202f2a646a093f,SPY,buy,market,new,1,gtc,0.0,1,stock,,,
2024-12-16 15:30:00-05:00,MyStrategy,0d482570b9d240a6b6202f2a646a093f,SPY,buy,market,fill,1,gtc,0.0,1,stock,606.0,100.0,0.0
2024-12-17 09:30:00-05:00,MyStrategy,4f98780ddf0646d6bdcc1b7f6ee57517,SPY,buy,market,new,1,gtc,0.0,1,stock,,,
2024-12-17 09:30:00-05:00,MyStrategy,4f98780ddf0646d6bdcc1b7f6ee57517,SPY,buy,market,fill,1,gtc,0.0,1,stock,604.1900024414062,100.0,0.0
2024-12-17 12:30:00-05:00,MyStrategy,db67af7034494c5db7688ffd75c67197,SPY,buy,market,new,1,gtc,0.0,1,stock,,,
2024-12-17 12:30:00-05:00,MyStrategy,db67af7034494c5db7688ffd75c67197,SPY,buy,market,fill,1,gtc,0.0,1,stock,604.1900024414062,100.0,0.0
2024-12-17 15:30:00-05:00,MyStrategy,2a8dfed9a17e47c3b022a12ef77bfc87,SPY,buy,market,new,1,gtc,0.0,1,stock,,,
2024-12-17 15:30:00-05:00,MyStrategy,2a8dfed9a17e47c3b022a12ef77bfc87,SPY,buy,market,fill,1,gtc,0.0,1,stock,604.1900024414062,100.0,0.0
2024-12-18 09:30:00-05:00,MyStrategy,dff9f7e8bc0741fc980c5ddd2930fcd4,SPY,buy,market,new,1,gtc,0.0,1,stock,,,
2024-12-18 09:30:00-05:00,MyStrategy,dff9f7e8bc0741fc980c5ddd2930fcd4,SPY,buy,market,fill,1,gtc,0.0,1,stock,603.97998046875,100.0,0.0
2024-12-18 12:30:00-05:00,MyStrategy,af0ec2c79526432fbab82af83b4e6ca4,SPY,buy,market,new,1,gtc,0.0,1,stock,,,
2024-12-18 12:30:00-05:00,MyStrategy,af0ec2c79526432fbab82af83b4e6ca4,SPY,buy,market,fill,1,gtc,0.0,1,stock,603.97998046875,100.0,0.0
2024-12-18 15:30:00-05:00,MyStrategy,a2a8ca0c181e4544a05b089933e3f0d0,SPY,buy,market,new,1,gtc,0.0,1,stock,,,
2024-12-18 15:30:00-05:00,MyStrategy,a2a8ca0c181e4544a05b089933e3f0d0,SPY,buy,market,fill,1,gtc,0.0,1,stock,603.97998046875,100.0,0.0
2024-12-19 09:30:00-05:00,MyStrategy,8334e5a37d89472bb26603b7295596ca,SPY,buy,market,new,1,gtc,0.0,1,stock,,,
2024-12-19 09:30:00-05:00,MyStrategy,8334e5a37d89472bb26603b7295596ca,SPY,buy,market,fill,1,gtc,0.0,1,stock,591.3599853515625,100.0,0.0
2024-12-19 12:30:00-05:00,MyStrategy,cb79bfbfb219458ea5a7334ec1a991fd,SPY,buy,market,new,1,gtc,0.0,1,stock,,,
2024-12-19 12:30:00-05:00,MyStrategy,cb79bfbfb219458ea5a7334ec1a991fd,SPY,buy,market,fill,1,gtc,0.0,1,stock,591.3599853515625,100.0,0.0
2024-12-19 15:30:00-05:00,MyStrategy,93d082e665114d678bb907c2468ed3be,SPY,buy,market,new,1,gtc,0.0,1,stock,,,
2024-12-19 15:30:00-05:00,MyStrategy,93d082e665114d678bb907c2468ed3be,SPY,buy,market,fill,1,gtc,0.0,1,stock,591.3599853515625,100.0,0.0
2024-12-20 09:30:00-05:00,MyStrategy,4e16185946fa4420bc28e9c4e3812968,SPY,buy,market,new,1,gtc,0.0,1,stock,,,
2024-12-20 09:30:00-05:00,MyStrategy,4e16185946fa4420bc28e9c4e3812968,SPY,buy,market,fill,1,gtc,0.0,1,stock,581.77001953125,100.0,0.0
2024-12-20 12:30:00-05:00,MyStrategy,2a72d4d8fa974336881146e2683f6664,SPY,buy,market,new,1,gtc,0.0,1,stock,,,
2024-12-20 12:30:00-05:00,MyStrategy,2a72d4d8fa974336881146e2683f6664,SPY,buy,market,fill,1,gtc,0.0,1,stock,581.77001953125,100.0,0.0
2024-12-20 15:30:00-05:00,MyStrategy,902f50a24c624783a5fc9257d82633fa,SPY,buy,market,new,1,gtc,0.0,1,stock,,,
2024-12-20 15:30:00-05:00,MyStrategy,902f50a24c624783a5fc9257d82633fa,SPY,buy,market,fill,1,gtc,0.0,1,stock,581.77001953125,100.0,0.0
2024-12-23 09:30:00-05:00,MyStrategy,23391f4f2e4e44e29c5ec6a917098378,SPY,buy,market,new,1,gtc,0.0,1,stock,,,
2024-12-23 09:30:00-05:00,MyStrategy,23391f4f2e4e44e29c5ec6a917098378,SPY,buy,market,fill,1,gtc,0.0,1,stock,590.8900146484375,100.0,0.0
2024-12-23 12:30:00-05:00,MyStrategy,2edff90f33ba4924b76b07863198eafe,SPY,buy,market,new,1,gtc,0.0,1,stock,,,
2024-12-23 12:30:00-05:00,MyStrategy,2edff90f33ba4924b76b07863198eafe,SPY,buy,market,fill,1,gtc,0.0,1,stock,590.8900146484375,100.0,0.0
2024-12-23 15:30:00-05:00,MyStrategy,b8cd61c0c5b2442bb3d91cdfcd9d50fe,SPY,buy,market,new,1,gtc,0.0,1,stock,,,
2024-12-23 15:30:00-05:00,MyStrategy,b8cd61c0c5b2442bb3d91cdfcd9d50fe,SPY,buy,market,fill,1,gtc,0.0,1,stock,590.8900146484375,100.0,0.0
2024-12-24 09:30:00-05:00,MyStrategy,7f37baa023e84473a622c125769ab85b,SPY,buy,market,new,1,gtc,0.0,1,stock,,,
2024-12-24 09:30:00-05:00,MyStrategy,7f37baa023e84473a622c125769ab85b,SPY,buy,market,fill,1,gtc,0.0,1,stock,596.0599975585938,100.0,0.0
2024-12-24 12:30:00-05:00,MyStrategy,588f5280a1584766a649f28aa9b7d4da,SPY,buy,market,new,1,gtc,0.0,1,stock,,,
2024-12-24 12:30:00-05:00,MyStrategy,588f5280a1584766a649f28aa9b7d4da,SPY,buy,market,fill,1,gtc,0.0,1,stock,596.0599975585938,100.0,0.0
2024-12-26 09:30:00-05:00,MyStrategy,d07458ab7bb24c6da6d079d24db5ea31,SPY,buy,market,new,1,gtc,0.0,1,stock,,,
2024-12-26 09:30:00-05:00,MyStrategy,d07458ab7bb24c6da6d079d24db5ea31,SPY,buy,market,fill,1,gtc,0.0,1,stock,599.5,100.0,0.0
2024-12-26 12:30:00-05:00,MyStrategy,a000953a5e094b16890fd235ed9e0da8,SPY,buy,market,new,1,gtc,0.0,1,stock,,,
2024-12-26 12:30:00-05:00,MyStrategy,a000953a5e094b16890fd235ed9e0da8,SPY,buy,market,fill,1,gtc,0.0,1,stock,599.5,100.0,0.0
2024-12-26 15:30:00-05:00,MyStrategy,612e90d405ab4a7caf3da3dff620b14b,SPY,buy,market,new,1,gtc,0.0,1,stock,,,
2024-12-26 15:30:00-05:00,MyStrategy,612e90d405ab4a7caf3da3dff620b14b,SPY,buy,market,fill,1,gtc,0.0,1,stock,599.5,100.0,0.0
2024-12-27 09:30:00-05:00,MyStrategy,ac4b13239d654e28af36b6146040c665,SPY,buy,market,new,1,gtc,0.0,1,stock,,,
2024-12-27 09:30:00-05:00,MyStrategy,ac4b13239d654e28af36b6146040c665,SPY,buy,market,fill,1,gtc,0.0,1,stock,597.5399780273438,100.0,0.0
2024-12-27 12:30:00-05:00,MyStrategy,0c8487d99e07412db9272be4368ae50a,SPY,buy,market,new,1,gtc,0.0,1,stock,,,
2024-12-27 12:30:00-05:00,MyStrategy,0c8487d99e07412db9272be4368ae50a,SPY,buy,market,fill,1,gtc,0.0,1,stock,597.5399780273438,100.0,0.0
2024-12-27 15:30:00-05:00,MyStrategy,317d30346bae470da7908ae37487d67a,SPY,buy,market,new,1,gtc,0.0,1,stock,,,
2024-12-27 15:30:00-05:00,MyStrategy,317d30346bae470da7908ae37487d67a,SPY,buy,market,fill,1,gtc,0.0,1,stock,597.5399780273438,100.0,0.0
2024-12-30 09:30:00-05:00,MyStrategy,34953dda6f9a4efca12a7a575d0fca77,SPY,buy,market,new,1,gtc,0.0,1,stock,,,
2024-12-30 09:30:00-05:00,MyStrategy,34953dda6f9a4efca12a7a575d0fca77,SPY,buy,market,fill,1,gtc,0.0,1,stock,587.8900146484375,100.0,0.0
2024-12-30 12:30:00-05:00,MyStrategy,1079de70de8b49a484031fa0feaf4f11,SPY,buy,market,new,1,gtc,0.0,1,stock,,,
2024-12-30 12:30:00-05:00,MyStrategy,1079de70de8b49a484031fa0feaf4f11,SPY,buy,market,fill,1,gtc,0.0,1,stock,587.8900146484375,100.0,0.0
2024-12-30 15:30:00-05:00,MyStrategy,985e87ecd1a34d18979b84b02634fdfa,SPY,buy,market,new,1,gtc,0.0,1,stock,,,
2024-12-30 15:30:00-05:00,MyStrategy,985e87ecd1a34d18979b84b02634fdfa,SPY,buy,market,fill,1,gtc,0.0,1,stock,587.8900146484375,100.0,0.0
