time,strategy,identifier,symbol,side,type,status,multiplier,time_in_force,asset.strike,asset.multiplier,asset.asset_type,price,filled_quantity,trade_cost
2024-01-02 09:30:00-05:00,MyStrategy,f45c6f8a135d453f8a182a0a53198ac7,SPY,buy,market,new,1,gtc,0.0,1,stock,,,
2024-01-02 09:30:00-05:00,MyStrategy,f45c6f8a135d453f8a182a0a53198ac7,SPY,buy,market,fill,1,gtc,0.0,1,stock,472.1600036621094,100.0,0.0
2024-01-02 12:30:00-05:00,MyStrategy,843abc817ed14a998c18c91aa6ca8bb6,SPY,buy,market,new,1,gtc,0.0,1,stock,,,
2024-01-02 12:30:00-05:00,MyStrategy,843abc817ed14a998c18c91aa6ca8bb6,SPY,buy,market,fill,1,gtc,0.0,1,stock,472.1600036621094,100.0,0.0
2024-01-02 15:30:00-05:00,MyStrategy,b6f69169e2ee408aa31c7e18f2a7b2eb,SPY,buy,market,new,1,gtc,0.0,1,stock,,,
2024-01-02 15:30:00-05:00,MyStrategy,b6f69169e2ee408aa31c7e18f2a7b2eb,SPY,buy,market,fill,1,gtc,0.0,1,stock,472.1600036621094,100.0,0.0
2024-01-03 09:30:00-05:00,MyStrategy,426ed036e18646419f3a25e6b58e7c4a,SPY,buy,market,new,1,gtc,0.0,1,stock,,,
2024-01-03 09:30:00-05:00,MyStrategy,426ed036e18646419f3a25e6b58e7c4a,SPY,buy,market,fill,1,gtc,0.0,1,stock,470.42999267578125,100.0,0.0
2024-01-03 12:30:00-05:00,MyStrategy,4f9046ba4a8e4264bd53d31c4eac0808,SPY,buy,market,new,1,gtc,0.0,1,stock,,,
2024-01-03 12:30:00-05:00,MyStrategy,4f9046ba4a8e4264bd53d31c4eac0808,SPY,buy,market,fill,1,gtc,0.0,1,stock,470.42999267578125,100.0,0.0
2024-01-03 15:30:00-05:00,MyStrategy,e0adcb57298a42b1b8c7a14f06287af0,SPY,buy,market,new,1,gtc,0.0,1,stock,,,
2024-01-03 15:30:00-05:00,MyStrategy,e0adcb57298a42b1b8c7a14f06287af0,SPY,buy,market,fill,1,gtc,0.0,1,stock,470.42999267578125,100.0,0.0
2024-01-04 09:30:00-05:00,MyStrategy,838ada52e4a240639df34b2457462677,SPY,buy,market,new,1,gtc,0.0,1,stock,,,
2024-01-04 09:30:00-05:00,MyStrategy,838ada52e4a240639df34b2457462677,SPY,buy,market,fill,1,gtc,0.0,1,stock,468.29998779296875,100.0,0.0
2024-01-04 12:30:00-05:00,MyStrategy,9a04f48a6e6e48de9466d1ee4954effa,SPY,buy,market,new,1,gtc,0.0,1,stock,,,
2024-01-04 12:30:00-05:00,MyStrategy,9a04f48a6e6e48de9466d1ee4954effa,SPY,buy,market,fill,1,gtc,0.0,1,stock,468.29998779296875,100.0,0.0
2024-01-04 15:30:00-05:00,MyStrategy,23a506c8455a4566ba537a89a65d47f6,SPY,buy,market,new,1,gtc,0.0,1,stock,,,
2024-01-04 15:30:00-05:00,MyStrategy,23a506c8455a4566ba537a89a65d47f6,SPY,buy,market,fill,1,gtc,0.0,1,stock,468.29998779296875,100.0,0.0
2024-01-05 09:30:00-05:00,MyStrategy,b008cce2f8154e768ac321ef8a6baff1,SPY,buy,market,new,1,gtc,0.0,1,stock,,,
2024-01-05 09:30:00-05:00,MyStrategy,b008cce2f8154e768ac321ef8a6baff1,SPY,buy,market,fill,1,gtc,0.0,1,stock,467.489990234375,100.0,0.0
2024-01-05 12:30:00-05:00,MyStrategy,1a0cf09184a4442f8fa5eb1ef3ed1e23,SPY,buy,market,new,1,gtc,0.0,1,stock,,,
2024-01-05 12:30:00-05:00,MyStrategy,1a0cf09184a4442f8fa5eb1ef3ed1e23,SPY,buy,market,fill,1,gtc,0.0,1,stock,467.489990234375,100.0,0.0
2024-01-05 15:30:00-05:00,MyStrategy,1052aa0c2d0d4c6fb03b090338afeced,SPY,buy,market,new,1,gtc,0.0,1,stock,,,
2024-01-05 15:30:00-05:00,MyStrategy,1052aa0c2d0d4c6fb03b090338afeced,SPY,buy,market,fill,1,gtc,0.0,1,stock,467.489990234375,100.0,0.0
2024-01-08 09:30:00-05:00,MyStrategy,59f596109d1c4a928f179f73a1aae7af,SPY,buy,market,new,1,gtc,0.0,1,stock,,,
2024-01-08 09:30:00-05:00,MyStrategy,59f596109d1c4a928f179f73a1aae7af,SPY,buy,market,fill,1,gtc,0.0,1,stock,468.42999267578125,100.0,0.0
2024-01-08 12:30:00-05:00,MyStrategy,eb8f3613f2a74595aa13c4f814860e8e,SPY,buy,market,new,1,gtc,0.0,1,stock,,,
2024-01-08 12:30:00-05:00,MyStrategy,eb8f3613f2a74595aa13c4f814860e8e,SPY,buy,market,fill,1,gtc,0.0,1,stock,468.42999267578125,100.0,0.0
2024-01-08 15:30:00-05:00,MyStrategy,c0c19ecb6c9249d495b4b9cc7205be57,SPY,buy,market,new,1,gtc,0.0,1,stock,,,
2024-01-08 15:30:00-05:00,MyStrategy,c0c19ecb6c9249d495b4b9cc7205be57,SPY,buy,market,fill,1,gtc,0.0,1,stock,468.42999267578125,100.0,0.0
2024-01-09 09:30:00-05:00,MyStrategy,79fbc9dabd274a2588578eb7327b3333,SPY,buy,market,new,1,gtc,0.0,1,stock,,,
2024-01-09 09:30:00-05:00,MyStrategy,79fbc9dabd274a2588578eb7327b3333,SPY,buy,market,fill,1,gtc,0.0,1,stock,471.8699951171875,100.0,0.0
2024-01-09 12:30:00-05:00,MyStrategy,cf9291c3abca47f19307bc4f29b7de7e,SPY,buy,market,new,1,gtc,0.0,1,stock,,,
2024-01-09 12:30:00-05:00,MyStrategy,cf9291c3abca47f19307bc4f29b7de7e,SPY,buy,market,fill,1,gtc,0.0,1,stock,471.8699951171875,100.0,0.0
2024-01-09 15:30:00-05:00,MyStrategy,c702ea4256cb49c9b2ee9436372d62e7,SPY,buy,market,new,1,gtc,0.0,1,stock,,,
2024-01-09 15:30:00-05:00,MyStrategy,c702ea4256cb49c9b2ee9436372d62e7,SPY,buy,market,fill,1,gtc,0.0,1,stock,471.8699951171875,100.0,0.0
2024-01-10 09:30:00-05:00,MyStrategy,57fff9fb624e4eb6801469622542f98a,SPY,buy,market,new,1,gtc,0.0,1,stock,,,
2024-01-10 09:30:00-05:00,MyStrategy,57fff9fb624e4eb6801469622542f98a,SPY,buy,market,fill,1,gtc,0.0,1,stock,474.1600036621094,100.0,0.0
2024-01-10 12:30:00-05:00,MyStrategy,5e0cb119062f4b99b2812a136ee52075,SPY,buy,market,new,1,gtc,0.0,1,stock,,,
2024-01-10 12:30:00-05:00,MyStrategy,5e0cb119062f4b99b2812a136ee52075,SPY,buy,market,fill,1,gtc,0.0,1,stock,474.1600036621094,100.0,0.0
2024-01-10 15:30:00-05:00,MyStrategy,df0d8977035a44a49b0fd025721066ee,SPY,buy,market,new,1,gtc,0.0,1,stock,,,
2024-01-10 15:30:00-05:00,MyStrategy,df0d8977035a44a49b0fd025721066ee,SPY,buy,market,fill,1,gtc,0.0,1,stock,474.1600036621094,100.0,0.0
2024-01-11 09:30:00-05:00,MyStrategy,235217b15c9b4c5dbe4d98d4c81af615,SPY,buy,market,new,1,gtc,0.0,1,stock,,,
2024-01-11 09:30:00-05:00,MyStrategy,235217b15c9b4c5dbe4d98d4c81af615,SPY,buy,market,fill,1,gtc,0.0,1,stock,477.5899963378906,100.0,0.0
2024-01-11 12:30:00-05:00,MyStrategy,a2fa6fefb4ad44598a5d1ba3e0c7ddbd,SPY,buy,market,new,1,gtc,0.0,1,stock,,,
2024-01-11 12:30:00-05:00,MyStrategy,a2fa6fefb4ad44598a5d1ba3e0c7ddbd,SPY,buy,market,fill,1,gtc,0.0,1,stock,477.5899963378906,100.0,0.0
2024-01-11 15:30:00-05:00,MyStrategy,47d07a033c774807bc3cfb6fb60b7f57,SPY,buy,market,new,1,gtc,0.0,1,stock,,,
2024-01-11 15:30:00-05:00,MyStrategy,47d07a033c774807bc3cfb6fb60b7f57,SPY,buy,market,fill,1,gtc,0.0,1,stock,477.5899963378906,100.0,0.0
2024-01-12 09:30:00-05:00,MyStrategy,ba47b87ce64b450996bf8925f9d4c252,SPY,buy,market,new,1,gtc,0.0,1,stock,,,
2024-01-12 09:30:00-05:00,MyStrategy,ba47b87ce64b450996bf8925f9d4c252,SPY,buy,market,fill,1,gtc,0.0,1,stock,477.8399963378906,100.0,0.0
2024-01-12 12:30:00-05:00,MyStrategy,79eb08cf417948f8bf4176c1058800c6,SPY,buy,market,new,1,gtc,0.0,1,stock,,,
2024-01-12 12:30:00-05:00,MyStrategy,79eb08cf417948f8bf4176c1058800c6,SPY,buy,market,fill,1,gtc,0.0,1,stock,477.8399963378906,100.0,0.0
2024-01-12 15:30:00-05:00,MyStrategy,6d9c1c1dee464e78b7823f4c2c6fcb4d,SPY,buy,market,new,1,gtc,0.0,1,stock,,,
2024-01-12 15:30:00-05:00,MyStrategy,6d9c1c1dee464e78b7823f4c2c6fcb4d,SPY,buy,market,fill,1,gtc,0.0,1,stock,477.8399963378906,100.0,0.0
2024-01-16 09:30:00-05:00,MyStrategy,e3b5a0f33398497586cded2d40b0fbbc,SPY,buy,market,new,1,gtc,0.0,1,stock,,,
2024-01-16 09:30:00-05:00,MyStrategy,e3b5a0f33398497586cded2d40b0fbbc,SPY,buy,market,fill,1,gtc,0.0,1,stock,475.260009765625,100.0,0.0
2024-01-16 12:30:00-05:00,MyStrategy,922b7dbfca9540ab95fe76505273cd18,SPY,buy,market,new,1,gtc,0.0,1,stock,,,
2024-01-16 12:30:00-05:00,MyStrategy,922b7dbfca9540ab95fe76505273cd18,SPY,buy,market,fill,1,gtc,0.0,1,stock,475.260009765625,100.0,0.0
2024-01-16 15:30:00-05:00,MyStrategy,d49cddddeac4438987789e12c1ed4ffa,SPY,buy,market,new,1,gtc,0.0,1,stock,,,
2024-01-16 15:30:00-05:00,MyStrategy,d49cddddeac4438987789e12c1ed4ffa,SPY,buy,market,fill,1,gtc,0.0,1,stock,475.260009765625,100.0,0.0
2024-01-17 09:30:00-05:00,MyStrategy,c4525317b9ab445782c1d6d00c346978,SPY,buy,market,new,1,gtc,0.0,1,stock,,,
2024-01-17 09:30:00-05:00,MyStrategy,c4525317b9ab445782c1d6d00c346978,SPY,buy,market,fill,1,gtc,0.0,1,stock,471.82000732421875,100.0,0.0
2024-01-17 12:30:00-05:00,MyStrategy,8a55a086f73a40baadd239630c215eee,SPY,buy,market,new,1,gtc,0.0,1,stock,,,
2024-01-17 12:30:00-05:00,MyStrategy,8a55a086f73a40baadd239630c215eee,SPY,buy,market,fill,1,gtc,0.0,1,stock,471.82000732421875,100.0,0.0
2024-01-17 15:30:00-05:00,MyStrategy,b17b4e0aa5c84e95b93e4a6f7dadc12a,SPY,buy,market,new,1,gtc,0.0,1,stock,,,
2024-01-17 15:30:00-05:00,MyStrategy,b17b4e0aa5c84e95b93e4a6f7dadc12a,SPY,buy,market,fill,1,gtc,0.0,1,stock,471.82000732421875,100.0,0.0
2024-01-18 09:30:00-05:00,MyStrategy,d3178c740b3f45b4bcc7e0d9c23bc6cd,SPY,buy,market,new,1,gtc,0.0,1,stock,,,
2024-01-18 09:30:00-05:00,MyStrategy,d3178c740b3f45b4bcc7e0d9c23bc6cd,SPY,buy,market,fill,1,gtc,0.0,1,stock,474.010009765625,100.0,0.0
2024-01-18 12:30:00-05:00,MyStrategy,e071cada3798477d9b26ed7ad00ee850,SPY,buy,market,new,1,gtc,0.0,1,stock,,,
2024-01-18 12:30:00-05:00,MyStrategy,e071cada3798477d9b26ed7ad00ee850,SPY,buy,market,fill,1,gtc,0.0,1,stock,474.010009765625,100.0,0.0
2024-01-18 15:30:00-05:00,MyStrategy,5555b493883b4a4ca6c7ad595255c5c7,SPY,buy,market,new,1,gtc,0.0,1,stock,,,
2024-01-18 15:30:00-05:00,MyStrategy,5555b493883b4a4ca6c7ad595255c5c7,SPY,buy,market,fill,1,gtc,0.0,1,stock,474.010009765625,100.0,0.0
2024-01-19 09:30:00-05:00,MyStrategy,4abe379b336a4954823641628a2ad6f3,SPY,buy,market,new,1,gtc,0.0,1,stock,,,
2024-01-19 09:30:00-05:00,MyStrategy,4abe379b336a4954823641628a2ad6f3,SPY,buy,market,fill,1,gtc,0.0,1,stock,477.6499938964844,100.0,0.0
2024-01-19 12:30:00-05:00,MyStrategy,4b3ea90ae2054fa0890a33ac8128c19a,SPY,buy,market,new,1,gtc,0.0,1,stock,,,
2024-01-19 12:30:00-05:00,MyStrategy,4b3ea90ae2054fa0890a33ac8128c19a,SPY,buy,market,fill,1,gtc,0.0,1,stock,477.6499938964844,100.0,0.0
2024-01-19 15:30:00-05:00,MyStrategy,0c2149960b8542aeb96bf908963ba5da,SPY,buy,market,new,1,gtc,0.0,1,stock,,,
2024-01-19 15:30:00-05:00,MyStrategy,0c2149960b8542aeb96bf908963ba5da,SPY,buy,market,fill,1,gtc,0.0,1,stock,477.6499938964844,100.0,0.0
2024-01-22 09:30:00-05:00,MyStrategy,02f8d83dc6f244cf8d8d338a2a0871b3,SPY,buy,market,new,1,gtc,0.0,1,stock,,,
2024-01-22 09:30:00-05:00,MyStrategy,02f8d83dc6f244cf8d8d338a2a0871b3,SPY,buy,market,fill,1,gtc,0.0,1,stock,484.010009765625,100.0,0.0
2024-01-22 12:30:00-05:00,MyStrategy,ea427aea5222408281fa021933222dec,SPY,buy,market,new,1,gtc,0.0,1,stock,,,
2024-01-22 12:30:00-05:00,MyStrategy,ea427aea5222408281fa021933222dec,SPY,buy,market,fill,1,gtc,0.0,1,stock,484.010009765625,100.0,0.0
2024-01-22 15:30:00-05:00,MyStrategy,19ee6277981449c09c259fe5fb4307bf,SPY,buy,market,new,1,gtc,0.0,1,stock,,,
2024-01-22 15:30:00-05:00,MyStrategy,19ee6277981449c09c259fe5fb4307bf,SPY,buy,market,fill,1,gtc,0.0,1,stock,484.010009765625,100.0,0.0
2024-01-23 09:30:00-05:00,MyStrategy,bb2bd21fc7274029bee115bffddda8aa,SPY,buy,market,new,1,gtc,0.0,1,stock,,,
2024-01-23 09:30:00-05:00,MyStrategy,bb2bd21fc7274029bee115bffddda8aa,SPY,buy,market,fill,1,gtc,0.0,1,stock,484.010009765625,100.0,0.0
2024-01-23 12:30:00-05:00,MyStrategy,1938c2d43a314e5d8cd64fad5f0cb8f6,SPY,buy,market,new,1,gtc,0.0,1,stock,,,
2024-01-23 12:30:00-05:00,MyStrategy,1938c2d43a314e5d8cd64fad5f0cb8f6,SPY,buy,market,fill,1,gtc,0.0,1,stock,484.010009765625,100.0,0.0
2024-01-23 15:30:00-05:00,MyStrategy,661f9cf792de45738c83e0e6c53fb582,SPY,buy,market,new,1,gtc,0.0,1,stock,,,
2024-01-23 15:30:00-05:00,MyStrategy,661f9cf792de45738c83e0e6c53fb582,SPY,buy,market,fill,1,gtc,0.0,1,stock,484.010009765625,100.0,0.0
2024-01-24 09:30:00-05:00,MyStrategy,fd6f101e3428447c884a573d3457e91f,SPY,buy,market,new,1,gtc,0.0,1,stock,,,
2024-01-24 09:30:00-05:00,MyStrategy,fd6f101e3428447c884a573d3457e91f,SPY,buy,market,fill,1,gtc,0.0,1,stock,487.80999755859375,100.0,0.0
2024-01-24 12:30:00-05:00,MyStrategy,462dbe51d7f44fb8961b6877dd4edb1d,SPY,buy,market,new,1,gtc,0.0,1,stock,,,
2024-01-24 12:30:00-05:00,MyStrategy,462dbe51d7f44fb8961b6877dd4edb1d,SPY,buy,market,fill,1,gtc,0.0,1,stock,487.80999755859375,100.0,0.0
2024-01-24 15:30:00-05:00,MyStrategy,b718a9299d5947c183f6435b21295cb2,SPY,buy,market,new,1,gtc,0.0,1,stock,,,
2024-01-24 15:30:00-05:00,MyStrategy,b718a9299d5947c183f6435b21295cb2,SPY,buy,market,fill,1,gtc,0.0,1,stock,487.80999755859375,100.0,0.0
2024-01-25 09:30:00-05:00,MyStrategy,cf725e4068154da5ac1b06e3e67743b2,SPY,buy,market,new,1,gtc,0.0,1,stock,,,
2024-01-25 09:30:00-05:00,MyStrategy,cf725e4068154da5ac1b06e3e67743b2,SPY,buy,market,fill,1,gtc,0.0,1,stock,487.5799865722656,100.0,0.0
2024-01-25 12:30:00-05:00,MyStrategy,4a7a5e5bda6d446ab1ecceab04fe0eb4,SPY,buy,market,new,1,gtc,0.0,1,stock,,,
2024-01-25 12:30:00-05:00,MyStrategy,4a7a5e5bda6d446ab1ecceab04fe0eb4,SPY,buy,market,fill,1,gtc,0.0,1,stock,487.5799865722656,100.0,0.0
2024-01-25 15:30:00-05:00,MyStrategy,3970f386c6d94f1cab7c7693fbcf71ac,SPY,buy,market,new,1,gtc,0.0,1,stock,,,
2024-01-25 15:30:00-05:00,MyStrategy,3970f386c6d94f1cab7c7693fbcf71ac,SPY,buy,market,fill,1,gtc,0.0,1,stock,487.5799865722656,100.0,0.0
2024-01-26 09:30:00-05:00,MyStrategy,33d5f99cb24b4e518c3abff7020501cf,SPY,buy,market,new,1,gtc,0.0,1,stock,,,
2024-01-26 09:30:00-05:00,MyStrategy,33d5f99cb24b4e518c3abff7020501cf,SPY,buy,market,fill,1,gtc,0.0,1,stock,487.5899963378906,100.0,0.0
2024-01-26 12:30:00-05:00,MyStrategy,bb6f024f8105472f9807cf5482ca150e,SPY,buy,market,new,1,gtc,0.0,1,stock,,,
2024-01-26 12:30:00-05:00,MyStrategy,bb6f024f8105472f9807cf5482ca150e,SPY,buy,market,fill,1,gtc,0.0,1,stock,487.5899963378906,100.0,0.0
2024-01-26 15:30:00-05:00,MyStrategy,91424daf6c6f4a41b1c23d360cb1ade7,SPY,buy,market,new,1,gtc,0.0,1,stock,,,
2024-01-26 15:30:00-05:00,MyStrategy,91424daf6c6f4a41b1c23d360cb1ade7,SPY,buy,market,fill,1,gtc,0.0,1,stock,487.5899963378906,100.0,0.0
2024-01-29 09:30:00-05:00,MyStrategy,69406568ac1c4f0b9b1a58f0cbb2ad63,SPY,buy,market,new,1,gtc,0.0,1,stock,,,
2024-01-29 09:30:00-05:00,MyStrategy,69406568ac1c4f0b9b1a58f0cbb2ad63,SPY,buy,market,fill,1,gtc,0.0,1,stock,487.7300109863281,100.0,0.0
2024-01-29 12:30:00-05:00,MyStrategy,e53fdb8bd26340ca9840c6a2003d4130,SPY,buy,market,new,1,gtc,0.0,1,stock,,,
2024-01-29 12:30:00-05:00,MyStrategy,e53fdb8bd26340ca9840c6a2003d4130,SPY,buy,market,fill,1,gtc,0.0,1,stock,487.7300109863281,100.0,0.0
2024-01-29 15:30:00-05:00,MyStrategy,261c5116a3e44536a1aeb995013f2411,SPY,buy,market,new,1,gtc,0.0,1,stock,,,
2024-01-29 15:30:00-05:00,MyStrategy,261c5116a3e44536a1aeb995013f2411,SPY,buy,market,fill,1,gtc,0.0,1,stock,487.7300109863281,100.0,0.0
2024-01-30 09:30:00-05:00,MyStrategy,e3cb37613d5444d2b5966dab57ba1dda,SPY,buy,market,new,1,gtc,0.0,1,stock,,,
2024-01-30 09:30:00-05:00,MyStrategy,e3cb37613d5444d2b5966dab57ba1dda,SPY,buy,market,fill,1,gtc,0.0,1,stock,490.55999755859375,100.0,0.0
2024-01-30 12:30:00-05:00,MyStrategy,976316a1c790436f9eeb9caa1137b567,SPY,buy,market,new,1,gtc,0.0,1,stock,,,
2024-01-30 12:30:00-05:00,MyStrategy,976316a1c790436f9eeb9caa1137b567,SPY,buy,market,fill,1,gtc,0.0,1,stock,490.55999755859375,100.0,0.0
2024-01-30 15:30:00-05:00,MyStrategy,fd98a6f2a245400287f529813e402554,SPY,buy,market,new,1,gtc,0.0,1,stock,,,
2024-01-30 15:30:00-05:00,MyStrategy,fd98a6f2a245400287f529813e402554,SPY,buy,market,fill,1,gtc,0.0,1,stock,490.55999755859375,100.0,0.0
2024-01-31 09:30:00-05:00,MyStrategy,46166d7223e249319d3769f59c69c011,SPY,buy,market,new,1,gtc,0.0,1,stock,,,
2024-01-31 09:30:00-05:00,MyStrategy,46166d7223e249319d3769f59c69c011,SPY,buy,market,fill,1,gtc,0.0,1,stock,488.6199951171875,100.0,0.0
2024-01-31 12:30:00-05:00,MyStrategy,942b986d327c448b8ac3744dee945f7f,SPY,buy,market,new,1,gtc,0.0,1,stock,,,
2024-01-31 12:30:00-05:00,MyStrategy,942b986d327c448b8ac3744dee945f7f,SPY,buy,market,fill,1,gtc,0.0,1,stock,488.6199951171875,100.0,0.0
2024-01-31 15:30:00-05:00,MyStrategy,ccd55b16eeb649ccb56aa4cdf6d60884,SPY,buy,market,new,1,gtc,0.0,1,stock,,,
2024-01-31 15:30:00-05:00,MyStrategy,ccd55b16eeb649ccb56aa4cdf6d60884,SPY,buy,market,fill,1,gtc,0.0,1,stock,488.6199951171875,100.0,0.0
2024-02-01 09:30:00-05:00,MyStrategy,4e6ff50ecaaa44ddbe6ee885080a9d4f,SPY,buy,market,new,1,gtc,0.0,1,stock,,,
2024-02-01 09:30:00-05:00,MyStrategy,4e6ff50ecaaa44ddbe6ee885080a9d4f,SPY,buy,market,fill,1,gtc,0.0,1,stock,484.6300048828125,100.0,0.0
2024-02-01 12:30:00-05:00,MyStrategy,ebe4e40015384151a758340e5284d6eb,SPY,buy,market,new,1,gtc,0.0,1,stock,,,
2024-02-01 12:30:00-05:00,MyStrategy,ebe4e40015384151a758340e5284d6eb,SPY,buy,market,fill,1,gtc,0.0,1,stock,484.6300048828125,100.0,0.0
2024-02-01 15:30:00-05:00,MyStrategy,55b12fc27d0f4e10b611f16d00f5ddeb,SPY,buy,market,new,1,gtc,0.0,1,stock,,,
2024-02-01 15:30:00-05:00,MyStrategy,55b12fc27d0f4e10b611f16d00f5ddeb,SPY,buy,market,fill,1,gtc,0.0,1,stock,484.6300048828125,100.0,0.0
2024-02-02 09:30:00-05:00,MyStrategy,fbbb9ba234d8406fa3803d8bc43657c0,SPY,buy,market,new,1,gtc,0.0,1,stock,,,
2024-02-02 09:30:00-05:00,MyStrategy,fbbb9ba234d8406fa3803d8bc43657c0,SPY,buy,market,fill,1,gtc,0.0,1,stock,489.6499938964844,100.0,0.0
2024-02-02 12:30:00-05:00,MyStrategy,6b4a73ec66c84683a661dd39cf575919,SPY,buy,market,new,1,gtc,0.0,1,stock,,,
2024-02-02 12:30:00-05:00,MyStrategy,6b4a73ec66c84683a661dd39cf575919,SPY,buy,market,fill,1,gtc,0.0,1,stock,489.6499938964844,100.0,0.0
2024-02-02 15:30:00-05:00,MyStrategy,489afe405052416f85512d1042f2e571,SPY,buy,market,new,1,gtc,0.0,1,stock,,,
2024-02-02 15:30:00-05:00,MyStrategy,489afe405052416f85512d1042f2e571,SPY,buy,market,fill,1,gtc,0.0,1,stock,489.6499938964844,100.0,0.0
2024-02-05 09:30:00-05:00,MyStrategy,95da8ba0060e4de7b6e3ff70ec56b9d8,SPY,buy,market,new,1,gtc,0.0,1,stock,,,
2024-02-05 09:30:00-05:00,MyStrategy,95da8ba0060e4de7b6e3ff70ec56b9d8,SPY,buy,market,fill,1,gtc,0.0,1,stock,493.70001220703125,100.0,0.0
2024-02-05 12:30:00-05:00,MyStrategy,bf56f9dd855d4c6e88673dd88b9028e7,SPY,buy,market,new,1,gtc,0.0,1,stock,,,
2024-02-05 12:30:00-05:00,MyStrategy,bf56f9dd855d4c6e88673dd88b9028e7,SPY,buy,market,fill,1,gtc,0.0,1,stock,493.70001220703125,100.0,0.0
2024-02-05 15:30:00-05:00,MyStrategy,b4ed8366dd5a4b93bac179db90e376e8,SPY,buy,market,new,1,gtc,0.0,1,stock,,,
2024-02-05 15:30:00-05:00,MyStrategy,b4ed8366dd5a4b93bac179db90e376e8,SPY,buy,market,fill,1,gtc,0.0,1,stock,493.70001220703125,100.0,0.0
2024-02-06 09:30:00-05:00,MyStrategy,e312def1cfda4905a26a6da6da44626a,SPY,buy,market,new,1,gtc,0.0,1,stock,,,
2024-02-06 09:30:00-05:00,MyStrategy,e312def1cfda4905a26a6da6da44626a,SPY,buy,market,fill,1,gtc,0.0,1,stock,493.5199890136719,100.0,0.0
2024-02-06 12:30:00-05:00,MyStrategy,fa42689c5d014ddd87dbe7f85dc87fb9,SPY,buy,market,new,1,gtc,0.0,1,stock,,,
2024-02-06 12:30:00-05:00,MyStrategy,fa42689c5d014ddd87dbe7f85dc87fb9,SPY,buy,market,fill,1,gtc,0.0,1,stock,493.5199890136719,100.0,0.0
2024-02-06 15:30:00-05:00,MyStrategy,ea13270b21484c8f934165c31c373a29,SPY,buy,market,new,1,gtc,0.0,1,stock,,,
2024-02-06 15:30:00-05:00,MyStrategy,ea13270b21484c8f934165c31c373a29,SPY,buy,market,fill,1,gtc,0.0,1,stock,493.5199890136719,100.0,0.0
2024-02-07 09:30:00-05:00,MyStrategy,1f0ebc84f00f4bee84530595c4155ff4,SPY,buy,market,new,1,gtc,0.0,1,stock,,,
2024-02-07 09:30:00-05:00,MyStrategy,1f0ebc84f00f4bee84530595c4155ff4,SPY,buy,market,fill,1,gtc,0.0,1,stock,496.2900085449219,100.0,0.0
2024-02-07 12:30:00-05:00,MyStrategy,2c63097d755a40128ae93689e71f44d5,SPY,buy,market,new,1,gtc,0.0,1,stock,,,
2024-02-07 12:30:00-05:00,MyStrategy,2c63097d755a40128ae93689e71f44d5,SPY,buy,market,fill,1,gtc,0.0,1,stock,496.2900085449219,100.0,0.0
2024-02-07 15:30:00-05:00,MyStrategy,a6f1afa9cfca4f86b23f06ffcfbd681e,SPY,buy,market,new,1,gtc,0.0,1,stock,,,
2024-02-07 15:30:00-05:00,MyStrategy,a6f1afa9cfca4f86b23f06ffcfbd681e,SPY,buy,market,fill,1,gtc,0.0,1,stock,496.2900085449219,100.0,0.0
2024-02-08 09:30:00-05:00,MyStrategy,ea9c68137ff04f37ab4e42d974aecf53,SPY,buy,market,new,1,gtc,0.0,1,stock,,,
2024-02-08 09:30:00-05:00,MyStrategy,ea9c68137ff04f37ab4e42d974aecf53,SPY,buy,market,fill,1,gtc,0.0,1,stock,498.1000061035156,100.0,0.0
2024-02-08 12:30:00-05:00,MyStrategy,a4a0e0e2868c48dc8b4a7d1d7a16596f,SPY,buy,market,new,1,gtc,0.0,1,stock,,,
2024-02-08 12:30:00-05:00,MyStrategy,a4a0e0e2868c48dc8b4a7d1d7a16596f,SPY,buy,market,fill,1,gtc,0.0,1,stock,498.1000061035156,100.0,0.0
2024-02-08 15:30:00-05:00,MyStrategy,90396134002f4d14bde7d2b11e1e5ce0,SPY,buy,market,new,1,gtc,0.0,1,stock,,,
2024-02-08 15:30:00-05:00,MyStrategy,90396134002f4d14bde7d2b11e1e5ce0,SPY,buy,market,fill,1,gtc,0.0,1,stock,498.1000061035156,100.0,0.0
2024-02-09 09:30:00-05:00,MyStrategy,a974ca27dde341218daa0e516091cf9d,SPY,buy,market,new,1,gtc,0.0,1,stock,,,
2024-02-09 09:30:00-05:00,MyStrategy,a974ca27dde341218daa0e516091cf9d,SPY,buy,market,fill,1,gtc,0.0,1,stock,498.8399963378906,100.0,0.0
2024-02-09 12:30:00-05:00,MyStrategy,94957d03f0df4f7a88cf382d3733bf78,SPY,buy,market,new,1,gtc,0.0,1,stock,,,
2024-02-09 12:30:00-05:00,MyStrategy,94957d03f0df4f7a88cf382d3733bf78,SPY,buy,market,fill,1,gtc,0.0,1,stock,498.8399963378906,100.0,0.0
2024-02-09 15:30:00-05:00,MyStrategy,2906863d789041f49cf21f36dcaf9a7f,SPY,buy,market,new,1,gtc,0.0,1,stock,,,
2024-02-09 15:30:00-05:00,MyStrategy,2906863d789041f49cf21f36dcaf9a7f,SPY,buy,market,fill,1,gtc,0.0,1,stock,498.8399963378906,100.0,0.0
2024-02-12 09:30:00-05:00,MyStrategy,8c3c0b75828c47a9a9ffcb0998e8387e,SPY,buy,market,new,1,gtc,0.0,1,stock,,,
2024-02-12 09:30:00-05:00,MyStrategy,8c3c0b75828c47a9a9ffcb0998e8387e,SPY,buy,market,fill,1,gtc,0.0,1,stock,501.1700134277344,100.0,0.0
2024-02-12 12:30:00-05:00,MyStrategy,55794b2314e04effbb47d3d5e39a19b1,SPY,buy,market,new,1,gtc,0.0,1,stock,,,
2024-02-12 12:30:00-05:00,MyStrategy,55794b2314e04effbb47d3d5e39a19b1,SPY,buy,market,fill,1,gtc,0.0,1,stock,501.1700134277344,100.0,0.0
2024-02-12 15:30:00-05:00,MyStrategy,594d119fd1b64b0d85d1ef7c4dfbf027,SPY,buy,market,new,1,gtc,0.0,1,stock,,,
2024-02-12 15:30:00-05:00,MyStrategy,594d119fd1b64b0d85d1ef7c4dfbf027,SPY,buy,market,fill,1,gtc,0.0,1,stock,501.1700134277344,100.0,0.0
2024-02-13 09:30:00-05:00,MyStrategy,ab49facaa1054e63a3d4c47893934505,SPY,buy,market,new,1,gtc,0.0,1,stock,,,
2024-02-13 09:30:00-05:00,MyStrategy,ab49facaa1054e63a3d4c47893934505,SPY,buy,market,fill,1,gtc,0.0,1,stock,494.5299987792969,100.0,0.0
2024-02-13 12:30:00-05:00,MyStrategy,df707242f703484b869cbfad2cbcbdc1,SPY,buy,market,new,1,gtc,0.0,1,stock,,,
2024-02-13 12:30:00-05:00,MyStrategy,df707242f703484b869cbfad2cbcbdc1,SPY,buy,market,fill,1,gtc,0.0,1,stock,494.5299987792969,100.0,0.0
2024-02-13 15:30:00-05:00,MyStrategy,683beb64ceb74330ba1e29e4fed74768,SPY,buy,market,new,1,gtc,0.0,1,stock,,,
2024-02-13 15:30:00-05:00,MyStrategy,683beb64ceb74330ba1e29e4fed74768,SPY,buy,market,fill,1,gtc,0.0,1,stock,494.5299987792969,100.0,0.0
2024-02-14 09:30:00-05:00,MyStrategy,0a3cd3421a4d4c02a8a92d1dc0281f6f,SPY,buy,market,new,1,gtc,0.0,1,stock,,,
2024-02-14 09:30:00-05:00,MyStrategy,0a3cd3421a4d4c02a8a92d1dc0281f6f,SPY,buy,market,fill,1,gtc,0.0,1,stock,496.7900085449219,100.0,0.0
2024-02-14 12:30:00-05:00,MyStrategy,426c45e701e94b408904254c721156e1,SPY,buy,market,new,1,gtc,0.0,1,stock,,,
2024-02-14 12:30:00-05:00,MyStrategy,426c45e701e94b408904254c721156e1,SPY,buy,market,fill,1,gtc,0.0,1,stock,496.7900085449219,100.0,0.0
2024-02-14 15:30:00-05:00,MyStrategy,cba891d3da9d44119a48e577d27ea227,SPY,buy,market,new,1,gtc,0.0,1,stock,,,
2024-02-14 15:30:00-05:00,MyStrategy,cba891d3da9d44119a48e577d27ea227,SPY,buy,market,fill,1,gtc,0.0,1,stock,496.7900085449219,100.0,0.0
2024-02-15 09:30:00-05:00,MyStrategy,ee8c35973f0f465a850e5309b4efb473,SPY,buy,market,new,1,gtc,0.0,1,stock,,,
2024-02-15 09:30:00-05:00,MyStrategy,ee8c35973f0f465a850e5309b4efb473,SPY,buy,market,fill,1,gtc,0.0,1,stock,499.2900085449219,100.0,0.0
2024-02-15 12:30:00-05:00,MyStrategy,a682fd40a83441a283898f59bc23f178,SPY,buy,market,new,1,gtc,0.0,1,stock,,,
2024-02-15 12:30:00-05:00,MyStrategy,a682fd40a83441a283898f59bc23f178,SPY,buy,market,fill,1,gtc,0.0,1,stock,499.2900085449219,100.0,0.0
2024-02-15 15:30:00-05:00,MyStrategy,edd854ddd01c4dadac493866c28ab483,SPY,buy,market,new,1,gtc,0.0,1,stock,,,
2024-02-15 15:30:00-05:00,MyStrategy,edd854ddd01c4dadac493866c28ab483,SPY,buy,market,fill,1,gtc,0.0,1,stock,499.2900085449219,100.0,0.0
2024-02-16 09:30:00-05:00,MyStrategy,6491427d7aaf4f74a1ee65006e8c0293,SPY,buy,market,new,1,gtc,0.0,1,stock,,,
2024-02-16 09:30:00-05:00,MyStrategy,6491427d7aaf4f74a1ee65006e8c0293,SPY,buy,market,fill,1,gtc,0.0,1,stock,501.70001220703125,100.0,0.0
2024-02-16 12:30:00-05:00,MyStrategy,b075a1d880f54bb6a300d4092292e7eb,SPY,buy,market,new,1,gtc,0.0,1,stock,,,
2024-02-16 12:30:00-05:00,MyStrategy,b075a1d880f54bb6a300d4092292e7eb,SPY,buy,market,fill,1,gtc,0.0,1,stock,501.70001220703125,100.0,0.0
2024-02-16 15:30:00-05:00,MyStrategy,e34ec7500e39458f9f3299f89a2be9e5,SPY,buy,market,new,1,gtc,0.0,1,stock,,,
2024-02-16 15:30:00-05:00,MyStrategy,e34ec7500e39458f9f3299f89a2be9e5,SPY,buy,market,fill,1,gtc,0.0,1,stock,501.70001220703125,100.0,0.0
2024-02-20 09:30:00-05:00,MyStrategy,e2a337c8b8544f1abe360602a9323643,SPY,buy,market,new,1,gtc,0.0,1,stock,,,
2024-02-20 09:30:00-05:00,MyStrategy,e2a337c8b8544f1abe360602a9323643,SPY,buy,market,fill,1,gtc,0.0,1,stock,497.7200012207031,100.0,0.0
2024-02-20 12:30:00-05:00,MyStrategy,57c97758f8074ec0b9a2f51038f0f02d,SPY,buy,market,new,1,gtc,0.0,1,stock,,,
2024-02-20 12:30:00-05:00,MyStrategy,57c97758f8074ec0b9a2f51038f0f02d,SPY,buy,market,fill,1,gtc,0.0,1,stock,497.7200012207031,100.0,0.0
2024-02-20 15:30:00-05:00,MyStrategy,93c125d2215e43c58d01591477795c5d,SPY,buy,market,new,1,gtc,0.0,1,stock,,,
2024-02-20 15:30:00-05:00,MyStrategy,93c125d2215e43c58d01591477795c5d,SPY,buy,market,fill,1,gtc,0.0,1,stock,497.7200012207031,100.0,0.0
2024-02-21 09:30:00-05:00,MyStrategy,89a1adec22224fa4a6ce48c0f62bab26,SPY,buy,market,new,1,gtc,0.0,1,stock,,,
2024-02-21 09:30:00-05:00,MyStrategy,89a1adec22224fa4a6ce48c0f62bab26,SPY,buy,market,fill,1,gtc,0.0,1,stock,495.4200134277344,100.0,0.0
2024-02-21 12:30:00-05:00,MyStrategy,5608175a887c44a69293dc87b4b6116b,SPY,buy,market,new,1,gtc,0.0,1,stock,,,
2024-02-21 12:30:00-05:00,MyStrategy,5608175a887c44a69293dc87b4b6116b,SPY,buy,market,fill,1,gtc,0.0,1,stock,495.4200134277344,100.0,0.0
2024-02-21 15:30:00-05:00,MyStrategy,0a64dd10261645a5b80da97f56a4026d,SPY,buy,market,new,1,gtc,0.0,1,stock,,,
2024-02-21 15:30:00-05:00,MyStrategy,0a64dd10261645a5b80da97f56a4026d,SPY,buy,market,fill,1,gtc,0.0,1,stock,495.4200134277344,100.0,0.0
2024-02-22 09:30:00-05:00,MyStrategy,6819f54745c0432281a413aaae1d6b73,SPY,buy,market,new,1,gtc,0.0,1,stock,,,
2024-02-22 09:30:00-05:00,MyStrategy,6819f54745c0432281a413aaae1d6b73,SPY,buy,market,fill,1,gtc,0.0,1,stock,504.010009765625,100.0,0.0
2024-02-22 12:30:00-05:00,MyStrategy,1834c9497afa4d2399e35f627d68d3ed,SPY,buy,market,new,1,gtc,0.0,1,stock,,,
2024-02-22 12:30:00-05:00,MyStrategy,1834c9497afa4d2399e35f627d68d3ed,SPY,buy,market,fill,1,gtc,0.0,1,stock,504.010009765625,100.0,0.0
2024-02-22 15:30:00-05:00,MyStrategy,00cc3e6481024b079cb4a0c719144150,SPY,buy,market,new,1,gtc,0.0,1,stock,,,
2024-02-22 15:30:00-05:00,MyStrategy,00cc3e6481024b079cb4a0c719144150,SPY,buy,market,fill,1,gtc,0.0,1,stock,504.010009765625,100.0,0.0
2024-02-23 09:30:00-05:00,MyStrategy,e938d94c71a146688ec1c95fc2c470de,SPY,buy,market,new,1,gtc,0.0,1,stock,,,
2024-02-23 09:30:00-05:00,MyStrategy,e938d94c71a146688ec1c95fc2c470de,SPY,buy,market,fill,1,gtc,0.0,1,stock,509.2699890136719,100.0,0.0
2024-02-23 12:30:00-05:00,MyStrategy,72ecc54a55a64b92978e9d7e7f461154,SPY,buy,market,new,1,gtc,0.0,1,stock,,,
2024-02-23 12:30:00-05:00,MyStrategy,72ecc54a55a64b92978e9d7e7f461154,SPY,buy,market,fill,1,gtc,0.0,1,stock,509.2699890136719,100.0,0.0
2024-02-23 15:30:00-05:00,MyStrategy,fbff33a1f9ae43a4bd2f96aee632377b,SPY,buy,market,new,1,gtc,0.0,1,stock,,,
2024-02-23 15:30:00-05:00,MyStrategy,fbff33a1f9ae43a4bd2f96aee632377b,SPY,buy,market,fill,1,gtc,0.0,1,stock,509.2699890136719,100.0,0.0
2024-02-26 09:30:00-05:00,MyStrategy,29d4af430d3c4ceeb3dad4391d279602,SPY,buy,market,new,1,gtc,0.0,1,stock,,,
2024-02-26 09:30:00-05:00,MyStrategy,29d4af430d3c4ceeb3dad4391d279602,SPY,buy,market,fill,1,gtc,0.0,1,stock,508.29998779296875,100.0,0.0
2024-02-26 12:30:00-05:00,MyStrategy,2c49ac0005b24f29bcc4ed4a5f78a6a4,SPY,buy,market,new,1,gtc,0.0,1,stock,,,
2024-02-26 12:30:00-05:00,MyStrategy,2c49ac0005b24f29bcc4ed4a5f78a6a4,SPY,buy,market,fill,1,gtc,0.0,1,stock,508.29998779296875,100.0,0.0
2024-02-26 15:30:00-05:00,MyStrategy,cb60e64fca9a428ab0a34a0a2d7d047b,SPY,buy,market,new,1,gtc,0.0,1,stock,,,
2024-02-26 15:30:00-05:00,MyStrategy,cb60e64fca9a428ab0a34a0a2d7d047b,SPY,buy,market,fill,1,gtc,0.0,1,stock,508.29998779296875,100.0,0.0
2024-02-27 09:30:00-05:00,MyStrategy,f1d3738b38074182ad2915d6805ba0ba,SPY,buy,market,new,1,gtc,0.0,1,stock,,,
2024-02-27 09:30:00-05:00,MyStrategy,f1d3738b38074182ad2915d6805ba0ba,SPY,buy,market,fill,1,gtc,0.0,1,stock,506.70001220703125,100.0,0.0
2024-02-27 12:30:00-05:00,MyStrategy,9c28b40d818f4eadbc8e683b7cd0f8c3,SPY,buy,market,new,1,gtc,0.0,1,stock,,,
2024-02-27 12:30:00-05:00,MyStrategy,9c28b40d818f4eadbc8e683b7cd0f8c3,SPY,buy,market,fill,1,gtc,0.0,1,stock,506.70001220703125,100.0,0.0
2024-02-27 15:30:00-05:00,MyStrategy,36a795d659704fa0b53525c111b0c420,SPY,buy,market,new,1,gtc,0.0,1,stock,,,
2024-02-27 15:30:00-05:00,MyStrategy,36a795d659704fa0b53525c111b0c420,SPY,buy,market,fill,1,gtc,0.0,1,stock,506.70001220703125,100.0,0.0
2024-02-28 09:30:00-05:00,MyStrategy,a18dc173617d4afea04213522021a470,SPY,buy,market,new,1,gtc,0.0,1,stock,,,
2024-02-28 09:30:00-05:00,MyStrategy,a18dc173617d4afea04213522021a470,SPY,buy,market,fill,1,gtc,0.0,1,stock,505.3299865722656,100.0,0.0
2024-02-28 12:30:00-05:00,MyStrategy,00697b96e18240339028cb39e66fe69f,SPY,buy,market,new,1,gtc,0.0,1,stock,,,
2024-02-28 12:30:00-05:00,MyStrategy,00697b96e18240339028cb39e66fe69f,SPY,buy,market,fill,1,gtc,0.0,1,stock,505.3299865722656,100.0,0.0
2024-02-28 15:30:00-05:00,MyStrategy,f9ffe62a5288469d9e039fd0c5da312f,SPY,buy,market,new,1,gtc,0.0,1,stock,,,
2024-02-28 15:30:00-05:00,MyStrategy,f9ffe62a5288469d9e039fd0c5da312f,SPY,buy,market,fill,1,gtc,0.0,1,stock,505.3299865722656,100.0,0.0
2024-02-29 09:30:00-05:00,MyStrategy,3ce24958872942529def082fb6563252,SPY,buy,market,new,1,gtc,0.0,1,stock,,,
2024-02-29 09:30:00-05:00,MyStrategy,3ce24958872942529def082fb6563252,SPY,buy,market,fill,1,gtc,0.0,1,stock,508.07000732421875,100.0,0.0
2024-02-29 12:30:00-05:00,MyStrategy,7c01ec6b3b5b4199a47e132cfa68abd6,SPY,buy,market,new,1,gtc,0.0,1,stock,,,
2024-02-29 12:30:00-05:00,MyStrategy,7c01ec6b3b5b4199a47e132cfa68abd6,SPY,buy,market,fill,1,gtc,0.0,1,stock,508.07000732421875,100.0,0.0
2024-02-29 15:30:00-05:00,MyStrategy,97d8f1067c8646c5981e1749def4666e,SPY,buy,market,new,1,gtc,0.0,1,stock,,,
2024-02-29 15:30:00-05:00,MyStrategy,97d8f1067c8646c5981e1749def4666e,SPY,buy,market,fill,1,gtc,0.0,1,stock,508.07000732421875,100.0,0.0
2024-03-01 09:30:00-05:00,MyStrategy,70df17aaf77a480995fdb81fd32b70d5,SPY,buy,market,new,1,gtc,0.0,1,stock,,,
2024-03-01 09:30:00-05:00,MyStrategy,70df17aaf77a480995fdb81fd32b70d5,SPY,buy,market,fill,1,gtc,0.0,1,stock,508.9800109863281,100.0,0.0
2024-03-01 12:30:00-05:00,MyStrategy,795306cd3cb645ea85cea8ae5afd3231,SPY,buy,market,new,1,gtc,0.0,1,stock,,,
2024-03-01 12:30:00-05:00,MyStrategy,795306cd3cb645ea85cea8ae5afd3231,SPY,buy,market,fill,1,gtc,0.0,1,stock,508.9800109863281,100.0,0.0
2024-03-01 15:30:00-05:00,MyStrategy,08ba17703002485bb6e2dac11d683063,SPY,buy,market,new,1,gtc,0.0,1,stock,,,
2024-03-01 15:30:00-05:00,MyStrategy,08ba17703002485bb6e2dac11d683063,SPY,buy,market,fill,1,gtc,0.0,1,stock,508.9800109863281,100.0,0.0
2024-03-04 09:30:00-05:00,MyStrategy,ddfcb6603597408f88151893aa365032,SPY,buy,market,new,1,gtc,0.0,1,stock,,,
2024-03-04 09:30:00-05:00,MyStrategy,ddfcb6603597408f88151893aa365032,SPY,buy,market,fill,1,gtc,0.0,1,stock,512.030029296875,100.0,0.0
2024-03-04 12:30:00-05:00,MyStrategy,4d752a43757d435981d56fc324c9fb12,SPY,buy,market,new,1,gtc,0.0,1,stock,,,
2024-03-04 12:30:00-05:00,MyStrategy,4d752a43757d435981d56fc324c9fb12,SPY,buy,market,fill,1,gtc,0.0,1,stock,512.030029296875,100.0,0.0
2024-03-04 15:30:00-05:00,MyStrategy,52ea2955a18d4671a11f4cb1c7e416c3,SPY,buy,market,new,1,gtc,0.0,1,stock,,,
2024-03-04 15:30:00-05:00,MyStrategy,52ea2955a18d4671a11f4cb1c7e416c3,SPY,buy,market,fill,1,gtc,0.0,1,stock,512.030029296875,100.0,0.0
2024-03-05 09:30:00-05:00,MyStrategy,7c21412df4c74fccb2f2f98e00a6a650,SPY,buy,market,new,1,gtc,0.0,1,stock,,,
2024-03-05 09:30:00-05:00,MyStrategy,7c21412df4c74fccb2f2f98e00a6a650,SPY,buy,market,fill,1,gtc,0.0,1,stock,510.239990234375,100.0,0.0
2024-03-05 12:30:00-05:00,MyStrategy,9d54ec019f864f329c3835505511df74,SPY,buy,market,new,1,gtc,0.0,1,stock,,,
2024-03-05 12:30:00-05:00,MyStrategy,9d54ec019f864f329c3835505511df74,SPY,buy,market,fill,1,gtc,0.0,1,stock,510.239990234375,100.0,0.0
2024-03-05 15:30:00-05:00,MyStrategy,2376a71eaba348178ac182313dc8f78c,SPY,buy,market,new,1,gtc,0.0,1,stock,,,
2024-03-05 15:30:00-05:00,MyStrategy,2376a71eaba348178ac182313dc8f78c,SPY,buy,market,fill,1,gtc,0.0,1,stock,510.239990234375,100.0,0.0
2024-03-06 09:30:00-05:00,MyStrategy,6000d7d157c04bd891da456eda934451,SPY,buy,market,new,1,gtc,0.0,1,stock,,,
2024-03-06 09:30:00-05:00,MyStrategy,6000d7d157c04bd891da456eda934451,SPY,buy,market,fill,1,gtc,0.0,1,stock,510.54998779296875,100.0,0.0
2024-03-06 12:30:00-05:00,MyStrategy,256ca17aaeec44b29e0a0aca1dd26b08,SPY,buy,market,new,1,gtc,0.0,1,stock,,,
2024-03-06 12:30:00-05:00,MyStrategy,256ca17aaeec44b29e0a0aca1dd26b08,SPY,buy,market,fill,1,gtc,0.0,1,stock,510.54998779296875,100.0,0.0
2024-03-06 15:30:00-05:00,MyStrategy,5362d545781842e4b80d47b6a5d43f87,SPY,buy,market,new,1,gtc,0.0,1,stock,,,
2024-03-06 15:30:00-05:00,MyStrategy,5362d545781842e4b80d47b6a5d43f87,SPY,buy,market,fill,1,gtc,0.0,1,stock,510.54998779296875,100.0,0.0
2024-03-07 09:30:00-05:00,MyStrategy,b878d541023d4e13926b91b033043236,SPY,buy,market,new,1,gtc,0.0,1,stock,,,
2024-03-07 09:30:00-05:00,MyStrategy,b878d541023d4e13926b91b033043236,SPY,buy,market,fill,1,gtc,0.0,1,stock,513.1400146484375,100.0,0.0
2024-03-07 12:30:00-05:00,MyStrategy,aa8a4c903ee94d2ca31bc28e2582f6ff,SPY,buy,market,new,1,gtc,0.0,1,stock,,,
2024-03-07 12:30:00-05:00,MyStrategy,aa8a4c903ee94d2ca31bc28e2582f6ff,SPY,buy,market,fill,1,gtc,0.0,1,stock,513.1400146484375,100.0,0.0
2024-03-07 15:30:00-05:00,MyStrategy,b21545acba6a4d4a9427402c6494d433,SPY,buy,market,new,1,gtc,0.0,1,stock,,,
2024-03-07 15:30:00-05:00,MyStrategy,b21545acba6a4d4a9427402c6494d433,SPY,buy,market,fill,1,gtc,0.0,1,stock,513.1400146484375,100.0,0.0
2024-03-08 09:30:00-05:00,MyStrategy,f8d15640d9c2415a88bf9901db6627bf,SPY,buy,market,new,1,gtc,0.0,1,stock,,,
2024-03-08 09:30:00-05:00,MyStrategy,f8d15640d9c2415a88bf9901db6627bf,SPY,buy,market,fill,1,gtc,0.0,1,stock,515.4600219726562,100.0,0.0
2024-03-08 12:30:00-05:00,MyStrategy,c628293c0b8a4ae185f8ca90681ececc,SPY,buy,market,new,1,gtc,0.0,1,stock,,,
2024-03-08 12:30:00-05:00,MyStrategy,c628293c0b8a4ae185f8ca90681ececc,SPY,buy,market,fill,1,gtc,0.0,1,stock,515.4600219726562,100.0,0.0
2024-03-08 15:30:00-05:00,MyStrategy,4deb11f4e43f414282da2978ad0fae4a,SPY,buy,market,new,1,gtc,0.0,1,stock,,,
2024-03-08 15:30:00-05:00,MyStrategy,4deb11f4e43f414282da2978ad0fae4a,SPY,buy,market,fill,1,gtc,0.0,1,stock,515.4600219726562,100.0,0.0
2024-03-11 09:30:00-04:00,MyStrategy,b1404e2feddc4150b6c6da3b73dfcdcb,SPY,buy,market,new,1,gtc,0.0,1,stock,,,
2024-03-11 09:30:00-04:00,MyStrategy,b1404e2feddc4150b6c6da3b73dfcdcb,SPY,buy,market,fill,1,gtc,0.0,1,stock,510.4800109863281,100.0,0.0
2024-03-11 12:30:00-04:00,MyStrategy,28d55e6d65f444de9e7a93274270390c,SPY,buy,market,new,1,gtc,0.0,1,stock,,,
2024-03-11 12:30:00-04:00,MyStrategy,28d55e6d65f444de9e7a93274270390c,SPY,buy,market,fill,1,gtc,0.0,1,stock,510.4800109863281,100.0,0.0
2024-03-11 15:30:00-04:00,MyStrategy,7a05a410fa3042b480c726d2f6134895,SPY,buy,market,new,1,gtc,0.0,1,stock,,,
2024-03-11 15:30:00-04:00,MyStrategy,7a05a410fa3042b480c726d2f6134895,SPY,buy,market,fill,1,gtc,0.0,1,stock,510.4800109863281,100.0,0.0
2024-03-12 09:30:00-04:00,MyStrategy,4a16f2dfca0d40c395cee8ea4f7d68a2,SPY,buy,market,new,1,gtc,0.0,1,stock,,,
2024-03-12 09:30:00-04:00,MyStrategy,4a16f2dfca0d40c395cee8ea4f7d68a2,SPY,buy,market,fill,1,gtc,0.0,1,stock,513.4500122070312,100.0,0.0
2024-03-12 12:30:00-04:00,MyStrategy,bfbab9a6dec041a3b0df1b829a8a0274,SPY,buy,market,new,1,gtc,0.0,1,stock,,,
2024-03-12 12:30:00-04:00,MyStrategy,bfbab9a6dec041a3b0df1b829a8a0274,SPY,buy,market,fill,1,gtc,0.0,1,stock,513.4500122070312,100.0,0.0
2024-03-12 15:30:00-04:00,MyStrategy,007151e013bf4b4898277555be0bdc1e,SPY,buy,market,new,1,gtc,0.0,1,stock,,,
2024-03-12 15:30:00-04:00,MyStrategy,007151e013bf4b4898277555be0bdc1e,SPY,buy,market,fill,1,gtc,0.0,1,stock,513.4500122070312,100.0,0.0
2024-03-13 09:30:00-04:00,MyStrategy,e16ea3384a6f40e49d76f99f6b817810,SPY,buy,market,new,1,gtc,0.0,1,stock,,,
2024-03-13 09:30:00-04:00,MyStrategy,e16ea3384a6f40e49d76f99f6b817810,SPY,buy,market,fill,1,gtc,0.0,1,stock,517.1099853515625,100.0,0.0
2024-03-13 12:30:00-04:00,MyStrategy,5b6dd5c0b7264be2bad9b591fe84bf77,SPY,buy,market,new,1,gtc,0.0,1,stock,,,
2024-03-13 12:30:00-04:00,MyStrategy,5b6dd5c0b7264be2bad9b591fe84bf77,SPY,buy,market,fill,1,gtc,0.0,1,stock,517.1099853515625,100.0,0.0
2024-03-13 15:30:00-04:00,MyStrategy,51b4e960b3ac4ac5abcc08096f03cd4d,SPY,buy,market,new,1,gtc,0.0,1,stock,,,
2024-03-13 15:30:00-04:00,MyStrategy,51b4e960b3ac4ac5abcc08096f03cd4d,SPY,buy,market,fill,1,gtc,0.0,1,stock,517.1099853515625,100.0,0.0
2024-03-14 09:30:00-04:00,MyStrategy,06f140e3ac1240e087a35768b5487843,SPY,buy,market,new,1,gtc,0.0,1,stock,,,
2024-03-14 09:30:00-04:00,MyStrategy,06f140e3ac1240e087a35768b5487843,SPY,buy,market,fill,1,gtc,0.0,1,stock,516.969970703125,100.0,0.0
2024-03-14 12:30:00-04:00,MyStrategy,3f636e3e5c7d4dc9b4fc53a0682edcda,SPY,buy,market,new,1,gtc,0.0,1,stock,,,
2024-03-14 12:30:00-04:00,MyStrategy,3f636e3e5c7d4dc9b4fc53a0682edcda,SPY,buy,market,fill,1,gtc,0.0,1,stock,516.969970703125,100.0,0.0
2024-03-14 15:30:00-04:00,MyStrategy,fa86887b7f854e538e40682434060bcc,SPY,buy,market,new,1,gtc,0.0,1,stock,,,
2024-03-14 15:30:00-04:00,MyStrategy,fa86887b7f854e538e40682434060bcc,SPY,buy,market,fill,1,gtc,0.0,1,stock,516.969970703125,100.0,0.0
2024-03-15 09:30:00-04:00,MyStrategy,81db845da6474a5d81492bf5d276f22a,SPY,buy,market,new,1,gtc,0.0,1,stock,,,
2024-03-15 09:30:00-04:00,MyStrategy,81db845da6474a5d81492bf5d276f22a,SPY,buy,market,fill,1,gtc,0.0,1,stock,510.2099914550781,100.0,0.0
2024-03-15 12:30:00-04:00,MyStrategy,0e3ea0d6f6124b1caa7fe2352b5a6f3b,SPY,buy,market,new,1,gtc,0.0,1,stock,,,
2024-03-15 12:30:00-04:00,MyStrategy,0e3ea0d6f6124b1caa7fe2352b5a6f3b,SPY,buy,market,fill,1,gtc,0.0,1,stock,510.2099914550781,100.0,0.0
2024-03-15 15:30:00-04:00,MyStrategy,0896fe65eeca45438047285911d5a69c,SPY,buy,market,new,1,gtc,0.0,1,stock,,,
2024-03-15 15:30:00-04:00,MyStrategy,0896fe65eeca45438047285911d5a69c,SPY,buy,market,fill,1,gtc,0.0,1,stock,510.2099914550781,100.0,0.0
2024-03-18 09:30:00-04:00,MyStrategy,3b2aeb3c146146799635638d3aae4e06,SPY,buy,market,new,1,gtc,0.0,1,stock,,,
2024-03-18 09:30:00-04:00,MyStrategy,3b2aeb3c146146799635638d3aae4e06,SPY,buy,market,fill,1,gtc,0.0,1,stock,514.0,100.0,0.0
2024-03-18 12:30:00-04:00,MyStrategy,b277b6dfe9a941639b9bc1dcf5a1078e,SPY,buy,market,new,1,gtc,0.0,1,stock,,,
2024-03-18 12:30:00-04:00,MyStrategy,b277b6dfe9a941639b9bc1dcf5a1078e,SPY,buy,market,fill,1,gtc,0.0,1,stock,514.0,100.0,0.0
2024-03-18 15:30:00-04:00,MyStrategy,0ffd6fce78ce481eb80a89a9a6e20adb,SPY,buy,market,new,1,gtc,0.0,1,stock,,,
2024-03-18 15:30:00-04:00,MyStrategy,0ffd6fce78ce481eb80a89a9a6e20adb,SPY,buy,market,fill,1,gtc,0.0,1,stock,514.0,100.0,0.0
2024-03-19 09:30:00-04:00,MyStrategy,ccae8f16ae2941f68305b0e0a7e89fd4,SPY,buy,market,new,1,gtc,0.0,1,stock,,,
2024-03-19 09:30:00-04:00,MyStrategy,ccae8f16ae2941f68305b0e0a7e89fd4,SPY,buy,market,fill,1,gtc,0.0,1,stock,512.1500244140625,100.0,0.0
2024-03-19 12:30:00-04:00,MyStrategy,e236f611e1204c90970f2d8b6e1b2c16,SPY,buy,market,new,1,gtc,0.0,1,stock,,,
2024-03-19 12:30:00-04:00,MyStrategy,e236f611e1204c90970f2d8b6e1b2c16,SPY,buy,market,fill,1,gtc,0.0,1,stock,512.1500244140625,100.0,0.0
2024-03-19 15:30:00-04:00,MyStrategy,155d7956164149f7b646440465f629f3,SPY,buy,market,new,1,gtc,0.0,1,stock,,,
2024-03-19 15:30:00-04:00,MyStrategy,155d7956164149f7b646440465f629f3,SPY,buy,market,fill,1,gtc,0.0,1,stock,512.1500244140625,100.0,0.0
2024-03-20 09:30:00-04:00,MyStrategy,e69d7d7da26346089fd3cf9fd862d581,SPY,buy,market,new,1,gtc,0.0,1,stock,,,
2024-03-20 09:30:00-04:00,MyStrategy,e69d7d7da26346089fd3cf9fd862d581,SPY,buy,market,fill,1,gtc,0.0,1,stock,515.77001953125,100.0,0.0
2024-03-20 12:30:00-04:00,MyStrategy,6ace65fbfb8c4fa19c64690e514e265d,SPY,buy,market,new,1,gtc,0.0,1,stock,,,
2024-03-20 12:30:00-04:00,MyStrategy,6ace65fbfb8c4fa19c64690e514e265d,SPY,buy,market,fill,1,gtc,0.0,1,stock,515.77001953125,100.0,0.0
2024-03-20 15:30:00-04:00,MyStrategy,5c955baf05dd4643b49ff43cac307d76,SPY,buy,market,new,1,gtc,0.0,1,stock,,,
2024-03-20 15:30:00-04:00,MyStrategy,5c955baf05dd4643b49ff43cac307d76,SPY,buy,market,fill,1,gtc,0.0,1,stock,515.77001953125,100.0,0.0
2024-03-21 09:30:00-04:00,MyStrategy,0dcc9031991a44649a8340ef40385370,SPY,buy,market,new,1,gtc,0.0,1,stock,,,
2024-03-21 09:30:00-04:00,MyStrategy,0dcc9031991a44649a8340ef40385370,SPY,buy,market,fill,1,gtc,0.0,1,stock,523.3900146484375,100.0,0.0
2024-03-21 12:30:00-04:00,MyStrategy,154e9b61007e431bb56e3a16fdba24bb,SPY,buy,market,new,1,gtc,0.0,1,stock,,,
2024-03-21 12:30:00-04:00,MyStrategy,154e9b61007e431bb56e3a16fdba24bb,SPY,buy,market,fill,1,gtc,0.0,1,stock,523.3900146484375,100.0,0.0
2024-03-21 15:30:00-04:00,MyStrategy,7565169fa60646be88857299be7dd1db,SPY,buy,market,new,1,gtc,0.0,1,stock,,,
2024-03-21 15:30:00-04:00,MyStrategy,7565169fa60646be88857299be7dd1db,SPY,buy,market,fill,1,gtc,0.0,1,stock,523.3900146484375,100.0,0.0
2024-03-22 09:30:00-04:00,MyStrategy,cbb24df2dabb4108992860f5c5687823,SPY,buy,market,new,1,gtc,0.0,1,stock,,,
2024-03-22 09:30:00-04:00,MyStrategy,cbb24df2dabb4108992860f5c5687823,SPY,buy,market,fill,1,gtc,0.0,1,stock,522.1099853515625,100.0,0.0
2024-03-22 12:30:00-04:00,MyStrategy,817be7193a274b2088c5fecb1da89bc4,SPY,buy,market,new,1,gtc,0.0,1,stock,,,
2024-03-22 12:30:00-04:00,MyStrategy,817be7193a274b2088c5fecb1da89bc4,SPY,buy,market,fill,1,gtc,0.0,1,stock,522.1099853515625,100.0,0.0
2024-03-22 15:30:00-04:00,MyStrategy,cfad553e297d4cdd8aa6476b584c9d86,SPY,buy,market,new,1,gtc,0.0,1,stock,,,
2024-03-22 15:30:00-04:00,MyStrategy,cfad553e297d4cdd8aa6476b584c9d86,SPY,buy,market,fill,1,gtc,0.0,1,stock,522.1099853515625,100.0,0.0
2024-03-25 09:30:00-04:00,MyStrategy,3c1b3403afc3458d851fd402e23db276,SPY,buy,market,new,1,gtc,0.0,1,stock,,,
2024-03-25 09:30:00-04:00,MyStrategy,3c1b3403afc3458d851fd402e23db276,SPY,buy,market,fill,1,gtc,0.0,1,stock,519.7999877929688,100.0,0.0
2024-03-25 12:30:00-04:00,MyStrategy,379af777ca284e90b68a566e1673174f,SPY,buy,market,new,1,gtc,0.0,1,stock,,,
2024-03-25 12:30:00-04:00,MyStrategy,379af777ca284e90b68a566e1673174f,SPY,buy,market,fill,1,gtc,0.0,1,stock,519.7999877929688,100.0,0.0
2024-03-25 15:30:00-04:00,MyStrategy,2df45345017342eb8b7fa85db17c8175,SPY,buy,market,new,1,gtc,0.0,1,stock,,,
2024-03-25 15:30:00-04:00,MyStrategy,2df45345017342eb8b7fa85db17c8175,SPY,buy,market,fill,1,gtc,0.0,1,stock,519.7999877929688,100.0,0.0
2024-03-26 09:30:00-04:00,MyStrategy,e9fcec2055c847728b004091021ab743,SPY,buy,market,new,1,gtc,0.0,1,stock,,,
2024-03-26 09:30:00-04:00,MyStrategy,e9fcec2055c847728b004091021ab743,SPY,buy,market,fill,1,gtc,0.0,1,stock,521.22998046875,100.0,0.0
2024-03-26 12:30:00-04:00,MyStrategy,d197be360cfe4b1cb52df46f65e332b3,SPY,buy,market,new,1,gtc,0.0,1,stock,,,
2024-03-26 12:30:00-04:00,MyStrategy,d197be360cfe4b1cb52df46f65e332b3,SPY,buy,market,fill,1,gtc,0.0,1,stock,521.22998046875,100.0,0.0
2024-03-26 15:30:00-04:00,MyStrategy,033a9065f00e4cb086fe88e31445a816,SPY,buy,market,new,1,gtc,0.0,1,stock,,,
2024-03-26 15:30:00-04:00,MyStrategy,033a9065f00e4cb086fe88e31445a816,SPY,buy,market,fill,1,gtc,0.0,1,stock,521.22998046875,100.0,0.0
2024-03-27 09:30:00-04:00,MyStrategy,f164104a75294376ac754e104b203200,SPY,buy,market,new,1,gtc,0.0,1,stock,,,
2024-03-27 09:30:00-04:00,MyStrategy,f164104a75294376ac754e104b203200,SPY,buy,market,fill,1,gtc,0.0,1,stock,521.7100219726562,100.0,0.0
2024-03-27 12:30:00-04:00,MyStrategy,ab9efa6611884446ae4e86ebb265ac03,SPY,buy,market,new,1,gtc,0.0,1,stock,,,
2024-03-27 12:30:00-04:00,MyStrategy,ab9efa6611884446ae4e86ebb265ac03,SPY,buy,market,fill,1,gtc,0.0,1,stock,521.7100219726562,100.0,0.0
2024-03-27 15:30:00-04:00,MyStrategy,6cd303dba4b44c7d838e9009b3ffce78,SPY,buy,market,new,1,gtc,0.0,1,stock,,,
2024-03-27 15:30:00-04:00,MyStrategy,6cd303dba4b44c7d838e9009b3ffce78,SPY,buy,market,fill,1,gtc,0.0,1,stock,521.7100219726562,100.0,0.0
2024-03-28 09:30:00-04:00,MyStrategy,6de5f5815c85451b9bf6be78ee9f200c,SPY,buy,market,new,1,gtc,0.0,1,stock,,,
2024-03-28 09:30:00-04:00,MyStrategy,6de5f5815c85451b9bf6be78ee9f200c,SPY,buy,market,fill,1,gtc,0.0,1,stock,523.2100219726562,100.0,0.0
2024-03-28 12:30:00-04:00,MyStrategy,ccc08955e69843dca6966e91f28bf52c,SPY,buy,market,new,1,gtc,0.0,1,stock,,,
2024-03-28 12:30:00-04:00,MyStrategy,ccc08955e69843dca6966e91f28bf52c,SPY,buy,market,fill,1,gtc,0.0,1,stock,523.2100219726562,100.0,0.0
2024-03-28 15:30:00-04:00,MyStrategy,68bb5020021b45dd871ff96050206de4,SPY,buy,market,new,1,gtc,0.0,1,stock,,,
2024-03-28 15:30:00-04:00,MyStrategy,68bb5020021b45dd871ff96050206de4,SPY,buy,market,fill,1,gtc,0.0,1,stock,523.2100219726562,100.0,0.0
2024-04-01 09:30:00-04:00,MyStrategy,f96ac3863fc04098b77aa808d6e4472d,SPY,buy,market,new,1,gtc,0.0,1,stock,,,
2024-04-01 09:30:00-04:00,MyStrategy,f96ac3863fc04098b77aa808d6e4472d,SPY,buy,market,fill,1,gtc,0.0,1,stock,523.8300170898438,100.0,0.0
2024-04-01 12:30:00-04:00,MyStrategy,2e973674de3c403381bc78f0866cfa9e,SPY,buy,market,new,1,gtc,0.0,1,stock,,,
2024-04-01 12:30:00-04:00,MyStrategy,2e973674de3c403381bc78f0866cfa9e,SPY,buy,market,fill,1,gtc,0.0,1,stock,523.8300170898438,100.0,0.0
2024-04-01 15:30:00-04:00,MyStrategy,eb691252a8be4fb69de34360c6b05518,SPY,buy,market,new,1,gtc,0.0,1,stock,,,
2024-04-01 15:30:00-04:00,MyStrategy,eb691252a8be4fb69de34360c6b05518,SPY,buy,market,fill,1,gtc,0.0,1,stock,523.8300170898438,100.0,0.0
2024-04-02 09:30:00-04:00,MyStrategy,f8d0bd380623405d8aa36b1e07c22226,SPY,buy,market,new,1,gtc,0.0,1,stock,,,
2024-04-02 09:30:00-04:00,MyStrategy,f8d0bd380623405d8aa36b1e07c22226,SPY,buy,market,fill,1,gtc,0.0,1,stock,518.239990234375,100.0,0.0
2024-04-02 12:30:00-04:00,MyStrategy,5971b9ca136e4df3ba69fb9e74dbe250,SPY,buy,market,new,1,gtc,0.0,1,stock,,,
2024-04-02 12:30:00-04:00,MyStrategy,5971b9ca136e4df3ba69fb9e74dbe250,SPY,buy,market,fill,1,gtc,0.0,1,stock,518.239990234375,100.0,0.0
2024-04-02 15:30:00-04:00,MyStrategy,e1be86e3a31a437ebc1d9eb637f4ac3c,SPY,buy,market,new,1,gtc,0.0,1,stock,,,
2024-04-02 15:30:00-04:00,MyStrategy,e1be86e3a31a437ebc1d9eb637f4ac3c,SPY,buy,market,fill,1,gtc,0.0,1,stock,518.239990234375,100.0,0.0
2024-04-03 09:30:00-04:00,MyStrategy,922f3f2a6cf94519ae6cbf3e8581f374,SPY,buy,market,new,1,gtc,0.0,1,stock,,,
2024-04-03 09:30:00-04:00,MyStrategy,922f3f2a6cf94519ae6cbf3e8581f374,SPY,buy,market,fill,1,gtc,0.0,1,stock,517.719970703125,100.0,0.0
2024-04-03 12:30:00-04:00,MyStrategy,59cf5ac707b849f6b821932af22736b1,SPY,buy,market,new,1,gtc,0.0,1,stock,,,
2024-04-03 12:30:00-04:00,MyStrategy,59cf5ac707b849f6b821932af22736b1,SPY,buy,market,fill,1,gtc,0.0,1,stock,517.719970703125,100.0,0.0
2024-04-03 15:30:00-04:00,MyStrategy,995f8765726e4a919d7f6ce7dc4b2491,SPY,buy,market,new,1,gtc,0.0,1,stock,,,
2024-04-03 15:30:00-04:00,MyStrategy,995f8765726e4a919d7f6ce7dc4b2491,SPY,buy,market,fill,1,gtc,0.0,1,stock,517.719970703125,100.0,0.0
2024-04-04 09:30:00-04:00,MyStrategy,08067047d2ac48c2b291a4dba7972ea8,SPY,buy,market,new,1,gtc,0.0,1,stock,,,
2024-04-04 09:30:00-04:00,MyStrategy,08067047d2ac48c2b291a4dba7972ea8,SPY,buy,market,fill,1,gtc,0.0,1,stock,523.52001953125,100.0,0.0
2024-04-04 12:30:00-04:00,MyStrategy,619a9e10bf2a4d179f191da687602d44,SPY,buy,market,new,1,gtc,0.0,1,stock,,,
2024-04-04 12:30:00-04:00,MyStrategy,619a9e10bf2a4d179f191da687602d44,SPY,buy,market,fill,1,gtc,0.0,1,stock,523.52001953125,100.0,0.0
2024-04-04 15:30:00-04:00,MyStrategy,af0dcad8cb6f499e9becb45704770d13,SPY,buy,market,new,1,gtc,0.0,1,stock,,,
2024-04-04 15:30:00-04:00,MyStrategy,af0dcad8cb6f499e9becb45704770d13,SPY,buy,market,fill,1,gtc,0.0,1,stock,523.52001953125,100.0,0.0
2024-04-05 09:30:00-04:00,MyStrategy,142a763449f24919b4fd49e0e558cb18,SPY,buy,market,new,1,gtc,0.0,1,stock,,,
2024-04-05 09:30:00-04:00,MyStrategy,142a763449f24919b4fd49e0e558cb18,SPY,buy,market,fill,1,gtc,0.0,1,stock,514.4600219726562,100.0,0.0
2024-04-05 12:30:00-04:00,MyStrategy,6415ac7788c14e9880bf6e47a8243189,SPY,buy,market,new,1,gtc,0.0,1,stock,,,
2024-04-05 12:30:00-04:00,MyStrategy,6415ac7788c14e9880bf6e47a8243189,SPY,buy,market,fill,1,gtc,0.0,1,stock,514.4600219726562,100.0,0.0
2024-04-05 15:30:00-04:00,MyStrategy,50884cb812b149569897cf7346567b29,SPY,buy,market,new,1,gtc,0.0,1,stock,,,
2024-04-05 15:30:00-04:00,MyStrategy,50884cb812b149569897cf7346567b29,SPY,buy,market,fill,1,gtc,0.0,1,stock,514.4600219726562,100.0,0.0
2024-04-08 09:30:00-04:00,MyStrategy,a6e07c6ff7b84ab8a4d996a65c000275,SPY,buy,market,new,1,gtc,0.0,1,stock,,,
2024-04-08 09:30:00-04:00,MyStrategy,a6e07c6ff7b84ab8a4d996a65c000275,SPY,buy,market,fill,1,gtc,0.0,1,stock,519.1500244140625,100.0,0.0
2024-04-08 12:30:00-04:00,MyStrategy,699d33792ec946698f349aafab4e54e0,SPY,buy,market,new,1,gtc,0.0,1,stock,,,
2024-04-08 12:30:00-04:00,MyStrategy,699d33792ec946698f349aafab4e54e0,SPY,buy,market,fill,1,gtc,0.0,1,stock,519.1500244140625,100.0,0.0
2024-04-08 15:30:00-04:00,MyStrategy,4b19106ea7dd4e4c8d894e6f4c20b08e,SPY,buy,market,new,1,gtc,0.0,1,stock,,,
2024-04-08 15:30:00-04:00,MyStrategy,4b19106ea7dd4e4c8d894e6f4c20b08e,SPY,buy,market,fill,1,gtc,0.0,1,stock,519.1500244140625,100.0,0.0
2024-04-09 09:30:00-04:00,MyStrategy,b979dfd01ddf4fb192273890f9e16f6f,SPY,buy,market,new,1,gtc,0.0,1,stock,,,
2024-04-09 09:30:00-04:00,MyStrategy,b979dfd01ddf4fb192273890f9e16f6f,SPY,buy,market,fill,1,gtc,0.0,1,stock,520.5,100.0,0.0
2024-04-09 12:30:00-04:00,MyStrategy,c176e5480ab046acbbe73ae3af0dba2e,SPY,buy,market,new,1,gtc,0.0,1,stock,,,
2024-04-09 12:30:00-04:00,MyStrategy,c176e5480ab046acbbe73ae3af0dba2e,SPY,buy,market,fill,1,gtc,0.0,1,stock,520.5,100.0,0.0
2024-04-09 15:30:00-04:00,MyStrategy,23744661ac6743719c2f542ae1579b74,SPY,buy,market,new,1,gtc,0.0,1,stock,,,
2024-04-09 15:30:00-04:00,MyStrategy,23744661ac6743719c2f542ae1579b74,SPY,buy,market,fill,1,gtc,0.0,1,stock,520.5,100.0,0.0
2024-04-10 09:30:00-04:00,MyStrategy,d0d8b799d53245f6882832f5f36a9855,SPY,buy,market,new,1,gtc,0.0,1,stock,,,
2024-04-10 09:30:00-04:00,MyStrategy,d0d8b799d53245f6882832f5f36a9855,SPY,buy,market,fill,1,gtc,0.0,1,stock,513.47998046875,100.0,0.0
2024-04-10 12:30:00-04:00,MyStrategy,5f87eb9b01ad4b1b995243cab1932dfb,SPY,buy,market,new,1,gtc,0.0,1,stock,,,
2024-04-10 12:30:00-04:00,MyStrategy,5f87eb9b01ad4b1b995243cab1932dfb,SPY,buy,market,fill,1,gtc,0.0,1,stock,513.47998046875,100.0,0.0
2024-04-10 15:30:00-04:00,MyStrategy,104b0f38d4b04d0ab61485c980326f6d,SPY,buy,market,new,1,gtc,0.0,1,stock,,,
2024-04-10 15:30:00-04:00,MyStrategy,104b0f38d4b04d0ab61485c980326f6d,SPY,buy,market,fill,1,gtc,0.0,1,stock,513.47998046875,100.0,0.0
2024-04-11 09:30:00-04:00,MyStrategy,a4fbc6254b384981a56267d1107e5395,SPY,buy,market,new,1,gtc,0.0,1,stock,,,
2024-04-11 09:30:00-04:00,MyStrategy,a4fbc6254b384981a56267d1107e5395,SPY,buy,market,fill,1,gtc,0.0,1,stock,515.6799926757812,100.0,0.0
2024-04-11 12:30:00-04:00,MyStrategy,40170abac42a4f2592212620c0f01f0e,SPY,buy,market,new,1,gtc,0.0,1,stock,,,
2024-04-11 12:30:00-04:00,MyStrategy,40170abac42a4f2592212620c0f01f0e,SPY,buy,market,fill,1,gtc,0.0,1,stock,515.6799926757812,100.0,0.0
2024-04-11 15:30:00-04:00,MyStrategy,a9a75383f55f401ba9393dc8dbb2e915,SPY,buy,market,new,1,gtc,0.0,1,stock,,,
2024-04-11 15:30:00-04:00,MyStrategy,a9a75383f55f401ba9393dc8dbb2e915,SPY,buy,market,fill,1,gtc,0.0,1,stock,515.6799926757812,100.0,0.0
2024-04-12 09:30:00-04:00,MyStrategy,fc41ad8279884c799194f9f6552826bd,SPY,buy,market,new,1,gtc,0.0,1,stock,,,
2024-04-12 09:30:00-04:00,MyStrategy,fc41ad8279884c799194f9f6552826bd,SPY,buy,market,fill,1,gtc,0.0,1,stock,514.3699951171875,100.0,0.0
2024-04-12 12:30:00-04:00,MyStrategy,a5ba525c1fe747d9981fa8ddb6b69940,SPY,buy,market,new,1,gtc,0.0,1,stock,,,
2024-04-12 12:30:00-04:00,MyStrategy,a5ba525c1fe747d9981fa8ddb6b69940,SPY,buy,market,fill,1,gtc,0.0,1,stock,514.3699951171875,100.0,0.0
2024-04-12 15:30:00-04:00,MyStrategy,1fc22e7c376f4404955747da530c8dec,SPY,buy,market,new,1,gtc,0.0,1,stock,,,
2024-04-12 15:30:00-04:00,MyStrategy,1fc22e7c376f4404955747da530c8dec,SPY,buy,market,fill,1,gtc,0.0,1,stock,514.3699951171875,100.0,0.0
2024-04-15 09:30:00-04:00,MyStrategy,c54e1c41b2be42fc95a37d4799a538eb,SPY,buy,market,new,1,gtc,0.0,1,stock,,,
2024-04-15 09:30:00-04:00,MyStrategy,c54e1c41b2be42fc95a37d4799a538eb,SPY,buy,market,fill,1,gtc,0.0,1,stock,515.1300048828125,100.0,0.0
2024-04-15 12:30:00-04:00,MyStrategy,e0898ba061c346b2b6c0bfdbca77d66d,SPY,buy,market,new,1,gtc,0.0,1,stock,,,
2024-04-15 12:30:00-04:00,MyStrategy,e0898ba061c346b2b6c0bfdbca77d66d,SPY,buy,market,fill,1,gtc,0.0,1,stock,515.1300048828125,100.0,0.0
2024-04-15 15:30:00-04:00,MyStrategy,d71515671ddc4529aedf82c966e6302a,SPY,buy,market,new,1,gtc,0.0,1,stock,,,
2024-04-15 15:30:00-04:00,MyStrategy,d71515671ddc4529aedf82c966e6302a,SPY,buy,market,fill,1,gtc,0.0,1,stock,515.1300048828125,100.0,0.0
2024-04-16 09:30:00-04:00,MyStrategy,b75d4dceb01d499ab7e8d58146844707,SPY,buy,market,new,1,gtc,0.0,1,stock,,,
2024-04-16 09:30:00-04:00,MyStrategy,b75d4dceb01d499ab7e8d58146844707,SPY,buy,market,fill,1,gtc,0.0,1,stock,504.94000244140625,100.0,0.0
2024-04-16 12:30:00-04:00,MyStrategy,0abf201289d44aa9847fed0db4983d4e,SPY,buy,market,new,1,gtc,0.0,1,stock,,,
2024-04-16 12:30:00-04:00,MyStrategy,0abf201289d44aa9847fed0db4983d4e,SPY,buy,market,fill,1,gtc,0.0,1,stock,504.94000244140625,100.0,0.0
2024-04-16 15:30:00-04:00,MyStrategy,5c60f04506c148349f6ca556f4063f32,SPY,buy,market,new,1,gtc,0.0,1,stock,,,
2024-04-16 15:30:00-04:00,MyStrategy,5c60f04506c148349f6ca556f4063f32,SPY,buy,market,fill,1,gtc,0.0,1,stock,504.94000244140625,100.0,0.0
2024-04-17 09:30:00-04:00,MyStrategy,24a5caeee6684c7d8e05ff31b5e16ee1,SPY,buy,market,new,1,gtc,0.0,1,stock,,,
2024-04-17 09:30:00-04:00,MyStrategy,24a5caeee6684c7d8e05ff31b5e16ee1,SPY,buy,market,fill,1,gtc,0.0,1,stock,506.04998779296875,100.0,0.0
2024-04-17 12:30:00-04:00,MyStrategy,57a5066aab624b5e9f35a5b1ca09e1ee,SPY,buy,market,new,1,gtc,0.0,1,stock,,,
2024-04-17 12:30:00-04:00,MyStrategy,57a5066aab624b5e9f35a5b1ca09e1ee,SPY,buy,market,fill,1,gtc,0.0,1,stock,506.04998779296875,100.0,0.0
2024-04-17 15:30:00-04:00,MyStrategy,0f8ce9b2ccad4a34b50f55bd6d91f058,SPY,buy,market,new,1,gtc,0.0,1,stock,,,
2024-04-17 15:30:00-04:00,MyStrategy,0f8ce9b2ccad4a34b50f55bd6d91f058,SPY,buy,market,fill,1,gtc,0.0,1,stock,506.04998779296875,100.0,0.0
2024-04-18 09:30:00-04:00,MyStrategy,8a210412beb54f008af49a1a4a3d1c57,SPY,buy,market,new,1,gtc,0.0,1,stock,,,
2024-04-18 09:30:00-04:00,MyStrategy,8a210412beb54f008af49a1a4a3d1c57,SPY,buy,market,fill,1,gtc,0.0,1,stock,501.9800109863281,100.0,0.0
2024-04-18 12:30:00-04:00,MyStrategy,eff6c725366d43a2ab214adb98b9e868,SPY,buy,market,new,1,gtc,0.0,1,stock,,,
2024-04-18 12:30:00-04:00,MyStrategy,eff6c725366d43a2ab214adb98b9e868,SPY,buy,market,fill,1,gtc,0.0,1,stock,501.9800109863281,100.0,0.0
2024-04-18 15:30:00-04:00,MyStrategy,2ff1302dd047450e95ea37d18e7d6e85,SPY,buy,market,new,1,gtc,0.0,1,stock,,,
2024-04-18 15:30:00-04:00,MyStrategy,2ff1302dd047450e95ea37d18e7d6e85,SPY,buy,market,fill,1,gtc,0.0,1,stock,501.9800109863281,100.0,0.0
2024-04-19 09:30:00-04:00,MyStrategy,29d39d7309254112997a7e40753613d9,SPY,buy,market,new,1,gtc,0.0,1,stock,,,
2024-04-19 09:30:00-04:00,MyStrategy,29d39d7309254112997a7e40753613d9,SPY,buy,market,fill,1,gtc,0.0,1,stock,499.44000244140625,100.0,0.0
2024-04-19 12:30:00-04:00,MyStrategy,7dbd989b0ca24bcca2fd9b070ae0b9ee,SPY,buy,market,new,1,gtc,0.0,1,stock,,,
2024-04-19 12:30:00-04:00,MyStrategy,7dbd989b0ca24bcca2fd9b070ae0b9ee,SPY,buy,market,fill,1,gtc,0.0,1,stock,499.44000244140625,100.0,0.0
2024-04-19 15:30:00-04:00,MyStrategy,49742488476a4e12be0361c927ad8a45,SPY,buy,market,new,1,gtc,0.0,1,stock,,,
2024-04-19 15:30:00-04:00,MyStrategy,49742488476a4e12be0361c927ad8a45,SPY,buy,market,fill,1,gtc,0.0,1,stock,499.44000244140625,100.0,0.0
2024-04-22 09:30:00-04:00,MyStrategy,ae3b816798294766bb98f522e33cfdfc,SPY,buy,market,new,1,gtc,0.0,1,stock,,,
2024-04-22 09:30:00-04:00,MyStrategy,ae3b816798294766bb98f522e33cfdfc,SPY,buy,market,fill,1,gtc,0.0,1,stock,497.8299865722656,100.0,0.0
2024-04-22 12:30:00-04:00,MyStrategy,04b4d4e17dae4a4384343bcfab10f79f,SPY,buy,market,new,1,gtc,0.0,1,stock,,,
2024-04-22 12:30:00-04:00,MyStrategy,04b4d4e17dae4a4384343bcfab10f79f,SPY,buy,market,fill,1,gtc,0.0,1,stock,497.8299865722656,100.0,0.0
2024-04-22 15:30:00-04:00,MyStrategy,ddb3f0cba1cb43ec9a19f6c4439bd579,SPY,buy,market,new,1,gtc,0.0,1,stock,,,
2024-04-22 15:30:00-04:00,MyStrategy,ddb3f0cba1cb43ec9a19f6c4439bd579,SPY,buy,market,fill,1,gtc,0.0,1,stock,497.8299865722656,100.0,0.0
2024-04-23 09:30:00-04:00,MyStrategy,7a20c55203d84d72add1c4eacf7e89ad,SPY,buy,market,new,1,gtc,0.0,1,stock,,,
2024-04-23 09:30:00-04:00,MyStrategy,7a20c55203d84d72add1c4eacf7e89ad,SPY,buy,market,fill,1,gtc,0.0,1,stock,501.7799987792969,100.0,0.0
2024-04-23 12:30:00-04:00,MyStrategy,b011b4e758d94849a27d4724b648fb95,SPY,buy,market,new,1,gtc,0.0,1,stock,,,
2024-04-23 12:30:00-04:00,MyStrategy,b011b4e758d94849a27d4724b648fb95,SPY,buy,market,fill,1,gtc,0.0,1,stock,501.7799987792969,100.0,0.0
2024-04-23 15:30:00-04:00,MyStrategy,e17e00c64cc449bb8255ef6fd2eb4ce0,SPY,buy,market,new,1,gtc,0.0,1,stock,,,
2024-04-23 15:30:00-04:00,MyStrategy,e17e00c64cc449bb8255ef6fd2eb4ce0,SPY,buy,market,fill,1,gtc,0.0,1,stock,501.7799987792969,100.0,0.0
2024-04-24 09:30:00-04:00,MyStrategy,52febebfe0964e6c956236a37ccc9339,SPY,buy,market,new,1,gtc,0.0,1,stock,,,
2024-04-24 09:30:00-04:00,MyStrategy,52febebfe0964e6c956236a37ccc9339,SPY,buy,market,fill,1,gtc,0.0,1,stock,506.55999755859375,100.0,0.0
2024-04-24 12:30:00-04:00,MyStrategy,c66598d25e424c37ad5fa50a7a5b7eab,SPY,buy,market,new,1,gtc,0.0,1,stock,,,
2024-04-24 12:30:00-04:00,MyStrategy,c66598d25e424c37ad5fa50a7a5b7eab,SPY,buy,market,fill,1,gtc,0.0,1,stock,506.55999755859375,100.0,0.0
2024-04-24 15:30:00-04:00,MyStrategy,2f819a36dc024e97ac7914f1af261e90,SPY,buy,market,new,1,gtc,0.0,1,stock,,,
2024-04-24 15:30:00-04:00,MyStrategy,2f819a36dc024e97ac7914f1af261e90,SPY,buy,market,fill,1,gtc,0.0,1,stock,506.55999755859375,100.0,0.0
2024-04-25 09:30:00-04:00,MyStrategy,fcd06e52ed2642e48df45730d328eca7,SPY,buy,market,new,1,gtc,0.0,1,stock,,,
2024-04-25 09:30:00-04:00,MyStrategy,fcd06e52ed2642e48df45730d328eca7,SPY,buy,market,fill,1,gtc,0.0,1,stock,499.17999267578125,100.0,0.0
2024-04-25 12:30:00-04:00,MyStrategy,d86e4a9525464d88bd8558910747c40c,SPY,buy,market,new,1,gtc,0.0,1,stock,,,
2024-04-25 12:30:00-04:00,MyStrategy,d86e4a9525464d88bd8558910747c40c,SPY,buy,market,fill,1,gtc,0.0,1,stock,499.17999267578125,100.0,0.0
2024-04-25 15:30:00-04:00,MyStrategy,d9a28a6cb79e43e58f36a1710b2737b7,SPY,buy,market,new,1,gtc,0.0,1,stock,,,
2024-04-25 15:30:00-04:00,MyStrategy,d9a28a6cb79e43e58f36a1710b2737b7,SPY,buy,market,fill,1,gtc,0.0,1,stock,499.17999267578125,100.0,0.0
2024-04-26 09:30:00-04:00,MyStrategy,87684490c24049c1920457c11f3302eb,SPY,buy,market,new,1,gtc,0.0,1,stock,,,
2024-04-26 09:30:00-04:00,MyStrategy,87684490c24049c1920457c11f3302eb,SPY,buy,market,fill,1,gtc,0.0,1,stock,506.3500061035156,100.0,0.0
2024-04-26 12:30:00-04:00,MyStrategy,2cf8884dcc9d4aa8a5209dd72fbffdea,SPY,buy,market,new,1,gtc,0.0,1,stock,,,
2024-04-26 12:30:00-04:00,MyStrategy,2cf8884dcc9d4aa8a5209dd72fbffdea,SPY,buy,market,fill,1,gtc,0.0,1,stock,506.3500061035156,100.0,0.0
2024-04-26 15:30:00-04:00,MyStrategy,c0aa82988eaf46c0bdc8fbd265451365,SPY,buy,market,new,1,gtc,0.0,1,stock,,,
2024-04-26 15:30:00-04:00,MyStrategy,c0aa82988eaf46c0bdc8fbd265451365,SPY,buy,market,fill,1,gtc,0.0,1,stock,506.3500061035156,100.0,0.0
2024-04-29 09:30:00-04:00,MyStrategy,f49f4253910348e7a768feedf31a5fa6,SPY,buy,market,new,1,gtc,0.0,1,stock,,,
2024-04-29 09:30:00-04:00,MyStrategy,f49f4253910348e7a768feedf31a5fa6,SPY,buy,market,fill,1,gtc,0.0,1,stock,510.0899963378906,100.0,0.0
2024-04-29 12:30:00-04:00,MyStrategy,0a35a355d2b04fb19faf1e9981c43c62,SPY,buy,market,new,1,gtc,0.0,1,stock,,,
2024-04-29 12:30:00-04:00,MyStrategy,0a35a355d2b04fb19faf1e9981c43c62,SPY,buy,market,fill,1,gtc,0.0,1,stock,510.0899963378906,100.0,0.0
2024-04-29 15:30:00-04:00,MyStrategy,9cb7b07fe9d3468a925dc65f89c83c1a,SPY,buy,market,new,1,gtc,0.0,1,stock,,,
2024-04-29 15:30:00-04:00,MyStrategy,9cb7b07fe9d3468a925dc65f89c83c1a,SPY,buy,market,fill,1,gtc,0.0,1,stock,510.0899963378906,100.0,0.0
2024-04-30 09:30:00-04:00,MyStrategy,c81d08e96b984b6fa469e6fd02bc63ae,SPY,buy,market,new,1,gtc,0.0,1,stock,,,
2024-04-30 09:30:00-04:00,MyStrategy,c81d08e96b984b6fa469e6fd02bc63ae,SPY,buy,market,fill,1,gtc,0.0,1,stock,508.55999755859375,100.0,0.0
2024-04-30 12:30:00-04:00,MyStrategy,cd8fbcb23c65473a915f4b84b1e7353e,SPY,buy,market,new,1,gtc,0.0,1,stock,,,
2024-04-30 12:30:00-04:00,MyStrategy,cd8fbcb23c65473a915f4b84b1e7353e,SPY,buy,market,fill,1,gtc,0.0,1,stock,508.55999755859375,100.0,0.0
2024-04-30 15:30:00-04:00,MyStrategy,10c89e4637774a88bc6c37f0047b7af5,SPY,buy,market,new,1,gtc,0.0,1,stock,,,
2024-04-30 15:30:00-04:00,MyStrategy,10c89e4637774a88bc6c37f0047b7af5,SPY,buy,market,fill,1,gtc,0.0,1,stock,508.55999755859375,100.0,0.0
2024-05-01 09:30:00-04:00,MyStrategy,b93b0c4438d1457f9163115200752525,SPY,buy,market,new,1,gtc,0.0,1,stock,,,
2024-05-01 09:30:00-04:00,MyStrategy,b93b0c4438d1457f9163115200752525,SPY,buy,market,fill,1,gtc,0.0,1,stock,501.3800048828125,100.0,0.0
2024-05-01 12:30:00-04:00,MyStrategy,a6d1b6e81df644c89cdc808c35690895,SPY,buy,market,new,1,gtc,0.0,1,stock,,,
2024-05-01 12:30:00-04:00,MyStrategy,a6d1b6e81df644c89cdc808c35690895,SPY,buy,market,fill,1,gtc,0.0,1,stock,501.3800048828125,100.0,0.0
2024-05-01 15:30:00-04:00,MyStrategy,f1e60b96f2f84ce2904fbce1f61daad6,SPY,buy,market,new,1,gtc,0.0,1,stock,,,
2024-05-01 15:30:00-04:00,MyStrategy,f1e60b96f2f84ce2904fbce1f61daad6,SPY,buy,market,fill,1,gtc,0.0,1,stock,501.3800048828125,100.0,0.0
2024-05-02 09:30:00-04:00,MyStrategy,a1c4d5224bfd46fba7b6e82967477b3a,SPY,buy,market,new,1,gtc,0.0,1,stock,,,
2024-05-02 09:30:00-04:00,MyStrategy,a1c4d5224bfd46fba7b6e82967477b3a,SPY,buy,market,fill,1,gtc,0.0,1,stock,504.1499938964844,100.0,0.0
2024-05-02 12:30:00-04:00,MyStrategy,ddda4c376d4246aa92f6fb5b81d89eea,SPY,buy,market,new,1,gtc,0.0,1,stock,,,
2024-05-02 12:30:00-04:00,MyStrategy,ddda4c376d4246aa92f6fb5b81d89eea,SPY,buy,market,fill,1,gtc,0.0,1,stock,504.1499938964844,100.0,0.0
2024-05-02 15:30:00-04:00,MyStrategy,6f403af048174787be62403954df6d53,SPY,buy,market,new,1,gtc,0.0,1,stock,,,
2024-05-02 15:30:00-04:00,MyStrategy,6f403af048174787be62403954df6d53,SPY,buy,market,fill,1,gtc,0.0,1,stock,504.1499938964844,100.0,0.0
2024-05-03 09:30:00-04:00,MyStrategy,aa0a7d08ca19440cb7e4de4c299b2557,SPY,buy,market,new,1,gtc,0.0,1,stock,,,
2024-05-03 09:30:00-04:00,MyStrategy,aa0a7d08ca19440cb7e4de4c299b2557,SPY,buy,market,fill,1,gtc,0.0,1,stock,511.1600036621094,100.0,0.0
2024-05-03 12:30:00-04:00,MyStrategy,c6887ae585b74648a075defdd06b65c6,SPY,buy,market,new,1,gtc,0.0,1,stock,,,
2024-05-03 12:30:00-04:00,MyStrategy,c6887ae585b74648a075defdd06b65c6,SPY,buy,market,fill,1,gtc,0.0,1,stock,511.1600036621094,100.0,0.0
2024-05-03 15:30:00-04:00,MyStrategy,1b3b62b8fe634fa0ab7fb4043faba3e6,SPY,buy,market,new,1,gtc,0.0,1,stock,,,
2024-05-03 15:30:00-04:00,MyStrategy,1b3b62b8fe634fa0ab7fb4043faba3e6,SPY,buy,market,fill,1,gtc,0.0,1,stock,511.1600036621094,100.0,0.0
2024-05-06 09:30:00-04:00,MyStrategy,8fd6074e97d241cdb4d78d1bca8f6469,SPY,buy,market,new,1,gtc,0.0,1,stock,,,
2024-05-06 09:30:00-04:00,MyStrategy,8fd6074e97d241cdb4d78d1bca8f6469,SPY,buy,market,fill,1,gtc,0.0,1,stock,513.75,100.0,0.0
2024-05-06 12:30:00-04:00,MyStrategy,4066827fb1ef4597ac63bda8eb8c9cca,SPY,buy,market,new,1,gtc,0.0,1,stock,,,
2024-05-06 12:30:00-04:00,MyStrategy,4066827fb1ef4597ac63bda8eb8c9cca,SPY,buy,market,fill,1,gtc,0.0,1,stock,513.75,100.0,0.0
2024-05-06 15:30:00-04:00,MyStrategy,420bd7696a7348a9badea2e9e3d645fb,SPY,buy,market,new,1,gtc,0.0,1,stock,,,
2024-05-06 15:30:00-04:00,MyStrategy,420bd7696a7348a9badea2e9e3d645fb,SPY,buy,market,fill,1,gtc,0.0,1,stock,513.75,100.0,0.0
2024-05-07 09:30:00-04:00,MyStrategy,c2f92d5a6dd1436aa0073a7b7925474b,SPY,buy,market,new,1,gtc,0.0,1,stock,,,
2024-05-07 09:30:00-04:00,MyStrategy,c2f92d5a6dd1436aa0073a7b7925474b,SPY,buy,market,fill,1,gtc,0.0,1,stock,517.5599975585938,100.0,0.0
2024-05-07 12:30:00-04:00,MyStrategy,a9f5c56bf15d4bb191cfa92697ee0b2f,SPY,buy,market,new,1,gtc,0.0,1,stock,,,
2024-05-07 12:30:00-04:00,MyStrategy,a9f5c56bf15d4bb191cfa92697ee0b2f,SPY,buy,market,fill,1,gtc,0.0,1,stock,517.5599975585938,100.0,0.0
2024-05-07 15:30:00-04:00,MyStrategy,474d68c2591f4e36a2fe338633db03f9,SPY,buy,market,new,1,gtc,0.0,1,stock,,,
2024-05-07 15:30:00-04:00,MyStrategy,474d68c2591f4e36a2fe338633db03f9,SPY,buy,market,fill,1,gtc,0.0,1,stock,517.5599975585938,100.0,0.0
2024-05-08 09:30:00-04:00,MyStrategy,7a6e61f8ab80468e9ad364641b65bc48,SPY,buy,market,new,1,gtc,0.0,1,stock,,,
2024-05-08 09:30:00-04:00,MyStrategy,7a6e61f8ab80468e9ad364641b65bc48,SPY,buy,market,fill,1,gtc,0.0,1,stock,515.260009765625,100.0,0.0
2024-05-08 12:30:00-04:00,MyStrategy,5702d6237c584f40b7fdd2a0b3da7e88,SPY,buy,market,new,1,gtc,0.0,1,stock,,,
2024-05-08 12:30:00-04:00,MyStrategy,5702d6237c584f40b7fdd2a0b3da7e88,SPY,buy,market,fill,1,gtc,0.0,1,stock,515.260009765625,100.0,0.0
2024-05-08 15:30:00-04:00,MyStrategy,7ac526243fe446c1a62c3dcf8c01211b,SPY,buy,market,new,1,gtc,0.0,1,stock,,,
2024-05-08 15:30:00-04:00,MyStrategy,7ac526243fe446c1a62c3dcf8c01211b,SPY,buy,market,fill,1,gtc,0.0,1,stock,515.260009765625,100.0,0.0
2024-05-09 09:30:00-04:00,MyStrategy,3fdbe1cd9e1a477eb492b2e62f85efea,SPY,buy,market,new,1,gtc,0.0,1,stock,,,
2024-05-09 09:30:00-04:00,MyStrategy,3fdbe1cd9e1a477eb492b2e62f85efea,SPY,buy,market,fill,1,gtc,0.0,1,stock,517.3800048828125,100.0,0.0
2024-05-09 12:30:00-04:00,MyStrategy,71939117d80043f68002442eec57aea9,SPY,buy,market,new,1,gtc,0.0,1,stock,,,
2024-05-09 12:30:00-04:00,MyStrategy,71939117d80043f68002442eec57aea9,SPY,buy,market,fill,1,gtc,0.0,1,stock,517.3800048828125,100.0,0.0
2024-05-09 15:30:00-04:00,MyStrategy,18156bb5428b4115bead683c093b61a5,SPY,buy,market,new,1,gtc,0.0,1,stock,,,
2024-05-09 15:30:00-04:00,MyStrategy,18156bb5428b4115bead683c093b61a5,SPY,buy,market,fill,1,gtc,0.0,1,stock,517.3800048828125,100.0,0.0
2024-05-10 09:30:00-04:00,MyStrategy,e38c57e37b0b45b1b24ebbcb945fc32f,SPY,buy,market,new,1,gtc,0.0,1,stock,,,
2024-05-10 09:30:00-04:00,MyStrategy,e38c57e37b0b45b1b24ebbcb945fc32f,SPY,buy,market,fill,1,gtc,0.0,1,stock,521.8099975585938,100.0,0.0
2024-05-10 12:30:00-04:00,MyStrategy,b2dbcdeb0cdb4d72bcef4055d2b93b13,SPY,buy,market,new,1,gtc,0.0,1,stock,,,
2024-05-10 12:30:00-04:00,MyStrategy,b2dbcdeb0cdb4d72bcef4055d2b93b13,SPY,buy,market,fill,1,gtc,0.0,1,stock,521.8099975585938,100.0,0.0
2024-05-10 15:30:00-04:00,MyStrategy,09803359a4884553b398341352391139,SPY,buy,market,new,1,gtc,0.0,1,stock,,,
2024-05-10 15:30:00-04:00,MyStrategy,09803359a4884553b398341352391139,SPY,buy,market,fill,1,gtc,0.0,1,stock,521.8099975585938,100.0,0.0
2024-05-13 09:30:00-04:00,MyStrategy,02f03f8c82444fa9a003211fcc8fc979,SPY,buy,market,new,1,gtc,0.0,1,stock,,,
2024-05-13 09:30:00-04:00,MyStrategy,02f03f8c82444fa9a003211fcc8fc979,SPY,buy,market,fill,1,gtc,0.0,1,stock,522.5599975585938,100.0,0.0
2024-05-13 12:30:00-04:00,MyStrategy,af89c1f037384c0f84b8c45a5febb134,SPY,buy,market,new,1,gtc,0.0,1,stock,,,
2024-05-13 12:30:00-04:00,MyStrategy,af89c1f037384c0f84b8c45a5febb134,SPY,buy,market,fill,1,gtc,0.0,1,stock,522.5599975585938,100.0,0.0
2024-05-13 15:30:00-04:00,MyStrategy,965a6bab429a4fad90a723cfa10474b8,SPY,buy,market,new,1,gtc,0.0,1,stock,,,
2024-05-13 15:30:00-04:00,MyStrategy,965a6bab429a4fad90a723cfa10474b8,SPY,buy,market,fill,1,gtc,0.0,1,stock,522.5599975585938,100.0,0.0
2024-05-14 09:30:00-04:00,MyStrategy,b45034a86830485d8600daf97b560dff,SPY,buy,market,new,1,gtc,0.0,1,stock,,,
2024-05-14 09:30:00-04:00,MyStrategy,b45034a86830485d8600daf97b560dff,SPY,buy,market,fill,1,gtc,0.0,1,stock,521.1099853515625,100.0,0.0
2024-05-14 12:30:00-04:00,MyStrategy,29e282a53d61401f88813382b829e910,SPY,buy,market,new,1,gtc,0.0,1,stock,,,
2024-05-14 12:30:00-04:00,MyStrategy,29e282a53d61401f88813382b829e910,SPY,buy,market,fill,1,gtc,0.0,1,stock,521.1099853515625,100.0,0.0
2024-05-14 15:30:00-04:00,MyStrategy,857ce98a4f744d90a52c41abdae2f969,SPY,buy,market,new,1,gtc,0.0,1,stock,,,
2024-05-14 15:30:00-04:00,MyStrategy,857ce98a4f744d90a52c41abdae2f969,SPY,buy,market,fill,1,gtc,0.0,1,stock,521.1099853515625,100.0,0.0
2024-05-15 09:30:00-04:00,MyStrategy,07440804d233459395fc577b2361cc58,SPY,buy,market,new,1,gtc,0.0,1,stock,,,
2024-05-15 09:30:00-04:00,MyStrategy,07440804d233459395fc577b2361cc58,SPY,buy,market,fill,1,gtc,0.0,1,stock,525.8300170898438,100.0,0.0
2024-05-15 12:30:00-04:00,MyStrategy,12b787f21fd74edb8c970bb414ba7983,SPY,buy,market,new,1,gtc,0.0,1,stock,,,
2024-05-15 12:30:00-04:00,MyStrategy,12b787f21fd74edb8c970bb414ba7983,SPY,buy,market,fill,1,gtc,0.0,1,stock,525.8300170898438,100.0,0.0
2024-05-15 15:30:00-04:00,MyStrategy,31ec6b211e1c4d119a49727e42e00f9b,SPY,buy,market,new,1,gtc,0.0,1,stock,,,
2024-05-15 15:30:00-04:00,MyStrategy,31ec6b211e1c4d119a49727e42e00f9b,SPY,buy,market,fill,1,gtc,0.0,1,stock,525.8300170898438,100.0,0.0
2024-05-16 09:30:00-04:00,MyStrategy,0b4767f4e094432a968a6efdbca9115e,SPY,buy,market,new,1,gtc,0.0,1,stock,,,
2024-05-16 09:30:00-04:00,MyStrategy,0b4767f4e094432a968a6efdbca9115e,SPY,buy,market,fill,1,gtc,0.0,1,stock,529.8800048828125,100.0,0.0
2024-05-16 12:30:00-04:00,MyStrategy,bebaae249c964eb185d33dce57b37b27,SPY,buy,market,new,1,gtc,0.0,1,stock,,,
2024-05-16 12:30:00-04:00,MyStrategy,bebaae249c964eb185d33dce57b37b27,SPY,buy,market,fill,1,gtc,0.0,1,stock,529.8800048828125,100.0,0.0
2024-05-16 15:30:00-04:00,MyStrategy,99fcb8d7b21c49cf9a561af9dc1a95c8,SPY,buy,market,new,1,gtc,0.0,1,stock,,,
2024-05-16 15:30:00-04:00,MyStrategy,99fcb8d7b21c49cf9a561af9dc1a95c8,SPY,buy,market,fill,1,gtc,0.0,1,stock,529.8800048828125,100.0,0.0
2024-05-17 09:30:00-04:00,MyStrategy,3a57096a6324481db2d3bf6118ffeb88,SPY,buy,market,new,1,gtc,0.0,1,stock,,,
2024-05-17 09:30:00-04:00,MyStrategy,3a57096a6324481db2d3bf6118ffeb88,SPY,buy,market,fill,1,gtc,0.0,1,stock,528.8099975585938,100.0,0.0
2024-05-17 12:30:00-04:00,MyStrategy,89be89c9dfb34861b332cc558051efa5,SPY,buy,market,new,1,gtc,0.0,1,stock,,,
2024-05-17 12:30:00-04:00,MyStrategy,89be89c9dfb34861b332cc558051efa5,SPY,buy,market,fill,1,gtc,0.0,1,stock,528.8099975585938,100.0,0.0
2024-05-17 15:30:00-04:00,MyStrategy,2d3c0255b5f84ea8824ae2e1ecd2bc8b,SPY,buy,market,new,1,gtc,0.0,1,stock,,,
2024-05-17 15:30:00-04:00,MyStrategy,2d3c0255b5f84ea8824ae2e1ecd2bc8b,SPY,buy,market,fill,1,gtc,0.0,1,stock,528.8099975585938,100.0,0.0
2024-05-20 09:30:00-04:00,MyStrategy,e23716a459c9442b8e661e46c8669e40,SPY,buy,market,new,1,gtc,0.0,1,stock,,,
2024-05-20 09:30:00-04:00,MyStrategy,e23716a459c9442b8e661e46c8669e40,SPY,buy,market,fill,1,gtc,0.0,1,stock,529.5700073242188,100.0,0.0
2024-05-20 12:30:00-04:00,MyStrategy,9a4376a4429e4c77b4739c192508c2d8,SPY,buy,market,new,1,gtc,0.0,1,stock,,,
2024-05-20 12:30:00-04:00,MyStrategy,9a4376a4429e4c77b4739c192508c2d8,SPY,buy,market,fill,1,gtc,0.0,1,stock,529.5700073242188,100.0,0.0
2024-05-20 15:30:00-04:00,MyStrategy,00ff5c341e554026bd3a548768f2d050,SPY,buy,market,new,1,gtc,0.0,1,stock,,,
2024-05-20 15:30:00-04:00,MyStrategy,00ff5c341e554026bd3a548768f2d050,SPY,buy,market,fill,1,gtc,0.0,1,stock,529.5700073242188,100.0,0.0
2024-05-21 09:30:00-04:00,MyStrategy,dac2b5b4feb540f89358bd5d038d2ef3,SPY,buy,market,new,1,gtc,0.0,1,stock,,,
2024-05-21 09:30:00-04:00,MyStrategy,dac2b5b4feb540f89358bd5d038d2ef3,SPY,buy,market,fill,1,gtc,0.0,1,stock,529.280029296875,100.0,0.0
2024-05-21 12:30:00-04:00,MyStrategy,150e26c56e0c4cbcac59a6c804eb85c4,SPY,buy,market,new,1,gtc,0.0,1,stock,,,
2024-05-21 12:30:00-04:00,MyStrategy,150e26c56e0c4cbcac59a6c804eb85c4,SPY,buy,market,fill,1,gtc,0.0,1,stock,529.280029296875,100.0,0.0
2024-05-21 15:30:00-04:00,MyStrategy,fc142b9998164d67b684f4ba2b37779b,SPY,buy,market,new,1,gtc,0.0,1,stock,,,
2024-05-21 15:30:00-04:00,MyStrategy,fc142b9998164d67b684f4ba2b37779b,SPY,buy,market,fill,1,gtc,0.0,1,stock,529.280029296875,100.0,0.0
2024-05-22 09:30:00-04:00,MyStrategy,5912d0c6e53a4bac8f883cbf965d165a,SPY,buy,market,new,1,gtc,0.0,1,stock,,,
2024-05-22 09:30:00-04:00,MyStrategy,5912d0c6e53a4bac8f883cbf965d165a,SPY,buy,market,fill,1,gtc,0.0,1,stock,530.6500244140625,100.0,0.0
2024-05-22 12:30:00-04:00,MyStrategy,6136bf098e2b4992b8508eef3a2e541a,SPY,buy,market,new,1,gtc,0.0,1,stock,,,
2024-05-22 12:30:00-04:00,MyStrategy,6136bf098e2b4992b8508eef3a2e541a,SPY,buy,market,fill,1,gtc,0.0,1,stock,530.6500244140625,100.0,0.0
2024-05-22 15:30:00-04:00,MyStrategy,87176b508ddb466895be3b2b18551da1,SPY,buy,market,new,1,gtc,0.0,1,stock,,,
2024-05-22 15:30:00-04:00,MyStrategy,87176b508ddb466895be3b2b18551da1,SPY,buy,market,fill,1,gtc,0.0,1,stock,530.6500244140625,100.0,0.0
2024-05-23 09:30:00-04:00,MyStrategy,163c438254f740e398bf4acfe7ad0b1c,SPY,buy,market,new,1,gtc,0.0,1,stock,,,
2024-05-23 09:30:00-04:00,MyStrategy,163c438254f740e398bf4acfe7ad0b1c,SPY,buy,market,fill,1,gtc,0.0,1,stock,532.9600219726562,100.0,0.0
2024-05-23 12:30:00-04:00,MyStrategy,2f59847ddb534cae92c73f7c6eb23a8e,SPY,buy,market,new,1,gtc,0.0,1,stock,,,
2024-05-23 12:30:00-04:00,MyStrategy,2f59847ddb534cae92c73f7c6eb23a8e,SPY,buy,market,fill,1,gtc,0.0,1,stock,532.9600219726562,100.0,0.0
2024-05-23 15:30:00-04:00,MyStrategy,44e043fe04ed490f9c333abe208e0d69,SPY,buy,market,new,1,gtc,0.0,1,stock,,,
2024-05-23 15:30:00-04:00,MyStrategy,44e043fe04ed490f9c333abe208e0d69,SPY,buy,market,fill,1,gtc,0.0,1,stock,532.9600219726562,100.0,0.0
2024-05-24 09:30:00-04:00,MyStrategy,a6f3407b7f814ec798c6d624140031ba,SPY,buy,market,new,1,gtc,0.0,1,stock,,,
2024-05-24 09:30:00-04:00,MyStrategy,a6f3407b7f814ec798c6d624140031ba,SPY,buy,market,fill,1,gtc,0.0,1,stock,527.8499755859375,100.0,0.0
2024-05-24 12:30:00-04:00,MyStrategy,7be8853af49c4809bc2d54680badce49,SPY,buy,market,new,1,gtc,0.0,1,stock,,,
2024-05-24 12:30:00-04:00,MyStrategy,7be8853af49c4809bc2d54680badce49,SPY,buy,market,fill,1,gtc,0.0,1,stock,527.8499755859375,100.0,0.0
2024-05-24 15:30:00-04:00,MyStrategy,3cc5b054cac7479c866d1c75e81cf03f,SPY,buy,market,new,1,gtc,0.0,1,stock,,,
2024-05-24 15:30:00-04:00,MyStrategy,3cc5b054cac7479c866d1c75e81cf03f,SPY,buy,market,fill,1,gtc,0.0,1,stock,527.8499755859375,100.0,0.0
2024-05-28 09:30:00-04:00,MyStrategy,71f1dbe8819041949a013e916ee6df12,SPY,buy,market,new,1,gtc,0.0,1,stock,,,
2024-05-28 09:30:00-04:00,MyStrategy,71f1dbe8819041949a013e916ee6df12,SPY,buy,market,fill,1,gtc,0.0,1,stock,530.27001953125,100.0,0.0
2024-05-28 12:30:00-04:00,MyStrategy,f1bc2994555847b592c937e5163474aa,SPY,buy,market,new,1,gtc,0.0,1,stock,,,
2024-05-28 12:30:00-04:00,MyStrategy,f1bc2994555847b592c937e5163474aa,SPY,buy,market,fill,1,gtc,0.0,1,stock,530.27001953125,100.0,0.0
2024-05-28 15:30:00-04:00,MyStrategy,a75c94f7cab949e694fcad1b7b67e20d,SPY,buy,market,new,1,gtc,0.0,1,stock,,,
2024-05-28 15:30:00-04:00,MyStrategy,a75c94f7cab949e694fcad1b7b67e20d,SPY,buy,market,fill,1,gtc,0.0,1,stock,530.27001953125,100.0,0.0
2024-05-29 09:30:00-04:00,MyStrategy,4631caf8fbc74c1abffebc96fbe47171,SPY,buy,market,new,1,gtc,0.0,1,stock,,,
2024-05-29 09:30:00-04:00,MyStrategy,4631caf8fbc74c1abffebc96fbe47171,SPY,buy,market,fill,1,gtc,0.0,1,stock,525.6799926757812,100.0,0.0
2024-05-29 12:30:00-04:00,MyStrategy,bfa9269c87af432a804b9f01d7d8e774,SPY,buy,market,new,1,gtc,0.0,1,stock,,,
2024-05-29 12:30:00-04:00,MyStrategy,bfa9269c87af432a804b9f01d7d8e774,SPY,buy,market,fill,1,gtc,0.0,1,stock,525.6799926757812,100.0,0.0
2024-05-29 15:30:00-04:00,MyStrategy,a52f8e88862a46daabf0c039e6fcc799,SPY,buy,market,new,1,gtc,0.0,1,stock,,,
2024-05-29 15:30:00-04:00,MyStrategy,a52f8e88862a46daabf0c039e6fcc799,SPY,buy,market,fill,1,gtc,0.0,1,stock,525.6799926757812,100.0,0.0
2024-05-30 09:30:00-04:00,MyStrategy,f3dc4f84b6ec47448139e6fb0b2ce617,SPY,buy,market,new,1,gtc,0.0,1,stock,,,
2024-05-30 09:30:00-04:00,MyStrategy,f3dc4f84b6ec47448139e6fb0b2ce617,SPY,buy,market,fill,1,gtc,0.0,1,stock,524.52001953125,100.0,0.0
2024-05-30 12:30:00-04:00,MyStrategy,6e4a036a86b74303852f66ad08fa11fd,SPY,buy,market,new,1,gtc,0.0,1,stock,,,
2024-05-30 12:30:00-04:00,MyStrategy,6e4a036a86b74303852f66ad08fa11fd,SPY,buy,market,fill,1,gtc,0.0,1,stock,524.52001953125,100.0,0.0
2024-05-30 15:30:00-04:00,MyStrategy,37465445a3c24d8ca0fc44a470143d7b,SPY,buy,market,new,1,gtc,0.0,1,stock,,,
2024-05-30 15:30:00-04:00,MyStrategy,37465445a3c24d8ca0fc44a470143d7b,SPY,buy,market,fill,1,gtc,0.0,1,stock,524.52001953125,100.0,0.0
2024-05-31 09:30:00-04:00,MyStrategy,c2e7722e77f847a8bfcff67c7912035d,SPY,buy,market,new,1,gtc,0.0,1,stock,,,
2024-05-31 09:30:00-04:00,MyStrategy,c2e7722e77f847a8bfcff67c7912035d,SPY,buy,market,fill,1,gtc,0.0,1,stock,523.5900268554688,100.0,0.0
2024-05-31 12:30:00-04:00,MyStrategy,e5fb4e4c89994d8a95946257bcd5d550,SPY,buy,market,new,1,gtc,0.0,1,stock,,,
2024-05-31 12:30:00-04:00,MyStrategy,e5fb4e4c89994d8a95946257bcd5d550,SPY,buy,market,fill,1,gtc,0.0,1,stock,523.5900268554688,100.0,0.0
2024-05-31 15:30:00-04:00,MyStrategy,3a3fbaae5cf2438091bf629682835ff2,SPY,buy,market,new,1,gtc,0.0,1,stock,,,
2024-05-31 15:30:00-04:00,MyStrategy,3a3fbaae5cf2438091bf629682835ff2,SPY,buy,market,fill,1,gtc,0.0,1,stock,523.5900268554688,100.0,0.0
2024-06-03 09:30:00-04:00,MyStrategy,ff18e34d293d4973a214ece68f3dde6e,SPY,buy,market,new,1,gtc,0.0,1,stock,,,
2024-06-03 09:30:00-04:00,MyStrategy,ff18e34d293d4973a214ece68f3dde6e,SPY,buy,market,fill,1,gtc,0.0,1,stock,529.02001953125,100.0,0.0
2024-06-03 12:30:00-04:00,MyStrategy,fc6dd094954a4304adf9133d507f9079,SPY,buy,market,new,1,gtc,0.0,1,stock,,,
2024-06-03 12:30:00-04:00,MyStrategy,fc6dd094954a4304adf9133d507f9079,SPY,buy,market,fill,1,gtc,0.0,1,stock,529.02001953125,100.0,0.0
2024-06-03 15:30:00-04:00,MyStrategy,8204747a7ff24de0b69523d3e13e90bb,SPY,buy,market,new,1,gtc,0.0,1,stock,,,
2024-06-03 15:30:00-04:00,MyStrategy,8204747a7ff24de0b69523d3e13e90bb,SPY,buy,market,fill,1,gtc,0.0,1,stock,529.02001953125,100.0,0.0
2024-06-04 09:30:00-04:00,MyStrategy,a37471c108bf48b5a5be21ab7786cf00,SPY,buy,market,new,1,gtc,0.0,1,stock,,,
2024-06-04 09:30:00-04:00,MyStrategy,a37471c108bf48b5a5be21ab7786cf00,SPY,buy,market,fill,1,gtc,0.0,1,stock,526.4600219726562,100.0,0.0
2024-06-04 12:30:00-04:00,MyStrategy,ec20ac178a9349e9ab52dcb7193d7ade,SPY,buy,market,new,1,gtc,0.0,1,stock,,,
2024-06-04 12:30:00-04:00,MyStrategy,ec20ac178a9349e9ab52dcb7193d7ade,SPY,buy,market,fill,1,gtc,0.0,1,stock,526.4600219726562,100.0,0.0
2024-06-04 15:30:00-04:00,MyStrategy,c41adbf514f247fe8f2679bfcdd9792a,SPY,buy,market,new,1,gtc,0.0,1,stock,,,
2024-06-04 15:30:00-04:00,MyStrategy,c41adbf514f247fe8f2679bfcdd9792a,SPY,buy,market,fill,1,gtc,0.0,1,stock,526.4600219726562,100.0,0.0
2024-06-05 09:30:00-04:00,MyStrategy,1c41d1d673cc4433aa21e9eb043fb145,SPY,buy,market,new,1,gtc,0.0,1,stock,,,
2024-06-05 09:30:00-04:00,MyStrategy,1c41d1d673cc4433aa21e9eb043fb145,SPY,buy,market,fill,1,gtc,0.0,1,stock,530.77001953125,100.0,0.0
2024-06-05 12:30:00-04:00,MyStrategy,29ea3e9489814abaaaf261bf400c71b1,SPY,buy,market,new,1,gtc,0.0,1,stock,,,
2024-06-05 12:30:00-04:00,MyStrategy,29ea3e9489814abaaaf261bf400c71b1,SPY,buy,market,fill,1,gtc,0.0,1,stock,530.77001953125,100.0,0.0
2024-06-05 15:30:00-04:00,MyStrategy,389a521adb8240fe9e565bdca98190f0,SPY,buy,market,new,1,gtc,0.0,1,stock,,,
2024-06-05 15:30:00-04:00,MyStrategy,389a521adb8240fe9e565bdca98190f0,SPY,buy,market,fill,1,gtc,0.0,1,stock,530.77001953125,100.0,0.0
2024-06-06 09:30:00-04:00,MyStrategy,3fdd2b21e2bd4ec28f641b9cb7fec493,SPY,buy,market,new,1,gtc,0.0,1,stock,,,
2024-06-06 09:30:00-04:00,MyStrategy,3fdd2b21e2bd4ec28f641b9cb7fec493,SPY,buy,market,fill,1,gtc,0.0,1,stock,534.97998046875,100.0,0.0
2024-06-06 12:30:00-04:00,MyStrategy,6b1c402f5b8d40f7a6aff36398774b39,SPY,buy,market,new,1,gtc,0.0,1,stock,,,
2024-06-06 12:30:00-04:00,MyStrategy,6b1c402f5b8d40f7a6aff36398774b39,SPY,buy,market,fill,1,gtc,0.0,1,stock,534.97998046875,100.0,0.0
2024-06-06 15:30:00-04:00,MyStrategy,a120094242f3465083cc63f608bf2f65,SPY,buy,market,new,1,gtc,0.0,1,stock,,,
2024-06-06 15:30:00-04:00,MyStrategy,a120094242f3465083cc63f608bf2f65,SPY,buy,market,fill,1,gtc,0.0,1,stock,534.97998046875,100.0,0.0
2024-06-07 09:30:00-04:00,MyStrategy,ecf741631db74d169926edd243c1bfed,SPY,buy,market,new,1,gtc,0.0,1,stock,,,
2024-06-07 09:30:00-04:00,MyStrategy,ecf741631db74d169926edd243c1bfed,SPY,buy,market,fill,1,gtc,0.0,1,stock,533.6599731445312,100.0,0.0
2024-06-07 12:30:00-04:00,MyStrategy,d0604a634dcf49c088ef700836ae70f2,SPY,buy,market,new,1,gtc,0.0,1,stock,,,
2024-06-07 12:30:00-04:00,MyStrategy,d0604a634dcf49c088ef700836ae70f2,SPY,buy,market,fill,1,gtc,0.0,1,stock,533.6599731445312,100.0,0.0
2024-06-07 15:30:00-04:00,MyStrategy,62ff2f30677e43d7a0e10af4bd453882,SPY,buy,market,new,1,gtc,0.0,1,stock,,,
2024-06-07 15:30:00-04:00,MyStrategy,62ff2f30677e43d7a0e10af4bd453882,SPY,buy,market,fill,1,gtc,0.0,1,stock,533.6599731445312,100.0,0.0
2024-06-10 09:30:00-04:00,MyStrategy,3f0378a05d494ce982b8d30505f0bce4,SPY,buy,market,new,1,gtc,0.0,1,stock,,,
2024-06-10 09:30:00-04:00,MyStrategy,3f0378a05d494ce982b8d30505f0bce4,SPY,buy,market,fill,1,gtc,0.0,1,stock,533.1799926757812,100.0,0.0
2024-06-10 12:30:00-04:00,MyStrategy,231f1bf12b3e4a918a0b633270deff95,SPY,buy,market,new,1,gtc,0.0,1,stock,,,
2024-06-10 12:30:00-04:00,MyStrategy,231f1bf12b3e4a918a0b633270deff95,SPY,buy,market,fill,1,gtc,0.0,1,stock,533.1799926757812,100.0,0.0
2024-06-10 15:30:00-04:00,MyStrategy,c4ee6c91cfe84aeba1a06abdec072974,SPY,buy,market,new,1,gtc,0.0,1,stock,,,
2024-06-10 15:30:00-04:00,MyStrategy,c4ee6c91cfe84aeba1a06abdec072974,SPY,buy,market,fill,1,gtc,0.0,1,stock,533.1799926757812,100.0,0.0
2024-06-11 09:30:00-04:00,MyStrategy,b2cddfd240dd4f9cb34fff4138d83005,SPY,buy,market,new,1,gtc,0.0,1,stock,,,
2024-06-11 09:30:00-04:00,MyStrategy,b2cddfd240dd4f9cb34fff4138d83005,SPY,buy,market,fill,1,gtc,0.0,1,stock,534.0700073242188,100.0,0.0
2024-06-11 12:30:00-04:00,MyStrategy,a59118a95f5640b5891983f604f54102,SPY,buy,market,new,1,gtc,0.0,1,stock,,,
2024-06-11 12:30:00-04:00,MyStrategy,a59118a95f5640b5891983f604f54102,SPY,buy,market,fill,1,gtc,0.0,1,stock,534.0700073242188,100.0,0.0
2024-06-11 15:30:00-04:00,MyStrategy,3a14fd04410a496bb40924c5d49e6856,SPY,buy,market,new,1,gtc,0.0,1,stock,,,
2024-06-11 15:30:00-04:00,MyStrategy,3a14fd04410a496bb40924c5d49e6856,SPY,buy,market,fill,1,gtc,0.0,1,stock,534.0700073242188,100.0,0.0
2024-06-12 09:30:00-04:00,MyStrategy,fbc3071e0f584f0c813ff18e50767e28,SPY,buy,market,new,1,gtc,0.0,1,stock,,,
2024-06-12 09:30:00-04:00,MyStrategy,fbc3071e0f584f0c813ff18e50767e28,SPY,buy,market,fill,1,gtc,0.0,1,stock,541.6300048828125,100.0,0.0
2024-06-12 12:30:00-04:00,MyStrategy,a1c8fad1a1284128b2b6df75abdd27d6,SPY,buy,market,new,1,gtc,0.0,1,stock,,,
2024-06-12 12:30:00-04:00,MyStrategy,a1c8fad1a1284128b2b6df75abdd27d6,SPY,buy,market,fill,1,gtc,0.0,1,stock,541.6300048828125,100.0,0.0
2024-06-12 15:30:00-04:00,MyStrategy,8bbecefcdfb846c3952284aa683cf8c5,SPY,buy,market,new,1,gtc,0.0,1,stock,,,
2024-06-12 15:30:00-04:00,MyStrategy,8bbecefcdfb846c3952284aa683cf8c5,SPY,buy,market,fill,1,gtc,0.0,1,stock,541.6300048828125,100.0,0.0
2024-06-13 09:30:00-04:00,MyStrategy,5d52b0a2a45942acac3015f912b25dbe,SPY,buy,market,new,1,gtc,0.0,1,stock,,,
2024-06-13 09:30:00-04:00,MyStrategy,5d52b0a2a45942acac3015f912b25dbe,SPY,buy,market,fill,1,gtc,0.0,1,stock,543.1500244140625,100.0,0.0
2024-06-13 12:30:00-04:00,MyStrategy,c3e3af5e38a94c21a9ea418dd8077ae3,SPY,buy,market,new,1,gtc,0.0,1,stock,,,
2024-06-13 12:30:00-04:00,MyStrategy,c3e3af5e38a94c21a9ea418dd8077ae3,SPY,buy,market,fill,1,gtc,0.0,1,stock,543.1500244140625,100.0,0.0
2024-06-13 15:30:00-04:00,MyStrategy,4d81bf1f491c4b30983a458e72680592,SPY,buy,market,new,1,gtc,0.0,1,stock,,,
2024-06-13 15:30:00-04:00,MyStrategy,4d81bf1f491c4b30983a458e72680592,SPY,buy,market,fill,1,gtc,0.0,1,stock,543.1500244140625,100.0,0.0
2024-06-14 09:30:00-04:00,MyStrategy,9cd89a8b20d44733bf386c4607b47b5a,SPY,buy,market,new,1,gtc,0.0,1,stock,,,
2024-06-14 09:30:00-04:00,MyStrategy,9cd89a8b20d44733bf386c4607b47b5a,SPY,buy,market,fill,1,gtc,0.0,1,stock,540.8800048828125,100.0,0.0
2024-06-14 12:30:00-04:00,MyStrategy,7809bfa36a6b48c28f87ca19e707c1a7,SPY,buy,market,new,1,gtc,0.0,1,stock,,,
2024-06-14 12:30:00-04:00,MyStrategy,7809bfa36a6b48c28f87ca19e707c1a7,SPY,buy,market,fill,1,gtc,0.0,1,stock,540.8800048828125,100.0,0.0
2024-06-14 15:30:00-04:00,MyStrategy,804efe381a494023943b63e7ffba01e2,SPY,buy,market,new,1,gtc,0.0,1,stock,,,
2024-06-14 15:30:00-04:00,MyStrategy,804efe381a494023943b63e7ffba01e2,SPY,buy,market,fill,1,gtc,0.0,1,stock,540.8800048828125,100.0,0.0
2024-06-17 09:30:00-04:00,MyStrategy,f9eac9299c4c4c74a885e5499bb081b9,SPY,buy,market,new,1,gtc,0.0,1,stock,,,
2024-06-17 09:30:00-04:00,MyStrategy,f9eac9299c4c4c74a885e5499bb081b9,SPY,buy,market,fill,1,gtc,0.0,1,stock,542.0800170898438,100.0,0.0
2024-06-17 12:30:00-04:00,MyStrategy,45c14f908b7547ef8f0c0c3e9bc8fbab,SPY,buy,market,new,1,gtc,0.0,1,stock,,,
2024-06-17 12:30:00-04:00,MyStrategy,45c14f908b7547ef8f0c0c3e9bc8fbab,SPY,buy,market,fill,1,gtc,0.0,1,stock,542.0800170898438,100.0,0.0
2024-06-17 15:30:00-04:00,MyStrategy,92c10f9a838b44cdb8729e569b6925b2,SPY,buy,market,new,1,gtc,0.0,1,stock,,,
2024-06-17 15:30:00-04:00,MyStrategy,92c10f9a838b44cdb8729e569b6925b2,SPY,buy,market,fill,1,gtc,0.0,1,stock,542.0800170898438,100.0,0.0
2024-06-18 09:30:00-04:00,MyStrategy,1cb07d38eabf4b6fb0af9bd6aeb0806c,SPY,buy,market,new,1,gtc,0.0,1,stock,,,
2024-06-18 09:30:00-04:00,MyStrategy,1cb07d38eabf4b6fb0af9bd6aeb0806c,SPY,buy,market,fill,1,gtc,0.0,1,stock,547.1599731445312,100.0,0.0
2024-06-18 12:30:00-04:00,MyStrategy,de1d8ab81817471195e03091d4d15f81,SPY,buy,market,new,1,gtc,0.0,1,stock,,,
2024-06-18 12:30:00-04:00,MyStrategy,de1d8ab81817471195e03091d4d15f81,SPY,buy,market,fill,1,gtc,0.0,1,stock,547.1599731445312,100.0,0.0
2024-06-18 15:30:00-04:00,MyStrategy,43f4a3e353474807b1ba0d482f38b28a,SPY,buy,market,new,1,gtc,0.0,1,stock,,,
2024-06-18 15:30:00-04:00,MyStrategy,43f4a3e353474807b1ba0d482f38b28a,SPY,buy,market,fill,1,gtc,0.0,1,stock,547.1599731445312,100.0,0.0
2024-06-20 09:30:00-04:00,MyStrategy,2028ba74c8964832a522cca751167555,SPY,buy,market,new,1,gtc,0.0,1,stock,,,
2024-06-20 09:30:00-04:00,MyStrategy,2028ba74c8964832a522cca751167555,SPY,buy,market,fill,1,gtc,0.0,1,stock,549.4400024414062,100.0,0.0
2024-06-20 12:30:00-04:00,MyStrategy,6fbbef38baf944c8b17db7f10f46b6c5,SPY,buy,market,new,1,gtc,0.0,1,stock,,,
2024-06-20 12:30:00-04:00,MyStrategy,6fbbef38baf944c8b17db7f10f46b6c5,SPY,buy,market,fill,1,gtc,0.0,1,stock,549.4400024414062,100.0,0.0
2024-06-20 15:30:00-04:00,MyStrategy,980bd438dd394e1797b796d82ae7f274,SPY,buy,market,new,1,gtc,0.0,1,stock,,,
2024-06-20 15:30:00-04:00,MyStrategy,980bd438dd394e1797b796d82ae7f274,SPY,buy,market,fill,1,gtc,0.0,1,stock,549.4400024414062,100.0,0.0
2024-06-21 09:30:00-04:00,MyStrategy,697c239a04f04c5a8d4a9ee7ba6ad72c,SPY,buy,market,new,1,gtc,0.0,1,stock,,,
2024-06-21 09:30:00-04:00,MyStrategy,697c239a04f04c5a8d4a9ee7ba6ad72c,SPY,buy,market,fill,1,gtc,0.0,1,stock,544.4000244140625,100.0,0.0
2024-06-21 12:30:00-04:00,MyStrategy,f4e5e356723448c1ad46fc25f8f4bd61,SPY,buy,market,new,1,gtc,0.0,1,stock,,,
2024-06-21 12:30:00-04:00,MyStrategy,f4e5e356723448c1ad46fc25f8f4bd61,SPY,buy,market,fill,1,gtc,0.0,1,stock,544.4000244140625,100.0,0.0
2024-06-21 15:30:00-04:00,MyStrategy,ae820b54c4104d37bfe54caec7cf6c14,SPY,buy,market,new,1,gtc,0.0,1,stock,,,
2024-06-21 15:30:00-04:00,MyStrategy,ae820b54c4104d37bfe54caec7cf6c14,SPY,buy,market,fill,1,gtc,0.0,1,stock,544.4000244140625,100.0,0.0
2024-06-24 09:30:00-04:00,MyStrategy,56a1f25bcc844db0817014ee85248d0d,SPY,buy,market,new,1,gtc,0.0,1,stock,,,
2024-06-24 09:30:00-04:00,MyStrategy,56a1f25bcc844db0817014ee85248d0d,SPY,buy,market,fill,1,gtc,0.0,1,stock,544.3300170898438,100.0,0.0
2024-06-24 12:30:00-04:00,MyStrategy,c4302e5cf7eb4f42b6983a16e9e89255,SPY,buy,market,new,1,gtc,0.0,1,stock,,,
2024-06-24 12:30:00-04:00,MyStrategy,c4302e5cf7eb4f42b6983a16e9e89255,SPY,buy,market,fill,1,gtc,0.0,1,stock,544.3300170898438,100.0,0.0
2024-06-24 15:30:00-04:00,MyStrategy,c7c08f9259204189b17658be01e6e8c9,SPY,buy,market,new,1,gtc,0.0,1,stock,,,
2024-06-24 15:30:00-04:00,MyStrategy,c7c08f9259204189b17658be01e6e8c9,SPY,buy,market,fill,1,gtc,0.0,1,stock,544.3300170898438,100.0,0.0
2024-06-25 09:30:00-04:00,MyStrategy,6e4e6761485040d9894fc3edd5774160,SPY,buy,market,new,1,gtc,0.0,1,stock,,,
2024-06-25 09:30:00-04:00,MyStrategy,6e4e6761485040d9894fc3edd5774160,SPY,buy,market,fill,1,gtc,0.0,1,stock,543.989990234375,100.0,0.0
2024-06-25 12:30:00-04:00,MyStrategy,21bc07bc6c64420fb6dacaf67210e97c,SPY,buy,market,new,1,gtc,0.0,1,stock,,,
2024-06-25 12:30:00-04:00,MyStrategy,21bc07bc6c64420fb6dacaf67210e97c,SPY,buy,market,fill,1,gtc,0.0,1,stock,543.989990234375,100.0,0.0
2024-06-25 15:30:00-04:00,MyStrategy,371fb30462254371a6b83123e64c5cb0,SPY,buy,market,new,1,gtc,0.0,1,stock,,,
2024-06-25 15:30:00-04:00,MyStrategy,371fb30462254371a6b83123e64c5cb0,SPY,buy,market,fill,1,gtc,0.0,1,stock,543.989990234375,100.0,0.0
2024-06-26 09:30:00-04:00,MyStrategy,f9455e5ffe26407da2a84044a2269bae,SPY,buy,market,new,1,gtc,0.0,1,stock,,,
2024-06-26 09:30:00-04:00,MyStrategy,f9455e5ffe26407da2a84044a2269bae,SPY,buy,market,fill,1,gtc,0.0,1,stock,543.6900024414062,100.0,0.0
2024-06-26 12:30:00-04:00,MyStrategy,75d8a73109884572917da07ecb3392ab,SPY,buy,market,new,1,gtc,0.0,1,stock,,,
2024-06-26 12:30:00-04:00,MyStrategy,75d8a73109884572917da07ecb3392ab,SPY,buy,market,fill,1,gtc,0.0,1,stock,543.6900024414062,100.0,0.0
2024-06-26 15:30:00-04:00,MyStrategy,0d1cd7bc8c2d4eb3b2b86706a6153867,SPY,buy,market,new,1,gtc,0.0,1,stock,,,
2024-06-26 15:30:00-04:00,MyStrategy,0d1cd7bc8c2d4eb3b2b86706a6153867,SPY,buy,market,fill,1,gtc,0.0,1,stock,543.6900024414062,100.0,0.0
2024-06-27 09:30:00-04:00,MyStrategy,a343ea31f0ff4b94ac0ee42c66d73c35,SPY,buy,market,new,1,gtc,0.0,1,stock,,,
2024-06-27 09:30:00-04:00,MyStrategy,a343ea31f0ff4b94ac0ee42c66d73c35,SPY,buy,market,fill,1,gtc,0.0,1,stock,545.3699951171875,100.0,0.0
2024-06-27 12:30:00-04:00,MyStrategy,e50218c3fac54d28ae808fae85dc3f0f,SPY,buy,market,new,1,gtc,0.0,1,stock,,,
2024-06-27 12:30:00-04:00,MyStrategy,e50218c3fac54d28ae808fae85dc3f0f,SPY,buy,market,fill,1,gtc,0.0,1,stock,545.3699951171875,100.0,0.0
2024-06-27 15:30:00-04:00,MyStrategy,ee8d124df0f24fc6822f7ff33e0f4160,SPY,buy,market,new,1,gtc,0.0,1,stock,,,
2024-06-27 15:30:00-04:00,MyStrategy,ee8d124df0f24fc6822f7ff33e0f4160,SPY,buy,market,fill,1,gtc,0.0,1,stock,545.3699951171875,100.0,0.0
2024-06-28 09:30:00-04:00,MyStrategy,61a09dd93f794987a0566359b2cacada,SPY,buy,market,new,1,gtc,0.0,1,stock,,,
2024-06-28 09:30:00-04:00,MyStrategy,61a09dd93f794987a0566359b2cacada,SPY,buy,market,fill,1,gtc,0.0,1,stock,547.1599731445312,100.0,0.0
2024-06-28 12:30:00-04:00,MyStrategy,cd6c4417730d4f44937d384d2303e2fb,SPY,buy,market,new,1,gtc,0.0,1,stock,,,
2024-06-28 12:30:00-04:00,MyStrategy,cd6c4417730d4f44937d384d2303e2fb,SPY,buy,market,fill,1,gtc,0.0,1,stock,547.1599731445312,100.0,0.0
2024-06-28 15:30:00-04:00,MyStrategy,b04343993cee4e8b8a38b47d44533f5b,SPY,buy,market,new,1,gtc,0.0,1,stock,,,
2024-06-28 15:30:00-04:00,MyStrategy,b04343993cee4e8b8a38b47d44533f5b,SPY,buy,market,fill,1,gtc,0.0,1,stock,547.1599731445312,100.0,0.0
2024-07-01 09:30:00-04:00,MyStrategy,c93a61dfb4fc4722a54497b9d53e491b,SPY,buy,market,new,1,gtc,0.0,1,stock,,,
2024-07-01 09:30:00-04:00,MyStrategy,c93a61dfb4fc4722a54497b9d53e491b,SPY,buy,market,fill,1,gtc,0.0,1,stock,545.6300048828125,100.0,0.0
2024-07-01 12:30:00-04:00,MyStrategy,e5c82ba2013e4bd3a04385e5a4ebdbd6,SPY,buy,market,new,1,gtc,0.0,1,stock,,,
2024-07-01 12:30:00-04:00,MyStrategy,e5c82ba2013e4bd3a04385e5a4ebdbd6,SPY,buy,market,fill,1,gtc,0.0,1,stock,545.6300048828125,100.0,0.0
2024-07-01 15:30:00-04:00,MyStrategy,b58b4dc67f314c06b5763481f4f944ae,SPY,buy,market,new,1,gtc,0.0,1,stock,,,
2024-07-01 15:30:00-04:00,MyStrategy,b58b4dc67f314c06b5763481f4f944ae,SPY,buy,market,fill,1,gtc,0.0,1,stock,545.6300048828125,100.0,0.0
2024-07-02 09:30:00-04:00,MyStrategy,edc60f949612463ba09a2678b63a312d,SPY,buy,market,new,1,gtc,0.0,1,stock,,,
2024-07-02 09:30:00-04:00,MyStrategy,edc60f949612463ba09a2678b63a312d,SPY,buy,market,fill,1,gtc,0.0,1,stock,543.7000122070312,100.0,0.0
2024-07-02 12:30:00-04:00,MyStrategy,88e254b6497b47f2a1684809d4cd0755,SPY,buy,market,new,1,gtc,0.0,1,stock,,,
2024-07-02 12:30:00-04:00,MyStrategy,88e254b6497b47f2a1684809d4cd0755,SPY,buy,market,fill,1,gtc,0.0,1,stock,543.7000122070312,100.0,0.0
2024-07-02 15:30:00-04:00,MyStrategy,6156e2ca13a342359bade9449847b4d6,SPY,buy,market,new,1,gtc,0.0,1,stock,,,
2024-07-02 15:30:00-04:00,MyStrategy,6156e2ca13a342359bade9449847b4d6,SPY,buy,market,fill,1,gtc,0.0,1,stock,543.7000122070312,100.0,0.0
2024-07-03 09:30:00-04:00,MyStrategy,d9c40c49f4564f489a81d5795f729e9d,SPY,buy,market,new,1,gtc,0.0,1,stock,,,
2024-07-03 09:30:00-04:00,MyStrategy,d9c40c49f4564f489a81d5795f729e9d,SPY,buy,market,fill,1,gtc,0.0,1,stock,548.6900024414062,100.0,0.0
2024-07-03 12:30:00-04:00,MyStrategy,a337d301a449493ab90ef2edbad1ade8,SPY,buy,market,new,1,gtc,0.0,1,stock,,,
2024-07-03 12:30:00-04:00,MyStrategy,a337d301a449493ab90ef2edbad1ade8,SPY,buy,market,fill,1,gtc,0.0,1,stock,548.6900024414062,100.0,0.0
2024-07-05 09:30:00-04:00,MyStrategy,166a983652334012b6f27013e602b270,SPY,buy,market,new,1,gtc,0.0,1,stock,,,
2024-07-05 09:30:00-04:00,MyStrategy,166a983652334012b6f27013e602b270,SPY,buy,market,fill,1,gtc,0.0,1,stock,551.77001953125,100.0,0.0
2024-07-05 12:30:00-04:00,MyStrategy,d7036026f3c24cc6bfb2d52412db9105,SPY,buy,market,new,1,gtc,0.0,1,stock,,,
2024-07-05 12:30:00-04:00,MyStrategy,d7036026f3c24cc6bfb2d52412db9105,SPY,buy,market,fill,1,gtc,0.0,1,stock,551.77001953125,100.0,0.0
2024-07-05 15:30:00-04:00,MyStrategy,6b33420ac1804e0f92c2fc33b63851fe,SPY,buy,market,new,1,gtc,0.0,1,stock,,,
2024-07-05 15:30:00-04:00,MyStrategy,6b33420ac1804e0f92c2fc33b63851fe,SPY,buy,market,fill,1,gtc,0.0,1,stock,551.77001953125,100.0,0.0
2024-07-08 09:30:00-04:00,MyStrategy,ca2ae797fce54432bb1831701443d64a,SPY,buy,market,new,1,gtc,0.0,1,stock,,,
2024-07-08 09:30:00-04:00,MyStrategy,ca2ae797fce54432bb1831701443d64a,SPY,buy,market,fill,1,gtc,0.0,1,stock,555.4400024414062,100.0,0.0
2024-07-08 12:30:00-04:00,MyStrategy,81db9ee2c46d4ce39f9db8f63a25969e,SPY,buy,market,new,1,gtc,0.0,1,stock,,,
2024-07-08 12:30:00-04:00,MyStrategy,81db9ee2c46d4ce39f9db8f63a25969e,SPY,buy,market,fill,1,gtc,0.0,1,stock,555.4400024414062,100.0,0.0
2024-07-08 15:30:00-04:00,MyStrategy,17e234d4b43443229cbc8d10894ad08f,SPY,buy,market,new,1,gtc,0.0,1,stock,,,
2024-07-08 15:30:00-04:00,MyStrategy,17e234d4b43443229cbc8d10894ad08f,SPY,buy,market,fill,1,gtc,0.0,1,stock,555.4400024414062,100.0,0.0
2024-07-09 09:30:00-04:00,MyStrategy,3aeba4407e5e4309b01f7eb2184cea21,SPY,buy,market,new,1,gtc,0.0,1,stock,,,
2024-07-09 09:30:00-04:00,MyStrategy,3aeba4407e5e4309b01f7eb2184cea21,SPY,buy,market,fill,1,gtc,0.0,1,stock,556.260009765625,100.0,0.0
2024-07-09 12:30:00-04:00,MyStrategy,86b08059d3654e74a3ee7da51a546e1e,SPY,buy,market,new,1,gtc,0.0,1,stock,,,
2024-07-09 12:30:00-04:00,MyStrategy,86b08059d3654e74a3ee7da51a546e1e,SPY,buy,market,fill,1,gtc,0.0,1,stock,556.260009765625,100.0,0.0
2024-07-09 15:30:00-04:00,MyStrategy,574fb2e29f164a87b31c63ceffd20fda,SPY,buy,market,new,1,gtc,0.0,1,stock,,,
2024-07-09 15:30:00-04:00,MyStrategy,574fb2e29f164a87b31c63ceffd20fda,SPY,buy,market,fill,1,gtc,0.0,1,stock,556.260009765625,100.0,0.0
2024-07-10 09:30:00-04:00,MyStrategy,891d1309c7bc4df2875ac2bcd5644765,SPY,buy,market,new,1,gtc,0.0,1,stock,,,
2024-07-10 09:30:00-04:00,MyStrategy,891d1309c7bc4df2875ac2bcd5644765,SPY,buy,market,fill,1,gtc,0.0,1,stock,557.0700073242188,100.0,0.0
2024-07-10 12:30:00-04:00,MyStrategy,2fd22b9e6dbb44f68c3cb1392d41df46,SPY,buy,market,new,1,gtc,0.0,1,stock,,,
2024-07-10 12:30:00-04:00,MyStrategy,2fd22b9e6dbb44f68c3cb1392d41df46,SPY,buy,market,fill,1,gtc,0.0,1,stock,557.0700073242188,100.0,0.0
2024-07-10 15:30:00-04:00,MyStrategy,ae62ca78fbcc4ea691542211292b39ac,SPY,buy,market,new,1,gtc,0.0,1,stock,,,
2024-07-10 15:30:00-04:00,MyStrategy,ae62ca78fbcc4ea691542211292b39ac,SPY,buy,market,fill,1,gtc,0.0,1,stock,557.0700073242188,100.0,0.0
2024-07-11 09:30:00-04:00,MyStrategy,609b3b06a2a14006ba9a826e2a4f1fa2,SPY,buy,market,new,1,gtc,0.0,1,stock,,,
2024-07-11 09:30:00-04:00,MyStrategy,609b3b06a2a14006ba9a826e2a4f1fa2,SPY,buy,market,fill,1,gtc,0.0,1,stock,561.4400024414062,100.0,0.0
2024-07-11 12:30:00-04:00,MyStrategy,619a46caf405440595369aa700066ff4,SPY,buy,market,new,1,gtc,0.0,1,stock,,,
2024-07-11 12:30:00-04:00,MyStrategy,619a46caf405440595369aa700066ff4,SPY,buy,market,fill,1,gtc,0.0,1,stock,561.4400024414062,100.0,0.0
2024-07-11 15:30:00-04:00,MyStrategy,a48e6e839fc447e5b5ed9d73ae6a6d4d,SPY,buy,market,new,1,gtc,0.0,1,stock,,,
2024-07-11 15:30:00-04:00,MyStrategy,a48e6e839fc447e5b5ed9d73ae6a6d4d,SPY,buy,market,fill,1,gtc,0.0,1,stock,561.4400024414062,100.0,0.0
2024-07-12 09:30:00-04:00,MyStrategy,dfaf083ea4114a2591d61311f973e1af,SPY,buy,market,new,1,gtc,0.0,1,stock,,,
2024-07-12 09:30:00-04:00,MyStrategy,dfaf083ea4114a2591d61311f973e1af,SPY,buy,market,fill,1,gtc,0.0,1,stock,557.6300048828125,100.0,0.0
2024-07-12 12:30:00-04:00,MyStrategy,61c4172f292d41c98425db16be909c4e,SPY,buy,market,new,1,gtc,0.0,1,stock,,,
2024-07-12 12:30:00-04:00,MyStrategy,61c4172f292d41c98425db16be909c4e,SPY,buy,market,fill,1,gtc,0.0,1,stock,557.6300048828125,100.0,0.0
2024-07-12 15:30:00-04:00,MyStrategy,6900791d4ff044d2a21a92de71e08cc3,SPY,buy,market,new,1,gtc,0.0,1,stock,,,
2024-07-12 15:30:00-04:00,MyStrategy,6900791d4ff044d2a21a92de71e08cc3,SPY,buy,market,fill,1,gtc,0.0,1,stock,557.6300048828125,100.0,0.0
2024-07-15 09:30:00-04:00,MyStrategy,7ffb21784451406bb7d21f5c3d97017a,SPY,buy,market,new,1,gtc,0.0,1,stock,,,
2024-07-15 09:30:00-04:00,MyStrategy,7ffb21784451406bb7d21f5c3d97017a,SPY,buy,market,fill,1,gtc,0.0,1,stock,562.030029296875,100.0,0.0
2024-07-15 12:30:00-04:00,MyStrategy,d56e60d115f9468997e8c744bece51ef,SPY,buy,market,new,1,gtc,0.0,1,stock,,,
2024-07-15 12:30:00-04:00,MyStrategy,d56e60d115f9468997e8c744bece51ef,SPY,buy,market,fill,1,gtc,0.0,1,stock,562.030029296875,100.0,0.0
2024-07-15 15:30:00-04:00,MyStrategy,724e87fdf0f944f2a089714fdc12a627,SPY,buy,market,new,1,gtc,0.0,1,stock,,,
2024-07-15 15:30:00-04:00,MyStrategy,724e87fdf0f944f2a089714fdc12a627,SPY,buy,market,fill,1,gtc,0.0,1,stock,562.030029296875,100.0,0.0
2024-07-16 09:30:00-04:00,MyStrategy,4798797a1cf3436194c8fa8989d4d724,SPY,buy,market,new,1,gtc,0.0,1,stock,,,
2024-07-16 09:30:00-04:00,MyStrategy,4798797a1cf3436194c8fa8989d4d724,SPY,buy,market,fill,1,gtc,0.0,1,stock,562.8699951171875,100.0,0.0
2024-07-16 12:30:00-04:00,MyStrategy,a4308c6bd30741f8913e8e9b21958caa,SPY,buy,market,new,1,gtc,0.0,1,stock,,,
2024-07-16 12:30:00-04:00,MyStrategy,a4308c6bd30741f8913e8e9b21958caa,SPY,buy,market,fill,1,gtc,0.0,1,stock,562.8699951171875,100.0,0.0
2024-07-16 15:30:00-04:00,MyStrategy,0da45aec53b44cf0b4ec0fc363825169,SPY,buy,market,new,1,gtc,0.0,1,stock,,,
2024-07-16 15:30:00-04:00,MyStrategy,0da45aec53b44cf0b4ec0fc363825169,SPY,buy,market,fill,1,gtc,0.0,1,stock,562.8699951171875,100.0,0.0
2024-07-17 09:30:00-04:00,MyStrategy,31e238dd4b1c4306851b21b696ad9dcb,SPY,buy,market,new,1,gtc,0.0,1,stock,,,
2024-07-17 09:30:00-04:00,MyStrategy,31e238dd4b1c4306851b21b696ad9dcb,SPY,buy,market,fill,1,gtc,0.0,1,stock,558.7999877929688,100.0,0.0
2024-07-17 12:30:00-04:00,MyStrategy,667ec5c6ad1346eba4dc82025a085de6,SPY,buy,market,new,1,gtc,0.0,1,stock,,,
2024-07-17 12:30:00-04:00,MyStrategy,667ec5c6ad1346eba4dc82025a085de6,SPY,buy,market,fill,1,gtc,0.0,1,stock,558.7999877929688,100.0,0.0
2024-07-17 15:30:00-04:00,MyStrategy,2ef0836cc87d4aa3b88c39e75c9ffb98,SPY,buy,market,new,1,gtc,0.0,1,stock,,,
2024-07-17 15:30:00-04:00,MyStrategy,2ef0836cc87d4aa3b88c39e75c9ffb98,SPY,buy,market,fill,1,gtc,0.0,1,stock,558.7999877929688,100.0,0.0
2024-07-18 09:30:00-04:00,MyStrategy,55d38b6304834b488fd1f299d3a7bb7a,SPY,buy,market,new,1,gtc,0.0,1,stock,,,
2024-07-18 09:30:00-04:00,MyStrategy,55d38b6304834b488fd1f299d3a7bb7a,SPY,buy,market,fill,1,gtc,0.0,1,stock,558.510009765625,100.0,0.0
2024-07-18 12:30:00-04:00,MyStrategy,cb93717e146f486a9e08d71f1d44ac92,SPY,buy,market,new,1,gtc,0.0,1,stock,,,
2024-07-18 12:30:00-04:00,MyStrategy,cb93717e146f486a9e08d71f1d44ac92,SPY,buy,market,fill,1,gtc,0.0,1,stock,558.510009765625,100.0,0.0
2024-07-18 15:30:00-04:00,MyStrategy,82ea65cdb14e4728a63855a8e871fab1,SPY,buy,market,new,1,gtc,0.0,1,stock,,,
2024-07-18 15:30:00-04:00,MyStrategy,82ea65cdb14e4728a63855a8e871fab1,SPY,buy,market,fill,1,gtc,0.0,1,stock,558.510009765625,100.0,0.0
2024-07-19 09:30:00-04:00,MyStrategy,025f47f933554213b1f4c12f8a705f01,SPY,buy,market,new,1,gtc,0.0,1,stock,,,
2024-07-19 09:30:00-04:00,MyStrategy,025f47f933554213b1f4c12f8a705f01,SPY,buy,market,fill,1,gtc,0.0,1,stock,552.4199829101562,100.0,0.0
2024-07-19 12:30:00-04:00,MyStrategy,f450f703da8c4946a757d56587f1cfaa,SPY,buy,market,new,1,gtc,0.0,1,stock,,,
2024-07-19 12:30:00-04:00,MyStrategy,f450f703da8c4946a757d56587f1cfaa,SPY,buy,market,fill,1,gtc,0.0,1,stock,552.4199829101562,100.0,0.0
2024-07-19 15:30:00-04:00,MyStrategy,c6acf6fd4d2d4f2f80b94dc3ef43ad11,SPY,buy,market,new,1,gtc,0.0,1,stock,,,
2024-07-19 15:30:00-04:00,MyStrategy,c6acf6fd4d2d4f2f80b94dc3ef43ad11,SPY,buy,market,fill,1,gtc,0.0,1,stock,552.4199829101562,100.0,0.0
2024-07-22 09:30:00-04:00,MyStrategy,00a3098833474cafbdb853d81b0c9bb7,SPY,buy,market,new,1,gtc,0.0,1,stock,,,
2024-07-22 09:30:00-04:00,MyStrategy,00a3098833474cafbdb853d81b0c9bb7,SPY,buy,market,fill,1,gtc,0.0,1,stock,553.0,100.0,0.0
2024-07-22 12:30:00-04:00,MyStrategy,b0b6f551d9ef4ad898dd6fdd984d4440,SPY,buy,market,new,1,gtc,0.0,1,stock,,,
2024-07-22 12:30:00-04:00,MyStrategy,b0b6f551d9ef4ad898dd6fdd984d4440,SPY,buy,market,fill,1,gtc,0.0,1,stock,553.0,100.0,0.0
2024-07-22 15:30:00-04:00,MyStrategy,d8d09610a5c94247a1b3c181613d081d,SPY,buy,market,new,1,gtc,0.0,1,stock,,,
2024-07-22 15:30:00-04:00,MyStrategy,d8d09610a5c94247a1b3c181613d081d,SPY,buy,market,fill,1,gtc,0.0,1,stock,553.0,100.0,0.0
2024-07-23 09:30:00-04:00,MyStrategy,61074b0691564d22a6dc9a840b485c36,SPY,buy,market,new,1,gtc,0.0,1,stock,,,
2024-07-23 09:30:00-04:00,MyStrategy,61074b0691564d22a6dc9a840b485c36,SPY,buy,market,fill,1,gtc,0.0,1,stock,554.5399780273438,100.0,0.0
2024-07-23 12:30:00-04:00,MyStrategy,b0b7bd86221b484fa3f074eb928497cb,SPY,buy,market,new,1,gtc,0.0,1,stock,,,
2024-07-23 12:30:00-04:00,MyStrategy,b0b7bd86221b484fa3f074eb928497cb,SPY,buy,market,fill,1,gtc,0.0,1,stock,554.5399780273438,100.0,0.0
2024-07-23 15:30:00-04:00,MyStrategy,0c167c8b47834d79b71bf77541a5c102,SPY,buy,market,new,1,gtc,0.0,1,stock,,,
2024-07-23 15:30:00-04:00,MyStrategy,0c167c8b47834d79b71bf77541a5c102,SPY,buy,market,fill,1,gtc,0.0,1,stock,554.5399780273438,100.0,0.0
2024-07-24 09:30:00-04:00,MyStrategy,89c0ad4100ec4b2b906072b08e0a65f2,SPY,buy,market,new,1,gtc,0.0,1,stock,,,
2024-07-24 09:30:00-04:00,MyStrategy,89c0ad4100ec4b2b906072b08e0a65f2,SPY,buy,market,fill,1,gtc,0.0,1,stock,548.8599853515625,100.0,0.0
2024-07-24 12:30:00-04:00,MyStrategy,bb78c8d8f6524f75b34ed7fbc527819d,SPY,buy,market,new,1,gtc,0.0,1,stock,,,
2024-07-24 12:30:00-04:00,MyStrategy,bb78c8d8f6524f75b34ed7fbc527819d,SPY,buy,market,fill,1,gtc,0.0,1,stock,548.8599853515625,100.0,0.0
2024-07-24 15:30:00-04:00,MyStrategy,8c51adbbff1f49a4988c1f1a2fd8eb26,SPY,buy,market,new,1,gtc,0.0,1,stock,,,
2024-07-24 15:30:00-04:00,MyStrategy,8c51adbbff1f49a4988c1f1a2fd8eb26,SPY,buy,market,fill,1,gtc,0.0,1,stock,548.8599853515625,100.0,0.0
2024-07-25 09:30:00-04:00,MyStrategy,f6434087e06044b48ea8267f51151e36,SPY,buy,market,new,1,gtc,0.0,1,stock,,,
2024-07-25 09:30:00-04:00,MyStrategy,f6434087e06044b48ea8267f51151e36,SPY,buy,market,fill,1,gtc,0.0,1,stock,541.3499755859375,100.0,0.0
2024-07-25 12:30:00-04:00,MyStrategy,a6dc474d86e44048b3ab3e84cf208439,SPY,buy,market,new,1,gtc,0.0,1,stock,,,
2024-07-25 12:30:00-04:00,MyStrategy,a6dc474d86e44048b3ab3e84cf208439,SPY,buy,market,fill,1,gtc,0.0,1,stock,541.3499755859375,100.0,0.0
2024-07-25 15:30:00-04:00,MyStrategy,4d8256b2e97a4d9dac6cf8345412c648,SPY,buy,market,new,1,gtc,0.0,1,stock,,,
2024-07-25 15:30:00-04:00,MyStrategy,4d8256b2e97a4d9dac6cf8345412c648,SPY,buy,market,fill,1,gtc,0.0,1,stock,541.3499755859375,100.0,0.0
2024-07-26 09:30:00-04:00,MyStrategy,c9abfee6df53466dbb55388186f2ddce,SPY,buy,market,new,1,gtc,0.0,1,stock,,,
2024-07-26 09:30:00-04:00,MyStrategy,c9abfee6df53466dbb55388186f2ddce,SPY,buy,market,fill,1,gtc,0.0,1,stock,542.280029296875,100.0,0.0
2024-07-26 12:30:00-04:00,MyStrategy,35d401f96fa14029a61c695154cfc32a,SPY,buy,market,new,1,gtc,0.0,1,stock,,,
2024-07-26 12:30:00-04:00,MyStrategy,35d401f96fa14029a61c695154cfc32a,SPY,buy,market,fill,1,gtc,0.0,1,stock,542.280029296875,100.0,0.0
2024-07-26 15:30:00-04:00,MyStrategy,e4eff3cbc9a54e58be44654e6e579ceb,SPY,buy,market,new,1,gtc,0.0,1,stock,,,
2024-07-26 15:30:00-04:00,MyStrategy,e4eff3cbc9a54e58be44654e6e579ceb,SPY,buy,market,fill,1,gtc,0.0,1,stock,542.280029296875,100.0,0.0
2024-07-29 09:30:00-04:00,MyStrategy,3081b88823e54e7d93f9a24df1349a42,SPY,buy,market,new,1,gtc,0.0,1,stock,,,
2024-07-29 09:30:00-04:00,MyStrategy,3081b88823e54e7d93f9a24df1349a42,SPY,buy,market,fill,1,gtc,0.0,1,stock,546.02001953125,100.0,0.0
2024-07-29 12:30:00-04:00,MyStrategy,86142913c8dd48ee9dafb85d3015ce73,SPY,buy,market,new,1,gtc,0.0,1,stock,,,
2024-07-29 12:30:00-04:00,MyStrategy,86142913c8dd48ee9dafb85d3015ce73,SPY,buy,market,fill,1,gtc,0.0,1,stock,546.02001953125,100.0,0.0
2024-07-29 15:30:00-04:00,MyStrategy,be28138395b4465d927b776addc74931,SPY,buy,market,new,1,gtc,0.0,1,stock,,,
2024-07-29 15:30:00-04:00,MyStrategy,be28138395b4465d927b776addc74931,SPY,buy,market,fill,1,gtc,0.0,1,stock,546.02001953125,100.0,0.0
2024-07-30 09:30:00-04:00,MyStrategy,ce242365f8ef4fc08e135f8fe07c4d99,SPY,buy,market,new,1,gtc,0.0,1,stock,,,
2024-07-30 09:30:00-04:00,MyStrategy,ce242365f8ef4fc08e135f8fe07c4d99,SPY,buy,market,fill,1,gtc,0.0,1,stock,546.260009765625,100.0,0.0
2024-07-30 12:30:00-04:00,MyStrategy,a9ce6c01c5dd4968bcbd0e20ceb69343,SPY,buy,market,new,1,gtc,0.0,1,stock,,,
2024-07-30 12:30:00-04:00,MyStrategy,a9ce6c01c5dd4968bcbd0e20ceb69343,SPY,buy,market,fill,1,gtc,0.0,1,stock,546.260009765625,100.0,0.0
2024-07-30 15:30:00-04:00,MyStrategy,087fe7211f4748a0a037ae20a9b846f9,SPY,buy,market,new,1,gtc,0.0,1,stock,,,
2024-07-30 15:30:00-04:00,MyStrategy,087fe7211f4748a0a037ae20a9b846f9,SPY,buy,market,fill,1,gtc,0.0,1,stock,546.260009765625,100.0,0.0
2024-07-31 09:30:00-04:00,MyStrategy,935d6a0d71354b4c9edb0f0f53832882,SPY,buy,market,new,1,gtc,0.0,1,stock,,,
2024-07-31 09:30:00-04:00,MyStrategy,935d6a0d71354b4c9edb0f0f53832882,SPY,buy,market,fill,1,gtc,0.0,1,stock,548.97998046875,100.0,0.0
2024-07-31 12:30:00-04:00,MyStrategy,517d8b91d5ee458cb1c884207e9feeca,SPY,buy,market,new,1,gtc,0.0,1,stock,,,
2024-07-31 12:30:00-04:00,MyStrategy,517d8b91d5ee458cb1c884207e9feeca,SPY,buy,market,fill,1,gtc,0.0,1,stock,548.97998046875,100.0,0.0
2024-07-31 15:30:00-04:00,MyStrategy,de585040b60642adbce1c2ad986723d0,SPY,buy,market,new,1,gtc,0.0,1,stock,,,
2024-07-31 15:30:00-04:00,MyStrategy,de585040b60642adbce1c2ad986723d0,SPY,buy,market,fill,1,gtc,0.0,1,stock,548.97998046875,100.0,0.0
2024-08-01 09:30:00-04:00,MyStrategy,8d2783f455ef44f1a5ff1d82fa7af837,SPY,buy,market,new,1,gtc,0.0,1,stock,,,
2024-08-01 09:30:00-04:00,MyStrategy,8d2783f455ef44f1a5ff1d82fa7af837,SPY,buy,market,fill,1,gtc,0.0,1,stock,552.5700073242188,100.0,0.0
2024-08-01 12:30:00-04:00,MyStrategy,74cf7b61823145d8ac214339241a420c,SPY,buy,market,new,1,gtc,0.0,1,stock,,,
2024-08-01 12:30:00-04:00,MyStrategy,74cf7b61823145d8ac214339241a420c,SPY,buy,market,fill,1,gtc,0.0,1,stock,552.5700073242188,100.0,0.0
2024-08-01 15:30:00-04:00,MyStrategy,495bfcc4aa5e4901ad83ecd206344e5a,SPY,buy,market,new,1,gtc,0.0,1,stock,,,
2024-08-01 15:30:00-04:00,MyStrategy,495bfcc4aa5e4901ad83ecd206344e5a,SPY,buy,market,fill,1,gtc,0.0,1,stock,552.5700073242188,100.0,0.0
2024-08-02 09:30:00-04:00,MyStrategy,e12e13f52f4f42089d54912225a756a8,SPY,buy,market,new,1,gtc,0.0,1,stock,,,
2024-08-02 09:30:00-04:00,MyStrategy,e12e13f52f4f42089d54912225a756a8,SPY,buy,market,fill,1,gtc,0.0,1,stock,535.75,100.0,0.0
2024-08-02 12:30:00-04:00,MyStrategy,e0fe0a752a8c4b48b6f8d34c2f8fe269,SPY,buy,market,new,1,gtc,0.0,1,stock,,,
2024-08-02 12:30:00-04:00,MyStrategy,e0fe0a752a8c4b48b6f8d34c2f8fe269,SPY,buy,market,fill,1,gtc,0.0,1,stock,535.75,100.0,0.0
2024-08-02 15:30:00-04:00,MyStrategy,abed81a64630488f9d733174160e2303,SPY,buy,market,new,1,gtc,0.0,1,stock,,,
2024-08-02 15:30:00-04:00,MyStrategy,abed81a64630488f9d733174160e2303,SPY,buy,market,fill,1,gtc,0.0,1,stock,535.75,100.0,0.0
2024-08-05 09:30:00-04:00,MyStrategy,2ac3725c5c594b13b3873c5c38450ab4,SPY,buy,market,new,1,gtc,0.0,1,stock,,,
2024-08-05 09:30:00-04:00,MyStrategy,2ac3725c5c594b13b3873c5c38450ab4,SPY,buy,market,fill,1,gtc,0.0,1,stock,511.6400146484375,100.0,0.0
2024-08-05 12:30:00-04:00,MyStrategy,013ea535d1a74f2caba5f56ceedb7a0e,SPY,buy,market,new,1,gtc,0.0,1,stock,,,
2024-08-05 12:30:00-04:00,MyStrategy,013ea535d1a74f2caba5f56ceedb7a0e,SPY,buy,market,fill,1,gtc,0.0,1,stock,511.6400146484375,100.0,0.0
2024-08-05 15:30:00-04:00,MyStrategy,63e5fcf9f7144bab882af2e47156187e,SPY,buy,market,new,1,gtc,0.0,1,stock,,,
2024-08-05 15:30:00-04:00,MyStrategy,63e5fcf9f7144bab882af2e47156187e,SPY,buy,market,fill,1,gtc,0.0,1,stock,511.6400146484375,100.0,0.0
2024-08-06 09:30:00-04:00,MyStrategy,680c728afa4b4c2e80f5dbcbd1611a00,SPY,buy,market,new,1,gtc,0.0,1,stock,,,
2024-08-06 09:30:00-04:00,MyStrategy,680c728afa4b4c2e80f5dbcbd1611a00,SPY,buy,market,fill,1,gtc,0.0,1,stock,519.219970703125,100.0,0.0
2024-08-06 12:30:00-04:00,MyStrategy,6bcecddab5d44d99aa8f22bc792eaefc,SPY,buy,market,new,1,gtc,0.0,1,stock,,,
2024-08-06 12:30:00-04:00,MyStrategy,6bcecddab5d44d99aa8f22bc792eaefc,SPY,buy,market,fill,1,gtc,0.0,1,stock,519.219970703125,100.0,0.0
2024-08-06 15:30:00-04:00,MyStrategy,182d7722d4c448a780fcfcc26c2c6620,SPY,buy,market,new,1,gtc,0.0,1,stock,,,
2024-08-06 15:30:00-04:00,MyStrategy,182d7722d4c448a780fcfcc26c2c6620,SPY,buy,market,fill,1,gtc,0.0,1,stock,519.219970703125,100.0,0.0
2024-08-07 09:30:00-04:00,MyStrategy,3fcb0cdbd3394096842e714efe097604,SPY,buy,market,new,1,gtc,0.0,1,stock,,,
2024-08-07 09:30:00-04:00,MyStrategy,3fcb0cdbd3394096842e714efe097604,SPY,buy,market,fill,1,gtc,0.0,1,stock,528.469970703125,100.0,0.0
2024-08-07 12:30:00-04:00,MyStrategy,b0283ab4e80d4b54a91bf05d06ce7fc6,SPY,buy,market,new,1,gtc,0.0,1,stock,,,
2024-08-07 12:30:00-04:00,MyStrategy,b0283ab4e80d4b54a91bf05d06ce7fc6,SPY,buy,market,fill,1,gtc,0.0,1,stock,528.469970703125,100.0,0.0
2024-08-07 15:30:00-04:00,MyStrategy,89ae2c2c19e548cf82c6fc772e89628a,SPY,buy,market,new,1,gtc,0.0,1,stock,,,
2024-08-07 15:30:00-04:00,MyStrategy,89ae2c2c19e548cf82c6fc772e89628a,SPY,buy,market,fill,1,gtc,0.0,1,stock,528.469970703125,100.0,0.0
2024-08-08 09:30:00-04:00,MyStrategy,f71b1371632b43409b736cbd547efa92,SPY,buy,market,new,1,gtc,0.0,1,stock,,,
2024-08-08 09:30:00-04:00,MyStrategy,f71b1371632b43409b736cbd547efa92,SPY,buy,market,fill,1,gtc,0.0,1,stock,523.9099731445312,100.0,0.0
2024-08-08 12:30:00-04:00,MyStrategy,975b31118f40428abb68d6bd8684bc0e,SPY,buy,market,new,1,gtc,0.0,1,stock,,,
2024-08-08 12:30:00-04:00,MyStrategy,975b31118f40428abb68d6bd8684bc0e,SPY,buy,market,fill,1,gtc,0.0,1,stock,523.9099731445312,100.0,0.0
2024-08-08 15:30:00-04:00,MyStrategy,124e0a7db7e64ed596b738a64429adac,SPY,buy,market,new,1,gtc,0.0,1,stock,,,
2024-08-08 15:30:00-04:00,MyStrategy,124e0a7db7e64ed596b738a64429adac,SPY,buy,market,fill,1,gtc,0.0,1,stock,523.9099731445312,100.0,0.0
2024-08-09 09:30:00-04:00,MyStrategy,b453aa709b1b487aa1602adf37ad9e11,SPY,buy,market,new,1,gtc,0.0,1,stock,,,
2024-08-09 09:30:00-04:00,MyStrategy,b453aa709b1b487aa1602adf37ad9e11,SPY,buy,market,fill,1,gtc,0.0,1,stock,529.8099975585938,100.0,0.0
2024-08-09 12:30:00-04:00,MyStrategy,1c8d6713fbd44647a13e2fe76568f06c,SPY,buy,market,new,1,gtc,0.0,1,stock,,,
2024-08-09 12:30:00-04:00,MyStrategy,1c8d6713fbd44647a13e2fe76568f06c,SPY,buy,market,fill,1,gtc,0.0,1,stock,529.8099975585938,100.0,0.0
2024-08-09 15:30:00-04:00,MyStrategy,d86a91cf8a0f45f79e08d5514ad68efe,SPY,buy,market,new,1,gtc,0.0,1,stock,,,
2024-08-09 15:30:00-04:00,MyStrategy,d86a91cf8a0f45f79e08d5514ad68efe,SPY,buy,market,fill,1,gtc,0.0,1,stock,529.8099975585938,100.0,0.0
2024-08-12 09:30:00-04:00,MyStrategy,58918b7fa991475fbc29dc28254c9e22,SPY,buy,market,new,1,gtc,0.0,1,stock,,,
2024-08-12 09:30:00-04:00,MyStrategy,58918b7fa991475fbc29dc28254c9e22,SPY,buy,market,fill,1,gtc,0.0,1,stock,534.2100219726562,100.0,0.0
2024-08-12 12:30:00-04:00,MyStrategy,cd828805ea25469da1f55f3e7e89f8de,SPY,buy,market,new,1,gtc,0.0,1,stock,,,
2024-08-12 12:30:00-04:00,MyStrategy,cd828805ea25469da1f55f3e7e89f8de,SPY,buy,market,fill,1,gtc,0.0,1,stock,534.2100219726562,100.0,0.0
2024-08-12 15:30:00-04:00,MyStrategy,ef5f145df5334aeabd36d81aa3e19425,SPY,buy,market,new,1,gtc,0.0,1,stock,,,
2024-08-12 15:30:00-04:00,MyStrategy,ef5f145df5334aeabd36d81aa3e19425,SPY,buy,market,fill,1,gtc,0.0,1,stock,534.2100219726562,100.0,0.0
2024-08-13 09:30:00-04:00,MyStrategy,1d925ad7e52d45a993927572e7cc6e9e,SPY,buy,market,new,1,gtc,0.0,1,stock,,,
2024-08-13 09:30:00-04:00,MyStrategy,1d925ad7e52d45a993927572e7cc6e9e,SPY,buy,market,fill,1,gtc,0.0,1,stock,536.530029296875,100.0,0.0
2024-08-13 12:30:00-04:00,MyStrategy,e9ab812eb67b419b9aef91723679c1c3,SPY,buy,market,new,1,gtc,0.0,1,stock,,,
2024-08-13 12:30:00-04:00,MyStrategy,e9ab812eb67b419b9aef91723679c1c3,SPY,buy,market,fill,1,gtc,0.0,1,stock,536.530029296875,100.0,0.0
2024-08-13 15:30:00-04:00,MyStrategy,e827537f17154c6c9586574646c69824,SPY,buy,market,new,1,gtc,0.0,1,stock,,,
2024-08-13 15:30:00-04:00,MyStrategy,e827537f17154c6c9586574646c69824,SPY,buy,market,fill,1,gtc,0.0,1,stock,536.530029296875,100.0,0.0
2024-08-14 09:30:00-04:00,MyStrategy,79d48a0b038f40a3ab6a38f800285196,SPY,buy,market,new,1,gtc,0.0,1,stock,,,
2024-08-14 09:30:00-04:00,MyStrategy,79d48a0b038f40a3ab6a38f800285196,SPY,buy,market,fill,1,gtc,0.0,1,stock,542.8499755859375,100.0,0.0
2024-08-14 12:30:00-04:00,MyStrategy,59be115971294b989891bc9ee49ab9cf,SPY,buy,market,new,1,gtc,0.0,1,stock,,,
2024-08-14 12:30:00-04:00,MyStrategy,59be115971294b989891bc9ee49ab9cf,SPY,buy,market,fill,1,gtc,0.0,1,stock,542.8499755859375,100.0,0.0
2024-08-14 15:30:00-04:00,MyStrategy,2468ca5aa5f24b4dad50969fe386165c,SPY,buy,market,new,1,gtc,0.0,1,stock,,,
2024-08-14 15:30:00-04:00,MyStrategy,2468ca5aa5f24b4dad50969fe386165c,SPY,buy,market,fill,1,gtc,0.0,1,stock,542.8499755859375,100.0,0.0
2024-08-15 09:30:00-04:00,MyStrategy,d5050c40ec214830a4a3fe7a0cae2c47,SPY,buy,market,new,1,gtc,0.0,1,stock,,,
2024-08-15 09:30:00-04:00,MyStrategy,d5050c40ec214830a4a3fe7a0cae2c47,SPY,buy,market,fill,1,gtc,0.0,1,stock,549.5,100.0,0.0
2024-08-15 12:30:00-04:00,MyStrategy,39fe3245ed6e48639ae7fc23da65e829,SPY,buy,market,new,1,gtc,0.0,1,stock,,,
2024-08-15 12:30:00-04:00,MyStrategy,39fe3245ed6e48639ae7fc23da65e829,SPY,buy,market,fill,1,gtc,0.0,1,stock,549.5,100.0,0.0
2024-08-15 15:30:00-04:00,MyStrategy,0dc43db401c7419ab6425848d88fdf63,SPY,buy,market,new,1,gtc,0.0,1,stock,,,
2024-08-15 15:30:00-04:00,MyStrategy,0dc43db401c7419ab6425848d88fdf63,SPY,buy,market,fill,1,gtc,0.0,1,stock,549.5,100.0,0.0
2024-08-16 09:30:00-04:00,MyStrategy,4450aea4339543a89b34bb00db0ae3f8,SPY,buy,market,new,1,gtc,0.0,1,stock,,,
2024-08-16 09:30:00-04:00,MyStrategy,4450aea4339543a89b34bb00db0ae3f8,SPY,buy,market,fill,1,gtc,0.0,1,stock,551.4199829101562,100.0,0.0
2024-08-16 12:30:00-04:00,MyStrategy,3ab8487ec2bd45eba5f554dcee50f300,SPY,buy,market,new,1,gtc,0.0,1,stock,,,
2024-08-16 12:30:00-04:00,MyStrategy,3ab8487ec2bd45eba5f554dcee50f300,SPY,buy,market,fill,1,gtc,0.0,1,stock,551.4199829101562,100.0,0.0
2024-08-16 15:30:00-04:00,MyStrategy,f8733027c744462bba1040561b093be4,SPY,buy,market,new,1,gtc,0.0,1,stock,,,
2024-08-16 15:30:00-04:00,MyStrategy,f8733027c744462bba1040561b093be4,SPY,buy,market,fill,1,gtc,0.0,1,stock,551.4199829101562,100.0,0.0
2024-08-19 09:30:00-04:00,MyStrategy,4a3fbf5ad0104431a585159b5abb964a,SPY,buy,market,new,1,gtc,0.0,1,stock,,,
2024-08-19 09:30:00-04:00,MyStrategy,4a3fbf5ad0104431a585159b5abb964a,SPY,buy,market,fill,1,gtc,0.0,1,stock,554.72998046875,100.0,0.0
2024-08-19 12:30:00-04:00,MyStrategy,50b284b4a0af404893bb9b0862aa304d,SPY,buy,market,new,1,gtc,0.0,1,stock,,,
2024-08-19 12:30:00-04:00,MyStrategy,50b284b4a0af404893bb9b0862aa304d,SPY,buy,market,fill,1,gtc,0.0,1,stock,554.72998046875,100.0,0.0
2024-08-19 15:30:00-04:00,MyStrategy,4e9851ae3af94428bb5364a5997c10a1,SPY,buy,market,new,1,gtc,0.0,1,stock,,,
2024-08-19 15:30:00-04:00,MyStrategy,4e9851ae3af94428bb5364a5997c10a1,SPY,buy,market,fill,1,gtc,0.0,1,stock,554.72998046875,100.0,0.0
2024-08-20 09:30:00-04:00,MyStrategy,1355c4d59be44486a69df47e5a8e3b6f,SPY,buy,market,new,1,gtc,0.0,1,stock,,,
2024-08-20 09:30:00-04:00,MyStrategy,1355c4d59be44486a69df47e5a8e3b6f,SPY,buy,market,fill,1,gtc,0.0,1,stock,559.1500244140625,100.0,0.0
2024-08-20 12:30:00-04:00,MyStrategy,6042af21a92a44a790e432b37ed05c66,SPY,buy,market,new,1,gtc,0.0,1,stock,,,
2024-08-20 12:30:00-04:00,MyStrategy,6042af21a92a44a790e432b37ed05c66,SPY,buy,market,fill,1,gtc,0.0,1,stock,559.1500244140625,100.0,0.0
2024-08-20 15:30:00-04:00,MyStrategy,9f25178639df4a199eff4af32b50ede8,SPY,buy,market,new,1,gtc,0.0,1,stock,,,
2024-08-20 15:30:00-04:00,MyStrategy,9f25178639df4a199eff4af32b50ede8,SPY,buy,market,fill,1,gtc,0.0,1,stock,559.1500244140625,100.0,0.0
2024-08-21 09:30:00-04:00,MyStrategy,b2cf344fe4f94d96b07f3943aba145e8,SPY,buy,market,new,1,gtc,0.0,1,stock,,,
2024-08-21 09:30:00-04:00,MyStrategy,b2cf344fe4f94d96b07f3943aba145e8,SPY,buy,market,fill,1,gtc,0.0,1,stock,559.77001953125,100.0,0.0
2024-08-21 12:30:00-04:00,MyStrategy,f2f96fa1d9b5454a80a22f963c0b2b61,SPY,buy,market,new,1,gtc,0.0,1,stock,,,
2024-08-21 12:30:00-04:00,MyStrategy,f2f96fa1d9b5454a80a22f963c0b2b61,SPY,buy,market,fill,1,gtc,0.0,1,stock,559.77001953125,100.0,0.0
2024-08-21 15:30:00-04:00,MyStrategy,4c9c4a399c8c44f69b080d31f3567b2d,SPY,buy,market,new,1,gtc,0.0,1,stock,,,
2024-08-21 15:30:00-04:00,MyStrategy,4c9c4a399c8c44f69b080d31f3567b2d,SPY,buy,market,fill,1,gtc,0.0,1,stock,559.77001953125,100.0,0.0
2024-08-22 09:30:00-04:00,MyStrategy,01bdc682c00844b0816a5a14c7c5dafc,SPY,buy,market,new,1,gtc,0.0,1,stock,,,
2024-08-22 09:30:00-04:00,MyStrategy,01bdc682c00844b0816a5a14c7c5dafc,SPY,buy,market,fill,1,gtc,0.0,1,stock,562.5599975585938,100.0,0.0
2024-08-22 12:30:00-04:00,MyStrategy,89db8ed1e346428ba42ae2c9a031e7f4,SPY,buy,market,new,1,gtc,0.0,1,stock,,,
2024-08-22 12:30:00-04:00,MyStrategy,89db8ed1e346428ba42ae2c9a031e7f4,SPY,buy,market,fill,1,gtc,0.0,1,stock,562.5599975585938,100.0,0.0
2024-08-22 15:30:00-04:00,MyStrategy,6d7556754b7e467b8959f92d7786818b,SPY,buy,market,new,1,gtc,0.0,1,stock,,,
2024-08-22 15:30:00-04:00,MyStrategy,6d7556754b7e467b8959f92d7786818b,SPY,buy,market,fill,1,gtc,0.0,1,stock,562.5599975585938,100.0,0.0
2024-08-23 09:30:00-04:00,MyStrategy,6a8ef7b704634d63ab7f3db897585a23,SPY,buy,market,new,1,gtc,0.0,1,stock,,,
2024-08-23 09:30:00-04:00,MyStrategy,6a8ef7b704634d63ab7f3db897585a23,SPY,buy,market,fill,1,gtc,0.0,1,stock,559.530029296875,100.0,0.0
2024-08-23 12:30:00-04:00,MyStrategy,9f5c0fb357c6443c8e158a41a29aba8d,SPY,buy,market,new,1,gtc,0.0,1,stock,,,
2024-08-23 12:30:00-04:00,MyStrategy,9f5c0fb357c6443c8e158a41a29aba8d,SPY,buy,market,fill,1,gtc,0.0,1,stock,559.530029296875,100.0,0.0
2024-08-23 15:30:00-04:00,MyStrategy,bb0a66db242d403eac2f1864e037440a,SPY,buy,market,new,1,gtc,0.0,1,stock,,,
2024-08-23 15:30:00-04:00,MyStrategy,bb0a66db242d403eac2f1864e037440a,SPY,buy,market,fill,1,gtc,0.0,1,stock,559.530029296875,100.0,0.0
2024-08-26 09:30:00-04:00,MyStrategy,c6d3c88dc058482f99c5739a00b3893f,SPY,buy,market,new,1,gtc,0.0,1,stock,,,
2024-08-26 09:30:00-04:00,MyStrategy,c6d3c88dc058482f99c5739a00b3893f,SPY,buy,market,fill,1,gtc,0.0,1,stock,563.1799926757812,100.0,0.0
2024-08-26 12:30:00-04:00,MyStrategy,5b4613fd552e46c1b61bb434e593ddbb,SPY,buy,market,new,1,gtc,0.0,1,stock,,,
2024-08-26 12:30:00-04:00,MyStrategy,5b4613fd552e46c1b61bb434e593ddbb,SPY,buy,market,fill,1,gtc,0.0,1,stock,563.1799926757812,100.0,0.0
2024-08-26 15:30:00-04:00,MyStrategy,08da79781a4c4ebf96d7923c9821f4ac,SPY,buy,market,new,1,gtc,0.0,1,stock,,,
2024-08-26 15:30:00-04:00,MyStrategy,08da79781a4c4ebf96d7923c9821f4ac,SPY,buy,market,fill,1,gtc,0.0,1,stock,563.1799926757812,100.0,0.0
2024-08-27 09:30:00-04:00,MyStrategy,1d26ab6d88b14850b3132204a19356d3,SPY,buy,market,new,1,gtc,0.0,1,stock,,,
2024-08-27 09:30:00-04:00,MyStrategy,1d26ab6d88b14850b3132204a19356d3,SPY,buy,market,fill,1,gtc,0.0,1,stock,559.489990234375,100.0,0.0
2024-08-27 12:30:00-04:00,MyStrategy,170c0a93e2104b0395e67d2aa004d8f9,SPY,buy,market,new,1,gtc,0.0,1,stock,,,
2024-08-27 12:30:00-04:00,MyStrategy,170c0a93e2104b0395e67d2aa004d8f9,SPY,buy,market,fill,1,gtc,0.0,1,stock,559.489990234375,100.0,0.0
2024-08-27 15:30:00-04:00,MyStrategy,2813af7194eb49ce94cddb653a8baed5,SPY,buy,market,new,1,gtc,0.0,1,stock,,,
2024-08-27 15:30:00-04:00,MyStrategy,2813af7194eb49ce94cddb653a8baed5,SPY,buy,market,fill,1,gtc,0.0,1,stock,559.489990234375,100.0,0.0
2024-08-28 09:30:00-04:00,MyStrategy,0947d797293e4472b8689b9ff1ed180d,SPY,buy,market,new,1,gtc,0.0,1,stock,,,
2024-08-28 09:30:00-04:00,MyStrategy,0947d797293e4472b8689b9ff1ed180d,SPY,buy,market,fill,1,gtc,0.0,1,stock,561.2100219726562,100.0,0.0
2024-08-28 12:30:00-04:00,MyStrategy,49bd11d7cc6e48f681f3334bcf460496,SPY,buy,market,new,1,gtc,0.0,1,stock,,,
2024-08-28 12:30:00-04:00,MyStrategy,49bd11d7cc6e48f681f3334bcf460496,SPY,buy,market,fill,1,gtc,0.0,1,stock,561.2100219726562,100.0,0.0
2024-08-28 15:30:00-04:00,MyStrategy,1a411735345a4fbe809fe3f427427371,SPY,buy,market,new,1,gtc,0.0,1,stock,,,
2024-08-28 15:30:00-04:00,MyStrategy,1a411735345a4fbe809fe3f427427371,SPY,buy,market,fill,1,gtc,0.0,1,stock,561.2100219726562,100.0,0.0
2024-08-29 09:30:00-04:00,MyStrategy,cac42f877f954741b2ec0979143fdf31,SPY,buy,market,new,1,gtc,0.0,1,stock,,,
2024-08-29 09:30:00-04:00,MyStrategy,cac42f877f954741b2ec0979143fdf31,SPY,buy,market,fill,1,gtc,0.0,1,stock,560.3099975585938,100.0,0.0
2024-08-29 12:30:00-04:00,MyStrategy,6d9518438794432ba9d04656ee93ee10,SPY,buy,market,new,1,gtc,0.0,1,stock,,,
2024-08-29 12:30:00-04:00,MyStrategy,6d9518438794432ba9d04656ee93ee10,SPY,buy,market,fill,1,gtc,0.0,1,stock,560.3099975585938,100.0,0.0
2024-08-29 15:30:00-04:00,MyStrategy,6441d454a0f14495a069c33e7c62efbb,SPY,buy,market,new,1,gtc,0.0,1,stock,,,
2024-08-29 15:30:00-04:00,MyStrategy,6441d454a0f14495a069c33e7c62efbb,SPY,buy,market,fill,1,gtc,0.0,1,stock,560.3099975585938,100.0,0.0
2024-08-30 09:30:00-04:00,MyStrategy,0690ad8f2283413e8d3c4f83a446bc06,SPY,buy,market,new,1,gtc,0.0,1,stock,,,
2024-08-30 09:30:00-04:00,MyStrategy,0690ad8f2283413e8d3c4f83a446bc06,SPY,buy,market,fill,1,gtc,0.0,1,stock,560.77001953125,100.0,0.0
2024-08-30 12:30:00-04:00,MyStrategy,7ca28c2f8f644c579e2b3b1c88411180,SPY,buy,market,new,1,gtc,0.0,1,stock,,,
2024-08-30 12:30:00-04:00,MyStrategy,7ca28c2f8f644c579e2b3b1c88411180,SPY,buy,market,fill,1,gtc,0.0,1,stock,560.77001953125,100.0,0.0
2024-08-30 15:30:00-04:00,MyStrategy,cfb79078ab7b4f4aaacb61d3172cc7ea,SPY,buy,market,new,1,gtc,0.0,1,stock,,,
2024-08-30 15:30:00-04:00,MyStrategy,cfb79078ab7b4f4aaacb61d3172cc7ea,SPY,buy,market,fill,1,gtc,0.0,1,stock,560.77001953125,100.0,0.0
2024-09-03 09:30:00-04:00,MyStrategy,240d31e0508e45428b1055acdf413e2d,SPY,buy,market,new,1,gtc,0.0,1,stock,,,
2024-09-03 09:30:00-04:00,MyStrategy,240d31e0508e45428b1055acdf413e2d,SPY,buy,market,fill,1,gtc,0.0,1,stock,560.469970703125,100.0,0.0
2024-09-03 12:30:00-04:00,MyStrategy,2be8620cd20149b48886f9e5b4397321,SPY,buy,market,new,1,gtc,0.0,1,stock,,,
2024-09-03 12:30:00-04:00,MyStrategy,2be8620cd20149b48886f9e5b4397321,SPY,buy,market,fill,1,gtc,0.0,1,stock,560.469970703125,100.0,0.0
2024-09-03 15:30:00-04:00,MyStrategy,c519b85caeef4a4288789c74deed24dd,SPY,buy,market,new,1,gtc,0.0,1,stock,,,
2024-09-03 15:30:00-04:00,MyStrategy,c519b85caeef4a4288789c74deed24dd,SPY,buy,market,fill,1,gtc,0.0,1,stock,560.469970703125,100.0,0.0
2024-09-04 09:30:00-04:00,MyStrategy,07fcb1584ef243cb9189dcf817d66b5e,SPY,buy,market,new,1,gtc,0.0,1,stock,,,
2024-09-04 09:30:00-04:00,MyStrategy,07fcb1584ef243cb9189dcf817d66b5e,SPY,buy,market,fill,1,gtc,0.0,1,stock,550.2000122070312,100.0,0.0
2024-09-04 12:30:00-04:00,MyStrategy,9d65255e6a924edeb332c6e2ca1b7ebb,SPY,buy,market,new,1,gtc,0.0,1,stock,,,
2024-09-04 12:30:00-04:00,MyStrategy,9d65255e6a924edeb332c6e2ca1b7ebb,SPY,buy,market,fill,1,gtc,0.0,1,stock,550.2000122070312,100.0,0.0
2024-09-04 15:30:00-04:00,MyStrategy,309f5075d2c1494cbafde34a953dd662,SPY,buy,market,new,1,gtc,0.0,1,stock,,,
2024-09-04 15:30:00-04:00,MyStrategy,309f5075d2c1494cbafde34a953dd662,SPY,buy,market,fill,1,gtc,0.0,1,stock,550.2000122070312,100.0,0.0
2024-09-05 09:30:00-04:00,MyStrategy,c557be763a734dc6b4f9ade5c6baabcf,SPY,buy,market,new,1,gtc,0.0,1,stock,,,
2024-09-05 09:30:00-04:00,MyStrategy,c557be763a734dc6b4f9ade5c6baabcf,SPY,buy,market,fill,1,gtc,0.0,1,stock,550.8900146484375,100.0,0.0
2024-09-05 12:30:00-04:00,MyStrategy,6a5c201c8812467fa322af835796a697,SPY,buy,market,new,1,gtc,0.0,1,stock,,,
2024-09-05 12:30:00-04:00,MyStrategy,6a5c201c8812467fa322af835796a697,SPY,buy,market,fill,1,gtc,0.0,1,stock,550.8900146484375,100.0,0.0
2024-09-05 15:30:00-04:00,MyStrategy,172320c242524c1ea9cd177b057a1ad3,SPY,buy,market,new,1,gtc,0.0,1,stock,,,
2024-09-05 15:30:00-04:00,MyStrategy,172320c242524c1ea9cd177b057a1ad3,SPY,buy,market,fill,1,gtc,0.0,1,stock,550.8900146484375,100.0,0.0
2024-09-06 09:30:00-04:00,MyStrategy,100cd4907729422cbef5769c3d387e6b,SPY,buy,market,new,1,gtc,0.0,1,stock,,,
2024-09-06 09:30:00-04:00,MyStrategy,100cd4907729422cbef5769c3d387e6b,SPY,buy,market,fill,1,gtc,0.0,1,stock,549.9400024414062,100.0,0.0
2024-09-06 12:30:00-04:00,MyStrategy,bf94cfabae594c88b0ffb60e60cae2b8,SPY,buy,market,new,1,gtc,0.0,1,stock,,,
2024-09-06 12:30:00-04:00,MyStrategy,bf94cfabae594c88b0ffb60e60cae2b8,SPY,buy,market,fill,1,gtc,0.0,1,stock,549.9400024414062,100.0,0.0
2024-09-06 15:30:00-04:00,MyStrategy,0b5fb5597add4b9bb9185b9a1fae25f3,SPY,buy,market,new,1,gtc,0.0,1,stock,,,
2024-09-06 15:30:00-04:00,MyStrategy,0b5fb5597add4b9bb9185b9a1fae25f3,SPY,buy,market,fill,1,gtc,0.0,1,stock,549.9400024414062,100.0,0.0
2024-09-09 09:30:00-04:00,MyStrategy,b28a175d1102485bbcee7f87522fa2af,SPY,buy,market,new,1,gtc,0.0,1,stock,,,
2024-09-09 09:30:00-04:00,MyStrategy,b28a175d1102485bbcee7f87522fa2af,SPY,buy,market,fill,1,gtc,0.0,1,stock,544.6500244140625,100.0,0.0
2024-09-09 12:30:00-04:00,MyStrategy,35b38c90e92d44a8a08b40ded213de60,SPY,buy,market,new,1,gtc,0.0,1,stock,,,
2024-09-09 12:30:00-04:00,MyStrategy,35b38c90e92d44a8a08b40ded213de60,SPY,buy,market,fill,1,gtc,0.0,1,stock,544.6500244140625,100.0,0.0
2024-09-09 15:30:00-04:00,MyStrategy,6b51fdb377c14b19876f96215429b953,SPY,buy,market,new,1,gtc,0.0,1,stock,,,
2024-09-09 15:30:00-04:00,MyStrategy,6b51fdb377c14b19876f96215429b953,SPY,buy,market,fill,1,gtc,0.0,1,stock,544.6500244140625,100.0,0.0
2024-09-10 09:30:00-04:00,MyStrategy,b2ab168ecb8146d7aa1c081b06b77519,SPY,buy,market,new,1,gtc,0.0,1,stock,,,
2024-09-10 09:30:00-04:00,MyStrategy,b2ab168ecb8146d7aa1c081b06b77519,SPY,buy,market,fill,1,gtc,0.0,1,stock,548.3599853515625,100.0,0.0
2024-09-10 12:30:00-04:00,MyStrategy,fcb272a53adf431a898f8d889fac1887,SPY,buy,market,new,1,gtc,0.0,1,stock,,,
2024-09-10 12:30:00-04:00,MyStrategy,fcb272a53adf431a898f8d889fac1887,SPY,buy,market,fill,1,gtc,0.0,1,stock,548.3599853515625,100.0,0.0
2024-09-10 15:30:00-04:00,MyStrategy,5c90e5e27dc947fabb520b5094810388,SPY,buy,market,new,1,gtc,0.0,1,stock,,,
2024-09-10 15:30:00-04:00,MyStrategy,5c90e5e27dc947fabb520b5094810388,SPY,buy,market,fill,1,gtc,0.0,1,stock,548.3599853515625,100.0,0.0
2024-09-11 09:30:00-04:00,MyStrategy,72f01a13adf94973af75f891dc7da279,SPY,buy,market,new,1,gtc,0.0,1,stock,,,
2024-09-11 09:30:00-04:00,MyStrategy,72f01a13adf94973af75f891dc7da279,SPY,buy,market,fill,1,gtc,0.0,1,stock,548.7000122070312,100.0,0.0
2024-09-11 12:30:00-04:00,MyStrategy,f48e2281b05b4a518ce535ee1e9ca847,SPY,buy,market,new,1,gtc,0.0,1,stock,,,
2024-09-11 12:30:00-04:00,MyStrategy,f48e2281b05b4a518ce535ee1e9ca847,SPY,buy,market,fill,1,gtc,0.0,1,stock,548.7000122070312,100.0,0.0
2024-09-11 15:30:00-04:00,MyStrategy,8af07efd8c14478c85bc5fb25526fc6f,SPY,buy,market,new,1,gtc,0.0,1,stock,,,
2024-09-11 15:30:00-04:00,MyStrategy,8af07efd8c14478c85bc5fb25526fc6f,SPY,buy,market,fill,1,gtc,0.0,1,stock,548.7000122070312,100.0,0.0
2024-09-12 09:30:00-04:00,MyStrategy,59ffaee8a47c430eb2c8f51da747bfbe,SPY,buy,market,new,1,gtc,0.0,1,stock,,,
2024-09-12 09:30:00-04:00,MyStrategy,59ffaee8a47c430eb2c8f51da747bfbe,SPY,buy,market,fill,1,gtc,0.0,1,stock,555.010009765625,100.0,0.0
2024-09-12 12:30:00-04:00,MyStrategy,b1f92c8fcd9b4cada7d0459fad484e62,SPY,buy,market,new,1,gtc,0.0,1,stock,,,
2024-09-12 12:30:00-04:00,MyStrategy,b1f92c8fcd9b4cada7d0459fad484e62,SPY,buy,market,fill,1,gtc,0.0,1,stock,555.010009765625,100.0,0.0
2024-09-12 15:30:00-04:00,MyStrategy,41fd2dae7232483e9f8a969074dc8948,SPY,buy,market,new,1,gtc,0.0,1,stock,,,
2024-09-12 15:30:00-04:00,MyStrategy,41fd2dae7232483e9f8a969074dc8948,SPY,buy,market,fill,1,gtc,0.0,1,stock,555.010009765625,100.0,0.0
2024-09-13 09:30:00-04:00,MyStrategy,ca7adf129d87434bb667613bbd00b8ac,SPY,buy,market,new,1,gtc,0.0,1,stock,,,
2024-09-13 09:30:00-04:00,MyStrategy,ca7adf129d87434bb667613bbd00b8ac,SPY,buy,market,fill,1,gtc,0.0,1,stock,559.7100219726562,100.0,0.0
2024-09-13 12:30:00-04:00,MyStrategy,ab9d7e33a7934b00a13ef93f948d54c5,SPY,buy,market,new,1,gtc,0.0,1,stock,,,
2024-09-13 12:30:00-04:00,MyStrategy,ab9d7e33a7934b00a13ef93f948d54c5,SPY,buy,market,fill,1,gtc,0.0,1,stock,559.7100219726562,100.0,0.0
2024-09-13 15:30:00-04:00,MyStrategy,15bfac19d8a9482da48db2e22f97c0e1,SPY,buy,market,new,1,gtc,0.0,1,stock,,,
2024-09-13 15:30:00-04:00,MyStrategy,15bfac19d8a9482da48db2e22f97c0e1,SPY,buy,market,fill,1,gtc,0.0,1,stock,559.7100219726562,100.0,0.0
2024-09-16 09:30:00-04:00,MyStrategy,2353273a40a34f6c8fe0b61aa63d0252,SPY,buy,market,new,1,gtc,0.0,1,stock,,,
2024-09-16 09:30:00-04:00,MyStrategy,2353273a40a34f6c8fe0b61aa63d0252,SPY,buy,market,fill,1,gtc,0.0,1,stock,561.739990234375,100.0,0.0
2024-09-16 12:30:00-04:00,MyStrategy,72905b5d9ade4303b01b3124a111f69c,SPY,buy,market,new,1,gtc,0.0,1,stock,,,
2024-09-16 12:30:00-04:00,MyStrategy,72905b5d9ade4303b01b3124a111f69c,SPY,buy,market,fill,1,gtc,0.0,1,stock,561.739990234375,100.0,0.0
2024-09-16 15:30:00-04:00,MyStrategy,9cd2fa85cd5b45fb8535fec4d7d9c145,SPY,buy,market,new,1,gtc,0.0,1,stock,,,
2024-09-16 15:30:00-04:00,MyStrategy,9cd2fa85cd5b45fb8535fec4d7d9c145,SPY,buy,market,fill,1,gtc,0.0,1,stock,561.739990234375,100.0,0.0
2024-09-17 09:30:00-04:00,MyStrategy,f241619f79cb4f9aad471aa0037b307e,SPY,buy,market,new,1,gtc,0.0,1,stock,,,
2024-09-17 09:30:00-04:00,MyStrategy,f241619f79cb4f9aad471aa0037b307e,SPY,buy,market,fill,1,gtc,0.0,1,stock,565.0999755859375,100.0,0.0
2024-09-17 12:30:00-04:00,MyStrategy,07c2501554ec401996d2ad3f1e790b25,SPY,buy,market,new,1,gtc,0.0,1,stock,,,
2024-09-17 12:30:00-04:00,MyStrategy,07c2501554ec401996d2ad3f1e790b25,SPY,buy,market,fill,1,gtc,0.0,1,stock,565.0999755859375,100.0,0.0
2024-09-17 15:30:00-04:00,MyStrategy,29df2e820e5746619551527c28244354,SPY,buy,market,new,1,gtc,0.0,1,stock,,,
2024-09-17 15:30:00-04:00,MyStrategy,29df2e820e5746619551527c28244354,SPY,buy,market,fill,1,gtc,0.0,1,stock,565.0999755859375,100.0,0.0
2024-09-18 09:30:00-04:00,MyStrategy,ea5d0399ec804dbf969af6aa82f8a1fa,SPY,buy,market,new,1,gtc,0.0,1,stock,,,
2024-09-18 09:30:00-04:00,MyStrategy,ea5d0399ec804dbf969af6aa82f8a1fa,SPY,buy,market,fill,1,gtc,0.0,1,stock,563.739990234375,100.0,0.0
2024-09-18 12:30:00-04:00,MyStrategy,eff49369e04a4bf9a0a7ff0c35d9666a,SPY,buy,market,new,1,gtc,0.0,1,stock,,,
2024-09-18 12:30:00-04:00,MyStrategy,eff49369e04a4bf9a0a7ff0c35d9666a,SPY,buy,market,fill,1,gtc,0.0,1,stock,563.739990234375,100.0,0.0
2024-09-18 15:30:00-04:00,MyStrategy,a77f93c8df7d44498671f9b7f24bc9fd,SPY,buy,market,new,1,gtc,0.0,1,stock,,,
2024-09-18 15:30:00-04:00,MyStrategy,a77f93c8df7d44498671f9b7f24bc9fd,SPY,buy,market,fill,1,gtc,0.0,1,stock,563.739990234375,100.0,0.0
2024-09-19 09:30:00-04:00,MyStrategy,1483135e8d3f4c0ebf745551b89b821e,SPY,buy,market,new,1,gtc,0.0,1,stock,,,
2024-09-19 09:30:00-04:00,MyStrategy,1483135e8d3f4c0ebf745551b89b821e,SPY,buy,market,fill,1,gtc,0.0,1,stock,571.010009765625,100.0,0.0
2024-09-19 12:30:00-04:00,MyStrategy,4267a8b1da3d45b3b687677b5a1564fc,SPY,buy,market,new,1,gtc,0.0,1,stock,,,
2024-09-19 12:30:00-04:00,MyStrategy,4267a8b1da3d45b3b687677b5a1564fc,SPY,buy,market,fill,1,gtc,0.0,1,stock,571.010009765625,100.0,0.0
2024-09-19 15:30:00-04:00,MyStrategy,bfff18caf8114ef7b9b2a58cfb34370b,SPY,buy,market,new,1,gtc,0.0,1,stock,,,
2024-09-19 15:30:00-04:00,MyStrategy,bfff18caf8114ef7b9b2a58cfb34370b,SPY,buy,market,fill,1,gtc,0.0,1,stock,571.010009765625,100.0,0.0
2024-09-20 09:30:00-04:00,MyStrategy,d34b2bea7aec418e8418bf93f5c40b57,SPY,buy,market,new,1,gtc,0.0,1,stock,,,
2024-09-20 09:30:00-04:00,MyStrategy,d34b2bea7aec418e8418bf93f5c40b57,SPY,buy,market,fill,1,gtc,0.0,1,stock,567.8400268554688,100.0,0.0
2024-09-20 12:30:00-04:00,MyStrategy,40b5cfea23b64f7d891d55fd7d3b904b,SPY,buy,market,new,1,gtc,0.0,1,stock,,,
2024-09-20 12:30:00-04:00,MyStrategy,40b5cfea23b64f7d891d55fd7d3b904b,SPY,buy,market,fill,1,gtc,0.0,1,stock,567.8400268554688,100.0,0.0
2024-09-20 15:30:00-04:00,MyStrategy,7c6de5225d374a6ea4231aa3e4180d05,SPY,buy,market,new,1,gtc,0.0,1,stock,,,
2024-09-20 15:30:00-04:00,MyStrategy,7c6de5225d374a6ea4231aa3e4180d05,SPY,buy,market,fill,1,gtc,0.0,1,stock,567.8400268554688,100.0,0.0
2024-09-23 09:30:00-04:00,MyStrategy,fef0033cb8b64a84817313d01854e8f2,SPY,buy,market,new,1,gtc,0.0,1,stock,,,
2024-09-23 09:30:00-04:00,MyStrategy,fef0033cb8b64a84817313d01854e8f2,SPY,buy,market,fill,1,gtc,0.0,1,stock,569.3400268554688,100.0,0.0
2024-09-23 12:30:00-04:00,MyStrategy,9c83fff18b8b43e0aa9af6dfff0d211c,SPY,buy,market,new,1,gtc,0.0,1,stock,,,
2024-09-23 12:30:00-04:00,MyStrategy,9c83fff18b8b43e0aa9af6dfff0d211c,SPY,buy,market,fill,1,gtc,0.0,1,stock,569.3400268554688,100.0,0.0
2024-09-23 15:30:00-04:00,MyStrategy,e9c4a228e5d34b269ea7f667b59b2de0,SPY,buy,market,new,1,gtc,0.0,1,stock,,,
2024-09-23 15:30:00-04:00,MyStrategy,e9c4a228e5d34b269ea7f667b59b2de0,SPY,buy,market,fill,1,gtc,0.0,1,stock,569.3400268554688,100.0,0.0
2024-09-24 09:30:00-04:00,MyStrategy,8b02e52e88e2469a804d8dbe8f79c482,SPY,buy,market,new,1,gtc,0.0,1,stock,,,
2024-09-24 09:30:00-04:00,MyStrategy,8b02e52e88e2469a804d8dbe8f79c482,SPY,buy,market,fill,1,gtc,0.0,1,stock,570.47998046875,100.0,0.0
2024-09-24 12:30:00-04:00,MyStrategy,deb583ef57394c73923f154a20df5ef2,SPY,buy,market,new,1,gtc,0.0,1,stock,,,
2024-09-24 12:30:00-04:00,MyStrategy,deb583ef57394c73923f154a20df5ef2,SPY,buy,market,fill,1,gtc,0.0,1,stock,570.47998046875,100.0,0.0
2024-09-24 15:30:00-04:00,MyStrategy,e5e4d202144e4055a65e0d26032c8f9e,SPY,buy,market,new,1,gtc,0.0,1,stock,,,
2024-09-24 15:30:00-04:00,MyStrategy,e5e4d202144e4055a65e0d26032c8f9e,SPY,buy,market,fill,1,gtc,0.0,1,stock,570.47998046875,100.0,0.0
2024-09-25 09:30:00-04:00,MyStrategy,a2f857b147d24b07a673b35c41fbe545,SPY,buy,market,new,1,gtc,0.0,1,stock,,,
2024-09-25 09:30:00-04:00,MyStrategy,a2f857b147d24b07a673b35c41fbe545,SPY,buy,market,fill,1,gtc,0.0,1,stock,571.1400146484375,100.0,0.0
2024-09-25 12:30:00-04:00,MyStrategy,7eccc3338f0f4ed1b48384aa933cfd3f,SPY,buy,market,new,1,gtc,0.0,1,stock,,,
2024-09-25 12:30:00-04:00,MyStrategy,7eccc3338f0f4ed1b48384aa933cfd3f,SPY,buy,market,fill,1,gtc,0.0,1,stock,571.1400146484375,100.0,0.0
2024-09-25 15:30:00-04:00,MyStrategy,246411da3cee486db6c05e439fdc1530,SPY,buy,market,new,1,gtc,0.0,1,stock,,,
2024-09-25 15:30:00-04:00,MyStrategy,246411da3cee486db6c05e439fdc1530,SPY,buy,market,fill,1,gtc,0.0,1,stock,571.1400146484375,100.0,0.0
2024-09-26 09:30:00-04:00,MyStrategy,2ce5a9dfb6764c39a01de8ea9ce9e8be,SPY,buy,market,new,1,gtc,0.0,1,stock,,,
2024-09-26 09:30:00-04:00,MyStrategy,2ce5a9dfb6764c39a01de8ea9ce9e8be,SPY,buy,market,fill,1,gtc,0.0,1,stock,574.3800048828125,100.0,0.0
2024-09-26 12:30:00-04:00,MyStrategy,eea8934eba3c489dbfd0f12622c856d3,SPY,buy,market,new,1,gtc,0.0,1,stock,,,
2024-09-26 12:30:00-04:00,MyStrategy,eea8934eba3c489dbfd0f12622c856d3,SPY,buy,market,fill,1,gtc,0.0,1,stock,574.3800048828125,100.0,0.0
2024-09-26 15:30:00-04:00,MyStrategy,a08bbbab72ba4475bb817e0aa19935ee,SPY,buy,market,new,1,gtc,0.0,1,stock,,,
2024-09-26 15:30:00-04:00,MyStrategy,a08bbbab72ba4475bb817e0aa19935ee,SPY,buy,market,fill,1,gtc,0.0,1,stock,574.3800048828125,100.0,0.0
2024-09-27 09:30:00-04:00,MyStrategy,715d17d1c0024ee7a1b9b78b1ec3e2ba,SPY,buy,market,new,1,gtc,0.0,1,stock,,,
2024-09-27 09:30:00-04:00,MyStrategy,715d17d1c0024ee7a1b9b78b1ec3e2ba,SPY,buy,market,fill,1,gtc,0.0,1,stock,573.3900146484375,100.0,0.0
2024-09-27 12:30:00-04:00,MyStrategy,5ca69a1ce69e42a2ae0cfbe5f9dc49fd,SPY,buy,market,new,1,gtc,0.0,1,stock,,,
2024-09-27 12:30:00-04:00,MyStrategy,5ca69a1ce69e42a2ae0cfbe5f9dc49fd,SPY,buy,market,fill,1,gtc,0.0,1,stock,573.3900146484375,100.0,0.0
2024-09-27 15:30:00-04:00,MyStrategy,66657093ae7f45c7a21d6f6f1d7932e9,SPY,buy,market,new,1,gtc,0.0,1,stock,,,
2024-09-27 15:30:00-04:00,MyStrategy,66657093ae7f45c7a21d6f6f1d7932e9,SPY,buy,market,fill,1,gtc,0.0,1,stock,573.3900146484375,100.0,0.0
2024-09-30 09:30:00-04:00,MyStrategy,58b09560b6df465f9e19530491aa7e65,SPY,buy,market,new,1,gtc,0.0,1,stock,,,
2024-09-30 09:30:00-04:00,MyStrategy,58b09560b6df465f9e19530491aa7e65,SPY,buy,market,fill,1,gtc,0.0,1,stock,570.4199829101562,100.0,0.0
2024-09-30 12:30:00-04:00,MyStrategy,ddbe4127064e4e91bb659796b95c6638,SPY,buy,market,new,1,gtc,0.0,1,stock,,,
2024-09-30 12:30:00-04:00,MyStrategy,ddbe4127064e4e91bb659796b95c6638,SPY,buy,market,fill,1,gtc,0.0,1,stock,570.4199829101562,100.0,0.0
2024-09-30 15:30:00-04:00,MyStrategy,067fe8c6914141fe892a6707c658efa3,SPY,buy,market,new,1,gtc,0.0,1,stock,,,
2024-09-30 15:30:00-04:00,MyStrategy,067fe8c6914141fe892a6707c658efa3,SPY,buy,market,fill,1,gtc,0.0,1,stock,570.4199829101562,100.0,0.0
2024-10-01 09:30:00-04:00,MyStrategy,01a49e82760f458ca170c8c7a1363529,SPY,buy,market,new,1,gtc,0.0,1,stock,,,
2024-10-01 09:30:00-04:00,MyStrategy,01a49e82760f458ca170c8c7a1363529,SPY,buy,market,fill,1,gtc,0.0,1,stock,573.4000244140625,100.0,0.0
2024-10-01 12:30:00-04:00,MyStrategy,b3a3279478024d08a657236e65fb833b,SPY,buy,market,new,1,gtc,0.0,1,stock,,,
2024-10-01 12:30:00-04:00,MyStrategy,b3a3279478024d08a657236e65fb833b,SPY,buy,market,fill,1,gtc,0.0,1,stock,573.4000244140625,100.0,0.0
2024-10-01 15:30:00-04:00,MyStrategy,987ce810f729467c86ed926aac0a6fb8,SPY,buy,market,new,1,gtc,0.0,1,stock,,,
2024-10-01 15:30:00-04:00,MyStrategy,987ce810f729467c86ed926aac0a6fb8,SPY,buy,market,fill,1,gtc,0.0,1,stock,573.4000244140625,100.0,0.0
2024-10-02 09:30:00-04:00,MyStrategy,207f09b050454265b0b22d48e6a1e76b,SPY,buy,market,new,1,gtc,0.0,1,stock,,,
2024-10-02 09:30:00-04:00,MyStrategy,207f09b050454265b0b22d48e6a1e76b,SPY,buy,market,fill,1,gtc,0.0,1,stock,567.7100219726562,100.0,0.0
2024-10-02 12:30:00-04:00,MyStrategy,51ca048c676f40cb8d935145965d745d,SPY,buy,market,new,1,gtc,0.0,1,stock,,,
2024-10-02 12:30:00-04:00,MyStrategy,51ca048c676f40cb8d935145965d745d,SPY,buy,market,fill,1,gtc,0.0,1,stock,567.7100219726562,100.0,0.0
2024-10-02 15:30:00-04:00,MyStrategy,542aefdb30cf4ee9b3ee411f2cbaba6d,SPY,buy,market,new,1,gtc,0.0,1,stock,,,
2024-10-02 15:30:00-04:00,MyStrategy,542aefdb30cf4ee9b3ee411f2cbaba6d,SPY,buy,market,fill,1,gtc,0.0,1,stock,567.7100219726562,100.0,0.0
2024-10-03 09:30:00-04:00,MyStrategy,82521dca36044ed19fbd195417d379c5,SPY,buy,market,new,1,gtc,0.0,1,stock,,,
2024-10-03 09:30:00-04:00,MyStrategy,82521dca36044ed19fbd195417d379c5,SPY,buy,market,fill,1,gtc,0.0,1,stock,567.3599853515625,100.0,0.0
2024-10-03 12:30:00-04:00,MyStrategy,4323d0d246d14a39914c13d349da3555,SPY,buy,market,new,1,gtc,0.0,1,stock,,,
2024-10-03 12:30:00-04:00,MyStrategy,4323d0d246d14a39914c13d349da3555,SPY,buy,market,fill,1,gtc,0.0,1,stock,567.3599853515625,100.0,0.0
2024-10-03 15:30:00-04:00,MyStrategy,a97c8d45c93a43e09ee40fdddcb14f5c,SPY,buy,market,new,1,gtc,0.0,1,stock,,,
2024-10-03 15:30:00-04:00,MyStrategy,a97c8d45c93a43e09ee40fdddcb14f5c,SPY,buy,market,fill,1,gtc,0.0,1,stock,567.3599853515625,100.0,0.0
2024-10-04 09:30:00-04:00,MyStrategy,ce19268823eb489792bb0d56e5e77969,SPY,buy,market,new,1,gtc,0.0,1,stock,,,
2024-10-04 09:30:00-04:00,MyStrategy,ce19268823eb489792bb0d56e5e77969,SPY,buy,market,fill,1,gtc,0.0,1,stock,572.3499755859375,100.0,0.0
2024-10-04 12:30:00-04:00,MyStrategy,c494b283474048e8bf60f37742290747,SPY,buy,market,new,1,gtc,0.0,1,stock,,,
2024-10-04 12:30:00-04:00,MyStrategy,c494b283474048e8bf60f37742290747,SPY,buy,market,fill,1,gtc,0.0,1,stock,572.3499755859375,100.0,0.0
2024-10-04 15:30:00-04:00,MyStrategy,efbdc39bfbe04d38a72addd051f9cbc2,SPY,buy,market,new,1,gtc,0.0,1,stock,,,
2024-10-04 15:30:00-04:00,MyStrategy,efbdc39bfbe04d38a72addd051f9cbc2,SPY,buy,market,fill,1,gtc,0.0,1,stock,572.3499755859375,100.0,0.0
2024-10-07 09:30:00-04:00,MyStrategy,caa81167149345c08dc112588c29411b,SPY,buy,market,new,1,gtc,0.0,1,stock,,,
2024-10-07 09:30:00-04:00,MyStrategy,caa81167149345c08dc112588c29411b,SPY,buy,market,fill,1,gtc,0.0,1,stock,571.2999877929688,100.0,0.0
2024-10-07 12:30:00-04:00,MyStrategy,b2819ac95c3a4631a7843c4cd6e121aa,SPY,buy,market,new,1,gtc,0.0,1,stock,,,
2024-10-07 12:30:00-04:00,MyStrategy,b2819ac95c3a4631a7843c4cd6e121aa,SPY,buy,market,fill,1,gtc,0.0,1,stock,571.2999877929688,100.0,0.0
2024-10-07 15:30:00-04:00,MyStrategy,a0bf1f2936264d7fa939bea39eaaa835,SPY,buy,market,new,1,gtc,0.0,1,stock,,,
2024-10-07 15:30:00-04:00,MyStrategy,a0bf1f2936264d7fa939bea39eaaa835,SPY,buy,market,fill,1,gtc,0.0,1,stock,571.2999877929688,100.0,0.0
2024-10-08 09:30:00-04:00,MyStrategy,6fe127a5a80442168c690bdb82a767a5,SPY,buy,market,new,1,gtc,0.0,1,stock,,,
2024-10-08 09:30:00-04:00,MyStrategy,6fe127a5a80442168c690bdb82a767a5,SPY,buy,market,fill,1,gtc,0.0,1,stock,570.4199829101562,100.0,0.0
2024-10-08 12:30:00-04:00,MyStrategy,f2fa7900c9b14f13b48495ef033bb281,SPY,buy,market,new,1,gtc,0.0,1,stock,,,
2024-10-08 12:30:00-04:00,MyStrategy,f2fa7900c9b14f13b48495ef033bb281,SPY,buy,market,fill,1,gtc,0.0,1,stock,570.4199829101562,100.0,0.0
2024-10-08 15:30:00-04:00,MyStrategy,0a41bb016623427189706f88bd55a90d,SPY,buy,market,new,1,gtc,0.0,1,stock,,,
2024-10-08 15:30:00-04:00,MyStrategy,0a41bb016623427189706f88bd55a90d,SPY,buy,market,fill,1,gtc,0.0,1,stock,570.4199829101562,100.0,0.0
2024-10-09 09:30:00-04:00,MyStrategy,f5a6a3d004814cb29e2ec8e9805c3600,SPY,buy,market,new,1,gtc,0.0,1,stock,,,
2024-10-09 09:30:00-04:00,MyStrategy,f5a6a3d004814cb29e2ec8e9805c3600,SPY,buy,market,fill,1,gtc,0.0,1,stock,573.1599731445312,100.0,0.0
2024-10-09 12:30:00-04:00,MyStrategy,5afc09faa05f44c286f28de4304810e3,SPY,buy,market,new,1,gtc,0.0,1,stock,,,
2024-10-09 12:30:00-04:00,MyStrategy,5afc09faa05f44c286f28de4304810e3,SPY,buy,market,fill,1,gtc,0.0,1,stock,573.1599731445312,100.0,0.0
2024-10-09 15:30:00-04:00,MyStrategy,e4bd841859ed479bbcda9eb5ecd10e07,SPY,buy,market,new,1,gtc,0.0,1,stock,,,
2024-10-09 15:30:00-04:00,MyStrategy,e4bd841859ed479bbcda9eb5ecd10e07,SPY,buy,market,fill,1,gtc,0.0,1,stock,573.1599731445312,100.0,0.0
2024-10-10 09:30:00-04:00,MyStrategy,50e0f239b33a46ddab8222df380267cd,SPY,buy,market,new,1,gtc,0.0,1,stock,,,
2024-10-10 09:30:00-04:00,MyStrategy,50e0f239b33a46ddab8222df380267cd,SPY,buy,market,fill,1,gtc,0.0,1,stock,575.77001953125,100.0,0.0
2024-10-10 12:30:00-04:00,MyStrategy,d767b1a976e44358802a369a83a14f47,SPY,buy,market,new,1,gtc,0.0,1,stock,,,
2024-10-10 12:30:00-04:00,MyStrategy,d767b1a976e44358802a369a83a14f47,SPY,buy,market,fill,1,gtc,0.0,1,stock,575.77001953125,100.0,0.0
2024-10-10 15:30:00-04:00,MyStrategy,1691fcab37ac48da836fac044945103c,SPY,buy,market,new,1,gtc,0.0,1,stock,,,
2024-10-10 15:30:00-04:00,MyStrategy,1691fcab37ac48da836fac044945103c,SPY,buy,market,fill,1,gtc,0.0,1,stock,575.77001953125,100.0,0.0
2024-10-11 09:30:00-04:00,MyStrategy,dcb14c3a58ed46369e1ea5c373ce0650,SPY,buy,market,new,1,gtc,0.0,1,stock,,,
2024-10-11 09:30:00-04:00,MyStrategy,dcb14c3a58ed46369e1ea5c373ce0650,SPY,buy,market,fill,1,gtc,0.0,1,stock,576.0499877929688,100.0,0.0
2024-10-11 12:30:00-04:00,MyStrategy,db1f4478d8064e0f85026c01da34f5a9,SPY,buy,market,new,1,gtc,0.0,1,stock,,,
2024-10-11 12:30:00-04:00,MyStrategy,db1f4478d8064e0f85026c01da34f5a9,SPY,buy,market,fill,1,gtc,0.0,1,stock,576.0499877929688,100.0,0.0
2024-10-11 15:30:00-04:00,MyStrategy,8dfe6bb13a554353ade4eac3139e5e2f,SPY,buy,market,new,1,gtc,0.0,1,stock,,,
2024-10-11 15:30:00-04:00,MyStrategy,8dfe6bb13a554353ade4eac3139e5e2f,SPY,buy,market,fill,1,gtc,0.0,1,stock,576.0499877929688,100.0,0.0
2024-10-14 09:30:00-04:00,MyStrategy,98295538662549f6ae02a80ab821fc80,SPY,buy,market,new,1,gtc,0.0,1,stock,,,
2024-10-14 09:30:00-04:00,MyStrategy,98295538662549f6ae02a80ab821fc80,SPY,buy,market,fill,1,gtc,0.0,1,stock,581.219970703125,100.0,0.0
2024-10-14 12:30:00-04:00,MyStrategy,e765a7dda7d64b0fae26d409796bc363,SPY,buy,market,new,1,gtc,0.0,1,stock,,,
2024-10-14 12:30:00-04:00,MyStrategy,e765a7dda7d64b0fae26d409796bc363,SPY,buy,market,fill,1,gtc,0.0,1,stock,581.219970703125,100.0,0.0
2024-10-14 15:30:00-04:00,MyStrategy,19cd6ed669a042b88e569c48603de96a,SPY,buy,market,new,1,gtc,0.0,1,stock,,,
2024-10-14 15:30:00-04:00,MyStrategy,19cd6ed669a042b88e569c48603de96a,SPY,buy,market,fill,1,gtc,0.0,1,stock,581.219970703125,100.0,0.0
2024-10-15 09:30:00-04:00,MyStrategy,0e22fe7cd1944f51acc0f80bdda7ee6c,SPY,buy,market,new,1,gtc,0.0,1,stock,,,
2024-10-15 09:30:00-04:00,MyStrategy,0e22fe7cd1944f51acc0f80bdda7ee6c,SPY,buy,market,fill,1,gtc,0.0,1,stock,584.5900268554688,100.0,0.0
2024-10-15 12:30:00-04:00,MyStrategy,4432c12270094b2da1802ba5903924be,SPY,buy,market,new,1,gtc,0.0,1,stock,,,
2024-10-15 12:30:00-04:00,MyStrategy,4432c12270094b2da1802ba5903924be,SPY,buy,market,fill,1,gtc,0.0,1,stock,584.5900268554688,100.0,0.0
2024-10-15 15:30:00-04:00,MyStrategy,e5038958df544c2f90e3a210fcd0f62d,SPY,buy,market,new,1,gtc,0.0,1,stock,,,
2024-10-15 15:30:00-04:00,MyStrategy,e5038958df544c2f90e3a210fcd0f62d,SPY,buy,market,fill,1,gtc,0.0,1,stock,584.5900268554688,100.0,0.0
2024-10-16 09:30:00-04:00,MyStrategy,131edb5048ba4896b2d5ed91a34a1fe8,SPY,buy,market,new,1,gtc,0.0,1,stock,,,
2024-10-16 09:30:00-04:00,MyStrategy,131edb5048ba4896b2d5ed91a34a1fe8,SPY,buy,market,fill,1,gtc,0.0,1,stock,579.780029296875,100.0,0.0
2024-10-16 12:30:00-04:00,MyStrategy,2d94f1015f494677904196a3f54f8ebd,SPY,buy,market,new,1,gtc,0.0,1,stock,,,
2024-10-16 12:30:00-04:00,MyStrategy,2d94f1015f494677904196a3f54f8ebd,SPY,buy,market,fill,1,gtc,0.0,1,stock,579.780029296875,100.0,0.0
2024-10-16 15:30:00-04:00,MyStrategy,86d7b309ec15476da1a0db9e8b0bcfbd,SPY,buy,market,new,1,gtc,0.0,1,stock,,,
2024-10-16 15:30:00-04:00,MyStrategy,86d7b309ec15476da1a0db9e8b0bcfbd,SPY,buy,market,fill,1,gtc,0.0,1,stock,579.780029296875,100.0,0.0
2024-10-17 09:30:00-04:00,MyStrategy,e21101fcedd34428b7d1bfc413f4f870,SPY,buy,market,new,1,gtc,0.0,1,stock,,,
2024-10-17 09:30:00-04:00,MyStrategy,e21101fcedd34428b7d1bfc413f4f870,SPY,buy,market,fill,1,gtc,0.0,1,stock,585.9099731445312,100.0,0.0
2024-10-17 12:30:00-04:00,MyStrategy,a0946b8670c24f7db4d3ff104ee4aec9,SPY,buy,market,new,1,gtc,0.0,1,stock,,,
2024-10-17 12:30:00-04:00,MyStrategy,a0946b8670c24f7db4d3ff104ee4aec9,SPY,buy,market,fill,1,gtc,0.0,1,stock,585.9099731445312,100.0,0.0
2024-10-17 15:30:00-04:00,MyStrategy,8f2148a31bee4ec4a359098740f27677,SPY,buy,market,new,1,gtc,0.0,1,stock,,,
2024-10-17 15:30:00-04:00,MyStrategy,8f2148a31bee4ec4a359098740f27677,SPY,buy,market,fill,1,gtc,0.0,1,stock,585.9099731445312,100.0,0.0
2024-10-18 09:30:00-04:00,MyStrategy,7175bfbff7de40f28bbeec54444f1a1a,SPY,buy,market,new,1,gtc,0.0,1,stock,,,
2024-10-18 09:30:00-04:00,MyStrategy,7175bfbff7de40f28bbeec54444f1a1a,SPY,buy,market,fill,1,gtc,0.0,1,stock,584.0700073242188,100.0,0.0
2024-10-18 12:30:00-04:00,MyStrategy,55114881158a4c33acdc516b2c02f4f8,SPY,buy,market,new,1,gtc,0.0,1,stock,,,
2024-10-18 12:30:00-04:00,MyStrategy,55114881158a4c33acdc516b2c02f4f8,SPY,buy,market,fill,1,gtc,0.0,1,stock,584.0700073242188,100.0,0.0
2024-10-18 15:30:00-04:00,MyStrategy,f8616b43cb6441229858fca109cc40d5,SPY,buy,market,new,1,gtc,0.0,1,stock,,,
2024-10-18 15:30:00-04:00,MyStrategy,f8616b43cb6441229858fca109cc40d5,SPY,buy,market,fill,1,gtc,0.0,1,stock,584.0700073242188,100.0,0.0
2024-10-21 09:30:00-04:00,MyStrategy,5d7e7e12fa184164b4d031a0e553f559,SPY,buy,market,new,1,gtc,0.0,1,stock,,,
2024-10-21 09:30:00-04:00,MyStrategy,5d7e7e12fa184164b4d031a0e553f559,SPY,buy,market,fill,1,gtc,0.0,1,stock,583.8499755859375,100.0,0.0
2024-10-21 12:30:00-04:00,MyStrategy,0156758c282a4c1ca1d8fa42acd9e195,SPY,buy,market,new,1,gtc,0.0,1,stock,,,
2024-10-21 12:30:00-04:00,MyStrategy,0156758c282a4c1ca1d8fa42acd9e195,SPY,buy,market,fill,1,gtc,0.0,1,stock,583.8499755859375,100.0,0.0
2024-10-21 15:30:00-04:00,MyStrategy,59df14bb7b314d54bdf59c58ce3be5ee,SPY,buy,market,new,1,gtc,0.0,1,stock,,,
2024-10-21 15:30:00-04:00,MyStrategy,59df14bb7b314d54bdf59c58ce3be5ee,SPY,buy,market,fill,1,gtc,0.0,1,stock,583.8499755859375,100.0,0.0
2024-10-22 09:30:00-04:00,MyStrategy,ecea7610deea45e5958d04d7b993b0f3,SPY,buy,market,new,1,gtc,0.0,1,stock,,,
2024-10-22 09:30:00-04:00,MyStrategy,ecea7610deea45e5958d04d7b993b0f3,SPY,buy,market,fill,1,gtc,0.0,1,stock,581.0499877929688,100.0,0.0
2024-10-22 12:30:00-04:00,MyStrategy,2e7b8ad45ccc4989bd78eb4365f9260f,SPY,buy,market,new,1,gtc,0.0,1,stock,,,
2024-10-22 12:30:00-04:00,MyStrategy,2e7b8ad45ccc4989bd78eb4365f9260f,SPY,buy,market,fill,1,gtc,0.0,1,stock,581.0499877929688,100.0,0.0
2024-10-22 15:30:00-04:00,MyStrategy,6130bd1c14d849b48fc8dfce24849182,SPY,buy,market,new,1,gtc,0.0,1,stock,,,
2024-10-22 15:30:00-04:00,MyStrategy,6130bd1c14d849b48fc8dfce24849182,SPY,buy,market,fill,1,gtc,0.0,1,stock,581.0499877929688,100.0,0.0
2024-10-23 09:30:00-04:00,MyStrategy,07f3824323d049908e40e570d11d807b,SPY,buy,market,new,1,gtc,0.0,1,stock,,,
2024-10-23 09:30:00-04:00,MyStrategy,07f3824323d049908e40e570d11d807b,SPY,buy,market,fill,1,gtc,0.0,1,stock,581.260009765625,100.0,0.0
2024-10-23 12:30:00-04:00,MyStrategy,eb3e5012fbb14ab5932558a18f6bfa7d,SPY,buy,market,new,1,gtc,0.0,1,stock,,,
2024-10-23 12:30:00-04:00,MyStrategy,eb3e5012fbb14ab5932558a18f6bfa7d,SPY,buy,market,fill,1,gtc,0.0,1,stock,581.260009765625,100.0,0.0
2024-10-23 15:30:00-04:00,MyStrategy,85a68607f9a04e24a5e4a4abb519dd46,SPY,buy,market,new,1,gtc,0.0,1,stock,,,
2024-10-23 15:30:00-04:00,MyStrategy,85a68607f9a04e24a5e4a4abb519dd46,SPY,buy,market,fill,1,gtc,0.0,1,stock,581.260009765625,100.0,0.0
2024-10-24 09:30:00-04:00,MyStrategy,4e685429b618465baff503dfac563184,SPY,buy,market,new,1,gtc,0.0,1,stock,,,
2024-10-24 09:30:00-04:00,MyStrategy,4e685429b618465baff503dfac563184,SPY,buy,market,fill,1,gtc,0.0,1,stock,579.97998046875,100.0,0.0
2024-10-24 12:30:00-04:00,MyStrategy,4c60e320ef664f119064eaaf9561aaa7,SPY,buy,market,new,1,gtc,0.0,1,stock,,,
2024-10-24 12:30:00-04:00,MyStrategy,4c60e320ef664f119064eaaf9561aaa7,SPY,buy,market,fill,1,gtc,0.0,1,stock,579.97998046875,100.0,0.0
2024-10-24 15:30:00-04:00,MyStrategy,f6115e6ed1694d999105d8510b5b4a9d,SPY,buy,market,new,1,gtc,0.0,1,stock,,,
2024-10-24 15:30:00-04:00,MyStrategy,f6115e6ed1694d999105d8510b5b4a9d,SPY,buy,market,fill,1,gtc,0.0,1,stock,579.97998046875,100.0,0.0
2024-10-25 09:30:00-04:00,MyStrategy,4ba7fb97415e4fe4a5613821c2c9ebbc,SPY,buy,market,new,1,gtc,0.0,1,stock,,,
2024-10-25 09:30:00-04:00,MyStrategy,4ba7fb97415e4fe4a5613821c2c9ebbc,SPY,buy,market,fill,1,gtc,0.0,1,stock,581.510009765625,100.0,0.0
2024-10-25 12:30:00-04:00,MyStrategy,748e11a8708944ba827ee70aa048227b,SPY,buy,market,new,1,gtc,0.0,1,stock,,,
2024-10-25 12:30:00-04:00,MyStrategy,748e11a8708944ba827ee70aa048227b,SPY,buy,market,fill,1,gtc,0.0,1,stock,581.510009765625,100.0,0.0
2024-10-25 15:30:00-04:00,MyStrategy,f4f485ba6b7444a9a0a238ef18a41208,SPY,buy,market,new,1,gtc,0.0,1,stock,,,
2024-10-25 15:30:00-04:00,MyStrategy,f4f485ba6b7444a9a0a238ef18a41208,SPY,buy,market,fill,1,gtc,0.0,1,stock,581.510009765625,100.0,0.0
2024-10-28 09:30:00-04:00,MyStrategy,bf7ffe0e35924facac476c44f9a3c0a5,SPY,buy,market,new,1,gtc,0.0,1,stock,,,
2024-10-28 09:30:00-04:00,MyStrategy,bf7ffe0e35924facac476c44f9a3c0a5,SPY,buy,market,fill,1,gtc,0.0,1,stock,582.5800170898438,100.0,0.0
2024-10-28 12:30:00-04:00,MyStrategy,fc0797b6063747888cd922b8e66e0c2f,SPY,buy,market,new,1,gtc,0.0,1,stock,,,
2024-10-28 12:30:00-04:00,MyStrategy,fc0797b6063747888cd922b8e66e0c2f,SPY,buy,market,fill,1,gtc,0.0,1,stock,582.5800170898438,100.0,0.0
2024-10-28 15:30:00-04:00,MyStrategy,e4ddf609b9854976bed8b2fb5762cb08,SPY,buy,market,new,1,gtc,0.0,1,stock,,,
2024-10-28 15:30:00-04:00,MyStrategy,e4ddf609b9854976bed8b2fb5762cb08,SPY,buy,market,fill,1,gtc,0.0,1,stock,582.5800170898438,100.0,0.0
2024-10-29 09:30:00-04:00,MyStrategy,b6ae1b6b305749bd88f927660618cb18,SPY,buy,market,new,1,gtc,0.0,1,stock,,,
2024-10-29 09:30:00-04:00,MyStrategy,b6ae1b6b305749bd88f927660618cb18,SPY,buy,market,fill,1,gtc,0.0,1,stock,579.8499755859375,100.0,0.0
2024-10-29 12:30:00-04:00,MyStrategy,fffb8d3e297442a2b7346d9561f41e2c,SPY,buy,market,new,1,gtc,0.0,1,stock,,,
2024-10-29 12:30:00-04:00,MyStrategy,fffb8d3e297442a2b7346d9561f41e2c,SPY,buy,market,fill,1,gtc,0.0,1,stock,579.8499755859375,100.0,0.0
2024-10-29 15:30:00-04:00,MyStrategy,d1083e9f4cc145e88166ddba539f1b57,SPY,buy,market,new,1,gtc,0.0,1,stock,,,
2024-10-29 15:30:00-04:00,MyStrategy,d1083e9f4cc145e88166ddba539f1b57,SPY,buy,market,fill,1,gtc,0.0,1,stock,579.8499755859375,100.0,0.0
2024-10-30 09:30:00-04:00,MyStrategy,39e31dba21a24f7f8bf4e5a24c855b3a,SPY,buy,market,new,1,gtc,0.0,1,stock,,,
2024-10-30 09:30:00-04:00,MyStrategy,39e31dba21a24f7f8bf4e5a24c855b3a,SPY,buy,market,fill,1,gtc,0.0,1,stock,581.2899780273438,100.0,0.0
2024-10-30 12:30:00-04:00,MyStrategy,a7e2eef842994b258d756beb94bd0e26,SPY,buy,market,new,1,gtc,0.0,1,stock,,,
2024-10-30 12:30:00-04:00,MyStrategy,a7e2eef842994b258d756beb94bd0e26,SPY,buy,market,fill,1,gtc,0.0,1,stock,581.2899780273438,100.0,0.0
2024-10-30 15:30:00-04:00,MyStrategy,9785fd8a5da4409793471fa2084c621b,SPY,buy,market,new,1,gtc,0.0,1,stock,,,
2024-10-30 15:30:00-04:00,MyStrategy,9785fd8a5da4409793471fa2084c621b,SPY,buy,market,fill,1,gtc,0.0,1,stock,581.2899780273438,100.0,0.0
2024-10-31 09:30:00-04:00,MyStrategy,b0b047cd44c54754a20ec151129735b4,SPY,buy,market,new,1,gtc,0.0,1,stock,,,
2024-10-31 09:30:00-04:00,MyStrategy,b0b047cd44c54754a20ec151129735b4,SPY,buy,market,fill,1,gtc,0.0,1,stock,575.5599975585938,100.0,0.0
2024-10-31 12:30:00-04:00,MyStrategy,0e9d168489b84b1f977c8e3fb5831be6,SPY,buy,market,new,1,gtc,0.0,1,stock,,,
2024-10-31 12:30:00-04:00,MyStrategy,0e9d168489b84b1f977c8e3fb5831be6,SPY,buy,market,fill,1,gtc,0.0,1,stock,575.5599975585938,100.0,0.0
2024-10-31 15:30:00-04:00,MyStrategy,998542f56ab240ab8aad543a02ac7d22,SPY,buy,market,new,1,gtc,0.0,1,stock,,,
2024-10-31 15:30:00-04:00,MyStrategy,998542f56ab240ab8aad543a02ac7d22,SPY,buy,market,fill,1,gtc,0.0,1,stock,575.5599975585938,100.0,0.0
2024-11-01 09:30:00-04:00,MyStrategy,d47f417b6e4e4044a106e62ace0cf4bd,SPY,buy,market,new,1,gtc,0.0,1,stock,,,
2024-11-01 09:30:00-04:00,MyStrategy,d47f417b6e4e4044a106e62ace0cf4bd,SPY,buy,market,fill,1,gtc,0.0,1,stock,571.3200073242188,100.0,0.0
2024-11-01 12:30:00-04:00,MyStrategy,6c27196f97ff4f64ba190baff04010c1,SPY,buy,market,new,1,gtc,0.0,1,stock,,,
2024-11-01 12:30:00-04:00,MyStrategy,6c27196f97ff4f64ba190baff04010c1,SPY,buy,market,fill,1,gtc,0.0,1,stock,571.3200073242188,100.0,0.0
2024-11-01 15:30:00-04:00,MyStrategy,03e89e4dc36e4b25bbd1ea6494d83c67,SPY,buy,market,new,1,gtc,0.0,1,stock,,,
2024-11-01 15:30:00-04:00,MyStrategy,03e89e4dc36e4b25bbd1ea6494d83c67,SPY,buy,market,fill,1,gtc,0.0,1,stock,571.3200073242188,100.0,0.0
2024-11-04 09:30:00-05:00,MyStrategy,c820c897817f4902bfc31f3730656905,SPY,buy,market,new,1,gtc,0.0,1,stock,,,
2024-11-04 09:30:00-05:00,MyStrategy,c820c897817f4902bfc31f3730656905,SPY,buy,market,fill,1,gtc,0.0,1,stock,571.1799926757812,100.0,0.0
2024-11-04 12:30:00-05:00,MyStrategy,d17fe738f7f2480fb563bcfe09cf8986,SPY,buy,market,new,1,gtc,0.0,1,stock,,,
2024-11-04 12:30:00-05:00,MyStrategy,d17fe738f7f2480fb563bcfe09cf8986,SPY,buy,market,fill,1,gtc,0.0,1,stock,571.1799926757812,100.0,0.0
2024-11-04 15:30:00-05:00,MyStrategy,e3bf282f30cb4a3f967e414cc69a4a0d,SPY,buy,market,new,1,gtc,0.0,1,stock,,,
2024-11-04 15:30:00-05:00,MyStrategy,e3bf282f30cb4a3f967e414cc69a4a0d,SPY,buy,market,fill,1,gtc,0.0,1,stock,571.1799926757812,100.0,0.0
2024-11-05 09:30:00-05:00,MyStrategy,04eed82ecd224153b9cabfaa1fc1f412,SPY,buy,market,new,1,gtc,0.0,1,stock,,,
2024-11-05 09:30:00-05:00,MyStrategy,04eed82ecd224153b9cabfaa1fc1f412,SPY,buy,market,fill,1,gtc,0.0,1,stock,570.739990234375,100.0,0.0
2024-11-05 12:30:00-05:00,MyStrategy,971b883877db41d1ba6859b4782dcfd8,SPY,buy,market,new,1,gtc,0.0,1,stock,,,
2024-11-05 12:30:00-05:00,MyStrategy,971b883877db41d1ba6859b4782dcfd8,SPY,buy,market,fill,1,gtc,0.0,1,stock,570.739990234375,100.0,0.0
2024-11-05 15:30:00-05:00,MyStrategy,680a4b722f54420e9f2ff7becfb2df0f,SPY,buy,market,new,1,gtc,0.0,1,stock,,,
2024-11-05 15:30:00-05:00,MyStrategy,680a4b722f54420e9f2ff7becfb2df0f,SPY,buy,market,fill,1,gtc,0.0,1,stock,570.739990234375,100.0,0.0
2024-11-06 09:30:00-05:00,MyStrategy,65055078f8d742029585d591b5607b62,SPY,buy,market,new,1,gtc,0.0,1,stock,,,
2024-11-06 09:30:00-05:00,MyStrategy,65055078f8d742029585d591b5607b62,SPY,buy,market,fill,1,gtc,0.0,1,stock,589.2000122070312,100.0,0.0
2024-11-06 12:30:00-05:00,MyStrategy,5feab5553dca47898298b956113dd231,SPY,buy,market,new,1,gtc,0.0,1,stock,,,
2024-11-06 12:30:00-05:00,MyStrategy,5feab5553dca47898298b956113dd231,SPY,buy,market,fill,1,gtc,0.0,1,stock,589.2000122070312,100.0,0.0
2024-11-06 15:30:00-05:00,MyStrategy,0dfb0b59535f43468b0aaecce12d1630,SPY,buy,market,new,1,gtc,0.0,1,stock,,,
2024-11-06 15:30:00-05:00,MyStrategy,0dfb0b59535f43468b0aaecce12d1630,SPY,buy,market,fill,1,gtc,0.0,1,stock,589.2000122070312,100.0,0.0
2024-11-07 09:30:00-05:00,MyStrategy,66d7c95bc7e64745a0df3cd9d0f91382,SPY,buy,market,new,1,gtc,0.0,1,stock,,,
2024-11-07 09:30:00-05:00,MyStrategy,66d7c95bc7e64745a0df3cd9d0f91382,SPY,buy,market,fill,1,gtc,0.0,1,stock,593.0800170898438,100.0,0.0
2024-11-07 12:30:00-05:00,MyStrategy,44d1c472cd4e4be89c1a11895826bc26,SPY,buy,market,new,1,gtc,0.0,1,stock,,,
2024-11-07 12:30:00-05:00,MyStrategy,44d1c472cd4e4be89c1a11895826bc26,SPY,buy,market,fill,1,gtc,0.0,1,stock,593.0800170898438,100.0,0.0
2024-11-07 15:30:00-05:00,MyStrategy,ed92ac1c551543ea930d11ad082f2294,SPY,buy,market,new,1,gtc,0.0,1,stock,,,
2024-11-07 15:30:00-05:00,MyStrategy,ed92ac1c551543ea930d11ad082f2294,SPY,buy,market,fill,1,gtc,0.0,1,stock,593.0800170898438,100.0,0.0
2024-11-08 09:30:00-05:00,MyStrategy,86c899fec237440ca3309867d64f900c,SPY,buy,market,new,1,gtc,0.0,1,stock,,,
2024-11-08 09:30:00-05:00,MyStrategy,86c899fec237440ca3309867d64f900c,SPY,buy,market,fill,1,gtc,0.0,1,stock,596.1699829101562,100.0,0.0
2024-11-08 12:30:00-05:00,MyStrategy,09b122724b634da39fb8a6960e5a7737,SPY,buy,market,new,1,gtc,0.0,1,stock,,,
2024-11-08 12:30:00-05:00,MyStrategy,09b122724b634da39fb8a6960e5a7737,SPY,buy,market,fill,1,gtc,0.0,1,stock,596.1699829101562,100.0,0.0
2024-11-08 15:30:00-05:00,MyStrategy,2d75413ef169429bbd081658daaa5590,SPY,buy,market,new,1,gtc,0.0,1,stock,,,
2024-11-08 15:30:00-05:00,MyStrategy,2d75413ef169429bbd081658daaa5590,SPY,buy,market,fill,1,gtc,0.0,1,stock,596.1699829101562,100.0,0.0
2024-11-11 09:30:00-05:00,MyStrategy,1193dda39c5d49c5b8806a5dd8120189,SPY,buy,market,new,1,gtc,0.0,1,stock,,,
2024-11-11 09:30:00-05:00,MyStrategy,1193dda39c5d49c5b8806a5dd8120189,SPY,buy,market,fill,1,gtc,0.0,1,stock,599.8099975585938,100.0,0.0
2024-11-11 12:30:00-05:00,MyStrategy,3e62fd14abaf45ca886b051cf95bab3e,SPY,buy,market,new,1,gtc,0.0,1,stock,,,
2024-11-11 12:30:00-05:00,MyStrategy,3e62fd14abaf45ca886b051cf95bab3e,SPY,buy,market,fill,1,gtc,0.0,1,stock,599.8099975585938,100.0,0.0
2024-11-11 15:30:00-05:00,MyStrategy,fbaace2d5f9e4ef5b27b7e7d3fe8796b,SPY,buy,market,new,1,gtc,0.0,1,stock,,,
2024-11-11 15:30:00-05:00,MyStrategy,fbaace2d5f9e4ef5b27b7e7d3fe8796b,SPY,buy,market,fill,1,gtc,0.0,1,stock,599.8099975585938,100.0,0.0
2024-11-12 09:30:00-05:00,MyStrategy,da002ebe80f9495890f7fba48e89a9ba,SPY,buy,market,new,1,gtc,0.0,1,stock,,,
2024-11-12 09:30:00-05:00,MyStrategy,da002ebe80f9495890f7fba48e89a9ba,SPY,buy,market,fill,1,gtc,0.0,1,stock,598.6799926757812,100.0,0.0
2024-11-12 12:30:00-05:00,MyStrategy,21bf390325bb4fc89e055e152588ac9b,SPY,buy,market,new,1,gtc,0.0,1,stock,,,
2024-11-12 12:30:00-05:00,MyStrategy,21bf390325bb4fc89e055e152588ac9b,SPY,buy,market,fill,1,gtc,0.0,1,stock,598.6799926757812,100.0,0.0
2024-11-12 15:30:00-05:00,MyStrategy,6042330f430c4e9bb7b3c95866dfd456,SPY,buy,market,new,1,gtc,0.0,1,stock,,,
2024-11-12 15:30:00-05:00,MyStrategy,6042330f430c4e9bb7b3c95866dfd456,SPY,buy,market,fill,1,gtc,0.0,1,stock,598.6799926757812,100.0,0.0
2024-11-13 09:30:00-05:00,MyStrategy,61b735bfa4c84d2d8629f82dc9dcfb95,SPY,buy,market,new,1,gtc,0.0,1,stock,,,
2024-11-13 09:30:00-05:00,MyStrategy,61b735bfa4c84d2d8629f82dc9dcfb95,SPY,buy,market,fill,1,gtc,0.0,1,stock,597.3699951171875,100.0,0.0
2024-11-13 12:30:00-05:00,MyStrategy,4ea92f7d3bc34aa5953939bb428d2650,SPY,buy,market,new,1,gtc,0.0,1,stock,,,
2024-11-13 12:30:00-05:00,MyStrategy,4ea92f7d3bc34aa5953939bb428d2650,SPY,buy,market,fill,1,gtc,0.0,1,stock,597.3699951171875,100.0,0.0
2024-11-13 15:30:00-05:00,MyStrategy,65b85e04b3fa46749a3404e0a8fa072c,SPY,buy,market,new,1,gtc,0.0,1,stock,,,
2024-11-13 15:30:00-05:00,MyStrategy,65b85e04b3fa46749a3404e0a8fa072c,SPY,buy,market,fill,1,gtc,0.0,1,stock,597.3699951171875,100.0,0.0
2024-11-14 09:30:00-05:00,MyStrategy,5b74ab75d2a7495d8ea4452bb003dd42,SPY,buy,market,new,1,gtc,0.0,1,stock,,,
2024-11-14 09:30:00-05:00,MyStrategy,5b74ab75d2a7495d8ea4452bb003dd42,SPY,buy,market,fill,1,gtc,0.0,1,stock,597.3200073242188,100.0,0.0
2024-11-14 12:30:00-05:00,MyStrategy,0cdadae0bca34584a125afc623c38dce,SPY,buy,market,new,1,gtc,0.0,1,stock,,,
2024-11-14 12:30:00-05:00,MyStrategy,0cdadae0bca34584a125afc623c38dce,SPY,buy,market,fill,1,gtc,0.0,1,stock,597.3200073242188,100.0,0.0
2024-11-14 15:30:00-05:00,MyStrategy,d8b7f5efae51493a826d861e309040a5,SPY,buy,market,new,1,gtc,0.0,1,stock,,,
2024-11-14 15:30:00-05:00,MyStrategy,d8b7f5efae51493a826d861e309040a5,SPY,buy,market,fill,1,gtc,0.0,1,stock,597.3200073242188,100.0,0.0
2024-11-15 09:30:00-05:00,MyStrategy,316903b1513d4495892f6afae9b4faeb,SPY,buy,market,new,1,gtc,0.0,1,stock,,,
2024-11-15 09:30:00-05:00,MyStrategy,316903b1513d4495892f6afae9b4faeb,SPY,buy,market,fill,1,gtc,0.0,1,stock,589.719970703125,100.0,0.0
2024-11-15 12:30:00-05:00,MyStrategy,2dcc93a6bbe74cbab0b84528aa220c95,SPY,buy,market,new,1,gtc,0.0,1,stock,,,
2024-11-15 12:30:00-05:00,MyStrategy,2dcc93a6bbe74cbab0b84528aa220c95,SPY,buy,market,fill,1,gtc,0.0,1,stock,589.719970703125,100.0,0.0
2024-11-15 15:30:00-05:00,MyStrategy,7889d5ac76ad4bcd8c40b35d86147097,SPY,buy,market,new,1,gtc,0.0,1,stock,,,
2024-11-15 15:30:00-05:00,MyStrategy,7889d5ac76ad4bcd8c40b35d86147097,SPY,buy,market,fill,1,gtc,0.0,1,stock,589.719970703125,100.0,0.0
2024-11-18 09:30:00-05:00,MyStrategy,bc62dd8d9e824451ae29677d441c5a17,SPY,buy,market,new,1,gtc,0.0,1,stock,,,
2024-11-18 09:30:00-05:00,MyStrategy,bc62dd8d9e824451ae29677d441c5a17,SPY,buy,market,fill,1,gtc,0.0,1,stock,586.219970703125,100.0,0.0
2024-11-18 12:30:00-05:00,MyStrategy,e6d8b29d72cb4eaa916c2a539a18bfd7,SPY,buy,market,new,1,gtc,0.0,1,stock,,,
2024-11-18 12:30:00-05:00,MyStrategy,e6d8b29d72cb4eaa916c2a539a18bfd7,SPY,buy,market,fill,1,gtc,0.0,1,stock,586.219970703125,100.0,0.0
2024-11-18 15:30:00-05:00,MyStrategy,c539bf4c35ec40cd90b2f0aad1453f1f,SPY,buy,market,new,1,gtc,0.0,1,stock,,,
2024-11-18 15:30:00-05:00,MyStrategy,c539bf4c35ec40cd90b2f0aad1453f1f,SPY,buy,market,fill,1,gtc,0.0,1,stock,586.219970703125,100.0,0.0
2024-11-19 09:30:00-05:00,MyStrategy,56cd7096903e4ff79a841db7a04990c2,SPY,buy,market,new,1,gtc,0.0,1,stock,,,
2024-11-19 09:30:00-05:00,MyStrategy,56cd7096903e4ff79a841db7a04990c2,SPY,buy,market,fill,1,gtc,0.0,1,stock,584.7100219726562,100.0,0.0
2024-11-19 12:30:00-05:00,MyStrategy,81139a93e6514edcb5663e257a4b94c6,SPY,buy,market,new,1,gtc,0.0,1,stock,,,
2024-11-19 12:30:00-05:00,MyStrategy,81139a93e6514edcb5663e257a4b94c6,SPY,buy,market,fill,1,gtc,0.0,1,stock,584.7100219726562,100.0,0.0
2024-11-19 15:30:00-05:00,MyStrategy,a6af8c75bf37499da4ae441d58c78d3d,SPY,buy,market,new,1,gtc,0.0,1,stock,,,
2024-11-19 15:30:00-05:00,MyStrategy,a6af8c75bf37499da4ae441d58c78d3d,SPY,buy,market,fill,1,gtc,0.0,1,stock,584.7100219726562,100.0,0.0
2024-11-20 09:30:00-05:00,MyStrategy,8ccd6ef21d4f4630accba804e1f8ed80,SPY,buy,market,new,1,gtc,0.0,1,stock,,,
2024-11-20 09:30:00-05:00,MyStrategy,8ccd6ef21d4f4630accba804e1f8ed80,SPY,buy,market,fill,1,gtc,0.0,1,stock,590.3800048828125,100.0,0.0
2024-11-20 12:30:00-05:00,MyStrategy,919cb31c35cc453380115804bd752211,SPY,buy,market,new,1,gtc,0.0,1,stock,,,
2024-11-20 12:30:00-05:00,MyStrategy,919cb31c35cc453380115804bd752211,SPY,buy,market,fill,1,gtc,0.0,1,stock,590.3800048828125,100.0,0.0
2024-11-20 15:30:00-05:00,MyStrategy,5d1f626c33264d57a67f168898aeb92f,SPY,buy,market,new,1,gtc,0.0,1,stock,,,
2024-11-20 15:30:00-05:00,MyStrategy,5d1f626c33264d57a67f168898aeb92f,SPY,buy,market,fill,1,gtc,0.0,1,stock,590.3800048828125,100.0,0.0
2024-11-21 09:30:00-05:00,MyStrategy,4b9ed81f93a94fdeab5296c945cee266,SPY,buy,market,new,1,gtc,0.0,1,stock,,,
2024-11-21 09:30:00-05:00,MyStrategy,4b9ed81f93a94fdeab5296c945cee266,SPY,buy,market,fill,1,gtc,0.0,1,stock,593.4000244140625,100.0,0.0
2024-11-21 12:30:00-05:00,MyStrategy,97516084ff90432986287362071abaa2,SPY,buy,market,new,1,gtc,0.0,1,stock,,,
2024-11-21 12:30:00-05:00,MyStrategy,97516084ff90432986287362071abaa2,SPY,buy,market,fill,1,gtc,0.0,1,stock,593.4000244140625,100.0,0.0
2024-11-21 15:30:00-05:00,MyStrategy,59e598dd399145d4881c2a0eb15ab515,SPY,buy,market,new,1,gtc,0.0,1,stock,,,
2024-11-21 15:30:00-05:00,MyStrategy,59e598dd399145d4881c2a0eb15ab515,SPY,buy,market,fill,1,gtc,0.0,1,stock,593.4000244140625,100.0,0.0
2024-11-22 09:30:00-05:00,MyStrategy,d6e18e6d941b4b9b94c4204b73b2dcf2,SPY,buy,market,new,1,gtc,0.0,1,stock,,,
2024-11-22 09:30:00-05:00,MyStrategy,d6e18e6d941b4b9b94c4204b73b2dcf2,SPY,buy,market,fill,1,gtc,0.0,1,stock,593.6599731445312,100.0,0.0
2024-11-22 12:30:00-05:00,MyStrategy,300552138b314a04bb67e25f7bb6e06c,SPY,buy,market,new,1,gtc,0.0,1,stock,,,
2024-11-22 12:30:00-05:00,MyStrategy,300552138b314a04bb67e25f7bb6e06c,SPY,buy,market,fill,1,gtc,0.0,1,stock,593.6599731445312,100.0,0.0
2024-11-22 15:30:00-05:00,MyStrategy,a7e4a31415d243d8b0c5c6607fe47754,SPY,buy,market,new,1,gtc,0.0,1,stock,,,
2024-11-22 15:30:00-05:00,MyStrategy,a7e4a31415d243d8b0c5c6607fe47754,SPY,buy,market,fill,1,gtc,0.0,1,stock,593.6599731445312,100.0,0.0
2024-11-25 09:30:00-05:00,MyStrategy,df93c4cff4504143a4eeb86dadaaf505,SPY,buy,market,new,1,gtc,0.0,1,stock,,,
2024-11-25 09:30:00-05:00,MyStrategy,df93c4cff4504143a4eeb86dadaaf505,SPY,buy,market,fill,1,gtc,0.0,1,stock,599.52001953125,100.0,0.0
2024-11-25 12:30:00-05:00,MyStrategy,100fcc1dabe14b27b0b17363852f30b0,SPY,buy,market,new,1,gtc,0.0,1,stock,,,
2024-11-25 12:30:00-05:00,MyStrategy,100fcc1dabe14b27b0b17363852f30b0,SPY,buy,market,fill,1,gtc,0.0,1,stock,599.52001953125,100.0,0.0
2024-11-25 15:30:00-05:00,MyStrategy,953b082e016d464d8fd2c4ece6b8d431,SPY,buy,market,new,1,gtc,0.0,1,stock,,,
2024-11-25 15:30:00-05:00,MyStrategy,953b082e016d464d8fd2c4ece6b8d431,SPY,buy,market,fill,1,gtc,0.0,1,stock,599.52001953125,100.0,0.0
2024-11-26 09:30:00-05:00,MyStrategy,2fae37a979104cd8a668b788539718dc,SPY,buy,market,new,1,gtc,0.0,1,stock,,,
2024-11-26 09:30:00-05:00,MyStrategy,2fae37a979104cd8a668b788539718dc,SPY,buy,market,fill,1,gtc,0.0,1,stock,598.7999877929688,100.0,0.0
2024-11-26 12:30:00-05:00,MyStrategy,10cca232b03743808133972b4a2e7fd4,SPY,buy,market,new,1,gtc,0.0,1,stock,,,
2024-11-26 12:30:00-05:00,MyStrategy,10cca232b03743808133972b4a2e7fd4,SPY,buy,market,fill,1,gtc,0.0,1,stock,598.7999877929688,100.0,0.0
2024-11-26 15:30:00-05:00,MyStrategy,411ccde61ce64b4f8dfeaf278b367cb5,SPY,buy,market,new,1,gtc,0.0,1,stock,,,
2024-11-26 15:30:00-05:00,MyStrategy,411ccde61ce64b4f8dfeaf278b367cb5,SPY,buy,market,fill,1,gtc,0.0,1,stock,598.7999877929688,100.0,0.0
2024-11-27 09:30:00-05:00,MyStrategy,8ffe9eff36234873a87656838a882d84,SPY,buy,market,new,1,gtc,0.0,1,stock,,,
2024-11-27 09:30:00-05:00,MyStrategy,8ffe9eff36234873a87656838a882d84,SPY,buy,market,fill,1,gtc,0.0,1,stock,600.4600219726562,100.0,0.0
2024-11-27 12:30:00-05:00,MyStrategy,371648cb73bb4c4cb89a6d9a60d1719c,SPY,buy,market,new,1,gtc,0.0,1,stock,,,
2024-11-27 12:30:00-05:00,MyStrategy,371648cb73bb4c4cb89a6d9a60d1719c,SPY,buy,market,fill,1,gtc,0.0,1,stock,600.4600219726562,100.0,0.0
2024-11-27 15:30:00-05:00,MyStrategy,d5ba0aab60f24325ae8c290cbeccdd45,SPY,buy,market,new,1,gtc,0.0,1,stock,,,
2024-11-27 15:30:00-05:00,MyStrategy,d5ba0aab60f24325ae8c290cbeccdd45,SPY,buy,market,fill,1,gtc,0.0,1,stock,600.4600219726562,100.0,0.0
2024-11-29 09:30:00-05:00,MyStrategy,9244ab2cbadd4b8882c7d62c7b464c6b,SPY,buy,market,new,1,gtc,0.0,1,stock,,,
2024-11-29 09:30:00-05:00,MyStrategy,9244ab2cbadd4b8882c7d62c7b464c6b,SPY,buy,market,fill,1,gtc,0.0,1,stock,599.6599731445312,100.0,0.0
2024-11-29 12:30:00-05:00,MyStrategy,f8be22744eaa426da8dc5984e0bcb208,SPY,buy,market,new,1,gtc,0.0,1,stock,,,
2024-11-29 12:30:00-05:00,MyStrategy,f8be22744eaa426da8dc5984e0bcb208,SPY,buy,market,fill,1,gtc,0.0,1,stock,599.6599731445312,100.0,0.0
2024-12-02 09:30:00-05:00,MyStrategy,6e388c94768d41f1a96592dbf8c53f4a,SPY,buy,market,new,1,gtc,0.0,1,stock,,,
2024-12-02 09:30:00-05:00,MyStrategy,6e388c94768d41f1a96592dbf8c53f4a,SPY,buy,market,fill,1,gtc,0.0,1,stock,602.969970703125,100.0,0.0
2024-12-02 12:30:00-05:00,MyStrategy,055e62da50834db39877b965ed6ad309,SPY,buy,market,new,1,gtc,0.0,1,stock,,,
2024-12-02 12:30:00-05:00,MyStrategy,055e62da50834db39877b965ed6ad309,SPY,buy,market,fill,1,gtc,0.0,1,stock,602.969970703125,100.0,0.0
2024-12-02 15:30:00-05:00,MyStrategy,c11a9f9648e44081ae8c3bbf939ada79,SPY,buy,market,new,1,gtc,0.0,1,stock,,,
2024-12-02 15:30:00-05:00,MyStrategy,c11a9f9648e44081ae8c3bbf939ada79,SPY,buy,market,fill,1,gtc,0.0,1,stock,602.969970703125,100.0,0.0
2024-12-03 09:30:00-05:00,MyStrategy,10c1eb657187442b85686075202677bf,SPY,buy,market,new,1,gtc,0.0,1,stock,,,
2024-12-03 09:30:00-05:00,MyStrategy,10c1eb657187442b85686075202677bf,SPY,buy,market,fill,1,gtc,0.0,1,stock,603.3900146484375,100.0,0.0
2024-12-03 12:30:00-05:00,MyStrategy,4974ec923387406b94e0dd5d607236e6,SPY,buy,market,new,1,gtc,0.0,1,stock,,,
2024-12-03 12:30:00-05:00,MyStrategy,4974ec923387406b94e0dd5d607236e6,SPY,buy,market,fill,1,gtc,0.0,1,stock,603.3900146484375,100.0,0.0
2024-12-03 15:30:00-05:00,MyStrategy,cef97c902fa8409b843c06f63595483d,SPY,buy,market,new,1,gtc,0.0,1,stock,,,
2024-12-03 15:30:00-05:00,MyStrategy,cef97c902fa8409b843c06f63595483d,SPY,buy,market,fill,1,gtc,0.0,1,stock,603.3900146484375,100.0,0.0
2024-12-04 09:30:00-05:00,MyStrategy,296acfcd6ea04aa9875bdca30544949d,SPY,buy,market,new,1,gtc,0.0,1,stock,,,
2024-12-04 09:30:00-05:00,MyStrategy,296acfcd6ea04aa9875bdca30544949d,SPY,buy,market,fill,1,gtc,0.0,1,stock,605.6300048828125,100.0,0.0
2024-12-04 12:30:00-05:00,MyStrategy,35027562abf243a29448c747bc26b69a,SPY,buy,market,new,1,gtc,0.0,1,stock,,,
2024-12-04 12:30:00-05:00,MyStrategy,35027562abf243a29448c747bc26b69a,SPY,buy,market,fill,1,gtc,0.0,1,stock,605.6300048828125,100.0,0.0
2024-12-04 15:30:00-05:00,MyStrategy,917fe85311a7439a8631bfc833a4dca4,SPY,buy,market,new,1,gtc,0.0,1,stock,,,
2024-12-04 15:30:00-05:00,MyStrategy,917fe85311a7439a8631bfc833a4dca4,SPY,buy,market,fill,1,gtc,0.0,1,stock,605.6300048828125,100.0,0.0
2024-12-05 09:30:00-05:00,MyStrategy,f0abaab5059b4255b339c61dd8dba9ae,SPY,buy,market,new,1,gtc,0.0,1,stock,,,
2024-12-05 09:30:00-05:00,MyStrategy,f0abaab5059b4255b339c61dd8dba9ae,SPY,buy,market,fill,1,gtc,0.0,1,stock,607.6599731445312,100.0,0.0
2024-12-05 12:30:00-05:00,MyStrategy,a494ebea55df427bb235faed9c124993,SPY,buy,market,new,1,gtc,0.0,1,stock,,,
2024-12-05 12:30:00-05:00,MyStrategy,a494ebea55df427bb235faed9c124993,SPY,buy,market,fill,1,gtc,0.0,1,stock,607.6599731445312,100.0,0.0
2024-12-05 15:30:00-05:00,MyStrategy,34d6dac5308144fd8d2f6d6ab01e200b,SPY,buy,market,new,1,gtc,0.0,1,stock,,,
2024-12-05 15:30:00-05:00,MyStrategy,34d6dac5308144fd8d2f6d6ab01e200b,SPY,buy,market,fill,1,gtc,0.0,1,stock,607.6599731445312,100.0,0.0
2024-12-06 09:30:00-05:00,MyStrategy,744535b4865840a9ba72b89b4fb38bdc,SPY,buy,market,new,1,gtc,0.0,1,stock,,,
2024-12-06 09:30:00-05:00,MyStrategy,744535b4865840a9ba72b89b4fb38bdc,SPY,buy,market,fill,1,gtc,0.0,1,stock,607.4400024414062,100.0,0.0
2024-12-06 12:30:00-05:00,MyStrategy,da038a187b8e437288058ef14cb52ad7,SPY,buy,market,new,1,gtc,0.0,1,stock,,,
2024-12-06 12:30:00-05:00,MyStrategy,da038a187b8e437288058ef14cb52ad7,SPY,buy,market,fill,1,gtc,0.0,1,stock,607.4400024414062,100.0,0.0
2024-12-06 15:30:00-05:00,MyStrategy,d6fee97fda29451fa9a9bc9d74d60916,SPY,buy,market,new,1,gtc,0.0,1,stock,,,
2024-12-06 15:30:00-05:00,MyStrategy,d6fee97fda29451fa9a9bc9d74d60916,SPY,buy,market,fill,1,gtc,0.0,1,stock,607.4400024414062,100.0,0.0
2024-12-09 09:30:00-05:00,MyStrategy,281ede23811f476e9f1d39ebfe438921,SPY,buy,market,new,1,gtc,0.0,1,stock,,,
2024-12-09 09:30:00-05:00,MyStrategy,281ede23811f476e9f1d39ebfe438921,SPY,buy,market,fill,1,gtc,0.0,1,stock,607.6900024414062,100.0,0.0
2024-12-09 12:30:00-05:00,MyStrategy,2ee63130d5ef4233a07091d1cb0fc71f,SPY,buy,market,new,1,gtc,0.0,1,stock,,,
2024-12-09 12:30:00-05:00,MyStrategy,2ee63130d5ef4233a07091d1cb0fc71f,SPY,buy,market,fill,1,gtc,0.0,1,stock,607.6900024414062,100.0,0.0
2024-12-09 15:30:00-05:00,MyStrategy,9b40726085c6437997895a269f098640,SPY,buy,market,new,1,gtc,0.0,1,stock,,,
2024-12-09 15:30:00-05:00,MyStrategy,9b40726085c6437997895a269f098640,SPY,buy,market,fill,1,gtc,0.0,1,stock,607.6900024414062,100.0,0.0
2024-12-10 09:30:00-05:00,MyStrategy,674be85484c6490e8a7fcc3584caa42f,SPY,buy,market,new,1,gtc,0.0,1,stock,,,
2024-12-10 09:30:00-05:00,MyStrategy,674be85484c6490e8a7fcc3584caa42f,SPY,buy,market,fill,1,gtc,0.0,1,stock,605.3699951171875,100.0,0.0
2024-12-10 12:30:00-05:00,MyStrategy,8877fceef3034c1d82d43940f940e248,SPY,buy,market,new,1,gtc,0.0,1,stock,,,
2024-12-10 12:30:00-05:00,MyStrategy,8877fceef3034c1d82d43940f940e248,SPY,buy,market,fill,1,gtc,0.0,1,stock,605.3699951171875,100.0,0.0
2024-12-10 15:30:00-05:00,MyStrategy,a46a06a26a604b129a069f9e076c7c9a,SPY,buy,market,new,1,gtc,0.0,1,stock,,,
2024-12-10 15:30:00-05:00,MyStrategy,a46a06a26a604b129a069f9e076c7c9a,SPY,buy,market,fill,1,gtc,0.0,1,stock,605.3699951171875,100.0,0.0
2024-12-11 09:30:00-05:00,MyStrategy,cca75e79fb4e40518ae91be761411fe7,SPY,buy,market,new,1,gtc,0.0,1,stock,,,
2024-12-11 09:30:00-05:00,MyStrategy,cca75e79fb4e40518ae91be761411fe7,SPY,buy,market,fill,1,gtc,0.0,1,stock,605.780029296875,100.0,0.0
2024-12-11 12:30:00-05:00,MyStrategy,f5e87bade05b4174ba84a3531225d258,SPY,buy,market,new,1,gtc,0.0,1,stock,,,
2024-12-11 12:30:00-05:00,MyStrategy,f5e87bade05b4174ba84a3531225d258,SPY,buy,market,fill,1,gtc,0.0,1,stock,605.780029296875,100.0,0.0
2024-12-11 15:30:00-05:00,MyStrategy,6d313f55be184a5caa5b07a8298317f3,SPY,buy,market,new,1,gtc,0.0,1,stock,,,
2024-12-11 15:30:00-05:00,MyStrategy,6d313f55be184a5caa5b07a8298317f3,SPY,buy,market,fill,1,gtc,0.0,1,stock,605.780029296875,100.0,0.0
2024-12-12 09:30:00-05:00,MyStrategy,1284eedd35984622a3dcbd090a8a0184,SPY,buy,market,new,1,gtc,0.0,1,stock,,,
2024-12-12 09:30:00-05:00,MyStrategy,1284eedd35984622a3dcbd090a8a0184,SPY,buy,market,fill,1,gtc,0.0,1,stock,606.5800170898438,100.0,0.0
2024-12-12 12:30:00-05:00,MyStrategy,0ab88d7874804b43a02d28c7e3798fbc,SPY,buy,market,new,1,gtc,0.0,1,stock,,,
2024-12-12 12:30:00-05:00,MyStrategy,0ab88d7874804b43a02d28c7e3798fbc,SPY,buy,market,fill,1,gtc,0.0,1,stock,606.5800170898438,100.0,0.0
2024-12-12 15:30:00-05:00,MyStrategy,9d63e3feb140458083c3cdb68b2fb9f0,SPY,buy,market,new,1,gtc,0.0,1,stock,,,
2024-12-12 15:30:00-05:00,MyStrategy,9d63e3feb140458083c3cdb68b2fb9f0,SPY,buy,market,fill,1,gtc,0.0,1,stock,606.5800170898438,100.0,0.0
2024-12-13 09:30:00-05:00,MyStrategy,2a7eec4e815c4627b3b55a3db2bb3489,SPY,buy,market,new,1,gtc,0.0,1,stock,,,
2024-12-13 09:30:00-05:00,MyStrategy,2a7eec4e815c4627b3b55a3db2bb3489,SPY,buy,market,fill,1,gtc,0.0,1,stock,606.4000244140625,100.0,0.0
2024-12-13 12:30:00-05:00,MyStrategy,edc6b87f5a9649a0a85fb5f946a738dc,SPY,buy,market,new,1,gtc,0.0,1,stock,,,
2024-12-13 12:30:00-05:00,MyStrategy,edc6b87f5a9649a0a85fb5f946a738dc,SPY,buy,market,fill,1,gtc,0.0,1,stock,606.4000244140625,100.0,0.0
2024-12-13 15:30:00-05:00,MyStrategy,dab1db3f81bd4f238bd135eef8ec0def,SPY,buy,market,new,1,gtc,0.0,1,stock,,,
2024-12-13 15:30:00-05:00,MyStrategy,dab1db3f81bd4f238bd135eef8ec0def,SPY,buy,market,fill,1,gtc,0.0,1,stock,606.4000244140625,100.0,0.0
2024-12-16 09:30:00-05:00,MyStrategy,c3621a47cf6d490f8033365c9d3d25e2,SPY,buy,market,new,1,gtc,0.0,1,stock,,,
2024-12-16 09:30:00-05:00,MyStrategy,c3621a47cf6d490f8033365c9d3d25e2,SPY,buy,market,fill,1,gtc,0.0,1,stock,606.0,100.0,0.0
2024-12-16 12:30:00-05:00,MyStrategy,233313c64f204a05b69d9840b7329e86,SPY,buy,market,new,1,gtc,0.0,1,stock,,,
2024-12-16 12:30:00-05:00,MyStrategy,233313c64f204a05b69d9840b7329e86,SPY,buy,market,fill,1,gtc,0.0,1,stock,606.0,100.0,0.0
2024-12-16 15:30:00-05:00,MyStrategy,cbf25b651cc14894a5fc3bcafd177438,SPY,buy,market,new,1,gtc,0.0,1,stock,,,
2024-12-16 15:30:00-05:00,MyStrategy,cbf25b651cc14894a5fc3bcafd177438,SPY,buy,market,fill,1,gtc,0.0,1,stock,606.0,100.0,0.0
2024-12-17 09:30:00-05:00,MyStrategy,86ccadef31b34794ae7d2e93860fec5f,SPY,buy,market,new,1,gtc,0.0,1,stock,,,
2024-12-17 09:30:00-05:00,MyStrategy,86ccadef31b34794ae7d2e93860fec5f,SPY,buy,market,fill,1,gtc,0.0,1,stock,604.1900024414062,100.0,0.0
2024-12-17 12:30:00-05:00,MyStrategy,ccca47a3fe2d45b2942c0354ee5a409b,SPY,buy,market,new,1,gtc,0.0,1,stock,,,
2024-12-17 12:30:00-05:00,MyStrategy,ccca47a3fe2d45b2942c0354ee5a409b,SPY,buy,market,fill,1,gtc,0.0,1,stock,604.1900024414062,100.0,0.0
2024-12-17 15:30:00-05:00,MyStrategy,f0eb5a22821e4cee9ecf9ce34a974fca,SPY,buy,market,new,1,gtc,0.0,1,stock,,,
2024-12-17 15:30:00-05:00,MyStrategy,f0eb5a22821e4cee9ecf9ce34a974fca,SPY,buy,market,fill,1,gtc,0.0,1,stock,604.1900024414062,100.0,0.0
2024-12-18 09:30:00-05:00,MyStrategy,9dece6dcdd2d433c870ce2c84c2a8db2,SPY,buy,market,new,1,gtc,0.0,1,stock,,,
2024-12-18 09:30:00-05:00,MyStrategy,9dece6dcdd2d433c870ce2c84c2a8db2,SPY,buy,market,fill,1,gtc,0.0,1,stock,603.97998046875,100.0,0.0
2024-12-18 12:30:00-05:00,MyStrategy,a86b75c43dad4cd581f19fc4c72ebfc9,SPY,buy,market,new,1,gtc,0.0,1,stock,,,
2024-12-18 12:30:00-05:00,MyStrategy,a86b75c43dad4cd581f19fc4c72ebfc9,SPY,buy,market,fill,1,gtc,0.0,1,stock,603.97998046875,100.0,0.0
2024-12-18 15:30:00-05:00,MyStrategy,e6e0a20c67ec4a06a8ea4cc8c0685df5,SPY,buy,market,new,1,gtc,0.0,1,stock,,,
2024-12-18 15:30:00-05:00,MyStrategy,e6e0a20c67ec4a06a8ea4cc8c0685df5,SPY,buy,market,fill,1,gtc,0.0,1,stock,603.97998046875,100.0,0.0
2024-12-19 09:30:00-05:00,MyStrategy,4bcc93870173417b95e6df13e44199ea,SPY,buy,market,new,1,gtc,0.0,1,stock,,,
2024-12-19 09:30:00-05:00,MyStrategy,4bcc93870173417b95e6df13e44199ea,SPY,buy,market,fill,1,gtc,0.0,1,stock,591.3599853515625,100.0,0.0
2024-12-19 12:30:00-05:00,MyStrategy,d12033c6865e45ee9614a914fca3545c,SPY,buy,market,new,1,gtc,0.0,1,stock,,,
2024-12-19 12:30:00-05:00,MyStrategy,d12033c6865e45ee9614a914fca3545c,SPY,buy,market,fill,1,gtc,0.0,1,stock,591.3599853515625,100.0,0.0
2024-12-19 15:30:00-05:00,MyStrategy,44f14b7655eb4b7aaea8481223463721,SPY,buy,market,new,1,gtc,0.0,1,stock,,,
2024-12-19 15:30:00-05:00,MyStrategy,44f14b7655eb4b7aaea8481223463721,SPY,buy,market,fill,1,gtc,0.0,1,stock,591.3599853515625,100.0,0.0
2024-12-20 09:30:00-05:00,MyStrategy,60864057d80a443196ae37772e8c2cc9,SPY,buy,market,new,1,gtc,0.0,1,stock,,,
2024-12-20 09:30:00-05:00,MyStrategy,60864057d80a443196ae37772e8c2cc9,SPY,buy,market,fill,1,gtc,0.0,1,stock,581.77001953125,100.0,0.0
2024-12-20 12:30:00-05:00,MyStrategy,57aff12e753c41c4baec52699982865c,SPY,buy,market,new,1,gtc,0.0,1,stock,,,
2024-12-20 12:30:00-05:00,MyStrategy,57aff12e753c41c4baec52699982865c,SPY,buy,market,fill,1,gtc,0.0,1,stock,581.77001953125,100.0,0.0
2024-12-20 15:30:00-05:00,MyStrategy,0208332398d14173943ac870bc35e92a,SPY,buy,market,new,1,gtc,0.0,1,stock,,,
2024-12-20 15:30:00-05:00,MyStrategy,0208332398d14173943ac870bc35e92a,SPY,buy,market,fill,1,gtc,0.0,1,stock,581.77001953125,100.0,0.0
2024-12-23 09:30:00-05:00,MyStrategy,6c34cc971cb14aefbfff8d2374ff7224,SPY,buy,market,new,1,gtc,0.0,1,stock,,,
2024-12-23 09:30:00-05:00,MyStrategy,6c34cc971cb14aefbfff8d2374ff7224,SPY,buy,market,fill,1,gtc,0.0,1,stock,590.8900146484375,100.0,0.0
2024-12-23 12:30:00-05:00,MyStrategy,8700aa21ece046349c4bd7a47460cfd8,SPY,buy,market,new,1,gtc,0.0,1,stock,,,
2024-12-23 12:30:00-05:00,MyStrategy,8700aa21ece046349c4bd7a47460cfd8,SPY,buy,market,fill,1,gtc,0.0,1,stock,590.8900146484375,100.0,0.0
2024-12-23 15:30:00-05:00,MyStrategy,482bf01a1ac14f1f840ebbdc478512fb,SPY,buy,market,new,1,gtc,0.0,1,stock,,,
2024-12-23 15:30:00-05:00,MyStrategy,482bf01a1ac14f1f840ebbdc478512fb,SPY,buy,market,fill,1,gtc,0.0,1,stock,590.8900146484375,100.0,0.0
2024-12-24 09:30:00-05:00,MyStrategy,28852e52c1df4ad59a3c7d4fac0281a0,SPY,buy,market,new,1,gtc,0.0,1,stock,,,
2024-12-24 09:30:00-05:00,MyStrategy,28852e52c1df4ad59a3c7d4fac0281a0,SPY,buy,market,fill,1,gtc,0.0,1,stock,596.0599975585938,100.0,0.0
2024-12-24 12:30:00-05:00,MyStrategy,24d36113b70e40f4a1ecebb7cdd18124,SPY,buy,market,new,1,gtc,0.0,1,stock,,,
2024-12-24 12:30:00-05:00,MyStrategy,24d36113b70e40f4a1ecebb7cdd18124,SPY,buy,market,fill,1,gtc,0.0,1,stock,596.0599975585938,100.0,0.0
2024-12-26 09:30:00-05:00,MyStrategy,0ca6c0ae5a0c4f4ab8c2bba542ee124b,SPY,buy,market,new,1,gtc,0.0,1,stock,,,
2024-12-26 09:30:00-05:00,MyStrategy,0ca6c0ae5a0c4f4ab8c2bba542ee124b,SPY,buy,market,fill,1,gtc,0.0,1,stock,599.5,100.0,0.0
2024-12-26 12:30:00-05:00,MyStrategy,0227be4f15d24f5f8107c2bf21eb4bc2,SPY,buy,market,new,1,gtc,0.0,1,stock,,,
2024-12-26 12:30:00-05:00,MyStrategy,0227be4f15d24f5f8107c2bf21eb4bc2,SPY,buy,market,fill,1,gtc,0.0,1,stock,599.5,100.0,0.0
2024-12-26 15:30:00-05:00,MyStrategy,b9df86da44374174bb0a4967aaecc923,SPY,buy,market,new,1,gtc,0.0,1,stock,,,
2024-12-26 15:30:00-05:00,MyStrategy,b9df86da44374174bb0a4967aaecc923,SPY,buy,market,fill,1,gtc,0.0,1,stock,599.5,100.0,0.0
2024-12-27 09:30:00-05:00,MyStrategy,efb61267f20247408470cc90907d2dee,SPY,buy,market,new,1,gtc,0.0,1,stock,,,
2024-12-27 09:30:00-05:00,MyStrategy,efb61267f20247408470cc90907d2dee,SPY,buy,market,fill,1,gtc,0.0,1,stock,597.5399780273438,100.0,0.0
2024-12-27 12:30:00-05:00,MyStrategy,6f21182e389a4e05931fa355f09d6226,SPY,buy,market,new,1,gtc,0.0,1,stock,,,
2024-12-27 12:30:00-05:00,MyStrategy,6f21182e389a4e05931fa355f09d6226,SPY,buy,market,fill,1,gtc,0.0,1,stock,597.5399780273438,100.0,0.0
2024-12-27 15:30:00-05:00,MyStrategy,1cab965f8b694b0aa5b6230958ecee04,SPY,buy,market,new,1,gtc,0.0,1,stock,,,
2024-12-27 15:30:00-05:00,MyStrategy,1cab965f8b694b0aa5b6230958ecee04,SPY,buy,market,fill,1,gtc,0.0,1,stock,597.5399780273438,100.0,0.0
2024-12-30 09:30:00-05:00,MyStrategy,516ae22a8d6c4524ad488a6394cfdb46,SPY,buy,market,new,1,gtc,0.0,1,stock,,,
2024-12-30 09:30:00-05:00,MyStrategy,516ae22a8d6c4524ad488a6394cfdb46,SPY,buy,market,fill,1,gtc,0.0,1,stock,587.8900146484375,100.0,0.0
2024-12-30 12:30:00-05:00,MyStrategy,381b3ee6ed6a4565bbd05b0cd3964eb5,SPY,buy,market,new,1,gtc,0.0,1,stock,,,
2024-12-30 12:30:00-05:00,MyStrategy,381b3ee6ed6a4565bbd05b0cd3964eb5,SPY,buy,market,fill,1,gtc,0.0,1,stock,587.8900146484375,100.0,0.0
2024-12-30 15:30:00-05:00,MyStrategy,fdd5de4ba9ba41efb81798f622ca1708,SPY,buy,market,new,1,gtc,0.0,1,stock,,,
2024-12-30 15:30:00-05:00,MyStrategy,fdd5de4ba9ba41efb81798f622ca1708,SPY,buy,market,fill,1,gtc,0.0,1,stock,587.8900146484375,100.0,0.0
