time,strategy,identifier,symbol,side,type,status,multiplier,time_in_force,asset.strike,asset.multiplier,asset.asset_type,price,filled_quantity,trade_cost
2024-01-02 09:30:00-05:00,MyStrategy,381cd54a1c754c0c8bbd1f86b27f72b5,SPY,buy,market,new,1,gtc,0.0,1,stock,,,
2024-01-02 09:30:00-05:00,MyStrategy,381cd54a1c754c0c8bbd1f86b27f72b5,SPY,buy,market,fill,1,gtc,0.0,1,stock,472.1600036621094,1.0,0.0
2024-01-02 12:30:00-05:00,MyStrategy,bf2aa749021740a7a935d3d9320493e1,SPY,buy,market,new,1,gtc,0.0,1,stock,,,
2024-01-02 12:30:00-05:00,MyStrategy,bf2aa749021740a7a935d3d9320493e1,SPY,buy,market,fill,1,gtc,0.0,1,stock,472.1600036621094,1.0,0.0
2024-01-02 15:30:00-05:00,MyStrategy,2f5aa449c89a4e4e9ca2f1355e38de6d,SPY,buy,market,new,1,gtc,0.0,1,stock,,,
2024-01-02 15:30:00-05:00,MyStrategy,2f5aa449c89a4e4e9ca2f1355e38de6d,SPY,buy,market,fill,1,gtc,0.0,1,stock,472.1600036621094,1.0,0.0
2024-01-03 09:30:00-05:00,MyStrategy,c7b4689731d24ecabeefe3ff2b76a5b9,SPY,buy,market,new,1,gtc,0.0,1,stock,,,
2024-01-03 09:30:00-05:00,MyStrategy,c7b4689731d24ecabeefe3ff2b76a5b9,SPY,buy,market,fill,1,gtc,0.0,1,stock,470.42999267578125,1.0,0.0
2024-01-03 12:30:00-05:00,MyStrategy,958f5613debc43c0b09a766a0186cd02,SPY,buy,market,new,1,gtc,0.0,1,stock,,,
2024-01-03 12:30:00-05:00,MyStrategy,958f5613debc43c0b09a766a0186cd02,SPY,buy,market,fill,1,gtc,0.0,1,stock,470.42999267578125,1.0,0.0
2024-01-03 15:30:00-05:00,MyStrategy,f7b6eae045664852830c82d4f9f6d0ed,SPY,buy,market,new,1,gtc,0.0,1,stock,,,
2024-01-03 15:30:00-05:00,MyStrategy,f7b6eae045664852830c82d4f9f6d0ed,SPY,buy,market,fill,1,gtc,0.0,1,stock,470.42999267578125,1.0,0.0
2024-01-04 09:30:00-05:00,MyStrategy,fb2dd4da361a4c1e86c32d7bf2aea238,SPY,buy,market,new,1,gtc,0.0,1,stock,,,
2024-01-04 09:30:00-05:00,MyStrategy,fb2dd4da361a4c1e86c32d7bf2aea238,SPY,buy,market,fill,1,gtc,0.0,1,stock,468.29998779296875,1.0,0.0
2024-01-04 12:30:00-05:00,MyStrategy,a9bba97c0f774aa6b36fec9b27772035,SPY,buy,market,new,1,gtc,0.0,1,stock,,,
2024-01-04 12:30:00-05:00,MyStrategy,a9bba97c0f774aa6b36fec9b27772035,SPY,buy,market,fill,1,gtc,0.0,1,stock,468.29998779296875,1.0,0.0
2024-01-04 15:30:00-05:00,MyStrategy,afddd5efad0943768cae79be9e487f23,SPY,buy,market,new,1,gtc,0.0,1,stock,,,
2024-01-04 15:30:00-05:00,MyStrategy,afddd5efad0943768cae79be9e487f23,SPY,buy,market,fill,1,gtc,0.0,1,stock,468.29998779296875,1.0,0.0
2024-01-05 09:30:00-05:00,MyStrategy,9fadfbf5542546a4b14ac5df3171fbf8,SPY,buy,market,new,1,gtc,0.0,1,stock,,,
2024-01-05 09:30:00-05:00,MyStrategy,9fadfbf5542546a4b14ac5df3171fbf8,SPY,buy,market,fill,1,gtc,0.0,1,stock,467.489990234375,1.0,0.0
2024-01-05 12:30:00-05:00,MyStrategy,9ec0e31f19c947cb9a990c81aa7ab555,SPY,buy,market,new,1,gtc,0.0,1,stock,,,
2024-01-05 12:30:00-05:00,MyStrategy,9ec0e31f19c947cb9a990c81aa7ab555,SPY,buy,market,fill,1,gtc,0.0,1,stock,467.489990234375,1.0,0.0
2024-01-05 15:30:00-05:00,MyStrategy,cc9c4f3cbf974679b3c5e873a891deac,SPY,buy,market,new,1,gtc,0.0,1,stock,,,
2024-01-05 15:30:00-05:00,MyStrategy,cc9c4f3cbf974679b3c5e873a891deac,SPY,buy,market,fill,1,gtc,0.0,1,stock,467.489990234375,1.0,0.0
2024-01-08 09:30:00-05:00,MyStrategy,c2e2bd0dd0db49eb88adc0568fd3e6e6,SPY,buy,market,new,1,gtc,0.0,1,stock,,,
2024-01-08 09:30:00-05:00,MyStrategy,c2e2bd0dd0db49eb88adc0568fd3e6e6,SPY,buy,market,fill,1,gtc,0.0,1,stock,468.42999267578125,1.0,0.0
2024-01-08 12:30:00-05:00,MyStrategy,032a31f2613a4ce4b8fcfa62b2de11e6,SPY,buy,market,new,1,gtc,0.0,1,stock,,,
2024-01-08 12:30:00-05:00,MyStrategy,032a31f2613a4ce4b8fcfa62b2de11e6,SPY,buy,market,fill,1,gtc,0.0,1,stock,468.42999267578125,1.0,0.0
2024-01-08 15:30:00-05:00,MyStrategy,eebce655aa894f98989a63a943405fa5,SPY,buy,market,new,1,gtc,0.0,1,stock,,,
2024-01-08 15:30:00-05:00,MyStrategy,eebce655aa894f98989a63a943405fa5,SPY,buy,market,fill,1,gtc,0.0,1,stock,468.42999267578125,1.0,0.0
2024-01-09 09:30:00-05:00,MyStrategy,65b742bfbb52486091c19ace2462f66f,SPY,buy,market,new,1,gtc,0.0,1,stock,,,
2024-01-09 09:30:00-05:00,MyStrategy,65b742bfbb52486091c19ace2462f66f,SPY,buy,market,fill,1,gtc,0.0,1,stock,471.8699951171875,1.0,0.0
2024-01-09 12:30:00-05:00,MyStrategy,69b8c302a3e1492d9efedc4389c8bd2b,SPY,buy,market,new,1,gtc,0.0,1,stock,,,
2024-01-09 12:30:00-05:00,MyStrategy,69b8c302a3e1492d9efedc4389c8bd2b,SPY,buy,market,fill,1,gtc,0.0,1,stock,471.8699951171875,1.0,0.0
2024-01-09 15:30:00-05:00,MyStrategy,b56532fd6d91492ab1bca66122ecb215,SPY,buy,market,new,1,gtc,0.0,1,stock,,,
2024-01-09 15:30:00-05:00,MyStrategy,b56532fd6d91492ab1bca66122ecb215,SPY,buy,market,fill,1,gtc,0.0,1,stock,471.8699951171875,1.0,0.0
2024-01-10 09:30:00-05:00,MyStrategy,27c121b6aa57407a9dde2e9c71394464,SPY,buy,market,new,1,gtc,0.0,1,stock,,,
2024-01-10 09:30:00-05:00,MyStrategy,27c121b6aa57407a9dde2e9c71394464,SPY,buy,market,fill,1,gtc,0.0,1,stock,474.1600036621094,1.0,0.0
2024-01-10 12:30:00-05:00,MyStrategy,33f3b95537ea44099587887fb1a0757b,SPY,buy,market,new,1,gtc,0.0,1,stock,,,
2024-01-10 12:30:00-05:00,MyStrategy,33f3b95537ea44099587887fb1a0757b,SPY,buy,market,fill,1,gtc,0.0,1,stock,474.1600036621094,1.0,0.0
2024-01-10 15:30:00-05:00,MyStrategy,e1d411a6105e4c1a98e6284f60b59f54,SPY,buy,market,new,1,gtc,0.0,1,stock,,,
2024-01-10 15:30:00-05:00,MyStrategy,e1d411a6105e4c1a98e6284f60b59f54,SPY,buy,market,fill,1,gtc,0.0,1,stock,474.1600036621094,1.0,0.0
2024-01-11 09:30:00-05:00,MyStrategy,7c92880c51bb457690c8d45fc07b5870,SPY,buy,market,new,1,gtc,0.0,1,stock,,,
2024-01-11 09:30:00-05:00,MyStrategy,7c92880c51bb457690c8d45fc07b5870,SPY,buy,market,fill,1,gtc,0.0,1,stock,477.5899963378906,1.0,0.0
2024-01-11 12:30:00-05:00,MyStrategy,ececc687e55f49798ef1e666ca5e820e,SPY,buy,market,new,1,gtc,0.0,1,stock,,,
2024-01-11 12:30:00-05:00,MyStrategy,ececc687e55f49798ef1e666ca5e820e,SPY,buy,market,fill,1,gtc,0.0,1,stock,477.5899963378906,1.0,0.0
2024-01-11 15:30:00-05:00,MyStrategy,cdc08f9f373a4d4c8ec4b9e1e46c5271,SPY,buy,market,new,1,gtc,0.0,1,stock,,,
2024-01-11 15:30:00-05:00,MyStrategy,cdc08f9f373a4d4c8ec4b9e1e46c5271,SPY,buy,market,fill,1,gtc,0.0,1,stock,477.5899963378906,1.0,0.0
2024-01-12 09:30:00-05:00,MyStrategy,16be4cb8958649049604638ad48be10f,SPY,buy,market,new,1,gtc,0.0,1,stock,,,
2024-01-12 09:30:00-05:00,MyStrategy,16be4cb8958649049604638ad48be10f,SPY,buy,market,fill,1,gtc,0.0,1,stock,477.8399963378906,1.0,0.0
2024-01-12 12:30:00-05:00,MyStrategy,7f149580f8ab41db8699d748ccebb749,SPY,buy,market,new,1,gtc,0.0,1,stock,,,
2024-01-12 12:30:00-05:00,MyStrategy,7f149580f8ab41db8699d748ccebb749,SPY,buy,market,fill,1,gtc,0.0,1,stock,477.8399963378906,1.0,0.0
2024-01-12 15:30:00-05:00,MyStrategy,1d976018527246ea82723cda85640c34,SPY,buy,market,new,1,gtc,0.0,1,stock,,,
2024-01-12 15:30:00-05:00,MyStrategy,1d976018527246ea82723cda85640c34,SPY,buy,market,fill,1,gtc,0.0,1,stock,477.8399963378906,1.0,0.0
2024-01-16 09:30:00-05:00,MyStrategy,5e37b4e43d5642c395db06381eda618d,SPY,buy,market,new,1,gtc,0.0,1,stock,,,
2024-01-16 09:30:00-05:00,MyStrategy,5e37b4e43d5642c395db06381eda618d,SPY,buy,market,fill,1,gtc,0.0,1,stock,475.260009765625,1.0,0.0
2024-01-16 12:30:00-05:00,MyStrategy,402e8346f0114d7a8f23f3bb5087070a,SPY,buy,market,new,1,gtc,0.0,1,stock,,,
2024-01-16 12:30:00-05:00,MyStrategy,402e8346f0114d7a8f23f3bb5087070a,SPY,buy,market,fill,1,gtc,0.0,1,stock,475.260009765625,1.0,0.0
2024-01-16 15:30:00-05:00,MyStrategy,ebeb1cc3b7a94880bb54dfe22e7c3146,SPY,buy,market,new,1,gtc,0.0,1,stock,,,
2024-01-16 15:30:00-05:00,MyStrategy,ebeb1cc3b7a94880bb54dfe22e7c3146,SPY,buy,market,fill,1,gtc,0.0,1,stock,475.260009765625,1.0,0.0
2024-01-17 09:30:00-05:00,MyStrategy,b1167a5b6cd24f33bcd9551ed2a45699,SPY,buy,market,new,1,gtc,0.0,1,stock,,,
2024-01-17 09:30:00-05:00,MyStrategy,b1167a5b6cd24f33bcd9551ed2a45699,SPY,buy,market,fill,1,gtc,0.0,1,stock,471.82000732421875,1.0,0.0
2024-01-17 12:30:00-05:00,MyStrategy,1681e0d2f27945f4bc07587fb795fd4c,SPY,buy,market,new,1,gtc,0.0,1,stock,,,
2024-01-17 12:30:00-05:00,MyStrategy,1681e0d2f27945f4bc07587fb795fd4c,SPY,buy,market,fill,1,gtc,0.0,1,stock,471.82000732421875,1.0,0.0
2024-01-17 15:30:00-05:00,MyStrategy,1f7f580c367e48c1a8ed3f0e3291bc72,SPY,buy,market,new,1,gtc,0.0,1,stock,,,
2024-01-17 15:30:00-05:00,MyStrategy,1f7f580c367e48c1a8ed3f0e3291bc72,SPY,buy,market,fill,1,gtc,0.0,1,stock,471.82000732421875,1.0,0.0
2024-01-18 09:30:00-05:00,MyStrategy,9a9889e2ab854fbebce78043b4cf4b58,SPY,buy,market,new,1,gtc,0.0,1,stock,,,
2024-01-18 09:30:00-05:00,MyStrategy,9a9889e2ab854fbebce78043b4cf4b58,SPY,buy,market,fill,1,gtc,0.0,1,stock,474.010009765625,1.0,0.0
2024-01-18 12:30:00-05:00,MyStrategy,a96ae5927ae04e8996cad09091312251,SPY,buy,market,new,1,gtc,0.0,1,stock,,,
2024-01-18 12:30:00-05:00,MyStrategy,a96ae5927ae04e8996cad09091312251,SPY,buy,market,fill,1,gtc,0.0,1,stock,474.010009765625,1.0,0.0
2024-01-18 15:30:00-05:00,MyStrategy,43703b8186c547dd836b7e67f04c0d3c,SPY,buy,market,new,1,gtc,0.0,1,stock,,,
2024-01-18 15:30:00-05:00,MyStrategy,43703b8186c547dd836b7e67f04c0d3c,SPY,buy,market,fill,1,gtc,0.0,1,stock,474.010009765625,1.0,0.0
2024-01-19 09:30:00-05:00,MyStrategy,dcfb18a882f44d589dcb8dfdda2be5b1,SPY,buy,market,new,1,gtc,0.0,1,stock,,,
2024-01-19 09:30:00-05:00,MyStrategy,dcfb18a882f44d589dcb8dfdda2be5b1,SPY,buy,market,fill,1,gtc,0.0,1,stock,477.6499938964844,1.0,0.0
2024-01-19 12:30:00-05:00,MyStrategy,cd78f43094d5485c95cd9487db75c780,SPY,buy,market,new,1,gtc,0.0,1,stock,,,
2024-01-19 12:30:00-05:00,MyStrategy,cd78f43094d5485c95cd9487db75c780,SPY,buy,market,fill,1,gtc,0.0,1,stock,477.6499938964844,1.0,0.0
2024-01-19 15:30:00-05:00,MyStrategy,2cc70ce0fae4448fa75b2b9309938cce,SPY,buy,market,new,1,gtc,0.0,1,stock,,,
2024-01-19 15:30:00-05:00,MyStrategy,2cc70ce0fae4448fa75b2b9309938cce,SPY,buy,market,fill,1,gtc,0.0,1,stock,477.6499938964844,1.0,0.0
2024-01-22 09:30:00-05:00,MyStrategy,96ee4cb23fb0460cbde6dda3e9996e37,SPY,buy,market,new,1,gtc,0.0,1,stock,,,
2024-01-22 09:30:00-05:00,MyStrategy,96ee4cb23fb0460cbde6dda3e9996e37,SPY,buy,market,fill,1,gtc,0.0,1,stock,484.010009765625,1.0,0.0
2024-01-22 12:30:00-05:00,MyStrategy,649e4cdd71214f32881a0cbb3f44faa8,SPY,buy,market,new,1,gtc,0.0,1,stock,,,
2024-01-22 12:30:00-05:00,MyStrategy,649e4cdd71214f32881a0cbb3f44faa8,SPY,buy,market,fill,1,gtc,0.0,1,stock,484.010009765625,1.0,0.0
2024-01-22 15:30:00-05:00,MyStrategy,fff545ba64f84af997df78eab2aa3736,SPY,buy,market,new,1,gtc,0.0,1,stock,,,
2024-01-22 15:30:00-05:00,MyStrategy,fff545ba64f84af997df78eab2aa3736,SPY,buy,market,fill,1,gtc,0.0,1,stock,484.010009765625,1.0,0.0
2024-01-23 09:30:00-05:00,MyStrategy,c630c23af2964d52969ca905ebe0ee38,SPY,buy,market,new,1,gtc,0.0,1,stock,,,
2024-01-23 09:30:00-05:00,MyStrategy,c630c23af2964d52969ca905ebe0ee38,SPY,buy,market,fill,1,gtc,0.0,1,stock,484.010009765625,1.0,0.0
2024-01-23 12:30:00-05:00,MyStrategy,65e7a166048c498593d57f0894ea7dd3,SPY,buy,market,new,1,gtc,0.0,1,stock,,,
2024-01-23 12:30:00-05:00,MyStrategy,65e7a166048c498593d57f0894ea7dd3,SPY,buy,market,fill,1,gtc,0.0,1,stock,484.010009765625,1.0,0.0
2024-01-23 15:30:00-05:00,MyStrategy,963f3c84f8724c948c1ae804f3d1c4b9,SPY,buy,market,new,1,gtc,0.0,1,stock,,,
2024-01-23 15:30:00-05:00,MyStrategy,963f3c84f8724c948c1ae804f3d1c4b9,SPY,buy,market,fill,1,gtc,0.0,1,stock,484.010009765625,1.0,0.0
2024-01-24 09:30:00-05:00,MyStrategy,9b53a6614254423baace2d9845dabb97,SPY,buy,market,new,1,gtc,0.0,1,stock,,,
2024-01-24 09:30:00-05:00,MyStrategy,9b53a6614254423baace2d9845dabb97,SPY,buy,market,fill,1,gtc,0.0,1,stock,487.80999755859375,1.0,0.0
2024-01-24 12:30:00-05:00,MyStrategy,234893ab254b4f7a9689511a3f569421,SPY,buy,market,new,1,gtc,0.0,1,stock,,,
2024-01-24 12:30:00-05:00,MyStrategy,234893ab254b4f7a9689511a3f569421,SPY,buy,market,fill,1,gtc,0.0,1,stock,487.80999755859375,1.0,0.0
2024-01-24 15:30:00-05:00,MyStrategy,81a556b08dce40e2a0593eca83af4739,SPY,buy,market,new,1,gtc,0.0,1,stock,,,
2024-01-24 15:30:00-05:00,MyStrategy,81a556b08dce40e2a0593eca83af4739,SPY,buy,market,fill,1,gtc,0.0,1,stock,487.80999755859375,1.0,0.0
2024-01-25 09:30:00-05:00,MyStrategy,5d3e6299a4ab4976a38e77f64b97395a,SPY,buy,market,new,1,gtc,0.0,1,stock,,,
2024-01-25 09:30:00-05:00,MyStrategy,5d3e6299a4ab4976a38e77f64b97395a,SPY,buy,market,fill,1,gtc,0.0,1,stock,487.5799865722656,1.0,0.0
2024-01-25 12:30:00-05:00,MyStrategy,3b806db1651c42988779b8d6cdc26bd7,SPY,buy,market,new,1,gtc,0.0,1,stock,,,
2024-01-25 12:30:00-05:00,MyStrategy,3b806db1651c42988779b8d6cdc26bd7,SPY,buy,market,fill,1,gtc,0.0,1,stock,487.5799865722656,1.0,0.0
2024-01-25 15:30:00-05:00,MyStrategy,32ff0e148d6a4c8180f2aa5f40e97766,SPY,buy,market,new,1,gtc,0.0,1,stock,,,
2024-01-25 15:30:00-05:00,MyStrategy,32ff0e148d6a4c8180f2aa5f40e97766,SPY,buy,market,fill,1,gtc,0.0,1,stock,487.5799865722656,1.0,0.0
2024-01-26 09:30:00-05:00,MyStrategy,dc6fb4d59d444d92b798a52e3a9f05b3,SPY,buy,market,new,1,gtc,0.0,1,stock,,,
2024-01-26 09:30:00-05:00,MyStrategy,dc6fb4d59d444d92b798a52e3a9f05b3,SPY,buy,market,fill,1,gtc,0.0,1,stock,487.5899963378906,1.0,0.0
2024-01-26 12:30:00-05:00,MyStrategy,7b1b2605d4b34cdb9f6a06629873e306,SPY,buy,market,new,1,gtc,0.0,1,stock,,,
2024-01-26 12:30:00-05:00,MyStrategy,7b1b2605d4b34cdb9f6a06629873e306,SPY,buy,market,fill,1,gtc,0.0,1,stock,487.5899963378906,1.0,0.0
2024-01-26 15:30:00-05:00,MyStrategy,6be2846f825648648757976c4bd805ad,SPY,buy,market,new,1,gtc,0.0,1,stock,,,
2024-01-26 15:30:00-05:00,MyStrategy,6be2846f825648648757976c4bd805ad,SPY,buy,market,fill,1,gtc,0.0,1,stock,487.5899963378906,1.0,0.0
2024-01-29 09:30:00-05:00,MyStrategy,0ae9ff1bf0b54249ab6ad55a7d33cced,SPY,buy,market,new,1,gtc,0.0,1,stock,,,
2024-01-29 09:30:00-05:00,MyStrategy,0ae9ff1bf0b54249ab6ad55a7d33cced,SPY,buy,market,fill,1,gtc,0.0,1,stock,487.7300109863281,1.0,0.0
2024-01-29 12:30:00-05:00,MyStrategy,b2b9251f42a04b879207be8e89861b3a,SPY,buy,market,new,1,gtc,0.0,1,stock,,,
2024-01-29 12:30:00-05:00,MyStrategy,b2b9251f42a04b879207be8e89861b3a,SPY,buy,market,fill,1,gtc,0.0,1,stock,487.7300109863281,1.0,0.0
2024-01-29 15:30:00-05:00,MyStrategy,288d7e937e8a496ea480182f7ae95e42,SPY,buy,market,new,1,gtc,0.0,1,stock,,,
2024-01-29 15:30:00-05:00,MyStrategy,288d7e937e8a496ea480182f7ae95e42,SPY,buy,market,fill,1,gtc,0.0,1,stock,487.7300109863281,1.0,0.0
2024-01-30 09:30:00-05:00,MyStrategy,c7048a2f98414e4aaad21bee898f957b,SPY,buy,market,new,1,gtc,0.0,1,stock,,,
2024-01-30 09:30:00-05:00,MyStrategy,c7048a2f98414e4aaad21bee898f957b,SPY,buy,market,fill,1,gtc,0.0,1,stock,490.55999755859375,1.0,0.0
2024-01-30 12:30:00-05:00,MyStrategy,b6f6d4ac5a904c2aa2fc227d0c8489b0,SPY,buy,market,new,1,gtc,0.0,1,stock,,,
2024-01-30 12:30:00-05:00,MyStrategy,b6f6d4ac5a904c2aa2fc227d0c8489b0,SPY,buy,market,fill,1,gtc,0.0,1,stock,490.55999755859375,1.0,0.0
2024-01-30 15:30:00-05:00,MyStrategy,d73615f3e4c24151a254875ff608f29a,SPY,buy,market,new,1,gtc,0.0,1,stock,,,
2024-01-30 15:30:00-05:00,MyStrategy,d73615f3e4c24151a254875ff608f29a,SPY,buy,market,fill,1,gtc,0.0,1,stock,490.55999755859375,1.0,0.0
2024-01-31 09:30:00-05:00,MyStrategy,0229a5db996e414b9f2347aaf7250db9,SPY,buy,market,new,1,gtc,0.0,1,stock,,,
2024-01-31 09:30:00-05:00,MyStrategy,0229a5db996e414b9f2347aaf7250db9,SPY,buy,market,fill,1,gtc,0.0,1,stock,488.6199951171875,1.0,0.0
2024-01-31 12:30:00-05:00,MyStrategy,c13b1e93c06241e7af7ea48433a552fe,SPY,buy,market,new,1,gtc,0.0,1,stock,,,
2024-01-31 12:30:00-05:00,MyStrategy,c13b1e93c06241e7af7ea48433a552fe,SPY,buy,market,fill,1,gtc,0.0,1,stock,488.6199951171875,1.0,0.0
2024-01-31 15:30:00-05:00,MyStrategy,528b43551aba4efebc42b868fe03ee1a,SPY,buy,market,new,1,gtc,0.0,1,stock,,,
2024-01-31 15:30:00-05:00,MyStrategy,528b43551aba4efebc42b868fe03ee1a,SPY,buy,market,fill,1,gtc,0.0,1,stock,488.6199951171875,1.0,0.0
2024-02-01 09:30:00-05:00,MyStrategy,30f1c7532eb24a5181bb713c8b6dee03,SPY,buy,market,new,1,gtc,0.0,1,stock,,,
2024-02-01 09:30:00-05:00,MyStrategy,30f1c7532eb24a5181bb713c8b6dee03,SPY,buy,market,fill,1,gtc,0.0,1,stock,484.6300048828125,1.0,0.0
2024-02-01 12:30:00-05:00,MyStrategy,89ca59f9b6c1449dbea9bcfaf3ddc8ff,SPY,buy,market,new,1,gtc,0.0,1,stock,,,
2024-02-01 12:30:00-05:00,MyStrategy,89ca59f9b6c1449dbea9bcfaf3ddc8ff,SPY,buy,market,fill,1,gtc,0.0,1,stock,484.6300048828125,1.0,0.0
2024-02-01 15:30:00-05:00,MyStrategy,7616af4067034469bdbf7fb9d39046a2,SPY,buy,market,new,1,gtc,0.0,1,stock,,,
2024-02-01 15:30:00-05:00,MyStrategy,7616af4067034469bdbf7fb9d39046a2,SPY,buy,market,fill,1,gtc,0.0,1,stock,484.6300048828125,1.0,0.0
2024-02-02 09:30:00-05:00,MyStrategy,dad73f4f527b4fafb830d4964317908c,SPY,buy,market,new,1,gtc,0.0,1,stock,,,
2024-02-02 09:30:00-05:00,MyStrategy,dad73f4f527b4fafb830d4964317908c,SPY,buy,market,fill,1,gtc,0.0,1,stock,489.6499938964844,1.0,0.0
2024-02-02 12:30:00-05:00,MyStrategy,373b92596f1d450d8d5d09a33152a6af,SPY,buy,market,new,1,gtc,0.0,1,stock,,,
2024-02-02 12:30:00-05:00,MyStrategy,373b92596f1d450d8d5d09a33152a6af,SPY,buy,market,fill,1,gtc,0.0,1,stock,489.6499938964844,1.0,0.0
2024-02-02 15:30:00-05:00,MyStrategy,bba48395a045425ea46484c252a8b460,SPY,buy,market,new,1,gtc,0.0,1,stock,,,
2024-02-02 15:30:00-05:00,MyStrategy,bba48395a045425ea46484c252a8b460,SPY,buy,market,fill,1,gtc,0.0,1,stock,489.6499938964844,1.0,0.0
2024-02-05 09:30:00-05:00,MyStrategy,79b66e307024492fa7ec6350594acc4b,SPY,buy,market,new,1,gtc,0.0,1,stock,,,
2024-02-05 09:30:00-05:00,MyStrategy,79b66e307024492fa7ec6350594acc4b,SPY,buy,market,fill,1,gtc,0.0,1,stock,493.70001220703125,1.0,0.0
2024-02-05 12:30:00-05:00,MyStrategy,7d6b370868734f51960b3e3fa587b2c8,SPY,buy,market,new,1,gtc,0.0,1,stock,,,
2024-02-05 12:30:00-05:00,MyStrategy,7d6b370868734f51960b3e3fa587b2c8,SPY,buy,market,fill,1,gtc,0.0,1,stock,493.70001220703125,1.0,0.0
2024-02-05 15:30:00-05:00,MyStrategy,c749014c4c404f8fa0f2773801a96933,SPY,buy,market,new,1,gtc,0.0,1,stock,,,
2024-02-05 15:30:00-05:00,MyStrategy,c749014c4c404f8fa0f2773801a96933,SPY,buy,market,fill,1,gtc,0.0,1,stock,493.70001220703125,1.0,0.0
2024-02-06 09:30:00-05:00,MyStrategy,b9caca4a9fba45bcb045c343d17099e0,SPY,buy,market,new,1,gtc,0.0,1,stock,,,
2024-02-06 09:30:00-05:00,MyStrategy,b9caca4a9fba45bcb045c343d17099e0,SPY,buy,market,fill,1,gtc,0.0,1,stock,493.5199890136719,1.0,0.0
2024-02-06 12:30:00-05:00,MyStrategy,63f128e168b748948f6f447df7edd751,SPY,buy,market,new,1,gtc,0.0,1,stock,,,
2024-02-06 12:30:00-05:00,MyStrategy,63f128e168b748948f6f447df7edd751,SPY,buy,market,fill,1,gtc,0.0,1,stock,493.5199890136719,1.0,0.0
2024-02-06 15:30:00-05:00,MyStrategy,38906c37b9a14bd88580e8b13a6d8f1d,SPY,buy,market,new,1,gtc,0.0,1,stock,,,
2024-02-06 15:30:00-05:00,MyStrategy,38906c37b9a14bd88580e8b13a6d8f1d,SPY,buy,market,fill,1,gtc,0.0,1,stock,493.5199890136719,1.0,0.0
2024-02-07 09:30:00-05:00,MyStrategy,e267020ce9444f658f68e9216dd3bd79,SPY,buy,market,new,1,gtc,0.0,1,stock,,,
2024-02-07 09:30:00-05:00,MyStrategy,e267020ce9444f658f68e9216dd3bd79,SPY,buy,market,fill,1,gtc,0.0,1,stock,496.2900085449219,1.0,0.0
2024-02-07 12:30:00-05:00,MyStrategy,81513b0f724a49a6b7aeba517a1898aa,SPY,buy,market,new,1,gtc,0.0,1,stock,,,
2024-02-07 12:30:00-05:00,MyStrategy,81513b0f724a49a6b7aeba517a1898aa,SPY,buy,market,fill,1,gtc,0.0,1,stock,496.2900085449219,1.0,0.0
2024-02-07 15:30:00-05:00,MyStrategy,8797d5a1cab54cd38df7ad3cc604b6ba,SPY,buy,market,new,1,gtc,0.0,1,stock,,,
2024-02-07 15:30:00-05:00,MyStrategy,8797d5a1cab54cd38df7ad3cc604b6ba,SPY,buy,market,fill,1,gtc,0.0,1,stock,496.2900085449219,1.0,0.0
2024-02-08 09:30:00-05:00,MyStrategy,6b16175f60de4b94a79ca8d2e3a5d0bb,SPY,buy,market,new,1,gtc,0.0,1,stock,,,
2024-02-08 09:30:00-05:00,MyStrategy,6b16175f60de4b94a79ca8d2e3a5d0bb,SPY,buy,market,fill,1,gtc,0.0,1,stock,498.1000061035156,1.0,0.0
2024-02-08 12:30:00-05:00,MyStrategy,ca04a29393d24471b0b72fda622cbf21,SPY,buy,market,new,1,gtc,0.0,1,stock,,,
2024-02-08 12:30:00-05:00,MyStrategy,ca04a29393d24471b0b72fda622cbf21,SPY,buy,market,fill,1,gtc,0.0,1,stock,498.1000061035156,1.0,0.0
2024-02-08 15:30:00-05:00,MyStrategy,9d092ae75b6242cbbaa350f1bab0271c,SPY,buy,market,new,1,gtc,0.0,1,stock,,,
2024-02-08 15:30:00-05:00,MyStrategy,9d092ae75b6242cbbaa350f1bab0271c,SPY,buy,market,fill,1,gtc,0.0,1,stock,498.1000061035156,1.0,0.0
2024-02-09 09:30:00-05:00,MyStrategy,1d329c86a96e4b03bec0eaf863a19ff3,SPY,buy,market,new,1,gtc,0.0,1,stock,,,
2024-02-09 09:30:00-05:00,MyStrategy,1d329c86a96e4b03bec0eaf863a19ff3,SPY,buy,market,fill,1,gtc,0.0,1,stock,498.8399963378906,1.0,0.0
2024-02-09 12:30:00-05:00,MyStrategy,90669ed971d246daaf054d95cf896755,SPY,buy,market,new,1,gtc,0.0,1,stock,,,
2024-02-09 12:30:00-05:00,MyStrategy,90669ed971d246daaf054d95cf896755,SPY,buy,market,fill,1,gtc,0.0,1,stock,498.8399963378906,1.0,0.0
2024-02-09 15:30:00-05:00,MyStrategy,57374774785e4fa99ab113dac1a82611,SPY,buy,market,new,1,gtc,0.0,1,stock,,,
2024-02-09 15:30:00-05:00,MyStrategy,57374774785e4fa99ab113dac1a82611,SPY,buy,market,fill,1,gtc,0.0,1,stock,498.8399963378906,1.0,0.0
2024-02-12 09:30:00-05:00,MyStrategy,bee728e0899f4999b160d33d92424b7e,SPY,buy,market,new,1,gtc,0.0,1,stock,,,
2024-02-12 09:30:00-05:00,MyStrategy,bee728e0899f4999b160d33d92424b7e,SPY,buy,market,fill,1,gtc,0.0,1,stock,501.1700134277344,1.0,0.0
2024-02-12 12:30:00-05:00,MyStrategy,87c67c46c3f3401b8a5536355f1f0ece,SPY,buy,market,new,1,gtc,0.0,1,stock,,,
2024-02-12 12:30:00-05:00,MyStrategy,87c67c46c3f3401b8a5536355f1f0ece,SPY,buy,market,fill,1,gtc,0.0,1,stock,501.1700134277344,1.0,0.0
2024-02-12 15:30:00-05:00,MyStrategy,34fdfb7016eb4500bee580390d36d4c6,SPY,buy,market,new,1,gtc,0.0,1,stock,,,
2024-02-12 15:30:00-05:00,MyStrategy,34fdfb7016eb4500bee580390d36d4c6,SPY,buy,market,fill,1,gtc,0.0,1,stock,501.1700134277344,1.0,0.0
2024-02-13 09:30:00-05:00,MyStrategy,7cec6fc67c53494999858e9a204f7e8d,SPY,buy,market,new,1,gtc,0.0,1,stock,,,
2024-02-13 09:30:00-05:00,MyStrategy,7cec6fc67c53494999858e9a204f7e8d,SPY,buy,market,fill,1,gtc,0.0,1,stock,494.5299987792969,1.0,0.0
2024-02-13 12:30:00-05:00,MyStrategy,93a6935561a14021a11895e2455f72b7,SPY,buy,market,new,1,gtc,0.0,1,stock,,,
2024-02-13 12:30:00-05:00,MyStrategy,93a6935561a14021a11895e2455f72b7,SPY,buy,market,fill,1,gtc,0.0,1,stock,494.5299987792969,1.0,0.0
2024-02-13 15:30:00-05:00,MyStrategy,10b98e8b0a8343b095dad2aef2811e13,SPY,buy,market,new,1,gtc,0.0,1,stock,,,
2024-02-13 15:30:00-05:00,MyStrategy,10b98e8b0a8343b095dad2aef2811e13,SPY,buy,market,fill,1,gtc,0.0,1,stock,494.5299987792969,1.0,0.0
2024-02-14 09:30:00-05:00,MyStrategy,17eff9f100c945d79bd409370e54cf3f,SPY,buy,market,new,1,gtc,0.0,1,stock,,,
2024-02-14 09:30:00-05:00,MyStrategy,17eff9f100c945d79bd409370e54cf3f,SPY,buy,market,fill,1,gtc,0.0,1,stock,496.7900085449219,1.0,0.0
2024-02-14 12:30:00-05:00,MyStrategy,80814801e90f44d39ec2bc24da5a9f31,SPY,buy,market,new,1,gtc,0.0,1,stock,,,
2024-02-14 12:30:00-05:00,MyStrategy,80814801e90f44d39ec2bc24da5a9f31,SPY,buy,market,fill,1,gtc,0.0,1,stock,496.7900085449219,1.0,0.0
2024-02-14 15:30:00-05:00,MyStrategy,b96fda292e7e4afba483a72482c941b6,SPY,buy,market,new,1,gtc,0.0,1,stock,,,
2024-02-14 15:30:00-05:00,MyStrategy,b96fda292e7e4afba483a72482c941b6,SPY,buy,market,fill,1,gtc,0.0,1,stock,496.7900085449219,1.0,0.0
2024-02-15 09:30:00-05:00,MyStrategy,1c2036ffac344c9e8c988661568b01a5,SPY,buy,market,new,1,gtc,0.0,1,stock,,,
2024-02-15 09:30:00-05:00,MyStrategy,1c2036ffac344c9e8c988661568b01a5,SPY,buy,market,fill,1,gtc,0.0,1,stock,499.2900085449219,1.0,0.0
2024-02-15 12:30:00-05:00,MyStrategy,8f61d9af62e346ef860adb78cf2b7104,SPY,buy,market,new,1,gtc,0.0,1,stock,,,
2024-02-15 12:30:00-05:00,MyStrategy,8f61d9af62e346ef860adb78cf2b7104,SPY,buy,market,fill,1,gtc,0.0,1,stock,499.2900085449219,1.0,0.0
2024-02-15 15:30:00-05:00,MyStrategy,564127f21e9041c19cd6c9c9b0f2176c,SPY,buy,market,new,1,gtc,0.0,1,stock,,,
2024-02-15 15:30:00-05:00,MyStrategy,564127f21e9041c19cd6c9c9b0f2176c,SPY,buy,market,fill,1,gtc,0.0,1,stock,499.2900085449219,1.0,0.0
2024-02-16 09:30:00-05:00,MyStrategy,9504f78b5e6e4c278ec9c447aa2bbb6c,SPY,buy,market,new,1,gtc,0.0,1,stock,,,
2024-02-16 09:30:00-05:00,MyStrategy,9504f78b5e6e4c278ec9c447aa2bbb6c,SPY,buy,market,fill,1,gtc,0.0,1,stock,501.70001220703125,1.0,0.0
2024-02-16 12:30:00-05:00,MyStrategy,ff09b42889ef4f70aec93a33c49470d8,SPY,buy,market,new,1,gtc,0.0,1,stock,,,
2024-02-16 12:30:00-05:00,MyStrategy,ff09b42889ef4f70aec93a33c49470d8,SPY,buy,market,fill,1,gtc,0.0,1,stock,501.70001220703125,1.0,0.0
2024-02-16 15:30:00-05:00,MyStrategy,6144b85be11b470f9358f1b048eee407,SPY,buy,market,new,1,gtc,0.0,1,stock,,,
2024-02-16 15:30:00-05:00,MyStrategy,6144b85be11b470f9358f1b048eee407,SPY,buy,market,fill,1,gtc,0.0,1,stock,501.70001220703125,1.0,0.0
2024-02-20 09:30:00-05:00,MyStrategy,33f22f4329ae488ead19ed639594559c,SPY,buy,market,new,1,gtc,0.0,1,stock,,,
2024-02-20 09:30:00-05:00,MyStrategy,33f22f4329ae488ead19ed639594559c,SPY,buy,market,fill,1,gtc,0.0,1,stock,497.7200012207031,1.0,0.0
2024-02-20 12:30:00-05:00,MyStrategy,b7dba395b7334006bfc0991d5804043d,SPY,buy,market,new,1,gtc,0.0,1,stock,,,
2024-02-20 12:30:00-05:00,MyStrategy,b7dba395b7334006bfc0991d5804043d,SPY,buy,market,fill,1,gtc,0.0,1,stock,497.7200012207031,1.0,0.0
2024-02-20 15:30:00-05:00,MyStrategy,464010a5f14d4102bb4932573213b564,SPY,buy,market,new,1,gtc,0.0,1,stock,,,
2024-02-20 15:30:00-05:00,MyStrategy,464010a5f14d4102bb4932573213b564,SPY,buy,market,fill,1,gtc,0.0,1,stock,497.7200012207031,1.0,0.0
2024-02-21 09:30:00-05:00,MyStrategy,3f1f1d650fd64020b83a33b63a88b849,SPY,buy,market,new,1,gtc,0.0,1,stock,,,
2024-02-21 09:30:00-05:00,MyStrategy,3f1f1d650fd64020b83a33b63a88b849,SPY,buy,market,fill,1,gtc,0.0,1,stock,495.4200134277344,1.0,0.0
2024-02-21 12:30:00-05:00,MyStrategy,c345a3c71a0d42fdad6e37ffa95bdf1a,SPY,buy,market,new,1,gtc,0.0,1,stock,,,
2024-02-21 12:30:00-05:00,MyStrategy,c345a3c71a0d42fdad6e37ffa95bdf1a,SPY,buy,market,fill,1,gtc,0.0,1,stock,495.4200134277344,1.0,0.0
2024-02-21 15:30:00-05:00,MyStrategy,42edce6e5af54356b3ca5dec3f1b70be,SPY,buy,market,new,1,gtc,0.0,1,stock,,,
2024-02-21 15:30:00-05:00,MyStrategy,42edce6e5af54356b3ca5dec3f1b70be,SPY,buy,market,fill,1,gtc,0.0,1,stock,495.4200134277344,1.0,0.0
2024-02-22 09:30:00-05:00,MyStrategy,04b7bc3beb784946b1e8f8c7be055fe1,SPY,buy,market,new,1,gtc,0.0,1,stock,,,
2024-02-22 09:30:00-05:00,MyStrategy,04b7bc3beb784946b1e8f8c7be055fe1,SPY,buy,market,fill,1,gtc,0.0,1,stock,504.010009765625,1.0,0.0
2024-02-22 12:30:00-05:00,MyStrategy,a36355ed9e574c26a0b98389b9df5476,SPY,buy,market,new,1,gtc,0.0,1,stock,,,
2024-02-22 12:30:00-05:00,MyStrategy,a36355ed9e574c26a0b98389b9df5476,SPY,buy,market,fill,1,gtc,0.0,1,stock,504.010009765625,1.0,0.0
2024-02-22 15:30:00-05:00,MyStrategy,4eec8cc0920d43ba8c767abec7e3e70d,SPY,buy,market,new,1,gtc,0.0,1,stock,,,
2024-02-22 15:30:00-05:00,MyStrategy,4eec8cc0920d43ba8c767abec7e3e70d,SPY,buy,market,fill,1,gtc,0.0,1,stock,504.010009765625,1.0,0.0
2024-02-23 09:30:00-05:00,MyStrategy,cd7647f2e7b7426d810b33f26f0ef70b,SPY,buy,market,new,1,gtc,0.0,1,stock,,,
2024-02-23 09:30:00-05:00,MyStrategy,cd7647f2e7b7426d810b33f26f0ef70b,SPY,buy,market,fill,1,gtc,0.0,1,stock,509.2699890136719,1.0,0.0
2024-02-23 12:30:00-05:00,MyStrategy,ec5b59fcb2764460bd072f006adf5b28,SPY,buy,market,new,1,gtc,0.0,1,stock,,,
2024-02-23 12:30:00-05:00,MyStrategy,ec5b59fcb2764460bd072f006adf5b28,SPY,buy,market,fill,1,gtc,0.0,1,stock,509.2699890136719,1.0,0.0
2024-02-23 15:30:00-05:00,MyStrategy,5c4ebc9eff9647aaa0d5916d5ff28964,SPY,buy,market,new,1,gtc,0.0,1,stock,,,
2024-02-23 15:30:00-05:00,MyStrategy,5c4ebc9eff9647aaa0d5916d5ff28964,SPY,buy,market,fill,1,gtc,0.0,1,stock,509.2699890136719,1.0,0.0
2024-02-26 09:30:00-05:00,MyStrategy,29a61e8cd9364e509c17e8b53386d5be,SPY,buy,market,new,1,gtc,0.0,1,stock,,,
2024-02-26 09:30:00-05:00,MyStrategy,29a61e8cd9364e509c17e8b53386d5be,SPY,buy,market,fill,1,gtc,0.0,1,stock,508.29998779296875,1.0,0.0
2024-02-26 12:30:00-05:00,MyStrategy,5268648bfd974dbfa9cbd2fbfdf0c42d,SPY,buy,market,new,1,gtc,0.0,1,stock,,,
2024-02-26 12:30:00-05:00,MyStrategy,5268648bfd974dbfa9cbd2fbfdf0c42d,SPY,buy,market,fill,1,gtc,0.0,1,stock,508.29998779296875,1.0,0.0
2024-02-26 15:30:00-05:00,MyStrategy,5fbe017f9a854296ac46f96e5ac52c08,SPY,buy,market,new,1,gtc,0.0,1,stock,,,
2024-02-26 15:30:00-05:00,MyStrategy,5fbe017f9a854296ac46f96e5ac52c08,SPY,buy,market,fill,1,gtc,0.0,1,stock,508.29998779296875,1.0,0.0
2024-02-27 09:30:00-05:00,MyStrategy,88b7bb7d70244d929e54ac0f11b27ee2,SPY,buy,market,new,1,gtc,0.0,1,stock,,,
2024-02-27 09:30:00-05:00,MyStrategy,88b7bb7d70244d929e54ac0f11b27ee2,SPY,buy,market,fill,1,gtc,0.0,1,stock,506.70001220703125,1.0,0.0
2024-02-27 12:30:00-05:00,MyStrategy,a4385649d13149bbba408a2742960e17,SPY,buy,market,new,1,gtc,0.0,1,stock,,,
2024-02-27 12:30:00-05:00,MyStrategy,a4385649d13149bbba408a2742960e17,SPY,buy,market,fill,1,gtc,0.0,1,stock,506.70001220703125,1.0,0.0
2024-02-27 15:30:00-05:00,MyStrategy,0d26b068c72542d6921821f4adf999ee,SPY,buy,market,new,1,gtc,0.0,1,stock,,,
2024-02-27 15:30:00-05:00,MyStrategy,0d26b068c72542d6921821f4adf999ee,SPY,buy,market,fill,1,gtc,0.0,1,stock,506.70001220703125,1.0,0.0
2024-02-28 09:30:00-05:00,MyStrategy,7933d3c911ea4f499831cce3a59fb0dd,SPY,buy,market,new,1,gtc,0.0,1,stock,,,
2024-02-28 09:30:00-05:00,MyStrategy,7933d3c911ea4f499831cce3a59fb0dd,SPY,buy,market,fill,1,gtc,0.0,1,stock,505.3299865722656,1.0,0.0
2024-02-28 12:30:00-05:00,MyStrategy,4213a27e10834ce9ac1837dc15f1a0b9,SPY,buy,market,new,1,gtc,0.0,1,stock,,,
2024-02-28 12:30:00-05:00,MyStrategy,4213a27e10834ce9ac1837dc15f1a0b9,SPY,buy,market,fill,1,gtc,0.0,1,stock,505.3299865722656,1.0,0.0
2024-02-28 15:30:00-05:00,MyStrategy,8a29be51e2ce4b1dabab6aef5b790b26,SPY,buy,market,new,1,gtc,0.0,1,stock,,,
2024-02-28 15:30:00-05:00,MyStrategy,8a29be51e2ce4b1dabab6aef5b790b26,SPY,buy,market,fill,1,gtc,0.0,1,stock,505.3299865722656,1.0,0.0
2024-02-29 09:30:00-05:00,MyStrategy,9ef0ef47daca4bb797b4e1d0a5e1d94c,SPY,buy,market,new,1,gtc,0.0,1,stock,,,
2024-02-29 09:30:00-05:00,MyStrategy,9ef0ef47daca4bb797b4e1d0a5e1d94c,SPY,buy,market,fill,1,gtc,0.0,1,stock,508.07000732421875,1.0,0.0
2024-02-29 12:30:00-05:00,MyStrategy,3943201350b948dd95d938c8466a7bb4,SPY,buy,market,new,1,gtc,0.0,1,stock,,,
2024-02-29 12:30:00-05:00,MyStrategy,3943201350b948dd95d938c8466a7bb4,SPY,buy,market,fill,1,gtc,0.0,1,stock,508.07000732421875,1.0,0.0
2024-02-29 15:30:00-05:00,MyStrategy,0bd599995b3147188df8c68b947be21c,SPY,buy,market,new,1,gtc,0.0,1,stock,,,
2024-02-29 15:30:00-05:00,MyStrategy,0bd599995b3147188df8c68b947be21c,SPY,buy,market,fill,1,gtc,0.0,1,stock,508.07000732421875,1.0,0.0
2024-03-01 09:30:00-05:00,MyStrategy,bcf23e951d6b462f8051092c8aa1cad9,SPY,buy,market,new,1,gtc,0.0,1,stock,,,
2024-03-01 09:30:00-05:00,MyStrategy,bcf23e951d6b462f8051092c8aa1cad9,SPY,buy,market,fill,1,gtc,0.0,1,stock,508.9800109863281,1.0,0.0
2024-03-01 12:30:00-05:00,MyStrategy,67a47acaac5040d6908383dd3a4a4904,SPY,buy,market,new,1,gtc,0.0,1,stock,,,
2024-03-01 12:30:00-05:00,MyStrategy,67a47acaac5040d6908383dd3a4a4904,SPY,buy,market,fill,1,gtc,0.0,1,stock,508.9800109863281,1.0,0.0
2024-03-01 15:30:00-05:00,MyStrategy,5e8fc4e522114312a5c1dd1bceab13fd,SPY,buy,market,new,1,gtc,0.0,1,stock,,,
2024-03-01 15:30:00-05:00,MyStrategy,5e8fc4e522114312a5c1dd1bceab13fd,SPY,buy,market,fill,1,gtc,0.0,1,stock,508.9800109863281,1.0,0.0
2024-03-04 09:30:00-05:00,MyStrategy,b3ae499a879f439eb19efb2b1ed1182c,SPY,buy,market,new,1,gtc,0.0,1,stock,,,
2024-03-04 09:30:00-05:00,MyStrategy,b3ae499a879f439eb19efb2b1ed1182c,SPY,buy,market,fill,1,gtc,0.0,1,stock,512.030029296875,1.0,0.0
2024-03-04 12:30:00-05:00,MyStrategy,60e38abc521546ca8c70f44ccd325313,SPY,buy,market,new,1,gtc,0.0,1,stock,,,
2024-03-04 12:30:00-05:00,MyStrategy,60e38abc521546ca8c70f44ccd325313,SPY,buy,market,fill,1,gtc,0.0,1,stock,512.030029296875,1.0,0.0
2024-03-04 15:30:00-05:00,MyStrategy,5bcc42a56ee24b4091892e8142fd9ead,SPY,buy,market,new,1,gtc,0.0,1,stock,,,
2024-03-04 15:30:00-05:00,MyStrategy,5bcc42a56ee24b4091892e8142fd9ead,SPY,buy,market,fill,1,gtc,0.0,1,stock,512.030029296875,1.0,0.0
2024-03-05 09:30:00-05:00,MyStrategy,e7ec7640a7b14871b78bbea65e135002,SPY,buy,market,new,1,gtc,0.0,1,stock,,,
2024-03-05 09:30:00-05:00,MyStrategy,e7ec7640a7b14871b78bbea65e135002,SPY,buy,market,fill,1,gtc,0.0,1,stock,510.239990234375,1.0,0.0
2024-03-05 12:30:00-05:00,MyStrategy,6fc11ec23ae840c582de4b4b7a7ae646,SPY,buy,market,new,1,gtc,0.0,1,stock,,,
2024-03-05 12:30:00-05:00,MyStrategy,6fc11ec23ae840c582de4b4b7a7ae646,SPY,buy,market,fill,1,gtc,0.0,1,stock,510.239990234375,1.0,0.0
2024-03-05 15:30:00-05:00,MyStrategy,8ae702d6140b4f93aa0de95b572a4459,SPY,buy,market,new,1,gtc,0.0,1,stock,,,
2024-03-05 15:30:00-05:00,MyStrategy,8ae702d6140b4f93aa0de95b572a4459,SPY,buy,market,fill,1,gtc,0.0,1,stock,510.239990234375,1.0,0.0
2024-03-06 09:30:00-05:00,MyStrategy,f96ce52c28fe4910806f51573795580f,SPY,buy,market,new,1,gtc,0.0,1,stock,,,
2024-03-06 09:30:00-05:00,MyStrategy,f96ce52c28fe4910806f51573795580f,SPY,buy,market,fill,1,gtc,0.0,1,stock,510.54998779296875,1.0,0.0
2024-03-06 12:30:00-05:00,MyStrategy,b29c30c5dbed450c85ef9c3634ca716d,SPY,buy,market,new,1,gtc,0.0,1,stock,,,
2024-03-06 12:30:00-05:00,MyStrategy,b29c30c5dbed450c85ef9c3634ca716d,SPY,buy,market,fill,1,gtc,0.0,1,stock,510.54998779296875,1.0,0.0
2024-03-06 15:30:00-05:00,MyStrategy,fddb55635f1a44d58343ec12bccfb9f0,SPY,buy,market,new,1,gtc,0.0,1,stock,,,
2024-03-06 15:30:00-05:00,MyStrategy,fddb55635f1a44d58343ec12bccfb9f0,SPY,buy,market,fill,1,gtc,0.0,1,stock,510.54998779296875,1.0,0.0
2024-03-07 09:30:00-05:00,MyStrategy,d493f18de1904f699d63b7dc27c33878,SPY,buy,market,new,1,gtc,0.0,1,stock,,,
2024-03-07 09:30:00-05:00,MyStrategy,d493f18de1904f699d63b7dc27c33878,SPY,buy,market,fill,1,gtc,0.0,1,stock,513.1400146484375,1.0,0.0
2024-03-07 12:30:00-05:00,MyStrategy,046ddd2ea0e741a3b5dd9904e69c7f9e,SPY,buy,market,new,1,gtc,0.0,1,stock,,,
2024-03-07 12:30:00-05:00,MyStrategy,046ddd2ea0e741a3b5dd9904e69c7f9e,SPY,buy,market,fill,1,gtc,0.0,1,stock,513.1400146484375,1.0,0.0
2024-03-07 15:30:00-05:00,MyStrategy,f18d0bc21166428890d7b662943f935f,SPY,buy,market,new,1,gtc,0.0,1,stock,,,
2024-03-07 15:30:00-05:00,MyStrategy,f18d0bc21166428890d7b662943f935f,SPY,buy,market,fill,1,gtc,0.0,1,stock,513.1400146484375,1.0,0.0
2024-03-08 09:30:00-05:00,MyStrategy,763c6571fcb64bd5ae4986274d5e6ce0,SPY,buy,market,new,1,gtc,0.0,1,stock,,,
2024-03-08 09:30:00-05:00,MyStrategy,763c6571fcb64bd5ae4986274d5e6ce0,SPY,buy,market,fill,1,gtc,0.0,1,stock,515.4600219726562,1.0,0.0
2024-03-08 12:30:00-05:00,MyStrategy,9e970e1be3c04f8ca9c308ebfc339446,SPY,buy,market,new,1,gtc,0.0,1,stock,,,
2024-03-08 12:30:00-05:00,MyStrategy,9e970e1be3c04f8ca9c308ebfc339446,SPY,buy,market,fill,1,gtc,0.0,1,stock,515.4600219726562,1.0,0.0
2024-03-08 15:30:00-05:00,MyStrategy,9db0568fd6254f8c848a8fa1b04d0fa7,SPY,buy,market,new,1,gtc,0.0,1,stock,,,
2024-03-08 15:30:00-05:00,MyStrategy,9db0568fd6254f8c848a8fa1b04d0fa7,SPY,buy,market,fill,1,gtc,0.0,1,stock,515.4600219726562,1.0,0.0
2024-03-11 09:30:00-04:00,MyStrategy,316dfefb1f3c42309cc545b06613cbe5,SPY,buy,market,new,1,gtc,0.0,1,stock,,,
2024-03-11 09:30:00-04:00,MyStrategy,316dfefb1f3c42309cc545b06613cbe5,SPY,buy,market,fill,1,gtc,0.0,1,stock,510.4800109863281,1.0,0.0
2024-03-11 12:30:00-04:00,MyStrategy,69cdb81028794526b9f322fb85978ade,SPY,buy,market,new,1,gtc,0.0,1,stock,,,
2024-03-11 12:30:00-04:00,MyStrategy,69cdb81028794526b9f322fb85978ade,SPY,buy,market,fill,1,gtc,0.0,1,stock,510.4800109863281,1.0,0.0
2024-03-11 15:30:00-04:00,MyStrategy,2a6ba946840f40d8b352207f6a18b746,SPY,buy,market,new,1,gtc,0.0,1,stock,,,
2024-03-11 15:30:00-04:00,MyStrategy,2a6ba946840f40d8b352207f6a18b746,SPY,buy,market,fill,1,gtc,0.0,1,stock,510.4800109863281,1.0,0.0
2024-03-12 09:30:00-04:00,MyStrategy,5128aa7bdad849658b0a901fd71aa9b7,SPY,buy,market,new,1,gtc,0.0,1,stock,,,
2024-03-12 09:30:00-04:00,MyStrategy,5128aa7bdad849658b0a901fd71aa9b7,SPY,buy,market,fill,1,gtc,0.0,1,stock,513.4500122070312,1.0,0.0
2024-03-12 12:30:00-04:00,MyStrategy,333a7a5523cb4be5b2fd814c3e229db0,SPY,buy,market,new,1,gtc,0.0,1,stock,,,
2024-03-12 12:30:00-04:00,MyStrategy,333a7a5523cb4be5b2fd814c3e229db0,SPY,buy,market,fill,1,gtc,0.0,1,stock,513.4500122070312,1.0,0.0
2024-03-12 15:30:00-04:00,MyStrategy,adc68636b0d44118a4a0008a6096c2f6,SPY,buy,market,new,1,gtc,0.0,1,stock,,,
2024-03-12 15:30:00-04:00,MyStrategy,adc68636b0d44118a4a0008a6096c2f6,SPY,buy,market,fill,1,gtc,0.0,1,stock,513.4500122070312,1.0,0.0
2024-03-13 09:30:00-04:00,MyStrategy,c5bf834723f04e04b7d6f91cd6231530,SPY,buy,market,new,1,gtc,0.0,1,stock,,,
2024-03-13 09:30:00-04:00,MyStrategy,c5bf834723f04e04b7d6f91cd6231530,SPY,buy,market,fill,1,gtc,0.0,1,stock,517.1099853515625,1.0,0.0
2024-03-13 12:30:00-04:00,MyStrategy,459fc18b421243289097943a74c7b43f,SPY,buy,market,new,1,gtc,0.0,1,stock,,,
2024-03-13 12:30:00-04:00,MyStrategy,459fc18b421243289097943a74c7b43f,SPY,buy,market,fill,1,gtc,0.0,1,stock,517.1099853515625,1.0,0.0
2024-03-13 15:30:00-04:00,MyStrategy,7d4a77740c7843fab77e5f52467b98c6,SPY,buy,market,new,1,gtc,0.0,1,stock,,,
2024-03-13 15:30:00-04:00,MyStrategy,7d4a77740c7843fab77e5f52467b98c6,SPY,buy,market,fill,1,gtc,0.0,1,stock,517.1099853515625,1.0,0.0
2024-03-14 09:30:00-04:00,MyStrategy,3a53e8b2e4de4a5e8b931d4eb3da4790,SPY,buy,market,new,1,gtc,0.0,1,stock,,,
2024-03-14 09:30:00-04:00,MyStrategy,3a53e8b2e4de4a5e8b931d4eb3da4790,SPY,buy,market,fill,1,gtc,0.0,1,stock,516.969970703125,1.0,0.0
2024-03-14 12:30:00-04:00,MyStrategy,1b2b3dec2edc4f2dae2421bb40fe4e21,SPY,buy,market,new,1,gtc,0.0,1,stock,,,
2024-03-14 12:30:00-04:00,MyStrategy,1b2b3dec2edc4f2dae2421bb40fe4e21,SPY,buy,market,fill,1,gtc,0.0,1,stock,516.969970703125,1.0,0.0
2024-03-14 15:30:00-04:00,MyStrategy,e3e32c539ff44ba1a0bb0ee46c4ac9e8,SPY,buy,market,new,1,gtc,0.0,1,stock,,,
2024-03-14 15:30:00-04:00,MyStrategy,e3e32c539ff44ba1a0bb0ee46c4ac9e8,SPY,buy,market,fill,1,gtc,0.0,1,stock,516.969970703125,1.0,0.0
2024-03-15 09:30:00-04:00,MyStrategy,b290efa1a78c4beb9efe96e8588f70b3,SPY,buy,market,new,1,gtc,0.0,1,stock,,,
2024-03-15 09:30:00-04:00,MyStrategy,b290efa1a78c4beb9efe96e8588f70b3,SPY,buy,market,fill,1,gtc,0.0,1,stock,510.2099914550781,1.0,0.0
2024-03-15 12:30:00-04:00,MyStrategy,2dbc19309fe64618a8877513d420d4e9,SPY,buy,market,new,1,gtc,0.0,1,stock,,,
2024-03-15 12:30:00-04:00,MyStrategy,2dbc19309fe64618a8877513d420d4e9,SPY,buy,market,fill,1,gtc,0.0,1,stock,510.2099914550781,1.0,0.0
2024-03-15 15:30:00-04:00,MyStrategy,8f2acab2877d468ba10b47ea2002209c,SPY,buy,market,new,1,gtc,0.0,1,stock,,,
2024-03-15 15:30:00-04:00,MyStrategy,8f2acab2877d468ba10b47ea2002209c,SPY,buy,market,fill,1,gtc,0.0,1,stock,510.2099914550781,1.0,0.0
2024-03-18 09:30:00-04:00,MyStrategy,c9b46b9b49df454fa1fe533dec9c1185,SPY,buy,market,new,1,gtc,0.0,1,stock,,,
2024-03-18 09:30:00-04:00,MyStrategy,c9b46b9b49df454fa1fe533dec9c1185,SPY,buy,market,fill,1,gtc,0.0,1,stock,514.0,1.0,0.0
2024-03-18 12:30:00-04:00,MyStrategy,5388f228f1414077aea3973d4cf8d47e,SPY,buy,market,new,1,gtc,0.0,1,stock,,,
2024-03-18 12:30:00-04:00,MyStrategy,5388f228f1414077aea3973d4cf8d47e,SPY,buy,market,fill,1,gtc,0.0,1,stock,514.0,1.0,0.0
2024-03-18 15:30:00-04:00,MyStrategy,19d7e3cffbb34ea69bf939cc1e57b155,SPY,buy,market,new,1,gtc,0.0,1,stock,,,
2024-03-18 15:30:00-04:00,MyStrategy,19d7e3cffbb34ea69bf939cc1e57b155,SPY,buy,market,fill,1,gtc,0.0,1,stock,514.0,1.0,0.0
2024-03-19 09:30:00-04:00,MyStrategy,19150b1062a3412c95299939c0a5be29,SPY,buy,market,new,1,gtc,0.0,1,stock,,,
2024-03-19 09:30:00-04:00,MyStrategy,19150b1062a3412c95299939c0a5be29,SPY,buy,market,fill,1,gtc,0.0,1,stock,512.1500244140625,1.0,0.0
2024-03-19 12:30:00-04:00,MyStrategy,b80bd7ca839a4aad8886531e604e18f5,SPY,buy,market,new,1,gtc,0.0,1,stock,,,
2024-03-19 12:30:00-04:00,MyStrategy,b80bd7ca839a4aad8886531e604e18f5,SPY,buy,market,fill,1,gtc,0.0,1,stock,512.1500244140625,1.0,0.0
2024-03-19 15:30:00-04:00,MyStrategy,8e3fa9dc04c145669fef6d89e8860f7c,SPY,buy,market,new,1,gtc,0.0,1,stock,,,
2024-03-19 15:30:00-04:00,MyStrategy,8e3fa9dc04c145669fef6d89e8860f7c,SPY,buy,market,fill,1,gtc,0.0,1,stock,512.1500244140625,1.0,0.0
2024-03-20 09:30:00-04:00,MyStrategy,1b3749a2122d4e76aebdb5a32a109214,SPY,buy,market,new,1,gtc,0.0,1,stock,,,
2024-03-20 09:30:00-04:00,MyStrategy,1b3749a2122d4e76aebdb5a32a109214,SPY,buy,market,fill,1,gtc,0.0,1,stock,515.77001953125,1.0,0.0
2024-03-20 12:30:00-04:00,MyStrategy,872478aaf95a448ca06d03087b2ac55d,SPY,buy,market,new,1,gtc,0.0,1,stock,,,
2024-03-20 12:30:00-04:00,MyStrategy,872478aaf95a448ca06d03087b2ac55d,SPY,buy,market,fill,1,gtc,0.0,1,stock,515.77001953125,1.0,0.0
2024-03-20 15:30:00-04:00,MyStrategy,681a6b1ca7304601ba2c18a59c0ea996,SPY,buy,market,new,1,gtc,0.0,1,stock,,,
2024-03-20 15:30:00-04:00,MyStrategy,681a6b1ca7304601ba2c18a59c0ea996,SPY,buy,market,fill,1,gtc,0.0,1,stock,515.77001953125,1.0,0.0
2024-03-21 09:30:00-04:00,MyStrategy,f28c95987bec4b15ba84008239740c49,SPY,buy,market,new,1,gtc,0.0,1,stock,,,
2024-03-21 09:30:00-04:00,MyStrategy,f28c95987bec4b15ba84008239740c49,SPY,buy,market,fill,1,gtc,0.0,1,stock,523.3900146484375,1.0,0.0
2024-03-21 12:30:00-04:00,MyStrategy,be6ff673321a4be4be3832a876729df6,SPY,buy,market,new,1,gtc,0.0,1,stock,,,
2024-03-21 12:30:00-04:00,MyStrategy,be6ff673321a4be4be3832a876729df6,SPY,buy,market,fill,1,gtc,0.0,1,stock,523.3900146484375,1.0,0.0
2024-03-21 15:30:00-04:00,MyStrategy,4c043b7ee2bf44d9948dc2b55aa57969,SPY,buy,market,new,1,gtc,0.0,1,stock,,,
2024-03-21 15:30:00-04:00,MyStrategy,4c043b7ee2bf44d9948dc2b55aa57969,SPY,buy,market,fill,1,gtc,0.0,1,stock,523.3900146484375,1.0,0.0
2024-03-22 09:30:00-04:00,MyStrategy,cf9f84e1102c415b91671b69ebbef032,SPY,buy,market,new,1,gtc,0.0,1,stock,,,
2024-03-22 09:30:00-04:00,MyStrategy,cf9f84e1102c415b91671b69ebbef032,SPY,buy,market,fill,1,gtc,0.0,1,stock,522.1099853515625,1.0,0.0
2024-03-22 12:30:00-04:00,MyStrategy,507ad1ac6b1d4e23ab97934ee426c2c1,SPY,buy,market,new,1,gtc,0.0,1,stock,,,
2024-03-22 12:30:00-04:00,MyStrategy,507ad1ac6b1d4e23ab97934ee426c2c1,SPY,buy,market,fill,1,gtc,0.0,1,stock,522.1099853515625,1.0,0.0
2024-03-22 15:30:00-04:00,MyStrategy,aaaa5d8320e346659de1f2215c9647e8,SPY,buy,market,new,1,gtc,0.0,1,stock,,,
2024-03-22 15:30:00-04:00,MyStrategy,aaaa5d8320e346659de1f2215c9647e8,SPY,buy,market,fill,1,gtc,0.0,1,stock,522.1099853515625,1.0,0.0
2024-03-25 09:30:00-04:00,MyStrategy,f7d095208fca4979b3a1e31cf1f8038e,SPY,buy,market,new,1,gtc,0.0,1,stock,,,
2024-03-25 09:30:00-04:00,MyStrategy,f7d095208fca4979b3a1e31cf1f8038e,SPY,buy,market,fill,1,gtc,0.0,1,stock,519.7999877929688,1.0,0.0
2024-03-25 12:30:00-04:00,MyStrategy,4bcce4e91e664d9d946654bf58473cdf,SPY,buy,market,new,1,gtc,0.0,1,stock,,,
2024-03-25 12:30:00-04:00,MyStrategy,4bcce4e91e664d9d946654bf58473cdf,SPY,buy,market,fill,1,gtc,0.0,1,stock,519.7999877929688,1.0,0.0
2024-03-25 15:30:00-04:00,MyStrategy,84e988c2bc014c09ab4dd9f6c09861ff,SPY,buy,market,new,1,gtc,0.0,1,stock,,,
2024-03-25 15:30:00-04:00,MyStrategy,84e988c2bc014c09ab4dd9f6c09861ff,SPY,buy,market,fill,1,gtc,0.0,1,stock,519.7999877929688,1.0,0.0
2024-03-26 09:30:00-04:00,MyStrategy,a63bf2c45a244ea6ad25f50e7d374107,SPY,buy,market,new,1,gtc,0.0,1,stock,,,
2024-03-26 09:30:00-04:00,MyStrategy,a63bf2c45a244ea6ad25f50e7d374107,SPY,buy,market,fill,1,gtc,0.0,1,stock,521.22998046875,1.0,0.0
2024-03-26 12:30:00-04:00,MyStrategy,11cace1608fe4d3c94ba65b2dc009cc9,SPY,buy,market,new,1,gtc,0.0,1,stock,,,
2024-03-26 12:30:00-04:00,MyStrategy,11cace1608fe4d3c94ba65b2dc009cc9,SPY,buy,market,fill,1,gtc,0.0,1,stock,521.22998046875,1.0,0.0
2024-03-26 15:30:00-04:00,MyStrategy,51625626d7bc4538957b40280e91b64b,SPY,buy,market,new,1,gtc,0.0,1,stock,,,
2024-03-26 15:30:00-04:00,MyStrategy,51625626d7bc4538957b40280e91b64b,SPY,buy,market,fill,1,gtc,0.0,1,stock,521.22998046875,1.0,0.0
2024-03-27 09:30:00-04:00,MyStrategy,ce456d3ef3b64c5b96288955e206686f,SPY,buy,market,new,1,gtc,0.0,1,stock,,,
2024-03-27 09:30:00-04:00,MyStrategy,ce456d3ef3b64c5b96288955e206686f,SPY,buy,market,fill,1,gtc,0.0,1,stock,521.7100219726562,1.0,0.0
2024-03-27 12:30:00-04:00,MyStrategy,cb9fece2acd840ffbe74d11f5820db3a,SPY,buy,market,new,1,gtc,0.0,1,stock,,,
2024-03-27 12:30:00-04:00,MyStrategy,cb9fece2acd840ffbe74d11f5820db3a,SPY,buy,market,fill,1,gtc,0.0,1,stock,521.7100219726562,1.0,0.0
2024-03-27 15:30:00-04:00,MyStrategy,7de080339de94c25be9cbfb11385a317,SPY,buy,market,new,1,gtc,0.0,1,stock,,,
2024-03-27 15:30:00-04:00,MyStrategy,7de080339de94c25be9cbfb11385a317,SPY,buy,market,fill,1,gtc,0.0,1,stock,521.7100219726562,1.0,0.0
2024-03-28 09:30:00-04:00,MyStrategy,9c0bb00d40a942b28c8d44c47b5fd451,SPY,buy,market,new,1,gtc,0.0,1,stock,,,
2024-03-28 09:30:00-04:00,MyStrategy,9c0bb00d40a942b28c8d44c47b5fd451,SPY,buy,market,fill,1,gtc,0.0,1,stock,523.2100219726562,1.0,0.0
2024-03-28 12:30:00-04:00,MyStrategy,109dc0b2f006459b8e62007ed68f0fae,SPY,buy,market,new,1,gtc,0.0,1,stock,,,
2024-03-28 12:30:00-04:00,MyStrategy,109dc0b2f006459b8e62007ed68f0fae,SPY,buy,market,fill,1,gtc,0.0,1,stock,523.2100219726562,1.0,0.0
2024-03-28 15:30:00-04:00,MyStrategy,c35dda8a091e44c980ff238e98ebc953,SPY,buy,market,new,1,gtc,0.0,1,stock,,,
2024-03-28 15:30:00-04:00,MyStrategy,c35dda8a091e44c980ff238e98ebc953,SPY,buy,market,fill,1,gtc,0.0,1,stock,523.2100219726562,1.0,0.0
2024-04-01 09:30:00-04:00,MyStrategy,b42e270e1ffe401391748842e20b31f8,SPY,buy,market,new,1,gtc,0.0,1,stock,,,
2024-04-01 09:30:00-04:00,MyStrategy,b42e270e1ffe401391748842e20b31f8,SPY,buy,market,fill,1,gtc,0.0,1,stock,523.8300170898438,1.0,0.0
2024-04-01 12:30:00-04:00,MyStrategy,f93511e2cc134f4e9f22290e557d57e9,SPY,buy,market,new,1,gtc,0.0,1,stock,,,
2024-04-01 12:30:00-04:00,MyStrategy,f93511e2cc134f4e9f22290e557d57e9,SPY,buy,market,fill,1,gtc,0.0,1,stock,523.8300170898438,1.0,0.0
2024-04-01 15:30:00-04:00,MyStrategy,03337fd7895f4bc6b5507d75020ff6db,SPY,buy,market,new,1,gtc,0.0,1,stock,,,
2024-04-01 15:30:00-04:00,MyStrategy,03337fd7895f4bc6b5507d75020ff6db,SPY,buy,market,fill,1,gtc,0.0,1,stock,523.8300170898438,1.0,0.0
2024-04-02 09:30:00-04:00,MyStrategy,2d0739760f6947c5bc89fabd746b1373,SPY,buy,market,new,1,gtc,0.0,1,stock,,,
2024-04-02 09:30:00-04:00,MyStrategy,2d0739760f6947c5bc89fabd746b1373,SPY,buy,market,fill,1,gtc,0.0,1,stock,518.239990234375,1.0,0.0
2024-04-02 12:30:00-04:00,MyStrategy,fdd4dd565de34dffb9588094fbe40352,SPY,buy,market,new,1,gtc,0.0,1,stock,,,
2024-04-02 12:30:00-04:00,MyStrategy,fdd4dd565de34dffb9588094fbe40352,SPY,buy,market,fill,1,gtc,0.0,1,stock,518.239990234375,1.0,0.0
2024-04-02 15:30:00-04:00,MyStrategy,3de9bb243b454d23821c06ce97626143,SPY,buy,market,new,1,gtc,0.0,1,stock,,,
2024-04-02 15:30:00-04:00,MyStrategy,3de9bb243b454d23821c06ce97626143,SPY,buy,market,fill,1,gtc,0.0,1,stock,518.239990234375,1.0,0.0
2024-04-03 09:30:00-04:00,MyStrategy,9d5d4837d86444e383c4d27eab077c14,SPY,buy,market,new,1,gtc,0.0,1,stock,,,
2024-04-03 09:30:00-04:00,MyStrategy,9d5d4837d86444e383c4d27eab077c14,SPY,buy,market,fill,1,gtc,0.0,1,stock,517.719970703125,1.0,0.0
2024-04-03 12:30:00-04:00,MyStrategy,eae8b29cb0ac438d84d0cfcef61a2395,SPY,buy,market,new,1,gtc,0.0,1,stock,,,
2024-04-03 12:30:00-04:00,MyStrategy,eae8b29cb0ac438d84d0cfcef61a2395,SPY,buy,market,fill,1,gtc,0.0,1,stock,517.719970703125,1.0,0.0
2024-04-03 15:30:00-04:00,MyStrategy,a7f5559e96e14e55b640690e72d089f7,SPY,buy,market,new,1,gtc,0.0,1,stock,,,
2024-04-03 15:30:00-04:00,MyStrategy,a7f5559e96e14e55b640690e72d089f7,SPY,buy,market,fill,1,gtc,0.0,1,stock,517.719970703125,1.0,0.0
2024-04-04 09:30:00-04:00,MyStrategy,0481a6a6b7d4427b94afe950023881c7,SPY,buy,market,new,1,gtc,0.0,1,stock,,,
2024-04-04 09:30:00-04:00,MyStrategy,0481a6a6b7d4427b94afe950023881c7,SPY,buy,market,fill,1,gtc,0.0,1,stock,523.52001953125,1.0,0.0
2024-04-04 12:30:00-04:00,MyStrategy,78295a58b1a24db8bdc3d0464426fae1,SPY,buy,market,new,1,gtc,0.0,1,stock,,,
2024-04-04 12:30:00-04:00,MyStrategy,78295a58b1a24db8bdc3d0464426fae1,SPY,buy,market,fill,1,gtc,0.0,1,stock,523.52001953125,1.0,0.0
2024-04-04 15:30:00-04:00,MyStrategy,c64a50cd0c884c9d8f93be99b8ac3ffe,SPY,buy,market,new,1,gtc,0.0,1,stock,,,
2024-04-04 15:30:00-04:00,MyStrategy,c64a50cd0c884c9d8f93be99b8ac3ffe,SPY,buy,market,fill,1,gtc,0.0,1,stock,523.52001953125,1.0,0.0
2024-04-05 09:30:00-04:00,MyStrategy,4956f75934064337aab674b8896219bf,SPY,buy,market,new,1,gtc,0.0,1,stock,,,
2024-04-05 09:30:00-04:00,MyStrategy,4956f75934064337aab674b8896219bf,SPY,buy,market,fill,1,gtc,0.0,1,stock,514.4600219726562,1.0,0.0
2024-04-05 12:30:00-04:00,MyStrategy,8381a7030312401a9844b08e8a850703,SPY,buy,market,new,1,gtc,0.0,1,stock,,,
2024-04-05 12:30:00-04:00,MyStrategy,8381a7030312401a9844b08e8a850703,SPY,buy,market,fill,1,gtc,0.0,1,stock,514.4600219726562,1.0,0.0
2024-04-05 15:30:00-04:00,MyStrategy,56b1ed956f014ceca07725b1bcf5cea4,SPY,buy,market,new,1,gtc,0.0,1,stock,,,
2024-04-05 15:30:00-04:00,MyStrategy,56b1ed956f014ceca07725b1bcf5cea4,SPY,buy,market,fill,1,gtc,0.0,1,stock,514.4600219726562,1.0,0.0
2024-04-08 09:30:00-04:00,MyStrategy,1e22d9cfb9bd483e9c7a12b61ce369fa,SPY,buy,market,new,1,gtc,0.0,1,stock,,,
2024-04-08 09:30:00-04:00,MyStrategy,1e22d9cfb9bd483e9c7a12b61ce369fa,SPY,buy,market,fill,1,gtc,0.0,1,stock,519.1500244140625,1.0,0.0
2024-04-08 12:30:00-04:00,MyStrategy,dfc958be43ec4fe7a5358cfdaeee2118,SPY,buy,market,new,1,gtc,0.0,1,stock,,,
2024-04-08 12:30:00-04:00,MyStrategy,dfc958be43ec4fe7a5358cfdaeee2118,SPY,buy,market,fill,1,gtc,0.0,1,stock,519.1500244140625,1.0,0.0
2024-04-08 15:30:00-04:00,MyStrategy,2b2d29ddd1654831a2dc49a0aacc2760,SPY,buy,market,new,1,gtc,0.0,1,stock,,,
2024-04-08 15:30:00-04:00,MyStrategy,2b2d29ddd1654831a2dc49a0aacc2760,SPY,buy,market,fill,1,gtc,0.0,1,stock,519.1500244140625,1.0,0.0
2024-04-09 09:30:00-04:00,MyStrategy,99b2e859d5404722978e814554869254,SPY,buy,market,new,1,gtc,0.0,1,stock,,,
2024-04-09 09:30:00-04:00,MyStrategy,99b2e859d5404722978e814554869254,SPY,buy,market,fill,1,gtc,0.0,1,stock,520.5,1.0,0.0
2024-04-09 12:30:00-04:00,MyStrategy,35d9d3e7c3c64edf8d054357e2a5e751,SPY,buy,market,new,1,gtc,0.0,1,stock,,,
2024-04-09 12:30:00-04:00,MyStrategy,35d9d3e7c3c64edf8d054357e2a5e751,SPY,buy,market,fill,1,gtc,0.0,1,stock,520.5,1.0,0.0
2024-04-09 15:30:00-04:00,MyStrategy,1234a6e1400842a3be1548a264720fc7,SPY,buy,market,new,1,gtc,0.0,1,stock,,,
2024-04-09 15:30:00-04:00,MyStrategy,1234a6e1400842a3be1548a264720fc7,SPY,buy,market,fill,1,gtc,0.0,1,stock,520.5,1.0,0.0
2024-04-10 09:30:00-04:00,MyStrategy,7809452472034c55b52e9c43e361c321,SPY,buy,market,new,1,gtc,0.0,1,stock,,,
2024-04-10 09:30:00-04:00,MyStrategy,7809452472034c55b52e9c43e361c321,SPY,buy,market,fill,1,gtc,0.0,1,stock,513.47998046875,1.0,0.0
2024-04-10 12:30:00-04:00,MyStrategy,a93c8974f5e5409491386b25671e59df,SPY,buy,market,new,1,gtc,0.0,1,stock,,,
2024-04-10 12:30:00-04:00,MyStrategy,a93c8974f5e5409491386b25671e59df,SPY,buy,market,fill,1,gtc,0.0,1,stock,513.47998046875,1.0,0.0
2024-04-10 15:30:00-04:00,MyStrategy,f872fc4596df46fab26790fa42038236,SPY,buy,market,new,1,gtc,0.0,1,stock,,,
2024-04-10 15:30:00-04:00,MyStrategy,f872fc4596df46fab26790fa42038236,SPY,buy,market,fill,1,gtc,0.0,1,stock,513.47998046875,1.0,0.0
2024-04-11 09:30:00-04:00,MyStrategy,a876e226478d4a80a5a9f0d78e3422e4,SPY,buy,market,new,1,gtc,0.0,1,stock,,,
2024-04-11 09:30:00-04:00,MyStrategy,a876e226478d4a80a5a9f0d78e3422e4,SPY,buy,market,fill,1,gtc,0.0,1,stock,515.6799926757812,1.0,0.0
2024-04-11 12:30:00-04:00,MyStrategy,353a443dbb2243adbc2d9fa62c9fa691,SPY,buy,market,new,1,gtc,0.0,1,stock,,,
2024-04-11 12:30:00-04:00,MyStrategy,353a443dbb2243adbc2d9fa62c9fa691,SPY,buy,market,fill,1,gtc,0.0,1,stock,515.6799926757812,1.0,0.0
2024-04-11 15:30:00-04:00,MyStrategy,258a1581aff04ab1953a7de0fc26fbda,SPY,buy,market,new,1,gtc,0.0,1,stock,,,
2024-04-11 15:30:00-04:00,MyStrategy,258a1581aff04ab1953a7de0fc26fbda,SPY,buy,market,fill,1,gtc,0.0,1,stock,515.6799926757812,1.0,0.0
2024-04-12 09:30:00-04:00,MyStrategy,a65caaf1251b4346a18682d173d1e4b4,SPY,buy,market,new,1,gtc,0.0,1,stock,,,
2024-04-12 09:30:00-04:00,MyStrategy,a65caaf1251b4346a18682d173d1e4b4,SPY,buy,market,fill,1,gtc,0.0,1,stock,514.3699951171875,1.0,0.0
2024-04-12 12:30:00-04:00,MyStrategy,eb90802848674ca388a5dc3f9d2f90d3,SPY,buy,market,new,1,gtc,0.0,1,stock,,,
2024-04-12 12:30:00-04:00,MyStrategy,eb90802848674ca388a5dc3f9d2f90d3,SPY,buy,market,fill,1,gtc,0.0,1,stock,514.3699951171875,1.0,0.0
2024-04-12 15:30:00-04:00,MyStrategy,189c6bcb990c44cba2269c46e98632bc,SPY,buy,market,new,1,gtc,0.0,1,stock,,,
2024-04-12 15:30:00-04:00,MyStrategy,189c6bcb990c44cba2269c46e98632bc,SPY,buy,market,fill,1,gtc,0.0,1,stock,514.3699951171875,1.0,0.0
2024-04-15 09:30:00-04:00,MyStrategy,f3de9cbb5a4844fd9d9c10aeb2e1ad95,SPY,buy,market,new,1,gtc,0.0,1,stock,,,
2024-04-15 09:30:00-04:00,MyStrategy,f3de9cbb5a4844fd9d9c10aeb2e1ad95,SPY,buy,market,fill,1,gtc,0.0,1,stock,515.1300048828125,1.0,0.0
2024-04-15 12:30:00-04:00,MyStrategy,aacbb235f4334c879b98f295095e7169,SPY,buy,market,new,1,gtc,0.0,1,stock,,,
2024-04-15 12:30:00-04:00,MyStrategy,aacbb235f4334c879b98f295095e7169,SPY,buy,market,fill,1,gtc,0.0,1,stock,515.1300048828125,1.0,0.0
2024-04-15 15:30:00-04:00,MyStrategy,fb484e89cea840cdac4e145dddb54d17,SPY,buy,market,new,1,gtc,0.0,1,stock,,,
2024-04-15 15:30:00-04:00,MyStrategy,fb484e89cea840cdac4e145dddb54d17,SPY,buy,market,fill,1,gtc,0.0,1,stock,515.1300048828125,1.0,0.0
2024-04-16 09:30:00-04:00,MyStrategy,6fac8c876b5b4cbbab21128ace26fe30,SPY,buy,market,new,1,gtc,0.0,1,stock,,,
2024-04-16 09:30:00-04:00,MyStrategy,6fac8c876b5b4cbbab21128ace26fe30,SPY,buy,market,fill,1,gtc,0.0,1,stock,504.94000244140625,1.0,0.0
2024-04-16 12:30:00-04:00,MyStrategy,c58ab94a407f4b4c858eda8f9ed4fde2,SPY,buy,market,new,1,gtc,0.0,1,stock,,,
2024-04-16 12:30:00-04:00,MyStrategy,c58ab94a407f4b4c858eda8f9ed4fde2,SPY,buy,market,fill,1,gtc,0.0,1,stock,504.94000244140625,1.0,0.0
2024-04-16 15:30:00-04:00,MyStrategy,45ad4b91ae114e7d826edc3910542320,SPY,buy,market,new,1,gtc,0.0,1,stock,,,
2024-04-16 15:30:00-04:00,MyStrategy,45ad4b91ae114e7d826edc3910542320,SPY,buy,market,fill,1,gtc,0.0,1,stock,504.94000244140625,1.0,0.0
2024-04-17 09:30:00-04:00,MyStrategy,040f83cc049a4c7799b9e11650f022e6,SPY,buy,market,new,1,gtc,0.0,1,stock,,,
2024-04-17 09:30:00-04:00,MyStrategy,040f83cc049a4c7799b9e11650f022e6,SPY,buy,market,fill,1,gtc,0.0,1,stock,506.04998779296875,1.0,0.0
2024-04-17 12:30:00-04:00,MyStrategy,16f48a9444774aacbef8c8fa9ef34db9,SPY,buy,market,new,1,gtc,0.0,1,stock,,,
2024-04-17 12:30:00-04:00,MyStrategy,16f48a9444774aacbef8c8fa9ef34db9,SPY,buy,market,fill,1,gtc,0.0,1,stock,506.04998779296875,1.0,0.0
2024-04-17 15:30:00-04:00,MyStrategy,7e4ce54f21c645d0bb040eb561abe669,SPY,buy,market,new,1,gtc,0.0,1,stock,,,
2024-04-17 15:30:00-04:00,MyStrategy,7e4ce54f21c645d0bb040eb561abe669,SPY,buy,market,fill,1,gtc,0.0,1,stock,506.04998779296875,1.0,0.0
2024-04-18 09:30:00-04:00,MyStrategy,73bd1b0fcaa74815bab498a8a97fb392,SPY,buy,market,new,1,gtc,0.0,1,stock,,,
2024-04-18 09:30:00-04:00,MyStrategy,73bd1b0fcaa74815bab498a8a97fb392,SPY,buy,market,fill,1,gtc,0.0,1,stock,501.9800109863281,1.0,0.0
2024-04-18 12:30:00-04:00,MyStrategy,341a4ce50adc42cf94d08c828373f8e3,SPY,buy,market,new,1,gtc,0.0,1,stock,,,
2024-04-18 12:30:00-04:00,MyStrategy,341a4ce50adc42cf94d08c828373f8e3,SPY,buy,market,fill,1,gtc,0.0,1,stock,501.9800109863281,1.0,0.0
2024-04-18 15:30:00-04:00,MyStrategy,0aa0e9ff954a4d74b9b99166d0b98675,SPY,buy,market,new,1,gtc,0.0,1,stock,,,
2024-04-18 15:30:00-04:00,MyStrategy,0aa0e9ff954a4d74b9b99166d0b98675,SPY,buy,market,fill,1,gtc,0.0,1,stock,501.9800109863281,1.0,0.0
2024-04-19 09:30:00-04:00,MyStrategy,e98b8122c0f54962a7fdfafa2f512ca3,SPY,buy,market,new,1,gtc,0.0,1,stock,,,
2024-04-19 09:30:00-04:00,MyStrategy,e98b8122c0f54962a7fdfafa2f512ca3,SPY,buy,market,fill,1,gtc,0.0,1,stock,499.44000244140625,1.0,0.0
2024-04-19 12:30:00-04:00,MyStrategy,e152c39426f34171b40bef9246565a0e,SPY,buy,market,new,1,gtc,0.0,1,stock,,,
2024-04-19 12:30:00-04:00,MyStrategy,e152c39426f34171b40bef9246565a0e,SPY,buy,market,fill,1,gtc,0.0,1,stock,499.44000244140625,1.0,0.0
2024-04-19 15:30:00-04:00,MyStrategy,b9b353846fad4d46bc2eb751b7559d30,SPY,buy,market,new,1,gtc,0.0,1,stock,,,
2024-04-19 15:30:00-04:00,MyStrategy,b9b353846fad4d46bc2eb751b7559d30,SPY,buy,market,fill,1,gtc,0.0,1,stock,499.44000244140625,1.0,0.0
2024-04-22 09:30:00-04:00,MyStrategy,5634851ec6364517a6179c71bda081bd,SPY,buy,market,new,1,gtc,0.0,1,stock,,,
2024-04-22 09:30:00-04:00,MyStrategy,5634851ec6364517a6179c71bda081bd,SPY,buy,market,fill,1,gtc,0.0,1,stock,497.8299865722656,1.0,0.0
2024-04-22 12:30:00-04:00,MyStrategy,c37b41e4e8764b9194e2f0b2f9bd14c7,SPY,buy,market,new,1,gtc,0.0,1,stock,,,
2024-04-22 12:30:00-04:00,MyStrategy,c37b41e4e8764b9194e2f0b2f9bd14c7,SPY,buy,market,fill,1,gtc,0.0,1,stock,497.8299865722656,1.0,0.0
2024-04-22 15:30:00-04:00,MyStrategy,7ba92b0f2002446f9eca75cd28a082f1,SPY,buy,market,new,1,gtc,0.0,1,stock,,,
2024-04-22 15:30:00-04:00,MyStrategy,7ba92b0f2002446f9eca75cd28a082f1,SPY,buy,market,fill,1,gtc,0.0,1,stock,497.8299865722656,1.0,0.0
2024-04-23 09:30:00-04:00,MyStrategy,cf13bfd1a05d4ca0b9f271e3949d9060,SPY,buy,market,new,1,gtc,0.0,1,stock,,,
2024-04-23 09:30:00-04:00,MyStrategy,cf13bfd1a05d4ca0b9f271e3949d9060,SPY,buy,market,fill,1,gtc,0.0,1,stock,501.7799987792969,1.0,0.0
2024-04-23 12:30:00-04:00,MyStrategy,f26070a8427a4f7890e9e9322d7e75a5,SPY,buy,market,new,1,gtc,0.0,1,stock,,,
2024-04-23 12:30:00-04:00,MyStrategy,f26070a8427a4f7890e9e9322d7e75a5,SPY,buy,market,fill,1,gtc,0.0,1,stock,501.7799987792969,1.0,0.0
2024-04-23 15:30:00-04:00,MyStrategy,6bcc36f1ee81426ab1baf32dbb9e8c36,SPY,buy,market,new,1,gtc,0.0,1,stock,,,
2024-04-23 15:30:00-04:00,MyStrategy,6bcc36f1ee81426ab1baf32dbb9e8c36,SPY,buy,market,fill,1,gtc,0.0,1,stock,501.7799987792969,1.0,0.0
2024-04-24 09:30:00-04:00,MyStrategy,0aa7107aa02a4fee9a1d1bd0d461c7de,SPY,buy,market,new,1,gtc,0.0,1,stock,,,
2024-04-24 09:30:00-04:00,MyStrategy,0aa7107aa02a4fee9a1d1bd0d461c7de,SPY,buy,market,fill,1,gtc,0.0,1,stock,506.55999755859375,1.0,0.0
2024-04-24 12:30:00-04:00,MyStrategy,45ecd79edd2e42468eaaefab401d4fda,SPY,buy,market,new,1,gtc,0.0,1,stock,,,
2024-04-24 12:30:00-04:00,MyStrategy,45ecd79edd2e42468eaaefab401d4fda,SPY,buy,market,fill,1,gtc,0.0,1,stock,506.55999755859375,1.0,0.0
2024-04-24 15:30:00-04:00,MyStrategy,8f612498712d49a9bf4615c48be23d77,SPY,buy,market,new,1,gtc,0.0,1,stock,,,
2024-04-24 15:30:00-04:00,MyStrategy,8f612498712d49a9bf4615c48be23d77,SPY,buy,market,fill,1,gtc,0.0,1,stock,506.55999755859375,1.0,0.0
2024-04-25 09:30:00-04:00,MyStrategy,b60989db4c8747aab18e1417e92dea5d,SPY,buy,market,new,1,gtc,0.0,1,stock,,,
2024-04-25 09:30:00-04:00,MyStrategy,b60989db4c8747aab18e1417e92dea5d,SPY,buy,market,fill,1,gtc,0.0,1,stock,499.17999267578125,1.0,0.0
2024-04-25 12:30:00-04:00,MyStrategy,402ac2df6f4e4e938a2b563916d71c45,SPY,buy,market,new,1,gtc,0.0,1,stock,,,
2024-04-25 12:30:00-04:00,MyStrategy,402ac2df6f4e4e938a2b563916d71c45,SPY,buy,market,fill,1,gtc,0.0,1,stock,499.17999267578125,1.0,0.0
2024-04-25 15:30:00-04:00,MyStrategy,e2bf5df7c85d43d3829fe25f7021fa2a,SPY,buy,market,new,1,gtc,0.0,1,stock,,,
2024-04-25 15:30:00-04:00,MyStrategy,e2bf5df7c85d43d3829fe25f7021fa2a,SPY,buy,market,fill,1,gtc,0.0,1,stock,499.17999267578125,1.0,0.0
2024-04-26 09:30:00-04:00,MyStrategy,b054cf62c90e486cb5d1ba59d0a93eee,SPY,buy,market,new,1,gtc,0.0,1,stock,,,
2024-04-26 09:30:00-04:00,MyStrategy,b054cf62c90e486cb5d1ba59d0a93eee,SPY,buy,market,fill,1,gtc,0.0,1,stock,506.3500061035156,1.0,0.0
2024-04-26 12:30:00-04:00,MyStrategy,e47406b275024defa03d9b8c110d78fa,SPY,buy,market,new,1,gtc,0.0,1,stock,,,
2024-04-26 12:30:00-04:00,MyStrategy,e47406b275024defa03d9b8c110d78fa,SPY,buy,market,fill,1,gtc,0.0,1,stock,506.3500061035156,1.0,0.0
2024-04-26 15:30:00-04:00,MyStrategy,e739f18a731d491f9374dea803e24375,SPY,buy,market,new,1,gtc,0.0,1,stock,,,
2024-04-26 15:30:00-04:00,MyStrategy,e739f18a731d491f9374dea803e24375,SPY,buy,market,fill,1,gtc,0.0,1,stock,506.3500061035156,1.0,0.0
2024-04-29 09:30:00-04:00,MyStrategy,78d7418fef0d45ff8f0c6920ca62c997,SPY,buy,market,new,1,gtc,0.0,1,stock,,,
2024-04-29 09:30:00-04:00,MyStrategy,78d7418fef0d45ff8f0c6920ca62c997,SPY,buy,market,fill,1,gtc,0.0,1,stock,510.0899963378906,1.0,0.0
2024-04-29 12:30:00-04:00,MyStrategy,9c5177031c6c440f91cfff0a7f64264d,SPY,buy,market,new,1,gtc,0.0,1,stock,,,
2024-04-29 12:30:00-04:00,MyStrategy,9c5177031c6c440f91cfff0a7f64264d,SPY,buy,market,fill,1,gtc,0.0,1,stock,510.0899963378906,1.0,0.0
2024-04-29 15:30:00-04:00,MyStrategy,f1474f84d60840318341caea310e2eb0,SPY,buy,market,new,1,gtc,0.0,1,stock,,,
2024-04-29 15:30:00-04:00,MyStrategy,f1474f84d60840318341caea310e2eb0,SPY,buy,market,fill,1,gtc,0.0,1,stock,510.0899963378906,1.0,0.0
2024-04-30 09:30:00-04:00,MyStrategy,5e1be251a6a94b2b8ef6dbd753d51979,SPY,buy,market,new,1,gtc,0.0,1,stock,,,
2024-04-30 09:30:00-04:00,MyStrategy,5e1be251a6a94b2b8ef6dbd753d51979,SPY,buy,market,fill,1,gtc,0.0,1,stock,508.55999755859375,1.0,0.0
2024-04-30 12:30:00-04:00,MyStrategy,357eaa15b75b400b81f47b4956b177a2,SPY,buy,market,new,1,gtc,0.0,1,stock,,,
2024-04-30 12:30:00-04:00,MyStrategy,357eaa15b75b400b81f47b4956b177a2,SPY,buy,market,fill,1,gtc,0.0,1,stock,508.55999755859375,1.0,0.0
2024-04-30 15:30:00-04:00,MyStrategy,461c3b5268af46ca8cd71450dc31e1ed,SPY,buy,market,new,1,gtc,0.0,1,stock,,,
2024-04-30 15:30:00-04:00,MyStrategy,461c3b5268af46ca8cd71450dc31e1ed,SPY,buy,market,fill,1,gtc,0.0,1,stock,508.55999755859375,1.0,0.0
2024-05-01 09:30:00-04:00,MyStrategy,922bfd9ba55a428684ebf403d53ac4c1,SPY,buy,market,new,1,gtc,0.0,1,stock,,,
2024-05-01 09:30:00-04:00,MyStrategy,922bfd9ba55a428684ebf403d53ac4c1,SPY,buy,market,fill,1,gtc,0.0,1,stock,501.3800048828125,1.0,0.0
2024-05-01 12:30:00-04:00,MyStrategy,3925ceb659ad4515adc2f2c7f8b43dc8,SPY,buy,market,new,1,gtc,0.0,1,stock,,,
2024-05-01 12:30:00-04:00,MyStrategy,3925ceb659ad4515adc2f2c7f8b43dc8,SPY,buy,market,fill,1,gtc,0.0,1,stock,501.3800048828125,1.0,0.0
2024-05-01 15:30:00-04:00,MyStrategy,37703662912f4fefae308d3401d88499,SPY,buy,market,new,1,gtc,0.0,1,stock,,,
2024-05-01 15:30:00-04:00,MyStrategy,37703662912f4fefae308d3401d88499,SPY,buy,market,fill,1,gtc,0.0,1,stock,501.3800048828125,1.0,0.0
2024-05-02 09:30:00-04:00,MyStrategy,5632c0842e954a07aa8400bc6a7468c4,SPY,buy,market,new,1,gtc,0.0,1,stock,,,
2024-05-02 09:30:00-04:00,MyStrategy,5632c0842e954a07aa8400bc6a7468c4,SPY,buy,market,fill,1,gtc,0.0,1,stock,504.1499938964844,1.0,0.0
2024-05-02 12:30:00-04:00,MyStrategy,f05a3d6b02ff4173b573e3bc93fea5ee,SPY,buy,market,new,1,gtc,0.0,1,stock,,,
2024-05-02 12:30:00-04:00,MyStrategy,f05a3d6b02ff4173b573e3bc93fea5ee,SPY,buy,market,fill,1,gtc,0.0,1,stock,504.1499938964844,1.0,0.0
2024-05-02 15:30:00-04:00,MyStrategy,8cad485fe39849e7a2370b012738a577,SPY,buy,market,new,1,gtc,0.0,1,stock,,,
2024-05-02 15:30:00-04:00,MyStrategy,8cad485fe39849e7a2370b012738a577,SPY,buy,market,fill,1,gtc,0.0,1,stock,504.1499938964844,1.0,0.0
2024-05-03 09:30:00-04:00,MyStrategy,08af3a7812ad464e80b81eb619ba7a95,SPY,buy,market,new,1,gtc,0.0,1,stock,,,
2024-05-03 09:30:00-04:00,MyStrategy,08af3a7812ad464e80b81eb619ba7a95,SPY,buy,market,fill,1,gtc,0.0,1,stock,511.1600036621094,1.0,0.0
2024-05-03 12:30:00-04:00,MyStrategy,b70d4ba1686a408eb0de2364a4785a1d,SPY,buy,market,new,1,gtc,0.0,1,stock,,,
2024-05-03 12:30:00-04:00,MyStrategy,b70d4ba1686a408eb0de2364a4785a1d,SPY,buy,market,fill,1,gtc,0.0,1,stock,511.1600036621094,1.0,0.0
2024-05-03 15:30:00-04:00,MyStrategy,5cdaa6f31693441eb013a05de1722dde,SPY,buy,market,new,1,gtc,0.0,1,stock,,,
2024-05-03 15:30:00-04:00,MyStrategy,5cdaa6f31693441eb013a05de1722dde,SPY,buy,market,fill,1,gtc,0.0,1,stock,511.1600036621094,1.0,0.0
2024-05-06 09:30:00-04:00,MyStrategy,ef5e017656b34b7689126aa3281e80e6,SPY,buy,market,new,1,gtc,0.0,1,stock,,,
2024-05-06 09:30:00-04:00,MyStrategy,ef5e017656b34b7689126aa3281e80e6,SPY,buy,market,fill,1,gtc,0.0,1,stock,513.75,1.0,0.0
2024-05-06 12:30:00-04:00,MyStrategy,ba5271e314c949c78918d93d9cafd0da,SPY,buy,market,new,1,gtc,0.0,1,stock,,,
2024-05-06 12:30:00-04:00,MyStrategy,ba5271e314c949c78918d93d9cafd0da,SPY,buy,market,fill,1,gtc,0.0,1,stock,513.75,1.0,0.0
2024-05-06 15:30:00-04:00,MyStrategy,2a6af23bb2c1447b93feb9fc5c3b89eb,SPY,buy,market,new,1,gtc,0.0,1,stock,,,
2024-05-06 15:30:00-04:00,MyStrategy,2a6af23bb2c1447b93feb9fc5c3b89eb,SPY,buy,market,fill,1,gtc,0.0,1,stock,513.75,1.0,0.0
2024-05-07 09:30:00-04:00,MyStrategy,8e98690b90ac4ae2bbaaac98f8be3277,SPY,buy,market,new,1,gtc,0.0,1,stock,,,
2024-05-07 09:30:00-04:00,MyStrategy,8e98690b90ac4ae2bbaaac98f8be3277,SPY,buy,market,fill,1,gtc,0.0,1,stock,517.5599975585938,1.0,0.0
2024-05-07 12:30:00-04:00,MyStrategy,e56d35a2b9f645a69fb3379772953df9,SPY,buy,market,new,1,gtc,0.0,1,stock,,,
2024-05-07 12:30:00-04:00,MyStrategy,e56d35a2b9f645a69fb3379772953df9,SPY,buy,market,fill,1,gtc,0.0,1,stock,517.5599975585938,1.0,0.0
2024-05-07 15:30:00-04:00,MyStrategy,58e2e62c6ae84bbf8892c7d1bcd04f52,SPY,buy,market,new,1,gtc,0.0,1,stock,,,
2024-05-07 15:30:00-04:00,MyStrategy,58e2e62c6ae84bbf8892c7d1bcd04f52,SPY,buy,market,fill,1,gtc,0.0,1,stock,517.5599975585938,1.0,0.0
2024-05-08 09:30:00-04:00,MyStrategy,f35adcbdfa3c4a66bb75f28aaa085671,SPY,buy,market,new,1,gtc,0.0,1,stock,,,
2024-05-08 09:30:00-04:00,MyStrategy,f35adcbdfa3c4a66bb75f28aaa085671,SPY,buy,market,fill,1,gtc,0.0,1,stock,515.260009765625,1.0,0.0
2024-05-08 12:30:00-04:00,MyStrategy,37c5b807ed1c4f8486bd2938a796320e,SPY,buy,market,new,1,gtc,0.0,1,stock,,,
2024-05-08 12:30:00-04:00,MyStrategy,37c5b807ed1c4f8486bd2938a796320e,SPY,buy,market,fill,1,gtc,0.0,1,stock,515.260009765625,1.0,0.0
2024-05-08 15:30:00-04:00,MyStrategy,c4c12d5c3d844e2a876377cb3da9f4cf,SPY,buy,market,new,1,gtc,0.0,1,stock,,,
2024-05-08 15:30:00-04:00,MyStrategy,c4c12d5c3d844e2a876377cb3da9f4cf,SPY,buy,market,fill,1,gtc,0.0,1,stock,515.260009765625,1.0,0.0
2024-05-09 09:30:00-04:00,MyStrategy,6f394dbcde604ee09bd2701ee9f464e5,SPY,buy,market,new,1,gtc,0.0,1,stock,,,
2024-05-09 09:30:00-04:00,MyStrategy,6f394dbcde604ee09bd2701ee9f464e5,SPY,buy,market,fill,1,gtc,0.0,1,stock,517.3800048828125,1.0,0.0
2024-05-09 12:30:00-04:00,MyStrategy,4169a263409a457dba760270875889af,SPY,buy,market,new,1,gtc,0.0,1,stock,,,
2024-05-09 12:30:00-04:00,MyStrategy,4169a263409a457dba760270875889af,SPY,buy,market,fill,1,gtc,0.0,1,stock,517.3800048828125,1.0,0.0
2024-05-09 15:30:00-04:00,MyStrategy,10b3cb5121d948d291fe2679dce1e50a,SPY,buy,market,new,1,gtc,0.0,1,stock,,,
2024-05-09 15:30:00-04:00,MyStrategy,10b3cb5121d948d291fe2679dce1e50a,SPY,buy,market,fill,1,gtc,0.0,1,stock,517.3800048828125,1.0,0.0
2024-05-10 09:30:00-04:00,MyStrategy,858a32b8cc374e2a82c00e1c0e055841,SPY,buy,market,new,1,gtc,0.0,1,stock,,,
2024-05-10 09:30:00-04:00,MyStrategy,858a32b8cc374e2a82c00e1c0e055841,SPY,buy,market,fill,1,gtc,0.0,1,stock,521.8099975585938,1.0,0.0
2024-05-10 12:30:00-04:00,MyStrategy,726b64bff3ea4caa8d5639e7da6169cc,SPY,buy,market,new,1,gtc,0.0,1,stock,,,
2024-05-10 12:30:00-04:00,MyStrategy,726b64bff3ea4caa8d5639e7da6169cc,SPY,buy,market,fill,1,gtc,0.0,1,stock,521.8099975585938,1.0,0.0
2024-05-10 15:30:00-04:00,MyStrategy,688784584e764df4852522b435d689ed,SPY,buy,market,new,1,gtc,0.0,1,stock,,,
2024-05-10 15:30:00-04:00,MyStrategy,688784584e764df4852522b435d689ed,SPY,buy,market,fill,1,gtc,0.0,1,stock,521.8099975585938,1.0,0.0
2024-05-13 09:30:00-04:00,MyStrategy,27cc67226d9f474ba532eee37d097356,SPY,buy,market,new,1,gtc,0.0,1,stock,,,
2024-05-13 09:30:00-04:00,MyStrategy,27cc67226d9f474ba532eee37d097356,SPY,buy,market,fill,1,gtc,0.0,1,stock,522.5599975585938,1.0,0.0
2024-05-13 12:30:00-04:00,MyStrategy,593310c897bd441db91ba678d77682d2,SPY,buy,market,new,1,gtc,0.0,1,stock,,,
2024-05-13 12:30:00-04:00,MyStrategy,593310c897bd441db91ba678d77682d2,SPY,buy,market,fill,1,gtc,0.0,1,stock,522.5599975585938,1.0,0.0
2024-05-13 15:30:00-04:00,MyStrategy,89db7dde2e2b41aea0901d4019140546,SPY,buy,market,new,1,gtc,0.0,1,stock,,,
2024-05-13 15:30:00-04:00,MyStrategy,89db7dde2e2b41aea0901d4019140546,SPY,buy,market,fill,1,gtc,0.0,1,stock,522.5599975585938,1.0,0.0
2024-05-14 09:30:00-04:00,MyStrategy,bb5e2249377f4c0bbb620ef317a9a2bb,SPY,buy,market,new,1,gtc,0.0,1,stock,,,
2024-05-14 09:30:00-04:00,MyStrategy,bb5e2249377f4c0bbb620ef317a9a2bb,SPY,buy,market,fill,1,gtc,0.0,1,stock,521.1099853515625,1.0,0.0
2024-05-14 12:30:00-04:00,MyStrategy,456a7403f3204876af5607fe7239d884,SPY,buy,market,new,1,gtc,0.0,1,stock,,,
2024-05-14 12:30:00-04:00,MyStrategy,456a7403f3204876af5607fe7239d884,SPY,buy,market,fill,1,gtc,0.0,1,stock,521.1099853515625,1.0,0.0
2024-05-14 15:30:00-04:00,MyStrategy,5bd4aab36efb4a8a86d1c6646df42c23,SPY,buy,market,new,1,gtc,0.0,1,stock,,,
2024-05-14 15:30:00-04:00,MyStrategy,5bd4aab36efb4a8a86d1c6646df42c23,SPY,buy,market,fill,1,gtc,0.0,1,stock,521.1099853515625,1.0,0.0
2024-05-15 09:30:00-04:00,MyStrategy,7f533db8e5f34b30946135e8230699b8,SPY,buy,market,new,1,gtc,0.0,1,stock,,,
2024-05-15 09:30:00-04:00,MyStrategy,7f533db8e5f34b30946135e8230699b8,SPY,buy,market,fill,1,gtc,0.0,1,stock,525.8300170898438,1.0,0.0
2024-05-15 12:30:00-04:00,MyStrategy,b89692b2c54e4fd3ae754a70ec43efb4,SPY,buy,market,new,1,gtc,0.0,1,stock,,,
2024-05-15 12:30:00-04:00,MyStrategy,b89692b2c54e4fd3ae754a70ec43efb4,SPY,buy,market,fill,1,gtc,0.0,1,stock,525.8300170898438,1.0,0.0
2024-05-15 15:30:00-04:00,MyStrategy,878ae7dce291499395cb1389c0851c9f,SPY,buy,market,new,1,gtc,0.0,1,stock,,,
2024-05-15 15:30:00-04:00,MyStrategy,878ae7dce291499395cb1389c0851c9f,SPY,buy,market,fill,1,gtc,0.0,1,stock,525.8300170898438,1.0,0.0
2024-05-16 09:30:00-04:00,MyStrategy,56ad3a294f7d4a8a86ccd8455654e5bb,SPY,buy,market,new,1,gtc,0.0,1,stock,,,
2024-05-16 09:30:00-04:00,MyStrategy,56ad3a294f7d4a8a86ccd8455654e5bb,SPY,buy,market,fill,1,gtc,0.0,1,stock,529.8800048828125,1.0,0.0
2024-05-16 12:30:00-04:00,MyStrategy,705c14be73294b1083657f2cabc95948,SPY,buy,market,new,1,gtc,0.0,1,stock,,,
2024-05-16 12:30:00-04:00,MyStrategy,705c14be73294b1083657f2cabc95948,SPY,buy,market,fill,1,gtc,0.0,1,stock,529.8800048828125,1.0,0.0
2024-05-16 15:30:00-04:00,MyStrategy,4c2d5f4baac342ccb955cd0dbcc8ba0f,SPY,buy,market,new,1,gtc,0.0,1,stock,,,
2024-05-16 15:30:00-04:00,MyStrategy,4c2d5f4baac342ccb955cd0dbcc8ba0f,SPY,buy,market,fill,1,gtc,0.0,1,stock,529.8800048828125,1.0,0.0
2024-05-17 09:30:00-04:00,MyStrategy,d47f935605b94c63bca05b9f4f3073e0,SPY,buy,market,new,1,gtc,0.0,1,stock,,,
2024-05-17 09:30:00-04:00,MyStrategy,d47f935605b94c63bca05b9f4f3073e0,SPY,buy,market,fill,1,gtc,0.0,1,stock,528.8099975585938,1.0,0.0
2024-05-17 12:30:00-04:00,MyStrategy,625ed68a91544ae0907d77d76a1bd3ae,SPY,buy,market,new,1,gtc,0.0,1,stock,,,
2024-05-17 12:30:00-04:00,MyStrategy,625ed68a91544ae0907d77d76a1bd3ae,SPY,buy,market,fill,1,gtc,0.0,1,stock,528.8099975585938,1.0,0.0
2024-05-17 15:30:00-04:00,MyStrategy,e1f95dbc4de748028a2fb9e742759b41,SPY,buy,market,new,1,gtc,0.0,1,stock,,,
2024-05-17 15:30:00-04:00,MyStrategy,e1f95dbc4de748028a2fb9e742759b41,SPY,buy,market,fill,1,gtc,0.0,1,stock,528.8099975585938,1.0,0.0
2024-05-20 09:30:00-04:00,MyStrategy,317961ba55ad49cb9dad5c96a2915efb,SPY,buy,market,new,1,gtc,0.0,1,stock,,,
2024-05-20 09:30:00-04:00,MyStrategy,317961ba55ad49cb9dad5c96a2915efb,SPY,buy,market,fill,1,gtc,0.0,1,stock,529.5700073242188,1.0,0.0
2024-05-20 12:30:00-04:00,MyStrategy,e4f2e1e02bb5452e9de3353b4087704d,SPY,buy,market,new,1,gtc,0.0,1,stock,,,
2024-05-20 12:30:00-04:00,MyStrategy,e4f2e1e02bb5452e9de3353b4087704d,SPY,buy,market,fill,1,gtc,0.0,1,stock,529.5700073242188,1.0,0.0
2024-05-20 15:30:00-04:00,MyStrategy,916a420606904656aef0bbaf48f41f21,SPY,buy,market,new,1,gtc,0.0,1,stock,,,
2024-05-20 15:30:00-04:00,MyStrategy,916a420606904656aef0bbaf48f41f21,SPY,buy,market,fill,1,gtc,0.0,1,stock,529.5700073242188,1.0,0.0
2024-05-21 09:30:00-04:00,MyStrategy,e9cbf5f995014f7499b946621ce3b388,SPY,buy,market,new,1,gtc,0.0,1,stock,,,
2024-05-21 09:30:00-04:00,MyStrategy,e9cbf5f995014f7499b946621ce3b388,SPY,buy,market,fill,1,gtc,0.0,1,stock,529.280029296875,1.0,0.0
2024-05-21 12:30:00-04:00,MyStrategy,2b8b88f435314cb48b2489b4ee4cbacc,SPY,buy,market,new,1,gtc,0.0,1,stock,,,
2024-05-21 12:30:00-04:00,MyStrategy,2b8b88f435314cb48b2489b4ee4cbacc,SPY,buy,market,fill,1,gtc,0.0,1,stock,529.280029296875,1.0,0.0
2024-05-21 15:30:00-04:00,MyStrategy,4c479894035b4052b9978c28d65bcf7a,SPY,buy,market,new,1,gtc,0.0,1,stock,,,
2024-05-21 15:30:00-04:00,MyStrategy,4c479894035b4052b9978c28d65bcf7a,SPY,buy,market,fill,1,gtc,0.0,1,stock,529.280029296875,1.0,0.0
2024-05-22 09:30:00-04:00,MyStrategy,a3bf33b358af4541945b62bcae00dd50,SPY,buy,market,new,1,gtc,0.0,1,stock,,,
2024-05-22 09:30:00-04:00,MyStrategy,a3bf33b358af4541945b62bcae00dd50,SPY,buy,market,fill,1,gtc,0.0,1,stock,530.6500244140625,1.0,0.0
2024-05-22 12:30:00-04:00,MyStrategy,f9f42b0992814a2f8cab862af1a6bb64,SPY,buy,market,new,1,gtc,0.0,1,stock,,,
2024-05-22 12:30:00-04:00,MyStrategy,f9f42b0992814a2f8cab862af1a6bb64,SPY,buy,market,fill,1,gtc,0.0,1,stock,530.6500244140625,1.0,0.0
2024-05-22 15:30:00-04:00,MyStrategy,1731eb41829b4f21b9715bd175901d75,SPY,buy,market,new,1,gtc,0.0,1,stock,,,
2024-05-22 15:30:00-04:00,MyStrategy,1731eb41829b4f21b9715bd175901d75,SPY,buy,market,fill,1,gtc,0.0,1,stock,530.6500244140625,1.0,0.0
2024-05-23 09:30:00-04:00,MyStrategy,5d999f3d757149c7a640a55e619bb159,SPY,buy,market,new,1,gtc,0.0,1,stock,,,
2024-05-23 09:30:00-04:00,MyStrategy,5d999f3d757149c7a640a55e619bb159,SPY,buy,market,fill,1,gtc,0.0,1,stock,532.9600219726562,1.0,0.0
2024-05-23 12:30:00-04:00,MyStrategy,e224240c3a354e41b4fed2e1e090e536,SPY,buy,market,new,1,gtc,0.0,1,stock,,,
2024-05-23 12:30:00-04:00,MyStrategy,e224240c3a354e41b4fed2e1e090e536,SPY,buy,market,fill,1,gtc,0.0,1,stock,532.9600219726562,1.0,0.0
2024-05-23 15:30:00-04:00,MyStrategy,eb552e7e5b9b4efda0f0dc937397bd27,SPY,buy,market,new,1,gtc,0.0,1,stock,,,
2024-05-23 15:30:00-04:00,MyStrategy,eb552e7e5b9b4efda0f0dc937397bd27,SPY,buy,market,fill,1,gtc,0.0,1,stock,532.9600219726562,1.0,0.0
2024-05-24 09:30:00-04:00,MyStrategy,bdfca5fc90544787ae7158a775551057,SPY,buy,market,new,1,gtc,0.0,1,stock,,,
2024-05-24 09:30:00-04:00,MyStrategy,bdfca5fc90544787ae7158a775551057,SPY,buy,market,fill,1,gtc,0.0,1,stock,527.8499755859375,1.0,0.0
2024-05-24 12:30:00-04:00,MyStrategy,884ebf2ab92342f4988b8a0efa389ce9,SPY,buy,market,new,1,gtc,0.0,1,stock,,,
2024-05-24 12:30:00-04:00,MyStrategy,884ebf2ab92342f4988b8a0efa389ce9,SPY,buy,market,fill,1,gtc,0.0,1,stock,527.8499755859375,1.0,0.0
2024-05-24 15:30:00-04:00,MyStrategy,478201666f514d29abf8e6fd076684e5,SPY,buy,market,new,1,gtc,0.0,1,stock,,,
2024-05-24 15:30:00-04:00,MyStrategy,478201666f514d29abf8e6fd076684e5,SPY,buy,market,fill,1,gtc,0.0,1,stock,527.8499755859375,1.0,0.0
2024-05-28 09:30:00-04:00,MyStrategy,339f923f8aff497d9ba327badbdaf048,SPY,buy,market,new,1,gtc,0.0,1,stock,,,
2024-05-28 09:30:00-04:00,MyStrategy,339f923f8aff497d9ba327badbdaf048,SPY,buy,market,fill,1,gtc,0.0,1,stock,530.27001953125,1.0,0.0
2024-05-28 12:30:00-04:00,MyStrategy,2de4af27e5784c7f8fd57406db072356,SPY,buy,market,new,1,gtc,0.0,1,stock,,,
2024-05-28 12:30:00-04:00,MyStrategy,2de4af27e5784c7f8fd57406db072356,SPY,buy,market,fill,1,gtc,0.0,1,stock,530.27001953125,1.0,0.0
2024-05-28 15:30:00-04:00,MyStrategy,d2b199794c9d400e95af4a0f67c3669e,SPY,buy,market,new,1,gtc,0.0,1,stock,,,
2024-05-28 15:30:00-04:00,MyStrategy,d2b199794c9d400e95af4a0f67c3669e,SPY,buy,market,fill,1,gtc,0.0,1,stock,530.27001953125,1.0,0.0
2024-05-29 09:30:00-04:00,MyStrategy,73a5a654d8ac463ea9c7409d3e02e2f7,SPY,buy,market,new,1,gtc,0.0,1,stock,,,
2024-05-29 09:30:00-04:00,MyStrategy,73a5a654d8ac463ea9c7409d3e02e2f7,SPY,buy,market,fill,1,gtc,0.0,1,stock,525.6799926757812,1.0,0.0
2024-05-29 12:30:00-04:00,MyStrategy,e9d7cd52cac042bda45666b7e7398845,SPY,buy,market,new,1,gtc,0.0,1,stock,,,
2024-05-29 12:30:00-04:00,MyStrategy,e9d7cd52cac042bda45666b7e7398845,SPY,buy,market,fill,1,gtc,0.0,1,stock,525.6799926757812,1.0,0.0
2024-05-29 15:30:00-04:00,MyStrategy,aff13f41770a4422a7bda34f872a3be6,SPY,buy,market,new,1,gtc,0.0,1,stock,,,
2024-05-29 15:30:00-04:00,MyStrategy,aff13f41770a4422a7bda34f872a3be6,SPY,buy,market,fill,1,gtc,0.0,1,stock,525.6799926757812,1.0,0.0
2024-05-30 09:30:00-04:00,MyStrategy,0c0c38077e7846709addebd054b3ae03,SPY,buy,market,new,1,gtc,0.0,1,stock,,,
2024-05-30 09:30:00-04:00,MyStrategy,0c0c38077e7846709addebd054b3ae03,SPY,buy,market,fill,1,gtc,0.0,1,stock,524.52001953125,1.0,0.0
2024-05-30 12:30:00-04:00,MyStrategy,6e40fce636fa4bc5a548064579aa1a10,SPY,buy,market,new,1,gtc,0.0,1,stock,,,
2024-05-30 12:30:00-04:00,MyStrategy,6e40fce636fa4bc5a548064579aa1a10,SPY,buy,market,fill,1,gtc,0.0,1,stock,524.52001953125,1.0,0.0
2024-05-30 15:30:00-04:00,MyStrategy,9ddd80bbc5284818bb02a1e38db7e839,SPY,buy,market,new,1,gtc,0.0,1,stock,,,
2024-05-30 15:30:00-04:00,MyStrategy,9ddd80bbc5284818bb02a1e38db7e839,SPY,buy,market,fill,1,gtc,0.0,1,stock,524.52001953125,1.0,0.0
2024-05-31 09:30:00-04:00,MyStrategy,bd5030999e204a9ab80fe3857f5d1a1a,SPY,buy,market,new,1,gtc,0.0,1,stock,,,
2024-05-31 09:30:00-04:00,MyStrategy,bd5030999e204a9ab80fe3857f5d1a1a,SPY,buy,market,fill,1,gtc,0.0,1,stock,523.5900268554688,1.0,0.0
2024-05-31 12:30:00-04:00,MyStrategy,20f9afe5c5f44228affaf64bbf917764,SPY,buy,market,new,1,gtc,0.0,1,stock,,,
2024-05-31 12:30:00-04:00,MyStrategy,20f9afe5c5f44228affaf64bbf917764,SPY,buy,market,fill,1,gtc,0.0,1,stock,523.5900268554688,1.0,0.0
2024-05-31 15:30:00-04:00,MyStrategy,0ff028b3d9fa42caa84b45a3236fff3b,SPY,buy,market,new,1,gtc,0.0,1,stock,,,
2024-05-31 15:30:00-04:00,MyStrategy,0ff028b3d9fa42caa84b45a3236fff3b,SPY,buy,market,fill,1,gtc,0.0,1,stock,523.5900268554688,1.0,0.0
2024-06-03 09:30:00-04:00,MyStrategy,83cec30bdf8946de81b0a9edd6d89997,SPY,buy,market,new,1,gtc,0.0,1,stock,,,
2024-06-03 09:30:00-04:00,MyStrategy,83cec30bdf8946de81b0a9edd6d89997,SPY,buy,market,fill,1,gtc,0.0,1,stock,529.02001953125,1.0,0.0
2024-06-03 12:30:00-04:00,MyStrategy,dab125a85aa84254a5e39d9927d4d6ec,SPY,buy,market,new,1,gtc,0.0,1,stock,,,
2024-06-03 12:30:00-04:00,MyStrategy,dab125a85aa84254a5e39d9927d4d6ec,SPY,buy,market,fill,1,gtc,0.0,1,stock,529.02001953125,1.0,0.0
2024-06-03 15:30:00-04:00,MyStrategy,992d648e0593430bba04f9f662b87617,SPY,buy,market,new,1,gtc,0.0,1,stock,,,
2024-06-03 15:30:00-04:00,MyStrategy,992d648e0593430bba04f9f662b87617,SPY,buy,market,fill,1,gtc,0.0,1,stock,529.02001953125,1.0,0.0
2024-06-04 09:30:00-04:00,MyStrategy,9ed068326dc642f2afbf7705a8f5668d,SPY,buy,market,new,1,gtc,0.0,1,stock,,,
2024-06-04 09:30:00-04:00,MyStrategy,9ed068326dc642f2afbf7705a8f5668d,SPY,buy,market,fill,1,gtc,0.0,1,stock,526.4600219726562,1.0,0.0
2024-06-04 12:30:00-04:00,MyStrategy,a963d86989cd4ef8867834cc1ee129ac,SPY,buy,market,new,1,gtc,0.0,1,stock,,,
2024-06-04 12:30:00-04:00,MyStrategy,a963d86989cd4ef8867834cc1ee129ac,SPY,buy,market,fill,1,gtc,0.0,1,stock,526.4600219726562,1.0,0.0
2024-06-04 15:30:00-04:00,MyStrategy,d58d0c81c90a4be0936b84040d8eba80,SPY,buy,market,new,1,gtc,0.0,1,stock,,,
2024-06-04 15:30:00-04:00,MyStrategy,d58d0c81c90a4be0936b84040d8eba80,SPY,buy,market,fill,1,gtc,0.0,1,stock,526.4600219726562,1.0,0.0
2024-06-05 09:30:00-04:00,MyStrategy,a8577cc5dc5c4ffdae1e1fd1aee35dbc,SPY,buy,market,new,1,gtc,0.0,1,stock,,,
2024-06-05 09:30:00-04:00,MyStrategy,a8577cc5dc5c4ffdae1e1fd1aee35dbc,SPY,buy,market,fill,1,gtc,0.0,1,stock,530.77001953125,1.0,0.0
2024-06-05 12:30:00-04:00,MyStrategy,a88b95960f3549e68831f77747262825,SPY,buy,market,new,1,gtc,0.0,1,stock,,,
2024-06-05 12:30:00-04:00,MyStrategy,a88b95960f3549e68831f77747262825,SPY,buy,market,fill,1,gtc,0.0,1,stock,530.77001953125,1.0,0.0
2024-06-05 15:30:00-04:00,MyStrategy,f9486bd095b4496c92875340a7fac744,SPY,buy,market,new,1,gtc,0.0,1,stock,,,
2024-06-05 15:30:00-04:00,MyStrategy,f9486bd095b4496c92875340a7fac744,SPY,buy,market,fill,1,gtc,0.0,1,stock,530.77001953125,1.0,0.0
2024-06-06 09:30:00-04:00,MyStrategy,bd185ff8aa1a415f933e43b69f5e4c83,SPY,buy,market,new,1,gtc,0.0,1,stock,,,
2024-06-06 09:30:00-04:00,MyStrategy,bd185ff8aa1a415f933e43b69f5e4c83,SPY,buy,market,fill,1,gtc,0.0,1,stock,534.97998046875,1.0,0.0
2024-06-06 12:30:00-04:00,MyStrategy,399486b17f8349df99164ce36ed07e97,SPY,buy,market,new,1,gtc,0.0,1,stock,,,
2024-06-06 12:30:00-04:00,MyStrategy,399486b17f8349df99164ce36ed07e97,SPY,buy,market,fill,1,gtc,0.0,1,stock,534.97998046875,1.0,0.0
2024-06-06 15:30:00-04:00,MyStrategy,4d5032455e084bc08eff73b4ebefd60c,SPY,buy,market,new,1,gtc,0.0,1,stock,,,
2024-06-06 15:30:00-04:00,MyStrategy,4d5032455e084bc08eff73b4ebefd60c,SPY,buy,market,fill,1,gtc,0.0,1,stock,534.97998046875,1.0,0.0
2024-06-07 09:30:00-04:00,MyStrategy,2bf9521d25dc47f19c065ecea9b64ad1,SPY,buy,market,new,1,gtc,0.0,1,stock,,,
2024-06-07 09:30:00-04:00,MyStrategy,2bf9521d25dc47f19c065ecea9b64ad1,SPY,buy,market,fill,1,gtc,0.0,1,stock,533.6599731445312,1.0,0.0
2024-06-07 12:30:00-04:00,MyStrategy,5c9db1058387432baf3f4acf2ccf5af3,SPY,buy,market,new,1,gtc,0.0,1,stock,,,
2024-06-07 12:30:00-04:00,MyStrategy,5c9db1058387432baf3f4acf2ccf5af3,SPY,buy,market,fill,1,gtc,0.0,1,stock,533.6599731445312,1.0,0.0
2024-06-07 15:30:00-04:00,MyStrategy,15c2e701de79464694cac145a384fe85,SPY,buy,market,new,1,gtc,0.0,1,stock,,,
2024-06-07 15:30:00-04:00,MyStrategy,15c2e701de79464694cac145a384fe85,SPY,buy,market,fill,1,gtc,0.0,1,stock,533.6599731445312,1.0,0.0
2024-06-10 09:30:00-04:00,MyStrategy,4100c1a3451f42f2bd9cf39e3eff273e,SPY,buy,market,new,1,gtc,0.0,1,stock,,,
2024-06-10 09:30:00-04:00,MyStrategy,4100c1a3451f42f2bd9cf39e3eff273e,SPY,buy,market,fill,1,gtc,0.0,1,stock,533.1799926757812,1.0,0.0
2024-06-10 12:30:00-04:00,MyStrategy,1ed1bf67b17e42778bd13229ecf31375,SPY,buy,market,new,1,gtc,0.0,1,stock,,,
2024-06-10 12:30:00-04:00,MyStrategy,1ed1bf67b17e42778bd13229ecf31375,SPY,buy,market,fill,1,gtc,0.0,1,stock,533.1799926757812,1.0,0.0
2024-06-10 15:30:00-04:00,MyStrategy,74ec81bc1daa4f0eb306ffc9d2d99b99,SPY,buy,market,new,1,gtc,0.0,1,stock,,,
2024-06-10 15:30:00-04:00,MyStrategy,74ec81bc1daa4f0eb306ffc9d2d99b99,SPY,buy,market,fill,1,gtc,0.0,1,stock,533.1799926757812,1.0,0.0
2024-06-11 09:30:00-04:00,MyStrategy,493b441d9b1944759ca876cb4d240d5e,SPY,buy,market,new,1,gtc,0.0,1,stock,,,
2024-06-11 09:30:00-04:00,MyStrategy,493b441d9b1944759ca876cb4d240d5e,SPY,buy,market,fill,1,gtc,0.0,1,stock,534.0700073242188,1.0,0.0
2024-06-11 12:30:00-04:00,MyStrategy,bca07d5824c443dfa5209c7c5564892e,SPY,buy,market,new,1,gtc,0.0,1,stock,,,
2024-06-11 12:30:00-04:00,MyStrategy,bca07d5824c443dfa5209c7c5564892e,SPY,buy,market,fill,1,gtc,0.0,1,stock,534.0700073242188,1.0,0.0
2024-06-11 15:30:00-04:00,MyStrategy,d746a64f96e3498f96c799dba5ef1f0c,SPY,buy,market,new,1,gtc,0.0,1,stock,,,
2024-06-11 15:30:00-04:00,MyStrategy,d746a64f96e3498f96c799dba5ef1f0c,SPY,buy,market,fill,1,gtc,0.0,1,stock,534.0700073242188,1.0,0.0
2024-06-12 09:30:00-04:00,MyStrategy,12927a3320434ca5b15d60dbac4bfa66,SPY,buy,market,new,1,gtc,0.0,1,stock,,,
2024-06-12 09:30:00-04:00,MyStrategy,12927a3320434ca5b15d60dbac4bfa66,SPY,buy,market,fill,1,gtc,0.0,1,stock,541.6300048828125,1.0,0.0
2024-06-12 12:30:00-04:00,MyStrategy,59c9bc0bbf7843039330f7636f144eca,SPY,buy,market,new,1,gtc,0.0,1,stock,,,
2024-06-12 12:30:00-04:00,MyStrategy,59c9bc0bbf7843039330f7636f144eca,SPY,buy,market,fill,1,gtc,0.0,1,stock,541.6300048828125,1.0,0.0
2024-06-12 15:30:00-04:00,MyStrategy,10ced3bb7b8f4b70b1dc04cc8fa6bfd3,SPY,buy,market,new,1,gtc,0.0,1,stock,,,
2024-06-12 15:30:00-04:00,MyStrategy,10ced3bb7b8f4b70b1dc04cc8fa6bfd3,SPY,buy,market,fill,1,gtc,0.0,1,stock,541.6300048828125,1.0,0.0
2024-06-13 09:30:00-04:00,MyStrategy,06e68625f46644c6b4b079199787742a,SPY,buy,market,new,1,gtc,0.0,1,stock,,,
2024-06-13 09:30:00-04:00,MyStrategy,06e68625f46644c6b4b079199787742a,SPY,buy,market,fill,1,gtc,0.0,1,stock,543.1500244140625,1.0,0.0
2024-06-13 12:30:00-04:00,MyStrategy,58c34d8f348b43dfb7bd7e0d812767d3,SPY,buy,market,new,1,gtc,0.0,1,stock,,,
2024-06-13 12:30:00-04:00,MyStrategy,58c34d8f348b43dfb7bd7e0d812767d3,SPY,buy,market,fill,1,gtc,0.0,1,stock,543.1500244140625,1.0,0.0
2024-06-13 15:30:00-04:00,MyStrategy,bb0f8e35eaaf43b982ec667836051853,SPY,buy,market,new,1,gtc,0.0,1,stock,,,
2024-06-13 15:30:00-04:00,MyStrategy,bb0f8e35eaaf43b982ec667836051853,SPY,buy,market,fill,1,gtc,0.0,1,stock,543.1500244140625,1.0,0.0
2024-06-14 09:30:00-04:00,MyStrategy,8de86ddc967c4c9e8a61b0a0f09c25d1,SPY,buy,market,new,1,gtc,0.0,1,stock,,,
2024-06-14 09:30:00-04:00,MyStrategy,8de86ddc967c4c9e8a61b0a0f09c25d1,SPY,buy,market,fill,1,gtc,0.0,1,stock,540.8800048828125,1.0,0.0
2024-06-14 12:30:00-04:00,MyStrategy,c85d783fc1a54025be2bce05fc545991,SPY,buy,market,new,1,gtc,0.0,1,stock,,,
2024-06-14 12:30:00-04:00,MyStrategy,c85d783fc1a54025be2bce05fc545991,SPY,buy,market,fill,1,gtc,0.0,1,stock,540.8800048828125,1.0,0.0
2024-06-14 15:30:00-04:00,MyStrategy,187d2d24d0b847a492bb78ae896b490b,SPY,buy,market,new,1,gtc,0.0,1,stock,,,
2024-06-14 15:30:00-04:00,MyStrategy,187d2d24d0b847a492bb78ae896b490b,SPY,buy,market,fill,1,gtc,0.0,1,stock,540.8800048828125,1.0,0.0
2024-06-17 09:30:00-04:00,MyStrategy,754b5d61fa5e4ceaaf3c05edd627fb07,SPY,buy,market,new,1,gtc,0.0,1,stock,,,
2024-06-17 09:30:00-04:00,MyStrategy,754b5d61fa5e4ceaaf3c05edd627fb07,SPY,buy,market,fill,1,gtc,0.0,1,stock,542.0800170898438,1.0,0.0
2024-06-17 12:30:00-04:00,MyStrategy,2232d0f15c654ce0afa0f8cc62969025,SPY,buy,market,new,1,gtc,0.0,1,stock,,,
2024-06-17 12:30:00-04:00,MyStrategy,2232d0f15c654ce0afa0f8cc62969025,SPY,buy,market,fill,1,gtc,0.0,1,stock,542.0800170898438,1.0,0.0
2024-06-17 15:30:00-04:00,MyStrategy,3f6692130dfb4a36ae93a83c7a21643b,SPY,buy,market,new,1,gtc,0.0,1,stock,,,
2024-06-17 15:30:00-04:00,MyStrategy,3f6692130dfb4a36ae93a83c7a21643b,SPY,buy,market,fill,1,gtc,0.0,1,stock,542.0800170898438,1.0,0.0
2024-06-18 09:30:00-04:00,MyStrategy,5fd09b4204784741a28f06a4730f2346,SPY,buy,market,new,1,gtc,0.0,1,stock,,,
2024-06-18 09:30:00-04:00,MyStrategy,5fd09b4204784741a28f06a4730f2346,SPY,buy,market,fill,1,gtc,0.0,1,stock,547.1599731445312,1.0,0.0
2024-06-18 12:30:00-04:00,MyStrategy,4a3d0b907f9b411488d8eb2b293dd89d,SPY,buy,market,new,1,gtc,0.0,1,stock,,,
2024-06-18 12:30:00-04:00,MyStrategy,4a3d0b907f9b411488d8eb2b293dd89d,SPY,buy,market,fill,1,gtc,0.0,1,stock,547.1599731445312,1.0,0.0
2024-06-18 15:30:00-04:00,MyStrategy,75747db62b59481ebf548fa02382c820,SPY,buy,market,new,1,gtc,0.0,1,stock,,,
2024-06-18 15:30:00-04:00,MyStrategy,75747db62b59481ebf548fa02382c820,SPY,buy,market,fill,1,gtc,0.0,1,stock,547.1599731445312,1.0,0.0
2024-06-20 09:30:00-04:00,MyStrategy,47e07f1bf79b415ebe3e90e89dd63fbd,SPY,buy,market,new,1,gtc,0.0,1,stock,,,
2024-06-20 09:30:00-04:00,MyStrategy,47e07f1bf79b415ebe3e90e89dd63fbd,SPY,buy,market,fill,1,gtc,0.0,1,stock,549.4400024414062,1.0,0.0
2024-06-20 12:30:00-04:00,MyStrategy,72297da1e19a4939adfeb21ad9ec947a,SPY,buy,market,new,1,gtc,0.0,1,stock,,,
2024-06-20 12:30:00-04:00,MyStrategy,72297da1e19a4939adfeb21ad9ec947a,SPY,buy,market,fill,1,gtc,0.0,1,stock,549.4400024414062,1.0,0.0
2024-06-20 15:30:00-04:00,MyStrategy,11dc0cad75bf4b15924bc2c79c679fc8,SPY,buy,market,new,1,gtc,0.0,1,stock,,,
2024-06-20 15:30:00-04:00,MyStrategy,11dc0cad75bf4b15924bc2c79c679fc8,SPY,buy,market,fill,1,gtc,0.0,1,stock,549.4400024414062,1.0,0.0
2024-06-21 09:30:00-04:00,MyStrategy,a97f872af443466cb4a8a8f20ade634e,SPY,buy,market,new,1,gtc,0.0,1,stock,,,
2024-06-21 09:30:00-04:00,MyStrategy,a97f872af443466cb4a8a8f20ade634e,SPY,buy,market,fill,1,gtc,0.0,1,stock,544.4000244140625,1.0,0.0
2024-06-21 12:30:00-04:00,MyStrategy,2a3549325bd04387afc257a9c2bc75da,SPY,buy,market,new,1,gtc,0.0,1,stock,,,
2024-06-21 12:30:00-04:00,MyStrategy,2a3549325bd04387afc257a9c2bc75da,SPY,buy,market,fill,1,gtc,0.0,1,stock,544.4000244140625,1.0,0.0
2024-06-21 15:30:00-04:00,MyStrategy,bcdeea76b6e44d418bb0c9e06100237d,SPY,buy,market,new,1,gtc,0.0,1,stock,,,
2024-06-21 15:30:00-04:00,MyStrategy,bcdeea76b6e44d418bb0c9e06100237d,SPY,buy,market,fill,1,gtc,0.0,1,stock,544.4000244140625,1.0,0.0
2024-06-24 09:30:00-04:00,MyStrategy,41ffb5fe9ca24effb37ba0a7deb346b9,SPY,buy,market,new,1,gtc,0.0,1,stock,,,
2024-06-24 09:30:00-04:00,MyStrategy,41ffb5fe9ca24effb37ba0a7deb346b9,SPY,buy,market,fill,1,gtc,0.0,1,stock,544.3300170898438,1.0,0.0
2024-06-24 12:30:00-04:00,MyStrategy,fe258411e0e54dcfa6a6b68ba5c3505c,SPY,buy,market,new,1,gtc,0.0,1,stock,,,
2024-06-24 12:30:00-04:00,MyStrategy,fe258411e0e54dcfa6a6b68ba5c3505c,SPY,buy,market,fill,1,gtc,0.0,1,stock,544.3300170898438,1.0,0.0
2024-06-24 15:30:00-04:00,MyStrategy,9112e9a9c52c4bc19eda1fbfc8bb821e,SPY,buy,market,new,1,gtc,0.0,1,stock,,,
2024-06-24 15:30:00-04:00,MyStrategy,9112e9a9c52c4bc19eda1fbfc8bb821e,SPY,buy,market,fill,1,gtc,0.0,1,stock,544.3300170898438,1.0,0.0
2024-06-25 09:30:00-04:00,MyStrategy,dc6a238893f44ecdae9a3a8113cac4a0,SPY,buy,market,new,1,gtc,0.0,1,stock,,,
2024-06-25 09:30:00-04:00,MyStrategy,dc6a238893f44ecdae9a3a8113cac4a0,SPY,buy,market,fill,1,gtc,0.0,1,stock,543.989990234375,1.0,0.0
2024-06-25 12:30:00-04:00,MyStrategy,50e51f67e163410e836571f3471022ed,SPY,buy,market,new,1,gtc,0.0,1,stock,,,
2024-06-25 12:30:00-04:00,MyStrategy,50e51f67e163410e836571f3471022ed,SPY,buy,market,fill,1,gtc,0.0,1,stock,543.989990234375,1.0,0.0
2024-06-25 15:30:00-04:00,MyStrategy,1075058383ff44968fee315e906fa4b8,SPY,buy,market,new,1,gtc,0.0,1,stock,,,
2024-06-25 15:30:00-04:00,MyStrategy,1075058383ff44968fee315e906fa4b8,SPY,buy,market,fill,1,gtc,0.0,1,stock,543.989990234375,1.0,0.0
2024-06-26 09:30:00-04:00,MyStrategy,c4e426f42d344a50bc1c3ce8c98389e8,SPY,buy,market,new,1,gtc,0.0,1,stock,,,
2024-06-26 09:30:00-04:00,MyStrategy,c4e426f42d344a50bc1c3ce8c98389e8,SPY,buy,market,fill,1,gtc,0.0,1,stock,543.6900024414062,1.0,0.0
2024-06-26 12:30:00-04:00,MyStrategy,dec36d65476f49a887147336f2b7e336,SPY,buy,market,new,1,gtc,0.0,1,stock,,,
2024-06-26 12:30:00-04:00,MyStrategy,dec36d65476f49a887147336f2b7e336,SPY,buy,market,fill,1,gtc,0.0,1,stock,543.6900024414062,1.0,0.0
2024-06-26 15:30:00-04:00,MyStrategy,8a3c6b089c24442f9c21de4488e63654,SPY,buy,market,new,1,gtc,0.0,1,stock,,,
2024-06-26 15:30:00-04:00,MyStrategy,8a3c6b089c24442f9c21de4488e63654,SPY,buy,market,fill,1,gtc,0.0,1,stock,543.6900024414062,1.0,0.0
2024-06-27 09:30:00-04:00,MyStrategy,6e49a53bf20e4d538c84e0bf6c912bbb,SPY,buy,market,new,1,gtc,0.0,1,stock,,,
2024-06-27 09:30:00-04:00,MyStrategy,6e49a53bf20e4d538c84e0bf6c912bbb,SPY,buy,market,fill,1,gtc,0.0,1,stock,545.3699951171875,1.0,0.0
2024-06-27 12:30:00-04:00,MyStrategy,b8a5e77650be4cf0853ef800b460a05e,SPY,buy,market,new,1,gtc,0.0,1,stock,,,
2024-06-27 12:30:00-04:00,MyStrategy,b8a5e77650be4cf0853ef800b460a05e,SPY,buy,market,fill,1,gtc,0.0,1,stock,545.3699951171875,1.0,0.0
2024-06-27 15:30:00-04:00,MyStrategy,c6ac17a946ef49a2bd4c862903855973,SPY,buy,market,new,1,gtc,0.0,1,stock,,,
2024-06-27 15:30:00-04:00,MyStrategy,c6ac17a946ef49a2bd4c862903855973,SPY,buy,market,fill,1,gtc,0.0,1,stock,545.3699951171875,1.0,0.0
2024-06-28 09:30:00-04:00,MyStrategy,dcdefd66f91c4072b0d983480eb56165,SPY,buy,market,new,1,gtc,0.0,1,stock,,,
2024-06-28 09:30:00-04:00,MyStrategy,dcdefd66f91c4072b0d983480eb56165,SPY,buy,market,fill,1,gtc,0.0,1,stock,547.1599731445312,1.0,0.0
2024-06-28 12:30:00-04:00,MyStrategy,f04f135aea27420483d89113b1eb095c,SPY,buy,market,new,1,gtc,0.0,1,stock,,,
2024-06-28 12:30:00-04:00,MyStrategy,f04f135aea27420483d89113b1eb095c,SPY,buy,market,fill,1,gtc,0.0,1,stock,547.1599731445312,1.0,0.0
2024-06-28 15:30:00-04:00,MyStrategy,a9c90f15af0f498485aabd02aedc3dd6,SPY,buy,market,new,1,gtc,0.0,1,stock,,,
2024-06-28 15:30:00-04:00,MyStrategy,a9c90f15af0f498485aabd02aedc3dd6,SPY,buy,market,fill,1,gtc,0.0,1,stock,547.1599731445312,1.0,0.0
2024-07-01 09:30:00-04:00,MyStrategy,969f0b8666304304b5698bd79303065d,SPY,buy,market,new,1,gtc,0.0,1,stock,,,
2024-07-01 09:30:00-04:00,MyStrategy,969f0b8666304304b5698bd79303065d,SPY,buy,market,fill,1,gtc,0.0,1,stock,545.6300048828125,1.0,0.0
2024-07-01 12:30:00-04:00,MyStrategy,6ac06d8751894441b66152ae4dbbe68a,SPY,buy,market,new,1,gtc,0.0,1,stock,,,
2024-07-01 12:30:00-04:00,MyStrategy,6ac06d8751894441b66152ae4dbbe68a,SPY,buy,market,fill,1,gtc,0.0,1,stock,545.6300048828125,1.0,0.0
2024-07-01 15:30:00-04:00,MyStrategy,2d17ff05e89645dba2e541fc7ae555d3,SPY,buy,market,new,1,gtc,0.0,1,stock,,,
2024-07-01 15:30:00-04:00,MyStrategy,2d17ff05e89645dba2e541fc7ae555d3,SPY,buy,market,fill,1,gtc,0.0,1,stock,545.6300048828125,1.0,0.0
2024-07-02 09:30:00-04:00,MyStrategy,1e8930ac107c46aa88d5f91581909c6d,SPY,buy,market,new,1,gtc,0.0,1,stock,,,
2024-07-02 09:30:00-04:00,MyStrategy,1e8930ac107c46aa88d5f91581909c6d,SPY,buy,market,fill,1,gtc,0.0,1,stock,543.7000122070312,1.0,0.0
2024-07-02 12:30:00-04:00,MyStrategy,0c1afe9e1a9442838bc92a13a7c6d969,SPY,buy,market,new,1,gtc,0.0,1,stock,,,
2024-07-02 12:30:00-04:00,MyStrategy,0c1afe9e1a9442838bc92a13a7c6d969,SPY,buy,market,fill,1,gtc,0.0,1,stock,543.7000122070312,1.0,0.0
2024-07-02 15:30:00-04:00,MyStrategy,8ff5ad67d6b541bd93d2f24e23f110b0,SPY,buy,market,new,1,gtc,0.0,1,stock,,,
2024-07-02 15:30:00-04:00,MyStrategy,8ff5ad67d6b541bd93d2f24e23f110b0,SPY,buy,market,fill,1,gtc,0.0,1,stock,543.7000122070312,1.0,0.0
2024-07-03 09:30:00-04:00,MyStrategy,126298ee45124173ab461c32b7c7bcd5,SPY,buy,market,new,1,gtc,0.0,1,stock,,,
2024-07-03 09:30:00-04:00,MyStrategy,126298ee45124173ab461c32b7c7bcd5,SPY,buy,market,fill,1,gtc,0.0,1,stock,548.6900024414062,1.0,0.0
2024-07-03 12:30:00-04:00,MyStrategy,1687d7294f3d47dfa78012827c4c8fe4,SPY,buy,market,new,1,gtc,0.0,1,stock,,,
2024-07-03 12:30:00-04:00,MyStrategy,1687d7294f3d47dfa78012827c4c8fe4,SPY,buy,market,fill,1,gtc,0.0,1,stock,548.6900024414062,1.0,0.0
2024-07-05 09:30:00-04:00,MyStrategy,e0b19215e6884fb3b13e730ff506cd5a,SPY,buy,market,new,1,gtc,0.0,1,stock,,,
2024-07-05 09:30:00-04:00,MyStrategy,e0b19215e6884fb3b13e730ff506cd5a,SPY,buy,market,fill,1,gtc,0.0,1,stock,551.77001953125,1.0,0.0
2024-07-05 12:30:00-04:00,MyStrategy,8e859122953c4c46a524cf3f07bcba7c,SPY,buy,market,new,1,gtc,0.0,1,stock,,,
2024-07-05 12:30:00-04:00,MyStrategy,8e859122953c4c46a524cf3f07bcba7c,SPY,buy,market,fill,1,gtc,0.0,1,stock,551.77001953125,1.0,0.0
2024-07-05 15:30:00-04:00,MyStrategy,a643d1c8fc2642388d7dc20d186623d8,SPY,buy,market,new,1,gtc,0.0,1,stock,,,
2024-07-05 15:30:00-04:00,MyStrategy,a643d1c8fc2642388d7dc20d186623d8,SPY,buy,market,fill,1,gtc,0.0,1,stock,551.77001953125,1.0,0.0
2024-07-08 09:30:00-04:00,MyStrategy,cbf5cd92b1a745f3bfaffd774f7d7709,SPY,buy,market,new,1,gtc,0.0,1,stock,,,
2024-07-08 09:30:00-04:00,MyStrategy,cbf5cd92b1a745f3bfaffd774f7d7709,SPY,buy,market,fill,1,gtc,0.0,1,stock,555.4400024414062,1.0,0.0
2024-07-08 12:30:00-04:00,MyStrategy,90c961ea70a844259d931de10153e448,SPY,buy,market,new,1,gtc,0.0,1,stock,,,
2024-07-08 12:30:00-04:00,MyStrategy,90c961ea70a844259d931de10153e448,SPY,buy,market,fill,1,gtc,0.0,1,stock,555.4400024414062,1.0,0.0
2024-07-08 15:30:00-04:00,MyStrategy,c73432c248824e35b55c4a8b4d692b2d,SPY,buy,market,new,1,gtc,0.0,1,stock,,,
2024-07-08 15:30:00-04:00,MyStrategy,c73432c248824e35b55c4a8b4d692b2d,SPY,buy,market,fill,1,gtc,0.0,1,stock,555.4400024414062,1.0,0.0
2024-07-09 09:30:00-04:00,MyStrategy,438459c69bc5452788a5da67c6fcf0b1,SPY,buy,market,new,1,gtc,0.0,1,stock,,,
2024-07-09 09:30:00-04:00,MyStrategy,438459c69bc5452788a5da67c6fcf0b1,SPY,buy,market,fill,1,gtc,0.0,1,stock,556.260009765625,1.0,0.0
2024-07-09 12:30:00-04:00,MyStrategy,d32a5173bb1144958e972ac8fc50e5a3,SPY,buy,market,new,1,gtc,0.0,1,stock,,,
2024-07-09 12:30:00-04:00,MyStrategy,d32a5173bb1144958e972ac8fc50e5a3,SPY,buy,market,fill,1,gtc,0.0,1,stock,556.260009765625,1.0,0.0
2024-07-09 15:30:00-04:00,MyStrategy,5ad86d72552a44b0baa487c5efb7de18,SPY,buy,market,new,1,gtc,0.0,1,stock,,,
2024-07-09 15:30:00-04:00,MyStrategy,5ad86d72552a44b0baa487c5efb7de18,SPY,buy,market,fill,1,gtc,0.0,1,stock,556.260009765625,1.0,0.0
2024-07-10 09:30:00-04:00,MyStrategy,1471412ea6804c5090a8b23ccd2d6639,SPY,buy,market,new,1,gtc,0.0,1,stock,,,
2024-07-10 09:30:00-04:00,MyStrategy,1471412ea6804c5090a8b23ccd2d6639,SPY,buy,market,fill,1,gtc,0.0,1,stock,557.0700073242188,1.0,0.0
2024-07-10 12:30:00-04:00,MyStrategy,84a88d2b834b400f93ca9bf0174c1fad,SPY,buy,market,new,1,gtc,0.0,1,stock,,,
2024-07-10 12:30:00-04:00,MyStrategy,84a88d2b834b400f93ca9bf0174c1fad,SPY,buy,market,fill,1,gtc,0.0,1,stock,557.0700073242188,1.0,0.0
2024-07-10 15:30:00-04:00,MyStrategy,fa3918a7aa47489695f4a9af753cc49d,SPY,buy,market,new,1,gtc,0.0,1,stock,,,
2024-07-10 15:30:00-04:00,MyStrategy,fa3918a7aa47489695f4a9af753cc49d,SPY,buy,market,fill,1,gtc,0.0,1,stock,557.0700073242188,1.0,0.0
2024-07-11 09:30:00-04:00,MyStrategy,b199b023b1d14d229d28a585246072e7,SPY,buy,market,new,1,gtc,0.0,1,stock,,,
2024-07-11 09:30:00-04:00,MyStrategy,b199b023b1d14d229d28a585246072e7,SPY,buy,market,fill,1,gtc,0.0,1,stock,561.4400024414062,1.0,0.0
2024-07-11 12:30:00-04:00,MyStrategy,bcecb234c16c41a493f06eeaad3e633b,SPY,buy,market,new,1,gtc,0.0,1,stock,,,
2024-07-11 12:30:00-04:00,MyStrategy,bcecb234c16c41a493f06eeaad3e633b,SPY,buy,market,fill,1,gtc,0.0,1,stock,561.4400024414062,1.0,0.0
2024-07-11 15:30:00-04:00,MyStrategy,9ca127dda8684908b28f70014942b886,SPY,buy,market,new,1,gtc,0.0,1,stock,,,
2024-07-11 15:30:00-04:00,MyStrategy,9ca127dda8684908b28f70014942b886,SPY,buy,market,fill,1,gtc,0.0,1,stock,561.4400024414062,1.0,0.0
2024-07-12 09:30:00-04:00,MyStrategy,370f581a36af48eca80517afb39457fc,SPY,buy,market,new,1,gtc,0.0,1,stock,,,
2024-07-12 09:30:00-04:00,MyStrategy,370f581a36af48eca80517afb39457fc,SPY,buy,market,fill,1,gtc,0.0,1,stock,557.6300048828125,1.0,0.0
2024-07-12 12:30:00-04:00,MyStrategy,224c13e6d6854f8781c67e671a4351b6,SPY,buy,market,new,1,gtc,0.0,1,stock,,,
2024-07-12 12:30:00-04:00,MyStrategy,224c13e6d6854f8781c67e671a4351b6,SPY,buy,market,fill,1,gtc,0.0,1,stock,557.6300048828125,1.0,0.0
2024-07-12 15:30:00-04:00,MyStrategy,0d735adc715c4bb0a704b9da902a5473,SPY,buy,market,new,1,gtc,0.0,1,stock,,,
2024-07-12 15:30:00-04:00,MyStrategy,0d735adc715c4bb0a704b9da902a5473,SPY,buy,market,fill,1,gtc,0.0,1,stock,557.6300048828125,1.0,0.0
2024-07-15 09:30:00-04:00,MyStrategy,db28de5a82d546eab9661cdb8eb1f723,SPY,buy,market,new,1,gtc,0.0,1,stock,,,
2024-07-15 09:30:00-04:00,MyStrategy,db28de5a82d546eab9661cdb8eb1f723,SPY,buy,market,fill,1,gtc,0.0,1,stock,562.030029296875,1.0,0.0
2024-07-15 12:30:00-04:00,MyStrategy,d1c04373bd8e438cb10f48ec73b1155c,SPY,buy,market,new,1,gtc,0.0,1,stock,,,
2024-07-15 12:30:00-04:00,MyStrategy,d1c04373bd8e438cb10f48ec73b1155c,SPY,buy,market,fill,1,gtc,0.0,1,stock,562.030029296875,1.0,0.0
2024-07-15 15:30:00-04:00,MyStrategy,95ee8e4cd65f4fee8c4e2983e9504f20,SPY,buy,market,new,1,gtc,0.0,1,stock,,,
2024-07-15 15:30:00-04:00,MyStrategy,95ee8e4cd65f4fee8c4e2983e9504f20,SPY,buy,market,fill,1,gtc,0.0,1,stock,562.030029296875,1.0,0.0
2024-07-16 09:30:00-04:00,MyStrategy,4f65d0d156d142b48480509a473a8181,SPY,buy,market,new,1,gtc,0.0,1,stock,,,
2024-07-16 09:30:00-04:00,MyStrategy,4f65d0d156d142b48480509a473a8181,SPY,buy,market,fill,1,gtc,0.0,1,stock,562.8699951171875,1.0,0.0
2024-07-16 12:30:00-04:00,MyStrategy,df8861cedde84e89a90815d4b083d32e,SPY,buy,market,new,1,gtc,0.0,1,stock,,,
2024-07-16 12:30:00-04:00,MyStrategy,df8861cedde84e89a90815d4b083d32e,SPY,buy,market,fill,1,gtc,0.0,1,stock,562.8699951171875,1.0,0.0
2024-07-16 15:30:00-04:00,MyStrategy,59068b485f494ad9939ec4a3e1ad6fee,SPY,buy,market,new,1,gtc,0.0,1,stock,,,
2024-07-16 15:30:00-04:00,MyStrategy,59068b485f494ad9939ec4a3e1ad6fee,SPY,buy,market,fill,1,gtc,0.0,1,stock,562.8699951171875,1.0,0.0
2024-07-17 09:30:00-04:00,MyStrategy,52ee0794827d4393852b547f40508193,SPY,buy,market,new,1,gtc,0.0,1,stock,,,
2024-07-17 09:30:00-04:00,MyStrategy,52ee0794827d4393852b547f40508193,SPY,buy,market,fill,1,gtc,0.0,1,stock,558.7999877929688,1.0,0.0
2024-07-17 12:30:00-04:00,MyStrategy,b80224242d5e45f59a5087b345040e60,SPY,buy,market,new,1,gtc,0.0,1,stock,,,
2024-07-17 12:30:00-04:00,MyStrategy,b80224242d5e45f59a5087b345040e60,SPY,buy,market,fill,1,gtc,0.0,1,stock,558.7999877929688,1.0,0.0
2024-07-17 15:30:00-04:00,MyStrategy,198f3e4af0364da9b4d2b048a0096973,SPY,buy,market,new,1,gtc,0.0,1,stock,,,
2024-07-17 15:30:00-04:00,MyStrategy,198f3e4af0364da9b4d2b048a0096973,SPY,buy,market,fill,1,gtc,0.0,1,stock,558.7999877929688,1.0,0.0
2024-07-18 09:30:00-04:00,MyStrategy,b25eaa270e104093a0f54c0ea631072a,SPY,buy,market,new,1,gtc,0.0,1,stock,,,
2024-07-18 09:30:00-04:00,MyStrategy,b25eaa270e104093a0f54c0ea631072a,SPY,buy,market,fill,1,gtc,0.0,1,stock,558.510009765625,1.0,0.0
2024-07-18 12:30:00-04:00,MyStrategy,4ba5b26bfb2f48a38d2f9740dd46de77,SPY,buy,market,new,1,gtc,0.0,1,stock,,,
2024-07-18 12:30:00-04:00,MyStrategy,4ba5b26bfb2f48a38d2f9740dd46de77,SPY,buy,market,fill,1,gtc,0.0,1,stock,558.510009765625,1.0,0.0
2024-07-18 15:30:00-04:00,MyStrategy,48916a8e3eb64e22a6a1ea3de183b090,SPY,buy,market,new,1,gtc,0.0,1,stock,,,
2024-07-18 15:30:00-04:00,MyStrategy,48916a8e3eb64e22a6a1ea3de183b090,SPY,buy,market,fill,1,gtc,0.0,1,stock,558.510009765625,1.0,0.0
2024-07-19 09:30:00-04:00,MyStrategy,5f2e87abd7ec4c2cac0d7780d8966e60,SPY,buy,market,new,1,gtc,0.0,1,stock,,,
2024-07-19 09:30:00-04:00,MyStrategy,5f2e87abd7ec4c2cac0d7780d8966e60,SPY,buy,market,fill,1,gtc,0.0,1,stock,552.4199829101562,1.0,0.0
2024-07-19 12:30:00-04:00,MyStrategy,ad4be4c329d84699b231ca90797e77d0,SPY,buy,market,new,1,gtc,0.0,1,stock,,,
2024-07-19 12:30:00-04:00,MyStrategy,ad4be4c329d84699b231ca90797e77d0,SPY,buy,market,fill,1,gtc,0.0,1,stock,552.4199829101562,1.0,0.0
2024-07-19 15:30:00-04:00,MyStrategy,b02e310ee4244eab8fd42b2189f52707,SPY,buy,market,new,1,gtc,0.0,1,stock,,,
2024-07-19 15:30:00-04:00,MyStrategy,b02e310ee4244eab8fd42b2189f52707,SPY,buy,market,fill,1,gtc,0.0,1,stock,552.4199829101562,1.0,0.0
2024-07-22 09:30:00-04:00,MyStrategy,b03416ac9b194619bf878b7b3f820ab8,SPY,buy,market,new,1,gtc,0.0,1,stock,,,
2024-07-22 09:30:00-04:00,MyStrategy,b03416ac9b194619bf878b7b3f820ab8,SPY,buy,market,fill,1,gtc,0.0,1,stock,553.0,1.0,0.0
2024-07-22 12:30:00-04:00,MyStrategy,e53e2a84db5543288ffcdcfc615ed1ac,SPY,buy,market,new,1,gtc,0.0,1,stock,,,
2024-07-22 12:30:00-04:00,MyStrategy,e53e2a84db5543288ffcdcfc615ed1ac,SPY,buy,market,fill,1,gtc,0.0,1,stock,553.0,1.0,0.0
2024-07-22 15:30:00-04:00,MyStrategy,410d4744e7ee4773801e774b409b5087,SPY,buy,market,new,1,gtc,0.0,1,stock,,,
2024-07-22 15:30:00-04:00,MyStrategy,410d4744e7ee4773801e774b409b5087,SPY,buy,market,fill,1,gtc,0.0,1,stock,553.0,1.0,0.0
2024-07-23 09:30:00-04:00,MyStrategy,8cba2062f5924058bb50184e15ac3b03,SPY,buy,market,new,1,gtc,0.0,1,stock,,,
2024-07-23 09:30:00-04:00,MyStrategy,8cba2062f5924058bb50184e15ac3b03,SPY,buy,market,fill,1,gtc,0.0,1,stock,554.5399780273438,1.0,0.0
2024-07-23 12:30:00-04:00,MyStrategy,14363de4d32542d3b53cf461adca3576,SPY,buy,market,new,1,gtc,0.0,1,stock,,,
2024-07-23 12:30:00-04:00,MyStrategy,14363de4d32542d3b53cf461adca3576,SPY,buy,market,fill,1,gtc,0.0,1,stock,554.5399780273438,1.0,0.0
2024-07-23 15:30:00-04:00,MyStrategy,01ddfbf9e9c84a62a7f98de67a42c200,SPY,buy,market,new,1,gtc,0.0,1,stock,,,
2024-07-23 15:30:00-04:00,MyStrategy,01ddfbf9e9c84a62a7f98de67a42c200,SPY,buy,market,fill,1,gtc,0.0,1,stock,554.5399780273438,1.0,0.0
2024-07-24 09:30:00-04:00,MyStrategy,9e20d617b7204824be68f5a55fa0acd2,SPY,buy,market,new,1,gtc,0.0,1,stock,,,
2024-07-24 09:30:00-04:00,MyStrategy,9e20d617b7204824be68f5a55fa0acd2,SPY,buy,market,fill,1,gtc,0.0,1,stock,548.8599853515625,1.0,0.0
2024-07-24 12:30:00-04:00,MyStrategy,9948dbaed99240eb92787eda8f8a9155,SPY,buy,market,new,1,gtc,0.0,1,stock,,,
2024-07-24 12:30:00-04:00,MyStrategy,9948dbaed99240eb92787eda8f8a9155,SPY,buy,market,fill,1,gtc,0.0,1,stock,548.8599853515625,1.0,0.0
2024-07-24 15:30:00-04:00,MyStrategy,24d07563b8284ce2acf0b2d9e34adbe0,SPY,buy,market,new,1,gtc,0.0,1,stock,,,
2024-07-24 15:30:00-04:00,MyStrategy,24d07563b8284ce2acf0b2d9e34adbe0,SPY,buy,market,fill,1,gtc,0.0,1,stock,548.8599853515625,1.0,0.0
2024-07-25 09:30:00-04:00,MyStrategy,16deabe40f8442b5a1bd2ab307312571,SPY,buy,market,new,1,gtc,0.0,1,stock,,,
2024-07-25 09:30:00-04:00,MyStrategy,16deabe40f8442b5a1bd2ab307312571,SPY,buy,market,fill,1,gtc,0.0,1,stock,541.3499755859375,1.0,0.0
2024-07-25 12:30:00-04:00,MyStrategy,c9ecc4361e044501b9b880c0abf08e4d,SPY,buy,market,new,1,gtc,0.0,1,stock,,,
2024-07-25 12:30:00-04:00,MyStrategy,c9ecc4361e044501b9b880c0abf08e4d,SPY,buy,market,fill,1,gtc,0.0,1,stock,541.3499755859375,1.0,0.0
2024-07-25 15:30:00-04:00,MyStrategy,cca357c62850494fb0ede2da44c33017,SPY,buy,market,new,1,gtc,0.0,1,stock,,,
2024-07-25 15:30:00-04:00,MyStrategy,cca357c62850494fb0ede2da44c33017,SPY,buy,market,fill,1,gtc,0.0,1,stock,541.3499755859375,1.0,0.0
2024-07-26 09:30:00-04:00,MyStrategy,3c47bdfbe0ea45bb8de1a403e39da732,SPY,buy,market,new,1,gtc,0.0,1,stock,,,
2024-07-26 09:30:00-04:00,MyStrategy,3c47bdfbe0ea45bb8de1a403e39da732,SPY,buy,market,fill,1,gtc,0.0,1,stock,542.280029296875,1.0,0.0
2024-07-26 12:30:00-04:00,MyStrategy,f4431a2f62264e5da07235bd0864ca33,SPY,buy,market,new,1,gtc,0.0,1,stock,,,
2024-07-26 12:30:00-04:00,MyStrategy,f4431a2f62264e5da07235bd0864ca33,SPY,buy,market,fill,1,gtc,0.0,1,stock,542.280029296875,1.0,0.0
2024-07-26 15:30:00-04:00,MyStrategy,544ee56b5bc24f1cbff9da1d19b75bc8,SPY,buy,market,new,1,gtc,0.0,1,stock,,,
2024-07-26 15:30:00-04:00,MyStrategy,544ee56b5bc24f1cbff9da1d19b75bc8,SPY,buy,market,fill,1,gtc,0.0,1,stock,542.280029296875,1.0,0.0
2024-07-29 09:30:00-04:00,MyStrategy,bcd8d74f9ec44523bbc1417227d757d9,SPY,buy,market,new,1,gtc,0.0,1,stock,,,
2024-07-29 09:30:00-04:00,MyStrategy,bcd8d74f9ec44523bbc1417227d757d9,SPY,buy,market,fill,1,gtc,0.0,1,stock,546.02001953125,1.0,0.0
2024-07-29 12:30:00-04:00,MyStrategy,46da1996d3a847338d731491d0196cd3,SPY,buy,market,new,1,gtc,0.0,1,stock,,,
2024-07-29 12:30:00-04:00,MyStrategy,46da1996d3a847338d731491d0196cd3,SPY,buy,market,fill,1,gtc,0.0,1,stock,546.02001953125,1.0,0.0
2024-07-29 15:30:00-04:00,MyStrategy,a7a1abf0889640698a9758b905e807ab,SPY,buy,market,new,1,gtc,0.0,1,stock,,,
2024-07-29 15:30:00-04:00,MyStrategy,a7a1abf0889640698a9758b905e807ab,SPY,buy,market,fill,1,gtc,0.0,1,stock,546.02001953125,1.0,0.0
2024-07-30 09:30:00-04:00,MyStrategy,156bd758d5fe4ca2a67953cad03c1532,SPY,buy,market,new,1,gtc,0.0,1,stock,,,
2024-07-30 09:30:00-04:00,MyStrategy,156bd758d5fe4ca2a67953cad03c1532,SPY,buy,market,fill,1,gtc,0.0,1,stock,546.260009765625,1.0,0.0
2024-07-30 12:30:00-04:00,MyStrategy,651bfd4a81c94e22a29625ec3b624e72,SPY,buy,market,new,1,gtc,0.0,1,stock,,,
2024-07-30 12:30:00-04:00,MyStrategy,651bfd4a81c94e22a29625ec3b624e72,SPY,buy,market,fill,1,gtc,0.0,1,stock,546.260009765625,1.0,0.0
2024-07-30 15:30:00-04:00,MyStrategy,71494ea6665b478581e649788cc558ec,SPY,buy,market,new,1,gtc,0.0,1,stock,,,
2024-07-30 15:30:00-04:00,MyStrategy,71494ea6665b478581e649788cc558ec,SPY,buy,market,fill,1,gtc,0.0,1,stock,546.260009765625,1.0,0.0
2024-07-31 09:30:00-04:00,MyStrategy,396ea4bee14c472ba69223548f33157a,SPY,buy,market,new,1,gtc,0.0,1,stock,,,
2024-07-31 09:30:00-04:00,MyStrategy,396ea4bee14c472ba69223548f33157a,SPY,buy,market,fill,1,gtc,0.0,1,stock,548.97998046875,1.0,0.0
2024-07-31 12:30:00-04:00,MyStrategy,4bb44d91a616486ebb92c91295590bc9,SPY,buy,market,new,1,gtc,0.0,1,stock,,,
2024-07-31 12:30:00-04:00,MyStrategy,4bb44d91a616486ebb92c91295590bc9,SPY,buy,market,fill,1,gtc,0.0,1,stock,548.97998046875,1.0,0.0
2024-07-31 15:30:00-04:00,MyStrategy,05fb43d039a44b2c86a38ed80db17714,SPY,buy,market,new,1,gtc,0.0,1,stock,,,
2024-07-31 15:30:00-04:00,MyStrategy,05fb43d039a44b2c86a38ed80db17714,SPY,buy,market,fill,1,gtc,0.0,1,stock,548.97998046875,1.0,0.0
2024-08-01 09:30:00-04:00,MyStrategy,fdfc052b568f4578baf4dd053b672766,SPY,buy,market,new,1,gtc,0.0,1,stock,,,
2024-08-01 09:30:00-04:00,MyStrategy,fdfc052b568f4578baf4dd053b672766,SPY,buy,market,fill,1,gtc,0.0,1,stock,552.5700073242188,1.0,0.0
2024-08-01 12:30:00-04:00,MyStrategy,b3c887a7a07549999476e7f590d8c7e4,SPY,buy,market,new,1,gtc,0.0,1,stock,,,
2024-08-01 12:30:00-04:00,MyStrategy,b3c887a7a07549999476e7f590d8c7e4,SPY,buy,market,fill,1,gtc,0.0,1,stock,552.5700073242188,1.0,0.0
2024-08-01 15:30:00-04:00,MyStrategy,a342ef3370844c0fa4aeec0a1fb28d3e,SPY,buy,market,new,1,gtc,0.0,1,stock,,,
2024-08-01 15:30:00-04:00,MyStrategy,a342ef3370844c0fa4aeec0a1fb28d3e,SPY,buy,market,fill,1,gtc,0.0,1,stock,552.5700073242188,1.0,0.0
2024-08-02 09:30:00-04:00,MyStrategy,cf8ff837b72047eca20405a5d0286d34,SPY,buy,market,new,1,gtc,0.0,1,stock,,,
2024-08-02 09:30:00-04:00,MyStrategy,cf8ff837b72047eca20405a5d0286d34,SPY,buy,market,fill,1,gtc,0.0,1,stock,535.75,1.0,0.0
2024-08-02 12:30:00-04:00,MyStrategy,c231f3416d6e42658e509cc35cf4518c,SPY,buy,market,new,1,gtc,0.0,1,stock,,,
2024-08-02 12:30:00-04:00,MyStrategy,c231f3416d6e42658e509cc35cf4518c,SPY,buy,market,fill,1,gtc,0.0,1,stock,535.75,1.0,0.0
2024-08-02 15:30:00-04:00,MyStrategy,abca91fa84794beea44cd49029dbb523,SPY,buy,market,new,1,gtc,0.0,1,stock,,,
2024-08-02 15:30:00-04:00,MyStrategy,abca91fa84794beea44cd49029dbb523,SPY,buy,market,fill,1,gtc,0.0,1,stock,535.75,1.0,0.0
2024-08-05 09:30:00-04:00,MyStrategy,3da90da825524897933a883dffd75492,SPY,buy,market,new,1,gtc,0.0,1,stock,,,
2024-08-05 09:30:00-04:00,MyStrategy,3da90da825524897933a883dffd75492,SPY,buy,market,fill,1,gtc,0.0,1,stock,511.6400146484375,1.0,0.0
2024-08-05 12:30:00-04:00,MyStrategy,7f34290ac44a48329e05babac246ffe5,SPY,buy,market,new,1,gtc,0.0,1,stock,,,
2024-08-05 12:30:00-04:00,MyStrategy,7f34290ac44a48329e05babac246ffe5,SPY,buy,market,fill,1,gtc,0.0,1,stock,511.6400146484375,1.0,0.0
2024-08-05 15:30:00-04:00,MyStrategy,580d537aa2d7483398eb20a0d562f086,SPY,buy,market,new,1,gtc,0.0,1,stock,,,
2024-08-05 15:30:00-04:00,MyStrategy,580d537aa2d7483398eb20a0d562f086,SPY,buy,market,fill,1,gtc,0.0,1,stock,511.6400146484375,1.0,0.0
2024-08-06 09:30:00-04:00,MyStrategy,4aa28f08e7ac4fcbb09d45c1aa00dff9,SPY,buy,market,new,1,gtc,0.0,1,stock,,,
2024-08-06 09:30:00-04:00,MyStrategy,4aa28f08e7ac4fcbb09d45c1aa00dff9,SPY,buy,market,fill,1,gtc,0.0,1,stock,519.219970703125,1.0,0.0
2024-08-06 12:30:00-04:00,MyStrategy,db9f3287eaa146dc9bb147d917a64416,SPY,buy,market,new,1,gtc,0.0,1,stock,,,
2024-08-06 12:30:00-04:00,MyStrategy,db9f3287eaa146dc9bb147d917a64416,SPY,buy,market,fill,1,gtc,0.0,1,stock,519.219970703125,1.0,0.0
2024-08-06 15:30:00-04:00,MyStrategy,5e80045348d2484587454d9d22121c11,SPY,buy,market,new,1,gtc,0.0,1,stock,,,
2024-08-06 15:30:00-04:00,MyStrategy,5e80045348d2484587454d9d22121c11,SPY,buy,market,fill,1,gtc,0.0,1,stock,519.219970703125,1.0,0.0
2024-08-07 09:30:00-04:00,MyStrategy,eb19993f44954a2a8edc20caf25c12de,SPY,buy,market,new,1,gtc,0.0,1,stock,,,
2024-08-07 09:30:00-04:00,MyStrategy,eb19993f44954a2a8edc20caf25c12de,SPY,buy,market,fill,1,gtc,0.0,1,stock,528.469970703125,1.0,0.0
2024-08-07 12:30:00-04:00,MyStrategy,073d403379c04598b3063ef8fc83ddc6,SPY,buy,market,new,1,gtc,0.0,1,stock,,,
2024-08-07 12:30:00-04:00,MyStrategy,073d403379c04598b3063ef8fc83ddc6,SPY,buy,market,fill,1,gtc,0.0,1,stock,528.469970703125,1.0,0.0
2024-08-07 15:30:00-04:00,MyStrategy,5655b62327db438e9e16e729ab60f1ca,SPY,buy,market,new,1,gtc,0.0,1,stock,,,
2024-08-07 15:30:00-04:00,MyStrategy,5655b62327db438e9e16e729ab60f1ca,SPY,buy,market,fill,1,gtc,0.0,1,stock,528.469970703125,1.0,0.0
2024-08-08 09:30:00-04:00,MyStrategy,c72710743389408e81e4535523c81723,SPY,buy,market,new,1,gtc,0.0,1,stock,,,
2024-08-08 09:30:00-04:00,MyStrategy,c72710743389408e81e4535523c81723,SPY,buy,market,fill,1,gtc,0.0,1,stock,523.9099731445312,1.0,0.0
2024-08-08 12:30:00-04:00,MyStrategy,b3580724ab5240ac99cf6a9fc76b31cf,SPY,buy,market,new,1,gtc,0.0,1,stock,,,
2024-08-08 12:30:00-04:00,MyStrategy,b3580724ab5240ac99cf6a9fc76b31cf,SPY,buy,market,fill,1,gtc,0.0,1,stock,523.9099731445312,1.0,0.0
2024-08-08 15:30:00-04:00,MyStrategy,a5416abaa0e84044b71bc84ad0b8bf23,SPY,buy,market,new,1,gtc,0.0,1,stock,,,
2024-08-08 15:30:00-04:00,MyStrategy,a5416abaa0e84044b71bc84ad0b8bf23,SPY,buy,market,fill,1,gtc,0.0,1,stock,523.9099731445312,1.0,0.0
2024-08-09 09:30:00-04:00,MyStrategy,758fa11b93aa4092af1303fd3dd3edfd,SPY,buy,market,new,1,gtc,0.0,1,stock,,,
2024-08-09 09:30:00-04:00,MyStrategy,758fa11b93aa4092af1303fd3dd3edfd,SPY,buy,market,fill,1,gtc,0.0,1,stock,529.8099975585938,1.0,0.0
2024-08-09 12:30:00-04:00,MyStrategy,ed70bf2bd8fc42079f05417dd7bf0e95,SPY,buy,market,new,1,gtc,0.0,1,stock,,,
2024-08-09 12:30:00-04:00,MyStrategy,ed70bf2bd8fc42079f05417dd7bf0e95,SPY,buy,market,fill,1,gtc,0.0,1,stock,529.8099975585938,1.0,0.0
2024-08-09 15:30:00-04:00,MyStrategy,4c71854a3fa94ac0a9684277aaacfff2,SPY,buy,market,new,1,gtc,0.0,1,stock,,,
2024-08-09 15:30:00-04:00,MyStrategy,4c71854a3fa94ac0a9684277aaacfff2,SPY,buy,market,fill,1,gtc,0.0,1,stock,529.8099975585938,1.0,0.0
2024-08-12 09:30:00-04:00,MyStrategy,2aa7077fb19a425196fc20fba6ad7075,SPY,buy,market,new,1,gtc,0.0,1,stock,,,
2024-08-12 09:30:00-04:00,MyStrategy,2aa7077fb19a425196fc20fba6ad7075,SPY,buy,market,fill,1,gtc,0.0,1,stock,534.2100219726562,1.0,0.0
2024-08-12 12:30:00-04:00,MyStrategy,9ba802caa0074dfa9e301019d52b78fa,SPY,buy,market,new,1,gtc,0.0,1,stock,,,
2024-08-12 12:30:00-04:00,MyStrategy,9ba802caa0074dfa9e301019d52b78fa,SPY,buy,market,fill,1,gtc,0.0,1,stock,534.2100219726562,1.0,0.0
2024-08-12 15:30:00-04:00,MyStrategy,7f60c4de0fdd4c09a8adc36063133700,SPY,buy,market,new,1,gtc,0.0,1,stock,,,
2024-08-12 15:30:00-04:00,MyStrategy,7f60c4de0fdd4c09a8adc36063133700,SPY,buy,market,fill,1,gtc,0.0,1,stock,534.2100219726562,1.0,0.0
2024-08-13 09:30:00-04:00,MyStrategy,741ada47957b44f7bfd205bb1e3ed48d,SPY,buy,market,new,1,gtc,0.0,1,stock,,,
2024-08-13 09:30:00-04:00,MyStrategy,741ada47957b44f7bfd205bb1e3ed48d,SPY,buy,market,fill,1,gtc,0.0,1,stock,536.530029296875,1.0,0.0
2024-08-13 12:30:00-04:00,MyStrategy,0bcd6c0762b64f44b633096c1c34027f,SPY,buy,market,new,1,gtc,0.0,1,stock,,,
2024-08-13 12:30:00-04:00,MyStrategy,0bcd6c0762b64f44b633096c1c34027f,SPY,buy,market,fill,1,gtc,0.0,1,stock,536.530029296875,1.0,0.0
2024-08-13 15:30:00-04:00,MyStrategy,0147ddfb21d6423096aa95a9916436cd,SPY,buy,market,new,1,gtc,0.0,1,stock,,,
2024-08-13 15:30:00-04:00,MyStrategy,0147ddfb21d6423096aa95a9916436cd,SPY,buy,market,fill,1,gtc,0.0,1,stock,536.530029296875,1.0,0.0
2024-08-14 09:30:00-04:00,MyStrategy,b96013cdc9294e76ab61f9494cbf5184,SPY,buy,market,new,1,gtc,0.0,1,stock,,,
2024-08-14 09:30:00-04:00,MyStrategy,b96013cdc9294e76ab61f9494cbf5184,SPY,buy,market,fill,1,gtc,0.0,1,stock,542.8499755859375,1.0,0.0
2024-08-14 12:30:00-04:00,MyStrategy,d0e39104eaca48de86b1224467763ddb,SPY,buy,market,new,1,gtc,0.0,1,stock,,,
2024-08-14 12:30:00-04:00,MyStrategy,d0e39104eaca48de86b1224467763ddb,SPY,buy,market,fill,1,gtc,0.0,1,stock,542.8499755859375,1.0,0.0
2024-08-14 15:30:00-04:00,MyStrategy,0501c19f06b6447d9b106bfb95320122,SPY,buy,market,new,1,gtc,0.0,1,stock,,,
2024-08-14 15:30:00-04:00,MyStrategy,0501c19f06b6447d9b106bfb95320122,SPY,buy,market,fill,1,gtc,0.0,1,stock,542.8499755859375,1.0,0.0
2024-08-15 09:30:00-04:00,MyStrategy,82b86f33ca424b98951415902e450f0a,SPY,buy,market,new,1,gtc,0.0,1,stock,,,
2024-08-15 09:30:00-04:00,MyStrategy,82b86f33ca424b98951415902e450f0a,SPY,buy,market,fill,1,gtc,0.0,1,stock,549.5,1.0,0.0
2024-08-15 12:30:00-04:00,MyStrategy,ac59b7be729e495fb690922d6cbba0c5,SPY,buy,market,new,1,gtc,0.0,1,stock,,,
2024-08-15 12:30:00-04:00,MyStrategy,ac59b7be729e495fb690922d6cbba0c5,SPY,buy,market,fill,1,gtc,0.0,1,stock,549.5,1.0,0.0
2024-08-15 15:30:00-04:00,MyStrategy,5740514a7c9547b7b1b85d5e70d34ef3,SPY,buy,market,new,1,gtc,0.0,1,stock,,,
2024-08-15 15:30:00-04:00,MyStrategy,5740514a7c9547b7b1b85d5e70d34ef3,SPY,buy,market,fill,1,gtc,0.0,1,stock,549.5,1.0,0.0
2024-08-16 09:30:00-04:00,MyStrategy,27f3ec5e64594956a8f29c9385af2258,SPY,buy,market,new,1,gtc,0.0,1,stock,,,
2024-08-16 09:30:00-04:00,MyStrategy,27f3ec5e64594956a8f29c9385af2258,SPY,buy,market,fill,1,gtc,0.0,1,stock,551.4199829101562,1.0,0.0
2024-08-16 12:30:00-04:00,MyStrategy,5c8a7cef84c5475f888d1014c312f819,SPY,buy,market,new,1,gtc,0.0,1,stock,,,
2024-08-16 12:30:00-04:00,MyStrategy,5c8a7cef84c5475f888d1014c312f819,SPY,buy,market,fill,1,gtc,0.0,1,stock,551.4199829101562,1.0,0.0
2024-08-16 15:30:00-04:00,MyStrategy,01dbb29272eb4dec9780c1f2bef9fa49,SPY,buy,market,new,1,gtc,0.0,1,stock,,,
2024-08-16 15:30:00-04:00,MyStrategy,01dbb29272eb4dec9780c1f2bef9fa49,SPY,buy,market,fill,1,gtc,0.0,1,stock,551.4199829101562,1.0,0.0
2024-08-19 09:30:00-04:00,MyStrategy,55a5dc6cad054959a279a8f0853d0a74,SPY,buy,market,new,1,gtc,0.0,1,stock,,,
2024-08-19 09:30:00-04:00,MyStrategy,55a5dc6cad054959a279a8f0853d0a74,SPY,buy,market,fill,1,gtc,0.0,1,stock,554.72998046875,1.0,0.0
2024-08-19 12:30:00-04:00,MyStrategy,358c3a66bd244f9e9cd6fc396f28796a,SPY,buy,market,new,1,gtc,0.0,1,stock,,,
2024-08-19 12:30:00-04:00,MyStrategy,358c3a66bd244f9e9cd6fc396f28796a,SPY,buy,market,fill,1,gtc,0.0,1,stock,554.72998046875,1.0,0.0
2024-08-19 15:30:00-04:00,MyStrategy,fde11dba8e964442acdbe90b9ae8eb1e,SPY,buy,market,new,1,gtc,0.0,1,stock,,,
2024-08-19 15:30:00-04:00,MyStrategy,fde11dba8e964442acdbe90b9ae8eb1e,SPY,buy,market,fill,1,gtc,0.0,1,stock,554.72998046875,1.0,0.0
2024-08-20 09:30:00-04:00,MyStrategy,9e18e36a7f354cfbb4af8434498420db,SPY,buy,market,new,1,gtc,0.0,1,stock,,,
2024-08-20 09:30:00-04:00,MyStrategy,9e18e36a7f354cfbb4af8434498420db,SPY,buy,market,fill,1,gtc,0.0,1,stock,559.1500244140625,1.0,0.0
2024-08-20 12:30:00-04:00,MyStrategy,01855660ec6b42c481954107984917a3,SPY,buy,market,new,1,gtc,0.0,1,stock,,,
2024-08-20 12:30:00-04:00,MyStrategy,01855660ec6b42c481954107984917a3,SPY,buy,market,fill,1,gtc,0.0,1,stock,559.1500244140625,1.0,0.0
2024-08-20 15:30:00-04:00,MyStrategy,d712ad7d3bf84d2795eb915d5bab33aa,SPY,buy,market,new,1,gtc,0.0,1,stock,,,
2024-08-20 15:30:00-04:00,MyStrategy,d712ad7d3bf84d2795eb915d5bab33aa,SPY,buy,market,fill,1,gtc,0.0,1,stock,559.1500244140625,1.0,0.0
2024-08-21 09:30:00-04:00,MyStrategy,fd02fb07e0724757ae44e5737fcedce2,SPY,buy,market,new,1,gtc,0.0,1,stock,,,
2024-08-21 09:30:00-04:00,MyStrategy,fd02fb07e0724757ae44e5737fcedce2,SPY,buy,market,fill,1,gtc,0.0,1,stock,559.77001953125,1.0,0.0
2024-08-21 12:30:00-04:00,MyStrategy,311a23cb66944d98b2c20db3cac2d61b,SPY,buy,market,new,1,gtc,0.0,1,stock,,,
2024-08-21 12:30:00-04:00,MyStrategy,311a23cb66944d98b2c20db3cac2d61b,SPY,buy,market,fill,1,gtc,0.0,1,stock,559.77001953125,1.0,0.0
2024-08-21 15:30:00-04:00,MyStrategy,1b15c961f9944defbf8ea5e896a99012,SPY,buy,market,new,1,gtc,0.0,1,stock,,,
2024-08-21 15:30:00-04:00,MyStrategy,1b15c961f9944defbf8ea5e896a99012,SPY,buy,market,fill,1,gtc,0.0,1,stock,559.77001953125,1.0,0.0
2024-08-22 09:30:00-04:00,MyStrategy,8cde73463ff34a568d1800d5ef84f158,SPY,buy,market,new,1,gtc,0.0,1,stock,,,
2024-08-22 09:30:00-04:00,MyStrategy,8cde73463ff34a568d1800d5ef84f158,SPY,buy,market,fill,1,gtc,0.0,1,stock,562.5599975585938,1.0,0.0
2024-08-22 12:30:00-04:00,MyStrategy,9e8abf15833546a58a8924797b1b689d,SPY,buy,market,new,1,gtc,0.0,1,stock,,,
2024-08-22 12:30:00-04:00,MyStrategy,9e8abf15833546a58a8924797b1b689d,SPY,buy,market,fill,1,gtc,0.0,1,stock,562.5599975585938,1.0,0.0
2024-08-22 15:30:00-04:00,MyStrategy,706185b03a3e4d97a1b3612caabb01c4,SPY,buy,market,new,1,gtc,0.0,1,stock,,,
2024-08-22 15:30:00-04:00,MyStrategy,706185b03a3e4d97a1b3612caabb01c4,SPY,buy,market,fill,1,gtc,0.0,1,stock,562.5599975585938,1.0,0.0
2024-08-23 09:30:00-04:00,MyStrategy,c53a72ce94d64082b7930036d8c9ccb0,SPY,buy,market,new,1,gtc,0.0,1,stock,,,
2024-08-23 09:30:00-04:00,MyStrategy,c53a72ce94d64082b7930036d8c9ccb0,SPY,buy,market,fill,1,gtc,0.0,1,stock,559.530029296875,1.0,0.0
2024-08-23 12:30:00-04:00,MyStrategy,6aa731b9504148ad97d39d3963cf273c,SPY,buy,market,new,1,gtc,0.0,1,stock,,,
2024-08-23 12:30:00-04:00,MyStrategy,6aa731b9504148ad97d39d3963cf273c,SPY,buy,market,fill,1,gtc,0.0,1,stock,559.530029296875,1.0,0.0
2024-08-23 15:30:00-04:00,MyStrategy,4f64230bbd9b4af0a48fb221b1cc5fcf,SPY,buy,market,new,1,gtc,0.0,1,stock,,,
2024-08-23 15:30:00-04:00,MyStrategy,4f64230bbd9b4af0a48fb221b1cc5fcf,SPY,buy,market,fill,1,gtc,0.0,1,stock,559.530029296875,1.0,0.0
2024-08-26 09:30:00-04:00,MyStrategy,a9898169f1d943cbbe4fc674791b6f73,SPY,buy,market,new,1,gtc,0.0,1,stock,,,
2024-08-26 09:30:00-04:00,MyStrategy,a9898169f1d943cbbe4fc674791b6f73,SPY,buy,market,fill,1,gtc,0.0,1,stock,563.1799926757812,1.0,0.0
2024-08-26 12:30:00-04:00,MyStrategy,d93eea1bb14240f58873b1560a0ee345,SPY,buy,market,new,1,gtc,0.0,1,stock,,,
2024-08-26 12:30:00-04:00,MyStrategy,d93eea1bb14240f58873b1560a0ee345,SPY,buy,market,fill,1,gtc,0.0,1,stock,563.1799926757812,1.0,0.0
2024-08-26 15:30:00-04:00,MyStrategy,d7b3906a27dd468a9980b1499c11d903,SPY,buy,market,new,1,gtc,0.0,1,stock,,,
2024-08-26 15:30:00-04:00,MyStrategy,d7b3906a27dd468a9980b1499c11d903,SPY,buy,market,fill,1,gtc,0.0,1,stock,563.1799926757812,1.0,0.0
2024-08-27 09:30:00-04:00,MyStrategy,b7173d6208ef4215815e0ef599df740b,SPY,buy,market,new,1,gtc,0.0,1,stock,,,
2024-08-27 09:30:00-04:00,MyStrategy,b7173d6208ef4215815e0ef599df740b,SPY,buy,market,fill,1,gtc,0.0,1,stock,559.489990234375,1.0,0.0
2024-08-27 12:30:00-04:00,MyStrategy,ff7f1b183e1d4a459745225e02f5de92,SPY,buy,market,new,1,gtc,0.0,1,stock,,,
2024-08-27 12:30:00-04:00,MyStrategy,ff7f1b183e1d4a459745225e02f5de92,SPY,buy,market,fill,1,gtc,0.0,1,stock,559.489990234375,1.0,0.0
2024-08-27 15:30:00-04:00,MyStrategy,94f4822a42224d2c8744fed5e1cee834,SPY,buy,market,new,1,gtc,0.0,1,stock,,,
2024-08-27 15:30:00-04:00,MyStrategy,94f4822a42224d2c8744fed5e1cee834,SPY,buy,market,fill,1,gtc,0.0,1,stock,559.489990234375,1.0,0.0
2024-08-28 09:30:00-04:00,MyStrategy,79cb13c8798e4fb5b07934cd1c0919ed,SPY,buy,market,new,1,gtc,0.0,1,stock,,,
2024-08-28 09:30:00-04:00,MyStrategy,79cb13c8798e4fb5b07934cd1c0919ed,SPY,buy,market,fill,1,gtc,0.0,1,stock,561.2100219726562,1.0,0.0
2024-08-28 12:30:00-04:00,MyStrategy,2910d981719343a2ab6f5cc9a055c44e,SPY,buy,market,new,1,gtc,0.0,1,stock,,,
2024-08-28 12:30:00-04:00,MyStrategy,2910d981719343a2ab6f5cc9a055c44e,SPY,buy,market,fill,1,gtc,0.0,1,stock,561.2100219726562,1.0,0.0
2024-08-28 15:30:00-04:00,MyStrategy,e6f3492440e34ab98fbc5d7a5ada1362,SPY,buy,market,new,1,gtc,0.0,1,stock,,,
2024-08-28 15:30:00-04:00,MyStrategy,e6f3492440e34ab98fbc5d7a5ada1362,SPY,buy,market,fill,1,gtc,0.0,1,stock,561.2100219726562,1.0,0.0
2024-08-29 09:30:00-04:00,MyStrategy,55855b1070e54f488a5b9ad948549713,SPY,buy,market,new,1,gtc,0.0,1,stock,,,
2024-08-29 09:30:00-04:00,MyStrategy,55855b1070e54f488a5b9ad948549713,SPY,buy,market,fill,1,gtc,0.0,1,stock,560.3099975585938,1.0,0.0
2024-08-29 12:30:00-04:00,MyStrategy,a8292195b50b45799b0ef13a16f19adb,SPY,buy,market,new,1,gtc,0.0,1,stock,,,
2024-08-29 12:30:00-04:00,MyStrategy,a8292195b50b45799b0ef13a16f19adb,SPY,buy,market,fill,1,gtc,0.0,1,stock,560.3099975585938,1.0,0.0
2024-08-29 15:30:00-04:00,MyStrategy,dabc022929f2464cbaa8990661d0d383,SPY,buy,market,new,1,gtc,0.0,1,stock,,,
2024-08-29 15:30:00-04:00,MyStrategy,dabc022929f2464cbaa8990661d0d383,SPY,buy,market,fill,1,gtc,0.0,1,stock,560.3099975585938,1.0,0.0
2024-08-30 09:30:00-04:00,MyStrategy,95977f653ed04f218f5ca2d79cf3ac2d,SPY,buy,market,new,1,gtc,0.0,1,stock,,,
2024-08-30 09:30:00-04:00,MyStrategy,95977f653ed04f218f5ca2d79cf3ac2d,SPY,buy,market,fill,1,gtc,0.0,1,stock,560.77001953125,1.0,0.0
2024-08-30 12:30:00-04:00,MyStrategy,6894436e05054c7f9cbd99966ae2d5cd,SPY,buy,market,new,1,gtc,0.0,1,stock,,,
2024-08-30 12:30:00-04:00,MyStrategy,6894436e05054c7f9cbd99966ae2d5cd,SPY,buy,market,fill,1,gtc,0.0,1,stock,560.77001953125,1.0,0.0
2024-08-30 15:30:00-04:00,MyStrategy,c3afb7c96ac0428d854cb2ea336e813a,SPY,buy,market,new,1,gtc,0.0,1,stock,,,
2024-08-30 15:30:00-04:00,MyStrategy,c3afb7c96ac0428d854cb2ea336e813a,SPY,buy,market,fill,1,gtc,0.0,1,stock,560.77001953125,1.0,0.0
2024-09-03 09:30:00-04:00,MyStrategy,51a62c47a1ca4cbb895e3a526b7e0e1d,SPY,buy,market,new,1,gtc,0.0,1,stock,,,
2024-09-03 09:30:00-04:00,MyStrategy,51a62c47a1ca4cbb895e3a526b7e0e1d,SPY,buy,market,fill,1,gtc,0.0,1,stock,560.469970703125,1.0,0.0
2024-09-03 12:30:00-04:00,MyStrategy,c6ace30682834a8d964a03a61f33dd2f,SPY,buy,market,new,1,gtc,0.0,1,stock,,,
2024-09-03 12:30:00-04:00,MyStrategy,c6ace30682834a8d964a03a61f33dd2f,SPY,buy,market,fill,1,gtc,0.0,1,stock,560.469970703125,1.0,0.0
2024-09-03 15:30:00-04:00,MyStrategy,aad649228e68439eb64062087b60a2ba,SPY,buy,market,new,1,gtc,0.0,1,stock,,,
2024-09-03 15:30:00-04:00,MyStrategy,aad649228e68439eb64062087b60a2ba,SPY,buy,market,fill,1,gtc,0.0,1,stock,560.469970703125,1.0,0.0
2024-09-04 09:30:00-04:00,MyStrategy,551af9ca35584c82bd511be10d7f2bd9,SPY,buy,market,new,1,gtc,0.0,1,stock,,,
2024-09-04 09:30:00-04:00,MyStrategy,551af9ca35584c82bd511be10d7f2bd9,SPY,buy,market,fill,1,gtc,0.0,1,stock,550.2000122070312,1.0,0.0
2024-09-04 12:30:00-04:00,MyStrategy,16fd20ab3f4f48539395d6e115336ca4,SPY,buy,market,new,1,gtc,0.0,1,stock,,,
2024-09-04 12:30:00-04:00,MyStrategy,16fd20ab3f4f48539395d6e115336ca4,SPY,buy,market,fill,1,gtc,0.0,1,stock,550.2000122070312,1.0,0.0
2024-09-04 15:30:00-04:00,MyStrategy,dc61d0762c1a4cdcaa290b24aa88670d,SPY,buy,market,new,1,gtc,0.0,1,stock,,,
2024-09-04 15:30:00-04:00,MyStrategy,dc61d0762c1a4cdcaa290b24aa88670d,SPY,buy,market,fill,1,gtc,0.0,1,stock,550.2000122070312,1.0,0.0
2024-09-05 09:30:00-04:00,MyStrategy,f820ff7f842c42e5abbc35d9a60a3845,SPY,buy,market,new,1,gtc,0.0,1,stock,,,
2024-09-05 09:30:00-04:00,MyStrategy,f820ff7f842c42e5abbc35d9a60a3845,SPY,buy,market,fill,1,gtc,0.0,1,stock,550.8900146484375,1.0,0.0
2024-09-05 12:30:00-04:00,MyStrategy,51b5519095aa431fac55cf6aa179f8f5,SPY,buy,market,new,1,gtc,0.0,1,stock,,,
2024-09-05 12:30:00-04:00,MyStrategy,51b5519095aa431fac55cf6aa179f8f5,SPY,buy,market,fill,1,gtc,0.0,1,stock,550.8900146484375,1.0,0.0
2024-09-05 15:30:00-04:00,MyStrategy,0a8cc835cc4941e191192fc4475d89a6,SPY,buy,market,new,1,gtc,0.0,1,stock,,,
2024-09-05 15:30:00-04:00,MyStrategy,0a8cc835cc4941e191192fc4475d89a6,SPY,buy,market,fill,1,gtc,0.0,1,stock,550.8900146484375,1.0,0.0
2024-09-06 09:30:00-04:00,MyStrategy,705601713e3142feaaf5210a63765852,SPY,buy,market,new,1,gtc,0.0,1,stock,,,
2024-09-06 09:30:00-04:00,MyStrategy,705601713e3142feaaf5210a63765852,SPY,buy,market,fill,1,gtc,0.0,1,stock,549.9400024414062,1.0,0.0
2024-09-06 12:30:00-04:00,MyStrategy,962d51d682f54125b7402122d1f6a0cd,SPY,buy,market,new,1,gtc,0.0,1,stock,,,
2024-09-06 12:30:00-04:00,MyStrategy,962d51d682f54125b7402122d1f6a0cd,SPY,buy,market,fill,1,gtc,0.0,1,stock,549.9400024414062,1.0,0.0
2024-09-06 15:30:00-04:00,MyStrategy,863a40c75f744f5a9d93acaa37b99fd9,SPY,buy,market,new,1,gtc,0.0,1,stock,,,
2024-09-06 15:30:00-04:00,MyStrategy,863a40c75f744f5a9d93acaa37b99fd9,SPY,buy,market,fill,1,gtc,0.0,1,stock,549.9400024414062,1.0,0.0
2024-09-09 09:30:00-04:00,MyStrategy,5c8927a212784516a61acaabf4866fcc,SPY,buy,market,new,1,gtc,0.0,1,stock,,,
2024-09-09 09:30:00-04:00,MyStrategy,5c8927a212784516a61acaabf4866fcc,SPY,buy,market,fill,1,gtc,0.0,1,stock,544.6500244140625,1.0,0.0
2024-09-09 12:30:00-04:00,MyStrategy,f3a0ce5432f7499cb4bf1b464e6d693a,SPY,buy,market,new,1,gtc,0.0,1,stock,,,
2024-09-09 12:30:00-04:00,MyStrategy,f3a0ce5432f7499cb4bf1b464e6d693a,SPY,buy,market,fill,1,gtc,0.0,1,stock,544.6500244140625,1.0,0.0
2024-09-09 15:30:00-04:00,MyStrategy,eaf2e866f8f54e12a7370aeecc7328d9,SPY,buy,market,new,1,gtc,0.0,1,stock,,,
2024-09-09 15:30:00-04:00,MyStrategy,eaf2e866f8f54e12a7370aeecc7328d9,SPY,buy,market,fill,1,gtc,0.0,1,stock,544.6500244140625,1.0,0.0
2024-09-10 09:30:00-04:00,MyStrategy,16025ec899f94dd8b3683d4e69188f46,SPY,buy,market,new,1,gtc,0.0,1,stock,,,
2024-09-10 09:30:00-04:00,MyStrategy,16025ec899f94dd8b3683d4e69188f46,SPY,buy,market,fill,1,gtc,0.0,1,stock,548.3599853515625,1.0,0.0
2024-09-10 12:30:00-04:00,MyStrategy,bc3c2b35e5ba46a68336d2d7f94c6763,SPY,buy,market,new,1,gtc,0.0,1,stock,,,
2024-09-10 12:30:00-04:00,MyStrategy,bc3c2b35e5ba46a68336d2d7f94c6763,SPY,buy,market,fill,1,gtc,0.0,1,stock,548.3599853515625,1.0,0.0
2024-09-10 15:30:00-04:00,MyStrategy,8b4f10179c134bf0a3adab6017706ab8,SPY,buy,market,new,1,gtc,0.0,1,stock,,,
2024-09-10 15:30:00-04:00,MyStrategy,8b4f10179c134bf0a3adab6017706ab8,SPY,buy,market,fill,1,gtc,0.0,1,stock,548.3599853515625,1.0,0.0
2024-09-11 09:30:00-04:00,MyStrategy,331f11e334cf440da05efa6400b03604,SPY,buy,market,new,1,gtc,0.0,1,stock,,,
2024-09-11 09:30:00-04:00,MyStrategy,331f11e334cf440da05efa6400b03604,SPY,buy,market,fill,1,gtc,0.0,1,stock,548.7000122070312,1.0,0.0
2024-09-11 12:30:00-04:00,MyStrategy,c5e1a441ab73476497c487fdef221996,SPY,buy,market,new,1,gtc,0.0,1,stock,,,
2024-09-11 12:30:00-04:00,MyStrategy,c5e1a441ab73476497c487fdef221996,SPY,buy,market,fill,1,gtc,0.0,1,stock,548.7000122070312,1.0,0.0
2024-09-11 15:30:00-04:00,MyStrategy,476acdb251d04c5a8d84ffa99ce37dcb,SPY,buy,market,new,1,gtc,0.0,1,stock,,,
2024-09-11 15:30:00-04:00,MyStrategy,476acdb251d04c5a8d84ffa99ce37dcb,SPY,buy,market,fill,1,gtc,0.0,1,stock,548.7000122070312,1.0,0.0
2024-09-12 09:30:00-04:00,MyStrategy,88171d239cfa405dbadc142bba8a4fe8,SPY,buy,market,new,1,gtc,0.0,1,stock,,,
2024-09-12 09:30:00-04:00,MyStrategy,88171d239cfa405dbadc142bba8a4fe8,SPY,buy,market,fill,1,gtc,0.0,1,stock,555.010009765625,1.0,0.0
2024-09-12 12:30:00-04:00,MyStrategy,654f84c4a3b54a28879587cee5a8d4a6,SPY,buy,market,new,1,gtc,0.0,1,stock,,,
2024-09-12 12:30:00-04:00,MyStrategy,654f84c4a3b54a28879587cee5a8d4a6,SPY,buy,market,fill,1,gtc,0.0,1,stock,555.010009765625,1.0,0.0
2024-09-12 15:30:00-04:00,MyStrategy,20f6760a37284622b1018d4805bcf753,SPY,buy,market,new,1,gtc,0.0,1,stock,,,
2024-09-12 15:30:00-04:00,MyStrategy,20f6760a37284622b1018d4805bcf753,SPY,buy,market,fill,1,gtc,0.0,1,stock,555.010009765625,1.0,0.0
2024-09-13 09:30:00-04:00,MyStrategy,2cb9b9a98b444d57b8670c07f94793a3,SPY,buy,market,new,1,gtc,0.0,1,stock,,,
2024-09-13 09:30:00-04:00,MyStrategy,2cb9b9a98b444d57b8670c07f94793a3,SPY,buy,market,fill,1,gtc,0.0,1,stock,559.7100219726562,1.0,0.0
2024-09-13 12:30:00-04:00,MyStrategy,c269b99fab4a4b2e98da2bdfab695fae,SPY,buy,market,new,1,gtc,0.0,1,stock,,,
2024-09-13 12:30:00-04:00,MyStrategy,c269b99fab4a4b2e98da2bdfab695fae,SPY,buy,market,fill,1,gtc,0.0,1,stock,559.7100219726562,1.0,0.0
2024-09-13 15:30:00-04:00,MyStrategy,ac06ce1db65c4d049d4538e03c253414,SPY,buy,market,new,1,gtc,0.0,1,stock,,,
2024-09-13 15:30:00-04:00,MyStrategy,ac06ce1db65c4d049d4538e03c253414,SPY,buy,market,fill,1,gtc,0.0,1,stock,559.7100219726562,1.0,0.0
2024-09-16 09:30:00-04:00,MyStrategy,a51a40c06aa147578e2811e1207c5f23,SPY,buy,market,new,1,gtc,0.0,1,stock,,,
2024-09-16 09:30:00-04:00,MyStrategy,a51a40c06aa147578e2811e1207c5f23,SPY,buy,market,fill,1,gtc,0.0,1,stock,561.739990234375,1.0,0.0
2024-09-16 12:30:00-04:00,MyStrategy,d4d350222f5546e3ac1e21c7fe087b6e,SPY,buy,market,new,1,gtc,0.0,1,stock,,,
2024-09-16 12:30:00-04:00,MyStrategy,d4d350222f5546e3ac1e21c7fe087b6e,SPY,buy,market,fill,1,gtc,0.0,1,stock,561.739990234375,1.0,0.0
2024-09-16 15:30:00-04:00,MyStrategy,1f0c74f13ccc4b1f931ad80c42e38862,SPY,buy,market,new,1,gtc,0.0,1,stock,,,
2024-09-16 15:30:00-04:00,MyStrategy,1f0c74f13ccc4b1f931ad80c42e38862,SPY,buy,market,fill,1,gtc,0.0,1,stock,561.739990234375,1.0,0.0
2024-09-17 09:30:00-04:00,MyStrategy,d4439235faa940c7b7d33b0204f7b7d8,SPY,buy,market,new,1,gtc,0.0,1,stock,,,
2024-09-17 09:30:00-04:00,MyStrategy,d4439235faa940c7b7d33b0204f7b7d8,SPY,buy,market,fill,1,gtc,0.0,1,stock,565.0999755859375,1.0,0.0
2024-09-17 12:30:00-04:00,MyStrategy,c8f24304eb2a4e9da418d2b9c8e2bdfb,SPY,buy,market,new,1,gtc,0.0,1,stock,,,
2024-09-17 12:30:00-04:00,MyStrategy,c8f24304eb2a4e9da418d2b9c8e2bdfb,SPY,buy,market,fill,1,gtc,0.0,1,stock,565.0999755859375,1.0,0.0
2024-09-17 15:30:00-04:00,MyStrategy,2733a0685f1341b7b77c7d046b3b46f5,SPY,buy,market,new,1,gtc,0.0,1,stock,,,
2024-09-17 15:30:00-04:00,MyStrategy,2733a0685f1341b7b77c7d046b3b46f5,SPY,buy,market,fill,1,gtc,0.0,1,stock,565.0999755859375,1.0,0.0
2024-09-18 09:30:00-04:00,MyStrategy,a55d55a5e3a645d89f3ec3920855eefc,SPY,buy,market,new,1,gtc,0.0,1,stock,,,
2024-09-18 09:30:00-04:00,MyStrategy,a55d55a5e3a645d89f3ec3920855eefc,SPY,buy,market,fill,1,gtc,0.0,1,stock,563.739990234375,1.0,0.0
2024-09-18 12:30:00-04:00,MyStrategy,a61ee8d17b1045b082db4de6810f5807,SPY,buy,market,new,1,gtc,0.0,1,stock,,,
2024-09-18 12:30:00-04:00,MyStrategy,a61ee8d17b1045b082db4de6810f5807,SPY,buy,market,fill,1,gtc,0.0,1,stock,563.739990234375,1.0,0.0
2024-09-18 15:30:00-04:00,MyStrategy,c66ff7551b8a4b3495f9e0ccae11ef42,SPY,buy,market,new,1,gtc,0.0,1,stock,,,
2024-09-18 15:30:00-04:00,MyStrategy,c66ff7551b8a4b3495f9e0ccae11ef42,SPY,buy,market,fill,1,gtc,0.0,1,stock,563.739990234375,1.0,0.0
2024-09-19 09:30:00-04:00,MyStrategy,f54eb365e74a48d794659a27f5a11273,SPY,buy,market,new,1,gtc,0.0,1,stock,,,
2024-09-19 09:30:00-04:00,MyStrategy,f54eb365e74a48d794659a27f5a11273,SPY,buy,market,fill,1,gtc,0.0,1,stock,571.010009765625,1.0,0.0
2024-09-19 12:30:00-04:00,MyStrategy,2fe407a5f74240409d364140dc52ca68,SPY,buy,market,new,1,gtc,0.0,1,stock,,,
2024-09-19 12:30:00-04:00,MyStrategy,2fe407a5f74240409d364140dc52ca68,SPY,buy,market,fill,1,gtc,0.0,1,stock,571.010009765625,1.0,0.0
2024-09-19 15:30:00-04:00,MyStrategy,93eccd24ccb04c27a556a3e8e18fbb6f,SPY,buy,market,new,1,gtc,0.0,1,stock,,,
2024-09-19 15:30:00-04:00,MyStrategy,93eccd24ccb04c27a556a3e8e18fbb6f,SPY,buy,market,fill,1,gtc,0.0,1,stock,571.010009765625,1.0,0.0
2024-09-20 09:30:00-04:00,MyStrategy,9fd7f8af192041f7a2edf671092dcd2d,SPY,buy,market,new,1,gtc,0.0,1,stock,,,
2024-09-20 09:30:00-04:00,MyStrategy,9fd7f8af192041f7a2edf671092dcd2d,SPY,buy,market,fill,1,gtc,0.0,1,stock,567.8400268554688,1.0,0.0
2024-09-20 12:30:00-04:00,MyStrategy,7e78158c76df44299047c529e4d8982b,SPY,buy,market,new,1,gtc,0.0,1,stock,,,
2024-09-20 12:30:00-04:00,MyStrategy,7e78158c76df44299047c529e4d8982b,SPY,buy,market,fill,1,gtc,0.0,1,stock,567.8400268554688,1.0,0.0
2024-09-20 15:30:00-04:00,MyStrategy,8e81c73a02fc4deea4fe601f267b7b3e,SPY,buy,market,new,1,gtc,0.0,1,stock,,,
2024-09-20 15:30:00-04:00,MyStrategy,8e81c73a02fc4deea4fe601f267b7b3e,SPY,buy,market,fill,1,gtc,0.0,1,stock,567.8400268554688,1.0,0.0
2024-09-23 09:30:00-04:00,MyStrategy,85edbe5a9fe44e31bcf51f3d2e0703c5,SPY,buy,market,new,1,gtc,0.0,1,stock,,,
2024-09-23 09:30:00-04:00,MyStrategy,85edbe5a9fe44e31bcf51f3d2e0703c5,SPY,buy,market,fill,1,gtc,0.0,1,stock,569.3400268554688,1.0,0.0
2024-09-23 12:30:00-04:00,MyStrategy,cbe9ca1302c1471c884933f7dd5de341,SPY,buy,market,new,1,gtc,0.0,1,stock,,,
2024-09-23 12:30:00-04:00,MyStrategy,cbe9ca1302c1471c884933f7dd5de341,SPY,buy,market,fill,1,gtc,0.0,1,stock,569.3400268554688,1.0,0.0
2024-09-23 15:30:00-04:00,MyStrategy,20657ec9ff1146c3a068c20b29bc8f30,SPY,buy,market,new,1,gtc,0.0,1,stock,,,
2024-09-23 15:30:00-04:00,MyStrategy,20657ec9ff1146c3a068c20b29bc8f30,SPY,buy,market,fill,1,gtc,0.0,1,stock,569.3400268554688,1.0,0.0
2024-09-24 09:30:00-04:00,MyStrategy,fbbe5e0926fe444e8f4a43c7b8730c36,SPY,buy,market,new,1,gtc,0.0,1,stock,,,
2024-09-24 09:30:00-04:00,MyStrategy,fbbe5e0926fe444e8f4a43c7b8730c36,SPY,buy,market,fill,1,gtc,0.0,1,stock,570.47998046875,1.0,0.0
2024-09-24 12:30:00-04:00,MyStrategy,e0302572774b4f52a2caa053eb333683,SPY,buy,market,new,1,gtc,0.0,1,stock,,,
2024-09-24 12:30:00-04:00,MyStrategy,e0302572774b4f52a2caa053eb333683,SPY,buy,market,fill,1,gtc,0.0,1,stock,570.47998046875,1.0,0.0
2024-09-24 15:30:00-04:00,MyStrategy,657b02b71b79489b834393a82561c075,SPY,buy,market,new,1,gtc,0.0,1,stock,,,
2024-09-24 15:30:00-04:00,MyStrategy,657b02b71b79489b834393a82561c075,SPY,buy,market,fill,1,gtc,0.0,1,stock,570.47998046875,1.0,0.0
2024-09-25 09:30:00-04:00,MyStrategy,0bf8e574db9c4430a106d88e7be026fa,SPY,buy,market,new,1,gtc,0.0,1,stock,,,
2024-09-25 09:30:00-04:00,MyStrategy,0bf8e574db9c4430a106d88e7be026fa,SPY,buy,market,fill,1,gtc,0.0,1,stock,571.1400146484375,1.0,0.0
2024-09-25 12:30:00-04:00,MyStrategy,4fb4ac3040504970b0a08d692fd993f1,SPY,buy,market,new,1,gtc,0.0,1,stock,,,
2024-09-25 12:30:00-04:00,MyStrategy,4fb4ac3040504970b0a08d692fd993f1,SPY,buy,market,fill,1,gtc,0.0,1,stock,571.1400146484375,1.0,0.0
2024-09-25 15:30:00-04:00,MyStrategy,37a2abdbfd9142c798769a0bf4faef20,SPY,buy,market,new,1,gtc,0.0,1,stock,,,
2024-09-25 15:30:00-04:00,MyStrategy,37a2abdbfd9142c798769a0bf4faef20,SPY,buy,market,fill,1,gtc,0.0,1,stock,571.1400146484375,1.0,0.0
2024-09-26 09:30:00-04:00,MyStrategy,13d30d8cf33d45189023ed2f3042c5cf,SPY,buy,market,new,1,gtc,0.0,1,stock,,,
2024-09-26 09:30:00-04:00,MyStrategy,13d30d8cf33d45189023ed2f3042c5cf,SPY,buy,market,fill,1,gtc,0.0,1,stock,574.3800048828125,1.0,0.0
2024-09-26 12:30:00-04:00,MyStrategy,b5ccb8513d234a06bb503db8416e3729,SPY,buy,market,new,1,gtc,0.0,1,stock,,,
2024-09-26 12:30:00-04:00,MyStrategy,b5ccb8513d234a06bb503db8416e3729,SPY,buy,market,fill,1,gtc,0.0,1,stock,574.3800048828125,1.0,0.0
2024-09-26 15:30:00-04:00,MyStrategy,e2966e6831b34ba29f37ff1e8528fed4,SPY,buy,market,new,1,gtc,0.0,1,stock,,,
2024-09-26 15:30:00-04:00,MyStrategy,e2966e6831b34ba29f37ff1e8528fed4,SPY,buy,market,fill,1,gtc,0.0,1,stock,574.3800048828125,1.0,0.0
2024-09-27 09:30:00-04:00,MyStrategy,f786a2460b1d4c4bb4b3257d163826e5,SPY,buy,market,new,1,gtc,0.0,1,stock,,,
2024-09-27 09:30:00-04:00,MyStrategy,f786a2460b1d4c4bb4b3257d163826e5,SPY,buy,market,fill,1,gtc,0.0,1,stock,573.3900146484375,1.0,0.0
2024-09-27 12:30:00-04:00,MyStrategy,38fdf589819f4ba8815262ef8aa93435,SPY,buy,market,new,1,gtc,0.0,1,stock,,,
2024-09-27 12:30:00-04:00,MyStrategy,38fdf589819f4ba8815262ef8aa93435,SPY,buy,market,fill,1,gtc,0.0,1,stock,573.3900146484375,1.0,0.0
2024-09-27 15:30:00-04:00,MyStrategy,4d24b15f1a1745b4bdc250feeafd0e1f,SPY,buy,market,new,1,gtc,0.0,1,stock,,,
2024-09-27 15:30:00-04:00,MyStrategy,4d24b15f1a1745b4bdc250feeafd0e1f,SPY,buy,market,fill,1,gtc,0.0,1,stock,573.3900146484375,1.0,0.0
2024-09-30 09:30:00-04:00,MyStrategy,13de5a5c84b2440daae027daf2461ccf,SPY,buy,market,new,1,gtc,0.0,1,stock,,,
2024-09-30 09:30:00-04:00,MyStrategy,13de5a5c84b2440daae027daf2461ccf,SPY,buy,market,fill,1,gtc,0.0,1,stock,570.4199829101562,1.0,0.0
2024-09-30 12:30:00-04:00,MyStrategy,c02ff8d69b0a4cb691ed3a208a1c27e0,SPY,buy,market,new,1,gtc,0.0,1,stock,,,
2024-09-30 12:30:00-04:00,MyStrategy,c02ff8d69b0a4cb691ed3a208a1c27e0,SPY,buy,market,fill,1,gtc,0.0,1,stock,570.4199829101562,1.0,0.0
2024-09-30 15:30:00-04:00,MyStrategy,9d58b351c6ec48afb1250d688091f794,SPY,buy,market,new,1,gtc,0.0,1,stock,,,
2024-09-30 15:30:00-04:00,MyStrategy,9d58b351c6ec48afb1250d688091f794,SPY,buy,market,fill,1,gtc,0.0,1,stock,570.4199829101562,1.0,0.0
2024-10-01 09:30:00-04:00,MyStrategy,6ccee842a0ce4b39b3fb33e5f4fc5a43,SPY,buy,market,new,1,gtc,0.0,1,stock,,,
2024-10-01 09:30:00-04:00,MyStrategy,6ccee842a0ce4b39b3fb33e5f4fc5a43,SPY,buy,market,fill,1,gtc,0.0,1,stock,573.4000244140625,1.0,0.0
2024-10-01 12:30:00-04:00,MyStrategy,4d4755712caa4f9a9baf9fa922aef0d4,SPY,buy,market,new,1,gtc,0.0,1,stock,,,
2024-10-01 12:30:00-04:00,MyStrategy,4d4755712caa4f9a9baf9fa922aef0d4,SPY,buy,market,fill,1,gtc,0.0,1,stock,573.4000244140625,1.0,0.0
2024-10-01 15:30:00-04:00,MyStrategy,e47052b3282343f09df2843ad9e6a907,SPY,buy,market,new,1,gtc,0.0,1,stock,,,
2024-10-01 15:30:00-04:00,MyStrategy,e47052b3282343f09df2843ad9e6a907,SPY,buy,market,fill,1,gtc,0.0,1,stock,573.4000244140625,1.0,0.0
2024-10-02 09:30:00-04:00,MyStrategy,82089b06cd8347ee8111f01ba7aeeebf,SPY,buy,market,new,1,gtc,0.0,1,stock,,,
2024-10-02 09:30:00-04:00,MyStrategy,82089b06cd8347ee8111f01ba7aeeebf,SPY,buy,market,fill,1,gtc,0.0,1,stock,567.7100219726562,1.0,0.0
2024-10-02 12:30:00-04:00,MyStrategy,1f993629409e48318380b5e303ea3581,SPY,buy,market,new,1,gtc,0.0,1,stock,,,
2024-10-02 12:30:00-04:00,MyStrategy,1f993629409e48318380b5e303ea3581,SPY,buy,market,fill,1,gtc,0.0,1,stock,567.7100219726562,1.0,0.0
2024-10-02 15:30:00-04:00,MyStrategy,fbed3fbe9b0c44f3b50597aca0f1fac6,SPY,buy,market,new,1,gtc,0.0,1,stock,,,
2024-10-02 15:30:00-04:00,MyStrategy,fbed3fbe9b0c44f3b50597aca0f1fac6,SPY,buy,market,fill,1,gtc,0.0,1,stock,567.7100219726562,1.0,0.0
2024-10-03 09:30:00-04:00,MyStrategy,e5e038b8e9b640ba982459451cda0cae,SPY,buy,market,new,1,gtc,0.0,1,stock,,,
2024-10-03 09:30:00-04:00,MyStrategy,e5e038b8e9b640ba982459451cda0cae,SPY,buy,market,fill,1,gtc,0.0,1,stock,567.3599853515625,1.0,0.0
2024-10-03 12:30:00-04:00,MyStrategy,17dd6ef6fb7248dcbbd5b0b1f0282c91,SPY,buy,market,new,1,gtc,0.0,1,stock,,,
2024-10-03 12:30:00-04:00,MyStrategy,17dd6ef6fb7248dcbbd5b0b1f0282c91,SPY,buy,market,fill,1,gtc,0.0,1,stock,567.3599853515625,1.0,0.0
2024-10-03 15:30:00-04:00,MyStrategy,27b9fc7a8df74b6389a79dfa499b6b90,SPY,buy,market,new,1,gtc,0.0,1,stock,,,
2024-10-03 15:30:00-04:00,MyStrategy,27b9fc7a8df74b6389a79dfa499b6b90,SPY,buy,market,fill,1,gtc,0.0,1,stock,567.3599853515625,1.0,0.0
2024-10-04 09:30:00-04:00,MyStrategy,c1a691d85072475c91d317b22b6a0265,SPY,buy,market,new,1,gtc,0.0,1,stock,,,
2024-10-04 09:30:00-04:00,MyStrategy,c1a691d85072475c91d317b22b6a0265,SPY,buy,market,fill,1,gtc,0.0,1,stock,572.3499755859375,1.0,0.0
2024-10-04 12:30:00-04:00,MyStrategy,a0cbc159aeb2411cbf6dbe9fbd4bb0c5,SPY,buy,market,new,1,gtc,0.0,1,stock,,,
2024-10-04 12:30:00-04:00,MyStrategy,a0cbc159aeb2411cbf6dbe9fbd4bb0c5,SPY,buy,market,fill,1,gtc,0.0,1,stock,572.3499755859375,1.0,0.0
2024-10-04 15:30:00-04:00,MyStrategy,8221633b75a640858d35bac81e112ac4,SPY,buy,market,new,1,gtc,0.0,1,stock,,,
2024-10-04 15:30:00-04:00,MyStrategy,8221633b75a640858d35bac81e112ac4,SPY,buy,market,fill,1,gtc,0.0,1,stock,572.3499755859375,1.0,0.0
2024-10-07 09:30:00-04:00,MyStrategy,7a827d2033bd4bc09254b47973bde858,SPY,buy,market,new,1,gtc,0.0,1,stock,,,
2024-10-07 09:30:00-04:00,MyStrategy,7a827d2033bd4bc09254b47973bde858,SPY,buy,market,fill,1,gtc,0.0,1,stock,571.2999877929688,1.0,0.0
2024-10-07 12:30:00-04:00,MyStrategy,ff06fe48a5f34b5090b49a0101fdf359,SPY,buy,market,new,1,gtc,0.0,1,stock,,,
2024-10-07 12:30:00-04:00,MyStrategy,ff06fe48a5f34b5090b49a0101fdf359,SPY,buy,market,fill,1,gtc,0.0,1,stock,571.2999877929688,1.0,0.0
2024-10-07 15:30:00-04:00,MyStrategy,acaacb8e4d704cb9b01863d1ff78020b,SPY,buy,market,new,1,gtc,0.0,1,stock,,,
2024-10-07 15:30:00-04:00,MyStrategy,acaacb8e4d704cb9b01863d1ff78020b,SPY,buy,market,fill,1,gtc,0.0,1,stock,571.2999877929688,1.0,0.0
2024-10-08 09:30:00-04:00,MyStrategy,f8e8511817884a86816d306b7303d28e,SPY,buy,market,new,1,gtc,0.0,1,stock,,,
2024-10-08 09:30:00-04:00,MyStrategy,f8e8511817884a86816d306b7303d28e,SPY,buy,market,fill,1,gtc,0.0,1,stock,570.4199829101562,1.0,0.0
2024-10-08 12:30:00-04:00,MyStrategy,4d8d67eeb71f47debf9ca9a9cd3ee5db,SPY,buy,market,new,1,gtc,0.0,1,stock,,,
2024-10-08 12:30:00-04:00,MyStrategy,4d8d67eeb71f47debf9ca9a9cd3ee5db,SPY,buy,market,fill,1,gtc,0.0,1,stock,570.4199829101562,1.0,0.0
2024-10-08 15:30:00-04:00,MyStrategy,f9f2c874a1884daa82a384f93980c765,SPY,buy,market,new,1,gtc,0.0,1,stock,,,
2024-10-08 15:30:00-04:00,MyStrategy,f9f2c874a1884daa82a384f93980c765,SPY,buy,market,fill,1,gtc,0.0,1,stock,570.4199829101562,1.0,0.0
2024-10-09 09:30:00-04:00,MyStrategy,600353c103a741fb8dd64516de5bbdfd,SPY,buy,market,new,1,gtc,0.0,1,stock,,,
2024-10-09 09:30:00-04:00,MyStrategy,600353c103a741fb8dd64516de5bbdfd,SPY,buy,market,fill,1,gtc,0.0,1,stock,573.1599731445312,1.0,0.0
2024-10-09 12:30:00-04:00,MyStrategy,62f2ed2b01be42bdb2afe41e583c744f,SPY,buy,market,new,1,gtc,0.0,1,stock,,,
2024-10-09 12:30:00-04:00,MyStrategy,62f2ed2b01be42bdb2afe41e583c744f,SPY,buy,market,fill,1,gtc,0.0,1,stock,573.1599731445312,1.0,0.0
2024-10-09 15:30:00-04:00,MyStrategy,012c4b4c001e49e6b596fb0d28505fa9,SPY,buy,market,new,1,gtc,0.0,1,stock,,,
2024-10-09 15:30:00-04:00,MyStrategy,012c4b4c001e49e6b596fb0d28505fa9,SPY,buy,market,fill,1,gtc,0.0,1,stock,573.1599731445312,1.0,0.0
2024-10-10 09:30:00-04:00,MyStrategy,8de23da93a3d40b6b53113752085c8ac,SPY,buy,market,new,1,gtc,0.0,1,stock,,,
2024-10-10 09:30:00-04:00,MyStrategy,8de23da93a3d40b6b53113752085c8ac,SPY,buy,market,fill,1,gtc,0.0,1,stock,575.77001953125,1.0,0.0
2024-10-10 12:30:00-04:00,MyStrategy,7159e30bfd974ae1b1aa63bfb8b6d322,SPY,buy,market,new,1,gtc,0.0,1,stock,,,
2024-10-10 12:30:00-04:00,MyStrategy,7159e30bfd974ae1b1aa63bfb8b6d322,SPY,buy,market,fill,1,gtc,0.0,1,stock,575.77001953125,1.0,0.0
2024-10-10 15:30:00-04:00,MyStrategy,5c609ee9824f400692f7a30d29f04f60,SPY,buy,market,new,1,gtc,0.0,1,stock,,,
2024-10-10 15:30:00-04:00,MyStrategy,5c609ee9824f400692f7a30d29f04f60,SPY,buy,market,fill,1,gtc,0.0,1,stock,575.77001953125,1.0,0.0
2024-10-11 09:30:00-04:00,MyStrategy,68882fbe512b417880a88746a0189fa4,SPY,buy,market,new,1,gtc,0.0,1,stock,,,
2024-10-11 09:30:00-04:00,MyStrategy,68882fbe512b417880a88746a0189fa4,SPY,buy,market,fill,1,gtc,0.0,1,stock,576.0499877929688,1.0,0.0
2024-10-11 12:30:00-04:00,MyStrategy,5df8e0a525b84963abc276914c5e6e85,SPY,buy,market,new,1,gtc,0.0,1,stock,,,
2024-10-11 12:30:00-04:00,MyStrategy,5df8e0a525b84963abc276914c5e6e85,SPY,buy,market,fill,1,gtc,0.0,1,stock,576.0499877929688,1.0,0.0
2024-10-11 15:30:00-04:00,MyStrategy,f1900f57d68941e9b5c871febfa28c2f,SPY,buy,market,new,1,gtc,0.0,1,stock,,,
2024-10-11 15:30:00-04:00,MyStrategy,f1900f57d68941e9b5c871febfa28c2f,SPY,buy,market,fill,1,gtc,0.0,1,stock,576.0499877929688,1.0,0.0
2024-10-14 09:30:00-04:00,MyStrategy,ced68794f79448df9f15d768445d03b3,SPY,buy,market,new,1,gtc,0.0,1,stock,,,
2024-10-14 09:30:00-04:00,MyStrategy,ced68794f79448df9f15d768445d03b3,SPY,buy,market,fill,1,gtc,0.0,1,stock,581.219970703125,1.0,0.0
2024-10-14 12:30:00-04:00,MyStrategy,1662a5dca10a437795e5098a3ac3646c,SPY,buy,market,new,1,gtc,0.0,1,stock,,,
2024-10-14 12:30:00-04:00,MyStrategy,1662a5dca10a437795e5098a3ac3646c,SPY,buy,market,fill,1,gtc,0.0,1,stock,581.219970703125,1.0,0.0
2024-10-14 15:30:00-04:00,MyStrategy,bf3a2f4897f5409ea40f47b4b613d6bb,SPY,buy,market,new,1,gtc,0.0,1,stock,,,
2024-10-14 15:30:00-04:00,MyStrategy,bf3a2f4897f5409ea40f47b4b613d6bb,SPY,buy,market,fill,1,gtc,0.0,1,stock,581.219970703125,1.0,0.0
2024-10-15 09:30:00-04:00,MyStrategy,05deb9f78f03476dbdc393f6b255795d,SPY,buy,market,new,1,gtc,0.0,1,stock,,,
2024-10-15 09:30:00-04:00,MyStrategy,05deb9f78f03476dbdc393f6b255795d,SPY,buy,market,fill,1,gtc,0.0,1,stock,584.5900268554688,1.0,0.0
2024-10-15 12:30:00-04:00,MyStrategy,d6a0babb2e6648fa942d76f9e4e49e41,SPY,buy,market,new,1,gtc,0.0,1,stock,,,
2024-10-15 12:30:00-04:00,MyStrategy,d6a0babb2e6648fa942d76f9e4e49e41,SPY,buy,market,fill,1,gtc,0.0,1,stock,584.5900268554688,1.0,0.0
2024-10-15 15:30:00-04:00,MyStrategy,df1888ec35064a7b925892c13c0ad96d,SPY,buy,market,new,1,gtc,0.0,1,stock,,,
2024-10-15 15:30:00-04:00,MyStrategy,df1888ec35064a7b925892c13c0ad96d,SPY,buy,market,fill,1,gtc,0.0,1,stock,584.5900268554688,1.0,0.0
2024-10-16 09:30:00-04:00,MyStrategy,e0c10642fca14ea794c5ca1f70e6e90b,SPY,buy,market,new,1,gtc,0.0,1,stock,,,
2024-10-16 09:30:00-04:00,MyStrategy,e0c10642fca14ea794c5ca1f70e6e90b,SPY,buy,market,fill,1,gtc,0.0,1,stock,579.780029296875,1.0,0.0
2024-10-16 12:30:00-04:00,MyStrategy,22306a791c8b45de9e1c3805a3ea940e,SPY,buy,market,new,1,gtc,0.0,1,stock,,,
2024-10-16 12:30:00-04:00,MyStrategy,22306a791c8b45de9e1c3805a3ea940e,SPY,buy,market,fill,1,gtc,0.0,1,stock,579.780029296875,1.0,0.0
2024-10-16 15:30:00-04:00,MyStrategy,dcd0f8989be34439a792d9b4e66d4059,SPY,buy,market,new,1,gtc,0.0,1,stock,,,
2024-10-16 15:30:00-04:00,MyStrategy,dcd0f8989be34439a792d9b4e66d4059,SPY,buy,market,fill,1,gtc,0.0,1,stock,579.780029296875,1.0,0.0
2024-10-17 09:30:00-04:00,MyStrategy,24a52d171e8d47cdad5c46a2def14e2c,SPY,buy,market,new,1,gtc,0.0,1,stock,,,
2024-10-17 09:30:00-04:00,MyStrategy,24a52d171e8d47cdad5c46a2def14e2c,SPY,buy,market,fill,1,gtc,0.0,1,stock,585.9099731445312,1.0,0.0
2024-10-17 12:30:00-04:00,MyStrategy,25ba438de2f342928011f32b2ec0366c,SPY,buy,market,new,1,gtc,0.0,1,stock,,,
2024-10-17 12:30:00-04:00,MyStrategy,25ba438de2f342928011f32b2ec0366c,SPY,buy,market,fill,1,gtc,0.0,1,stock,585.9099731445312,1.0,0.0
2024-10-17 15:30:00-04:00,MyStrategy,8ea970a593e64890af77c14c347ada28,SPY,buy,market,new,1,gtc,0.0,1,stock,,,
2024-10-17 15:30:00-04:00,MyStrategy,8ea970a593e64890af77c14c347ada28,SPY,buy,market,fill,1,gtc,0.0,1,stock,585.9099731445312,1.0,0.0
2024-10-18 09:30:00-04:00,MyStrategy,e52a1b66cbdc47028246f8c8dcad1808,SPY,buy,market,new,1,gtc,0.0,1,stock,,,
2024-10-18 09:30:00-04:00,MyStrategy,e52a1b66cbdc47028246f8c8dcad1808,SPY,buy,market,fill,1,gtc,0.0,1,stock,584.0700073242188,1.0,0.0
2024-10-18 12:30:00-04:00,MyStrategy,db1610ee5e3547c69b25748d9c765387,SPY,buy,market,new,1,gtc,0.0,1,stock,,,
2024-10-18 12:30:00-04:00,MyStrategy,db1610ee5e3547c69b25748d9c765387,SPY,buy,market,fill,1,gtc,0.0,1,stock,584.0700073242188,1.0,0.0
2024-10-18 15:30:00-04:00,MyStrategy,c0c1c7e40d73456a82eaa8e5ff743117,SPY,buy,market,new,1,gtc,0.0,1,stock,,,
2024-10-18 15:30:00-04:00,MyStrategy,c0c1c7e40d73456a82eaa8e5ff743117,SPY,buy,market,fill,1,gtc,0.0,1,stock,584.0700073242188,1.0,0.0
2024-10-21 09:30:00-04:00,MyStrategy,c31fb42e93454516ab472703816b1376,SPY,buy,market,new,1,gtc,0.0,1,stock,,,
2024-10-21 09:30:00-04:00,MyStrategy,c31fb42e93454516ab472703816b1376,SPY,buy,market,fill,1,gtc,0.0,1,stock,583.8499755859375,1.0,0.0
2024-10-21 12:30:00-04:00,MyStrategy,0bb9bc0ed9734900a62d2038e84e1213,SPY,buy,market,new,1,gtc,0.0,1,stock,,,
2024-10-21 12:30:00-04:00,MyStrategy,0bb9bc0ed9734900a62d2038e84e1213,SPY,buy,market,fill,1,gtc,0.0,1,stock,583.8499755859375,1.0,0.0
2024-10-21 15:30:00-04:00,MyStrategy,2e98f9b8d0234a0d9010e67ee9198f26,SPY,buy,market,new,1,gtc,0.0,1,stock,,,
2024-10-21 15:30:00-04:00,MyStrategy,2e98f9b8d0234a0d9010e67ee9198f26,SPY,buy,market,fill,1,gtc,0.0,1,stock,583.8499755859375,1.0,0.0
2024-10-22 09:30:00-04:00,MyStrategy,42437905ffbe4676a21ee50f4e20ed34,SPY,buy,market,new,1,gtc,0.0,1,stock,,,
2024-10-22 09:30:00-04:00,MyStrategy,42437905ffbe4676a21ee50f4e20ed34,SPY,buy,market,fill,1,gtc,0.0,1,stock,581.0499877929688,1.0,0.0
2024-10-22 12:30:00-04:00,MyStrategy,95473d63634544a4a7f6465164f82d75,SPY,buy,market,new,1,gtc,0.0,1,stock,,,
2024-10-22 12:30:00-04:00,MyStrategy,95473d63634544a4a7f6465164f82d75,SPY,buy,market,fill,1,gtc,0.0,1,stock,581.0499877929688,1.0,0.0
2024-10-22 15:30:00-04:00,MyStrategy,25799dcafd844045aab08f5b382f113b,SPY,buy,market,new,1,gtc,0.0,1,stock,,,
2024-10-22 15:30:00-04:00,MyStrategy,25799dcafd844045aab08f5b382f113b,SPY,buy,market,fill,1,gtc,0.0,1,stock,581.0499877929688,1.0,0.0
2024-10-23 09:30:00-04:00,MyStrategy,da66b6ff350a45a4be9d7229953680e3,SPY,buy,market,new,1,gtc,0.0,1,stock,,,
2024-10-23 09:30:00-04:00,MyStrategy,da66b6ff350a45a4be9d7229953680e3,SPY,buy,market,fill,1,gtc,0.0,1,stock,581.260009765625,1.0,0.0
2024-10-23 12:30:00-04:00,MyStrategy,9fe8b436987b40e4851bee466ea49f7e,SPY,buy,market,new,1,gtc,0.0,1,stock,,,
2024-10-23 12:30:00-04:00,MyStrategy,9fe8b436987b40e4851bee466ea49f7e,SPY,buy,market,fill,1,gtc,0.0,1,stock,581.260009765625,1.0,0.0
2024-10-23 15:30:00-04:00,MyStrategy,442a0f1e95fd41408834043b73a9725f,SPY,buy,market,new,1,gtc,0.0,1,stock,,,
2024-10-23 15:30:00-04:00,MyStrategy,442a0f1e95fd41408834043b73a9725f,SPY,buy,market,fill,1,gtc,0.0,1,stock,581.260009765625,1.0,0.0
2024-10-24 09:30:00-04:00,MyStrategy,cf67b0f9f64f402689f5a0a43209f086,SPY,buy,market,new,1,gtc,0.0,1,stock,,,
2024-10-24 09:30:00-04:00,MyStrategy,cf67b0f9f64f402689f5a0a43209f086,SPY,buy,market,fill,1,gtc,0.0,1,stock,579.97998046875,1.0,0.0
2024-10-24 12:30:00-04:00,MyStrategy,db11b14e75ac4f9282d833f47bb14c78,SPY,buy,market,new,1,gtc,0.0,1,stock,,,
2024-10-24 12:30:00-04:00,MyStrategy,db11b14e75ac4f9282d833f47bb14c78,SPY,buy,market,fill,1,gtc,0.0,1,stock,579.97998046875,1.0,0.0
2024-10-24 15:30:00-04:00,MyStrategy,e230170b4a9f401d8653061d1021b4fc,SPY,buy,market,new,1,gtc,0.0,1,stock,,,
2024-10-24 15:30:00-04:00,MyStrategy,e230170b4a9f401d8653061d1021b4fc,SPY,buy,market,fill,1,gtc,0.0,1,stock,579.97998046875,1.0,0.0
2024-10-25 09:30:00-04:00,MyStrategy,bb2c8f755db5442dbfe7c0d551e8a0d4,SPY,buy,market,new,1,gtc,0.0,1,stock,,,
2024-10-25 09:30:00-04:00,MyStrategy,bb2c8f755db5442dbfe7c0d551e8a0d4,SPY,buy,market,fill,1,gtc,0.0,1,stock,581.510009765625,1.0,0.0
2024-10-25 12:30:00-04:00,MyStrategy,e78ae53ae7b847e0bba728e4f693bc7e,SPY,buy,market,new,1,gtc,0.0,1,stock,,,
2024-10-25 12:30:00-04:00,MyStrategy,e78ae53ae7b847e0bba728e4f693bc7e,SPY,buy,market,fill,1,gtc,0.0,1,stock,581.510009765625,1.0,0.0
2024-10-25 15:30:00-04:00,MyStrategy,2ee37bab25fe4878a2bc7fae18239a94,SPY,buy,market,new,1,gtc,0.0,1,stock,,,
2024-10-25 15:30:00-04:00,MyStrategy,2ee37bab25fe4878a2bc7fae18239a94,SPY,buy,market,fill,1,gtc,0.0,1,stock,581.510009765625,1.0,0.0
2024-10-28 09:30:00-04:00,MyStrategy,f8ab081534b34b8da8085ba11f51084c,SPY,buy,market,new,1,gtc,0.0,1,stock,,,
2024-10-28 09:30:00-04:00,MyStrategy,f8ab081534b34b8da8085ba11f51084c,SPY,buy,market,fill,1,gtc,0.0,1,stock,582.5800170898438,1.0,0.0
2024-10-28 12:30:00-04:00,MyStrategy,7ce4d6edd67a439aa642a8d065275765,SPY,buy,market,new,1,gtc,0.0,1,stock,,,
2024-10-28 12:30:00-04:00,MyStrategy,7ce4d6edd67a439aa642a8d065275765,SPY,buy,market,fill,1,gtc,0.0,1,stock,582.5800170898438,1.0,0.0
2024-10-28 15:30:00-04:00,MyStrategy,6cf278dcaf2d4570b4477d28ca4bdd8d,SPY,buy,market,new,1,gtc,0.0,1,stock,,,
2024-10-28 15:30:00-04:00,MyStrategy,6cf278dcaf2d4570b4477d28ca4bdd8d,SPY,buy,market,fill,1,gtc,0.0,1,stock,582.5800170898438,1.0,0.0
2024-10-29 09:30:00-04:00,MyStrategy,a479cc628ae347fb913cb1d2515c7706,SPY,buy,market,new,1,gtc,0.0,1,stock,,,
2024-10-29 09:30:00-04:00,MyStrategy,a479cc628ae347fb913cb1d2515c7706,SPY,buy,market,fill,1,gtc,0.0,1,stock,579.8499755859375,1.0,0.0
2024-10-29 12:30:00-04:00,MyStrategy,d8fdca479a7a4d96bea91c88305c91ac,SPY,buy,market,new,1,gtc,0.0,1,stock,,,
2024-10-29 12:30:00-04:00,MyStrategy,d8fdca479a7a4d96bea91c88305c91ac,SPY,buy,market,fill,1,gtc,0.0,1,stock,579.8499755859375,1.0,0.0
2024-10-29 15:30:00-04:00,MyStrategy,6e4c48ef52cb4c7cbfa3a289e58856b0,SPY,buy,market,new,1,gtc,0.0,1,stock,,,
2024-10-29 15:30:00-04:00,MyStrategy,6e4c48ef52cb4c7cbfa3a289e58856b0,SPY,buy,market,fill,1,gtc,0.0,1,stock,579.8499755859375,1.0,0.0
2024-10-30 09:30:00-04:00,MyStrategy,b30b179338bc4d818f812a5cb5c71697,SPY,buy,market,new,1,gtc,0.0,1,stock,,,
2024-10-30 09:30:00-04:00,MyStrategy,b30b179338bc4d818f812a5cb5c71697,SPY,buy,market,fill,1,gtc,0.0,1,stock,581.2899780273438,1.0,0.0
2024-10-30 12:30:00-04:00,MyStrategy,b280599f4e9e4ecca4de032f8de83e04,SPY,buy,market,new,1,gtc,0.0,1,stock,,,
2024-10-30 12:30:00-04:00,MyStrategy,b280599f4e9e4ecca4de032f8de83e04,SPY,buy,market,fill,1,gtc,0.0,1,stock,581.2899780273438,1.0,0.0
2024-10-30 15:30:00-04:00,MyStrategy,06d84c63f67747ea9f4686e951dcbcb4,SPY,buy,market,new,1,gtc,0.0,1,stock,,,
2024-10-30 15:30:00-04:00,MyStrategy,06d84c63f67747ea9f4686e951dcbcb4,SPY,buy,market,fill,1,gtc,0.0,1,stock,581.2899780273438,1.0,0.0
2024-10-31 09:30:00-04:00,MyStrategy,6a3d7f25abf544a3a912a9873f1b7646,SPY,buy,market,new,1,gtc,0.0,1,stock,,,
2024-10-31 09:30:00-04:00,MyStrategy,6a3d7f25abf544a3a912a9873f1b7646,SPY,buy,market,fill,1,gtc,0.0,1,stock,575.5599975585938,1.0,0.0
2024-10-31 12:30:00-04:00,MyStrategy,9a02e39a426d47dea2c258b7597492be,SPY,buy,market,new,1,gtc,0.0,1,stock,,,
2024-10-31 12:30:00-04:00,MyStrategy,9a02e39a426d47dea2c258b7597492be,SPY,buy,market,fill,1,gtc,0.0,1,stock,575.5599975585938,1.0,0.0
2024-10-31 15:30:00-04:00,MyStrategy,8043700b9d4d4d2d972a81164aaa81ef,SPY,buy,market,new,1,gtc,0.0,1,stock,,,
2024-10-31 15:30:00-04:00,MyStrategy,8043700b9d4d4d2d972a81164aaa81ef,SPY,buy,market,fill,1,gtc,0.0,1,stock,575.5599975585938,1.0,0.0
2024-11-01 09:30:00-04:00,MyStrategy,c81fd73e14d9481b96aaf07bf80b92d1,SPY,buy,market,new,1,gtc,0.0,1,stock,,,
2024-11-01 09:30:00-04:00,MyStrategy,c81fd73e14d9481b96aaf07bf80b92d1,SPY,buy,market,fill,1,gtc,0.0,1,stock,571.3200073242188,1.0,0.0
2024-11-01 12:30:00-04:00,MyStrategy,0ac23a52961d4b34b28dbd017e12c509,SPY,buy,market,new,1,gtc,0.0,1,stock,,,
2024-11-01 12:30:00-04:00,MyStrategy,0ac23a52961d4b34b28dbd017e12c509,SPY,buy,market,fill,1,gtc,0.0,1,stock,571.3200073242188,1.0,0.0
2024-11-01 15:30:00-04:00,MyStrategy,03deadac93974f538b32a2051557ddc8,SPY,buy,market,new,1,gtc,0.0,1,stock,,,
2024-11-01 15:30:00-04:00,MyStrategy,03deadac93974f538b32a2051557ddc8,SPY,buy,market,fill,1,gtc,0.0,1,stock,571.3200073242188,1.0,0.0
2024-11-04 09:30:00-05:00,MyStrategy,ff00cccc72f345cab8467a6f45fc4b65,SPY,buy,market,new,1,gtc,0.0,1,stock,,,
2024-11-04 09:30:00-05:00,MyStrategy,ff00cccc72f345cab8467a6f45fc4b65,SPY,buy,market,fill,1,gtc,0.0,1,stock,571.1799926757812,1.0,0.0
2024-11-04 12:30:00-05:00,MyStrategy,f80c648236eb44d185762d4c3f94eb08,SPY,buy,market,new,1,gtc,0.0,1,stock,,,
2024-11-04 12:30:00-05:00,MyStrategy,f80c648236eb44d185762d4c3f94eb08,SPY,buy,market,fill,1,gtc,0.0,1,stock,571.1799926757812,1.0,0.0
2024-11-04 15:30:00-05:00,MyStrategy,ee5b70385b3b45d49f4e85c15510974f,SPY,buy,market,new,1,gtc,0.0,1,stock,,,
2024-11-04 15:30:00-05:00,MyStrategy,ee5b70385b3b45d49f4e85c15510974f,SPY,buy,market,fill,1,gtc,0.0,1,stock,571.1799926757812,1.0,0.0
2024-11-05 09:30:00-05:00,MyStrategy,140643d5a29c42bdbef8eeecae9627c1,SPY,buy,market,new,1,gtc,0.0,1,stock,,,
2024-11-05 09:30:00-05:00,MyStrategy,140643d5a29c42bdbef8eeecae9627c1,SPY,buy,market,fill,1,gtc,0.0,1,stock,570.739990234375,1.0,0.0
2024-11-05 12:30:00-05:00,MyStrategy,106228698f844a15bdb2db60ce6e306b,SPY,buy,market,new,1,gtc,0.0,1,stock,,,
2024-11-05 12:30:00-05:00,MyStrategy,106228698f844a15bdb2db60ce6e306b,SPY,buy,market,fill,1,gtc,0.0,1,stock,570.739990234375,1.0,0.0
2024-11-05 15:30:00-05:00,MyStrategy,c12a3ddf7a68471b80869f87e6a58f07,SPY,buy,market,new,1,gtc,0.0,1,stock,,,
2024-11-05 15:30:00-05:00,MyStrategy,c12a3ddf7a68471b80869f87e6a58f07,SPY,buy,market,fill,1,gtc,0.0,1,stock,570.739990234375,1.0,0.0
2024-11-06 09:30:00-05:00,MyStrategy,b35b68a19b2b439c9217e6baa3e4ef86,SPY,buy,market,new,1,gtc,0.0,1,stock,,,
2024-11-06 09:30:00-05:00,MyStrategy,b35b68a19b2b439c9217e6baa3e4ef86,SPY,buy,market,fill,1,gtc,0.0,1,stock,589.2000122070312,1.0,0.0
2024-11-06 12:30:00-05:00,MyStrategy,94cab82c657942a7b083d236a74028db,SPY,buy,market,new,1,gtc,0.0,1,stock,,,
2024-11-06 12:30:00-05:00,MyStrategy,94cab82c657942a7b083d236a74028db,SPY,buy,market,fill,1,gtc,0.0,1,stock,589.2000122070312,1.0,0.0
2024-11-06 15:30:00-05:00,MyStrategy,5f7294eda3ec4b449b35314ec90ff220,SPY,buy,market,new,1,gtc,0.0,1,stock,,,
2024-11-06 15:30:00-05:00,MyStrategy,5f7294eda3ec4b449b35314ec90ff220,SPY,buy,market,fill,1,gtc,0.0,1,stock,589.2000122070312,1.0,0.0
2024-11-07 09:30:00-05:00,MyStrategy,305e6fcb64f9430db00625edbe0a6279,SPY,buy,market,new,1,gtc,0.0,1,stock,,,
2024-11-07 09:30:00-05:00,MyStrategy,305e6fcb64f9430db00625edbe0a6279,SPY,buy,market,fill,1,gtc,0.0,1,stock,593.0800170898438,1.0,0.0
2024-11-07 12:30:00-05:00,MyStrategy,02c087740bbc4cd48a913ebdce8fcd83,SPY,buy,market,new,1,gtc,0.0,1,stock,,,
2024-11-07 12:30:00-05:00,MyStrategy,02c087740bbc4cd48a913ebdce8fcd83,SPY,buy,market,fill,1,gtc,0.0,1,stock,593.0800170898438,1.0,0.0
2024-11-07 15:30:00-05:00,MyStrategy,620bc5bd08874033bf9f42b51d827a75,SPY,buy,market,new,1,gtc,0.0,1,stock,,,
2024-11-07 15:30:00-05:00,MyStrategy,620bc5bd08874033bf9f42b51d827a75,SPY,buy,market,fill,1,gtc,0.0,1,stock,593.0800170898438,1.0,0.0
2024-11-08 09:30:00-05:00,MyStrategy,ebbbe62879044ea6a922e21351c890b6,SPY,buy,market,new,1,gtc,0.0,1,stock,,,
2024-11-08 09:30:00-05:00,MyStrategy,ebbbe62879044ea6a922e21351c890b6,SPY,buy,market,fill,1,gtc,0.0,1,stock,596.1699829101562,1.0,0.0
2024-11-08 12:30:00-05:00,MyStrategy,02f6c8abd547425fa9a6c254299bcbb8,SPY,buy,market,new,1,gtc,0.0,1,stock,,,
2024-11-08 12:30:00-05:00,MyStrategy,02f6c8abd547425fa9a6c254299bcbb8,SPY,buy,market,fill,1,gtc,0.0,1,stock,596.1699829101562,1.0,0.0
2024-11-08 15:30:00-05:00,MyStrategy,75d89626e8f644b98b44a79f53409add,SPY,buy,market,new,1,gtc,0.0,1,stock,,,
2024-11-08 15:30:00-05:00,MyStrategy,75d89626e8f644b98b44a79f53409add,SPY,buy,market,fill,1,gtc,0.0,1,stock,596.1699829101562,1.0,0.0
2024-11-11 09:30:00-05:00,MyStrategy,a6fa0dd6db554b7f8ad0fe3f5cc2ec17,SPY,buy,market,new,1,gtc,0.0,1,stock,,,
2024-11-11 09:30:00-05:00,MyStrategy,a6fa0dd6db554b7f8ad0fe3f5cc2ec17,SPY,buy,market,fill,1,gtc,0.0,1,stock,599.8099975585938,1.0,0.0
2024-11-11 12:30:00-05:00,MyStrategy,5bb296ba8cbd4b6886fa46df29b075cc,SPY,buy,market,new,1,gtc,0.0,1,stock,,,
2024-11-11 12:30:00-05:00,MyStrategy,5bb296ba8cbd4b6886fa46df29b075cc,SPY,buy,market,fill,1,gtc,0.0,1,stock,599.8099975585938,1.0,0.0
2024-11-11 15:30:00-05:00,MyStrategy,8a6e31701a854e60ad7806581da09c1a,SPY,buy,market,new,1,gtc,0.0,1,stock,,,
2024-11-11 15:30:00-05:00,MyStrategy,8a6e31701a854e60ad7806581da09c1a,SPY,buy,market,fill,1,gtc,0.0,1,stock,599.8099975585938,1.0,0.0
2024-11-12 09:30:00-05:00,MyStrategy,e7e212b120184f2199002de7b0666c76,SPY,buy,market,new,1,gtc,0.0,1,stock,,,
2024-11-12 09:30:00-05:00,MyStrategy,e7e212b120184f2199002de7b0666c76,SPY,buy,market,fill,1,gtc,0.0,1,stock,598.6799926757812,1.0,0.0
2024-11-12 12:30:00-05:00,MyStrategy,cd7e636985c54f47b4cae3b5100191a0,SPY,buy,market,new,1,gtc,0.0,1,stock,,,
2024-11-12 12:30:00-05:00,MyStrategy,cd7e636985c54f47b4cae3b5100191a0,SPY,buy,market,fill,1,gtc,0.0,1,stock,598.6799926757812,1.0,0.0
2024-11-12 15:30:00-05:00,MyStrategy,a859d6f75d1645c084102520df4a5e09,SPY,buy,market,new,1,gtc,0.0,1,stock,,,
2024-11-12 15:30:00-05:00,MyStrategy,a859d6f75d1645c084102520df4a5e09,SPY,buy,market,fill,1,gtc,0.0,1,stock,598.6799926757812,1.0,0.0
2024-11-13 09:30:00-05:00,MyStrategy,2d79e73c72c84387825d8199099ad96a,SPY,buy,market,new,1,gtc,0.0,1,stock,,,
2024-11-13 09:30:00-05:00,MyStrategy,2d79e73c72c84387825d8199099ad96a,SPY,buy,market,fill,1,gtc,0.0,1,stock,597.3699951171875,1.0,0.0
2024-11-13 12:30:00-05:00,MyStrategy,7cdbc5b097e0449fbf8c0452e686590d,SPY,buy,market,new,1,gtc,0.0,1,stock,,,
2024-11-13 12:30:00-05:00,MyStrategy,7cdbc5b097e0449fbf8c0452e686590d,SPY,buy,market,fill,1,gtc,0.0,1,stock,597.3699951171875,1.0,0.0
2024-11-13 15:30:00-05:00,MyStrategy,d5acb526be9a4129b956c005f98a50cb,SPY,buy,market,new,1,gtc,0.0,1,stock,,,
2024-11-13 15:30:00-05:00,MyStrategy,d5acb526be9a4129b956c005f98a50cb,SPY,buy,market,fill,1,gtc,0.0,1,stock,597.3699951171875,1.0,0.0
2024-11-14 09:30:00-05:00,MyStrategy,55566c904da743ed9d01252011e519da,SPY,buy,market,new,1,gtc,0.0,1,stock,,,
2024-11-14 09:30:00-05:00,MyStrategy,55566c904da743ed9d01252011e519da,SPY,buy,market,fill,1,gtc,0.0,1,stock,597.3200073242188,1.0,0.0
2024-11-14 12:30:00-05:00,MyStrategy,7997bc14937e452c9f72675eda3f6045,SPY,buy,market,new,1,gtc,0.0,1,stock,,,
2024-11-14 12:30:00-05:00,MyStrategy,7997bc14937e452c9f72675eda3f6045,SPY,buy,market,fill,1,gtc,0.0,1,stock,597.3200073242188,1.0,0.0
2024-11-14 15:30:00-05:00,MyStrategy,4ae888088e0243a2be1269974c66b53c,SPY,buy,market,new,1,gtc,0.0,1,stock,,,
2024-11-14 15:30:00-05:00,MyStrategy,4ae888088e0243a2be1269974c66b53c,SPY,buy,market,fill,1,gtc,0.0,1,stock,597.3200073242188,1.0,0.0
2024-11-15 09:30:00-05:00,MyStrategy,6332452f5c2f4b518101ea3867845aae,SPY,buy,market,new,1,gtc,0.0,1,stock,,,
2024-11-15 09:30:00-05:00,MyStrategy,6332452f5c2f4b518101ea3867845aae,SPY,buy,market,fill,1,gtc,0.0,1,stock,589.719970703125,1.0,0.0
2024-11-15 12:30:00-05:00,MyStrategy,a2354f007b2249efa44492ae316a4712,SPY,buy,market,new,1,gtc,0.0,1,stock,,,
2024-11-15 12:30:00-05:00,MyStrategy,a2354f007b2249efa44492ae316a4712,SPY,buy,market,fill,1,gtc,0.0,1,stock,589.719970703125,1.0,0.0
2024-11-15 15:30:00-05:00,MyStrategy,8264c84b206b4b08ae0dcefb8e21ef80,SPY,buy,market,new,1,gtc,0.0,1,stock,,,
2024-11-15 15:30:00-05:00,MyStrategy,8264c84b206b4b08ae0dcefb8e21ef80,SPY,buy,market,fill,1,gtc,0.0,1,stock,589.719970703125,1.0,0.0
2024-11-18 09:30:00-05:00,MyStrategy,37b2ba7a822643f785d6d12f1103c267,SPY,buy,market,new,1,gtc,0.0,1,stock,,,
2024-11-18 09:30:00-05:00,MyStrategy,37b2ba7a822643f785d6d12f1103c267,SPY,buy,market,fill,1,gtc,0.0,1,stock,586.219970703125,1.0,0.0
2024-11-18 12:30:00-05:00,MyStrategy,b0dc9d0d8c644389b3213371fefe1003,SPY,buy,market,new,1,gtc,0.0,1,stock,,,
2024-11-18 12:30:00-05:00,MyStrategy,b0dc9d0d8c644389b3213371fefe1003,SPY,buy,market,fill,1,gtc,0.0,1,stock,586.219970703125,1.0,0.0
2024-11-18 15:30:00-05:00,MyStrategy,466b1324e3ea4c618af9a585bbc0086e,SPY,buy,market,new,1,gtc,0.0,1,stock,,,
2024-11-18 15:30:00-05:00,MyStrategy,466b1324e3ea4c618af9a585bbc0086e,SPY,buy,market,fill,1,gtc,0.0,1,stock,586.219970703125,1.0,0.0
2024-11-19 09:30:00-05:00,MyStrategy,8f14a0d19c2f466686f6bfe20bcf4fff,SPY,buy,market,new,1,gtc,0.0,1,stock,,,
2024-11-19 09:30:00-05:00,MyStrategy,8f14a0d19c2f466686f6bfe20bcf4fff,SPY,buy,market,fill,1,gtc,0.0,1,stock,584.7100219726562,1.0,0.0
2024-11-19 12:30:00-05:00,MyStrategy,4cc92e9d4bc54c7490d6ef5f91a13f2a,SPY,buy,market,new,1,gtc,0.0,1,stock,,,
2024-11-19 12:30:00-05:00,MyStrategy,4cc92e9d4bc54c7490d6ef5f91a13f2a,SPY,buy,market,fill,1,gtc,0.0,1,stock,584.7100219726562,1.0,0.0
2024-11-19 15:30:00-05:00,MyStrategy,c69003b112b049ecb04842c59f326dc6,SPY,buy,market,new,1,gtc,0.0,1,stock,,,
2024-11-19 15:30:00-05:00,MyStrategy,c69003b112b049ecb04842c59f326dc6,SPY,buy,market,fill,1,gtc,0.0,1,stock,584.7100219726562,1.0,0.0
2024-11-20 09:30:00-05:00,MyStrategy,bd887648759844cc943becfefa9d118e,SPY,buy,market,new,1,gtc,0.0,1,stock,,,
2024-11-20 09:30:00-05:00,MyStrategy,bd887648759844cc943becfefa9d118e,SPY,buy,market,fill,1,gtc,0.0,1,stock,590.3800048828125,1.0,0.0
2024-11-20 12:30:00-05:00,MyStrategy,ec4b26cdb93f408d9264eff74f6e4b3f,SPY,buy,market,new,1,gtc,0.0,1,stock,,,
2024-11-20 12:30:00-05:00,MyStrategy,ec4b26cdb93f408d9264eff74f6e4b3f,SPY,buy,market,fill,1,gtc,0.0,1,stock,590.3800048828125,1.0,0.0
2024-11-20 15:30:00-05:00,MyStrategy,d538daba45614d5d9dd09f3832180d52,SPY,buy,market,new,1,gtc,0.0,1,stock,,,
2024-11-20 15:30:00-05:00,MyStrategy,d538daba45614d5d9dd09f3832180d52,SPY,buy,market,fill,1,gtc,0.0,1,stock,590.3800048828125,1.0,0.0
2024-11-21 09:30:00-05:00,MyStrategy,e537bec698104776864a3dfc2e9ba218,SPY,buy,market,new,1,gtc,0.0,1,stock,,,
2024-11-21 09:30:00-05:00,MyStrategy,e537bec698104776864a3dfc2e9ba218,SPY,buy,market,fill,1,gtc,0.0,1,stock,593.4000244140625,1.0,0.0
2024-11-21 12:30:00-05:00,MyStrategy,8aa1667fd5844465806cd5220a514100,SPY,buy,market,new,1,gtc,0.0,1,stock,,,
2024-11-21 12:30:00-05:00,MyStrategy,8aa1667fd5844465806cd5220a514100,SPY,buy,market,fill,1,gtc,0.0,1,stock,593.4000244140625,1.0,0.0
2024-11-21 15:30:00-05:00,MyStrategy,91fbde3372b545ed8f6540e0b8d19ede,SPY,buy,market,new,1,gtc,0.0,1,stock,,,
2024-11-21 15:30:00-05:00,MyStrategy,91fbde3372b545ed8f6540e0b8d19ede,SPY,buy,market,fill,1,gtc,0.0,1,stock,593.4000244140625,1.0,0.0
2024-11-22 09:30:00-05:00,MyStrategy,52297a4ab0964bc5ac2f089295ce64a6,SPY,buy,market,new,1,gtc,0.0,1,stock,,,
2024-11-22 09:30:00-05:00,MyStrategy,52297a4ab0964bc5ac2f089295ce64a6,SPY,buy,market,fill,1,gtc,0.0,1,stock,593.6599731445312,1.0,0.0
2024-11-22 12:30:00-05:00,MyStrategy,2db7f70144034af3a5d241fee6115355,SPY,buy,market,new,1,gtc,0.0,1,stock,,,
2024-11-22 12:30:00-05:00,MyStrategy,2db7f70144034af3a5d241fee6115355,SPY,buy,market,fill,1,gtc,0.0,1,stock,593.6599731445312,1.0,0.0
2024-11-22 15:30:00-05:00,MyStrategy,c2e1738edbb54860b1f38ee31d9ee9da,SPY,buy,market,new,1,gtc,0.0,1,stock,,,
2024-11-22 15:30:00-05:00,MyStrategy,c2e1738edbb54860b1f38ee31d9ee9da,SPY,buy,market,fill,1,gtc,0.0,1,stock,593.6599731445312,1.0,0.0
2024-11-25 09:30:00-05:00,MyStrategy,b5cde33afaf648a4bb7b9ae393be0969,SPY,buy,market,new,1,gtc,0.0,1,stock,,,
2024-11-25 09:30:00-05:00,MyStrategy,b5cde33afaf648a4bb7b9ae393be0969,SPY,buy,market,fill,1,gtc,0.0,1,stock,599.52001953125,1.0,0.0
2024-11-25 12:30:00-05:00,MyStrategy,77c34c5bfbe049a286b8ca491a8a9f75,SPY,buy,market,new,1,gtc,0.0,1,stock,,,
2024-11-25 12:30:00-05:00,MyStrategy,77c34c5bfbe049a286b8ca491a8a9f75,SPY,buy,market,fill,1,gtc,0.0,1,stock,599.52001953125,1.0,0.0
2024-11-25 15:30:00-05:00,MyStrategy,b737b2d053894208858da5c73ea0f6f4,SPY,buy,market,new,1,gtc,0.0,1,stock,,,
2024-11-25 15:30:00-05:00,MyStrategy,b737b2d053894208858da5c73ea0f6f4,SPY,buy,market,fill,1,gtc,0.0,1,stock,599.52001953125,1.0,0.0
2024-11-26 09:30:00-05:00,MyStrategy,34a51b7e57d34881b010c81a0ea64af0,SPY,buy,market,new,1,gtc,0.0,1,stock,,,
2024-11-26 09:30:00-05:00,MyStrategy,34a51b7e57d34881b010c81a0ea64af0,SPY,buy,market,fill,1,gtc,0.0,1,stock,598.7999877929688,1.0,0.0
2024-11-26 12:30:00-05:00,MyStrategy,294ab39dba484734b23683a699ba3d20,SPY,buy,market,new,1,gtc,0.0,1,stock,,,
2024-11-26 12:30:00-05:00,MyStrategy,294ab39dba484734b23683a699ba3d20,SPY,buy,market,fill,1,gtc,0.0,1,stock,598.7999877929688,1.0,0.0
2024-11-26 15:30:00-05:00,MyStrategy,c6b4de30f1ea407a865f81719b09376d,SPY,buy,market,new,1,gtc,0.0,1,stock,,,
2024-11-26 15:30:00-05:00,MyStrategy,c6b4de30f1ea407a865f81719b09376d,SPY,buy,market,fill,1,gtc,0.0,1,stock,598.7999877929688,1.0,0.0
2024-11-27 09:30:00-05:00,MyStrategy,45db5a273b8b4e3e922f36024a23c741,SPY,buy,market,new,1,gtc,0.0,1,stock,,,
2024-11-27 09:30:00-05:00,MyStrategy,45db5a273b8b4e3e922f36024a23c741,SPY,buy,market,fill,1,gtc,0.0,1,stock,600.4600219726562,1.0,0.0
2024-11-27 12:30:00-05:00,MyStrategy,f908a0d6246f4321936229e4e1bac38b,SPY,buy,market,new,1,gtc,0.0,1,stock,,,
2024-11-27 12:30:00-05:00,MyStrategy,f908a0d6246f4321936229e4e1bac38b,SPY,buy,market,fill,1,gtc,0.0,1,stock,600.4600219726562,1.0,0.0
2024-11-27 15:30:00-05:00,MyStrategy,8c0e7918ff4d40bab0619b67eb191a0b,SPY,buy,market,new,1,gtc,0.0,1,stock,,,
2024-11-27 15:30:00-05:00,MyStrategy,8c0e7918ff4d40bab0619b67eb191a0b,SPY,buy,market,fill,1,gtc,0.0,1,stock,600.4600219726562,1.0,0.0
2024-11-29 09:30:00-05:00,MyStrategy,c122214299cc452f8c13e9f06d4ed71f,SPY,buy,market,new,1,gtc,0.0,1,stock,,,
2024-11-29 09:30:00-05:00,MyStrategy,c122214299cc452f8c13e9f06d4ed71f,SPY,buy,market,fill,1,gtc,0.0,1,stock,599.6599731445312,1.0,0.0
2024-11-29 12:30:00-05:00,MyStrategy,659a7466cbce403caddb2c93bec59573,SPY,buy,market,new,1,gtc,0.0,1,stock,,,
2024-11-29 12:30:00-05:00,MyStrategy,659a7466cbce403caddb2c93bec59573,SPY,buy,market,fill,1,gtc,0.0,1,stock,599.6599731445312,1.0,0.0
2024-12-02 09:30:00-05:00,MyStrategy,221828ca82014eb987f8f11b3d181a02,SPY,buy,market,new,1,gtc,0.0,1,stock,,,
2024-12-02 09:30:00-05:00,MyStrategy,221828ca82014eb987f8f11b3d181a02,SPY,buy,market,fill,1,gtc,0.0,1,stock,602.969970703125,1.0,0.0
2024-12-02 12:30:00-05:00,MyStrategy,e8ea6707e4af42328fd08921e5d08b70,SPY,buy,market,new,1,gtc,0.0,1,stock,,,
2024-12-02 12:30:00-05:00,MyStrategy,e8ea6707e4af42328fd08921e5d08b70,SPY,buy,market,fill,1,gtc,0.0,1,stock,602.969970703125,1.0,0.0
2024-12-02 15:30:00-05:00,MyStrategy,1adf2e8c9d524e1f9a32645dd383d613,SPY,buy,market,new,1,gtc,0.0,1,stock,,,
2024-12-02 15:30:00-05:00,MyStrategy,1adf2e8c9d524e1f9a32645dd383d613,SPY,buy,market,fill,1,gtc,0.0,1,stock,602.969970703125,1.0,0.0
2024-12-03 09:30:00-05:00,MyStrategy,16c77542f14f42529f541f2d0a3b4bbb,SPY,buy,market,new,1,gtc,0.0,1,stock,,,
2024-12-03 09:30:00-05:00,MyStrategy,16c77542f14f42529f541f2d0a3b4bbb,SPY,buy,market,fill,1,gtc,0.0,1,stock,603.3900146484375,1.0,0.0
2024-12-03 12:30:00-05:00,MyStrategy,d4fb010ce89443c9833c3bde15f27c8f,SPY,buy,market,new,1,gtc,0.0,1,stock,,,
2024-12-03 12:30:00-05:00,MyStrategy,d4fb010ce89443c9833c3bde15f27c8f,SPY,buy,market,fill,1,gtc,0.0,1,stock,603.3900146484375,1.0,0.0
2024-12-03 15:30:00-05:00,MyStrategy,59b1966f4cf1413a8577c7adec48bb39,SPY,buy,market,new,1,gtc,0.0,1,stock,,,
2024-12-03 15:30:00-05:00,MyStrategy,59b1966f4cf1413a8577c7adec48bb39,SPY,buy,market,fill,1,gtc,0.0,1,stock,603.3900146484375,1.0,0.0
2024-12-04 09:30:00-05:00,MyStrategy,d645607c33d542eb897ff807af10dcdb,SPY,buy,market,new,1,gtc,0.0,1,stock,,,
2024-12-04 09:30:00-05:00,MyStrategy,d645607c33d542eb897ff807af10dcdb,SPY,buy,market,fill,1,gtc,0.0,1,stock,605.6300048828125,1.0,0.0
2024-12-04 12:30:00-05:00,MyStrategy,e47f0746e2dc491a86418da97434642e,SPY,buy,market,new,1,gtc,0.0,1,stock,,,
2024-12-04 12:30:00-05:00,MyStrategy,e47f0746e2dc491a86418da97434642e,SPY,buy,market,fill,1,gtc,0.0,1,stock,605.6300048828125,1.0,0.0
2024-12-04 15:30:00-05:00,MyStrategy,30ea74d9a4554dd2880b45e2e271b23b,SPY,buy,market,new,1,gtc,0.0,1,stock,,,
2024-12-04 15:30:00-05:00,MyStrategy,30ea74d9a4554dd2880b45e2e271b23b,SPY,buy,market,fill,1,gtc,0.0,1,stock,605.6300048828125,1.0,0.0
2024-12-05 09:30:00-05:00,MyStrategy,c5339081e2bc45758cc15d3b1ef20a2e,SPY,buy,market,new,1,gtc,0.0,1,stock,,,
2024-12-05 09:30:00-05:00,MyStrategy,c5339081e2bc45758cc15d3b1ef20a2e,SPY,buy,market,fill,1,gtc,0.0,1,stock,607.6599731445312,1.0,0.0
2024-12-05 12:30:00-05:00,MyStrategy,a8aebcbaf288471a8895420037f1cce3,SPY,buy,market,new,1,gtc,0.0,1,stock,,,
2024-12-05 12:30:00-05:00,MyStrategy,a8aebcbaf288471a8895420037f1cce3,SPY,buy,market,fill,1,gtc,0.0,1,stock,607.6599731445312,1.0,0.0
2024-12-05 15:30:00-05:00,MyStrategy,2ee958da898a45d789d89ba551a36e7c,SPY,buy,market,new,1,gtc,0.0,1,stock,,,
2024-12-05 15:30:00-05:00,MyStrategy,2ee958da898a45d789d89ba551a36e7c,SPY,buy,market,fill,1,gtc,0.0,1,stock,607.6599731445312,1.0,0.0
2024-12-06 09:30:00-05:00,MyStrategy,bf33dd039d73438b921370d5100339e2,SPY,buy,market,new,1,gtc,0.0,1,stock,,,
2024-12-06 09:30:00-05:00,MyStrategy,bf33dd039d73438b921370d5100339e2,SPY,buy,market,fill,1,gtc,0.0,1,stock,607.4400024414062,1.0,0.0
2024-12-06 12:30:00-05:00,MyStrategy,2f4f6b6fa7a842faab5d91a85e7050a4,SPY,buy,market,new,1,gtc,0.0,1,stock,,,
2024-12-06 12:30:00-05:00,MyStrategy,2f4f6b6fa7a842faab5d91a85e7050a4,SPY,buy,market,fill,1,gtc,0.0,1,stock,607.4400024414062,1.0,0.0
2024-12-06 15:30:00-05:00,MyStrategy,d022e146bb4344e6a7b4d0c6db93feb3,SPY,buy,market,new,1,gtc,0.0,1,stock,,,
2024-12-06 15:30:00-05:00,MyStrategy,d022e146bb4344e6a7b4d0c6db93feb3,SPY,buy,market,fill,1,gtc,0.0,1,stock,607.4400024414062,1.0,0.0
2024-12-09 09:30:00-05:00,MyStrategy,5a47747645ae483882af47d01cd2ea53,SPY,buy,market,new,1,gtc,0.0,1,stock,,,
2024-12-09 09:30:00-05:00,MyStrategy,5a47747645ae483882af47d01cd2ea53,SPY,buy,market,fill,1,gtc,0.0,1,stock,607.6900024414062,1.0,0.0
2024-12-09 12:30:00-05:00,MyStrategy,24aad752021546ca88d7dac5fc2bbee3,SPY,buy,market,new,1,gtc,0.0,1,stock,,,
2024-12-09 12:30:00-05:00,MyStrategy,24aad752021546ca88d7dac5fc2bbee3,SPY,buy,market,fill,1,gtc,0.0,1,stock,607.6900024414062,1.0,0.0
2024-12-09 15:30:00-05:00,MyStrategy,4ebecf8ea8fb41f0a53bfe15514ea530,SPY,buy,market,new,1,gtc,0.0,1,stock,,,
2024-12-09 15:30:00-05:00,MyStrategy,4ebecf8ea8fb41f0a53bfe15514ea530,SPY,buy,market,fill,1,gtc,0.0,1,stock,607.6900024414062,1.0,0.0
2024-12-10 09:30:00-05:00,MyStrategy,8aeb4291ce254be68a87125de84c87b8,SPY,buy,market,new,1,gtc,0.0,1,stock,,,
2024-12-10 09:30:00-05:00,MyStrategy,8aeb4291ce254be68a87125de84c87b8,SPY,buy,market,fill,1,gtc,0.0,1,stock,605.3699951171875,1.0,0.0
2024-12-10 12:30:00-05:00,MyStrategy,280cb7d34d5041f0a2057b07da2ef229,SPY,buy,market,new,1,gtc,0.0,1,stock,,,
2024-12-10 12:30:00-05:00,MyStrategy,280cb7d34d5041f0a2057b07da2ef229,SPY,buy,market,fill,1,gtc,0.0,1,stock,605.3699951171875,1.0,0.0
2024-12-10 15:30:00-05:00,MyStrategy,5079ba9be248425cabff16d6e29f3f16,SPY,buy,market,new,1,gtc,0.0,1,stock,,,
2024-12-10 15:30:00-05:00,MyStrategy,5079ba9be248425cabff16d6e29f3f16,SPY,buy,market,fill,1,gtc,0.0,1,stock,605.3699951171875,1.0,0.0
2024-12-11 09:30:00-05:00,MyStrategy,50cf364d48b949f4baf41b91fe9ceafd,SPY,buy,market,new,1,gtc,0.0,1,stock,,,
2024-12-11 09:30:00-05:00,MyStrategy,50cf364d48b949f4baf41b91fe9ceafd,SPY,buy,market,fill,1,gtc,0.0,1,stock,605.780029296875,1.0,0.0
2024-12-11 12:30:00-05:00,MyStrategy,daa0cf6fe9a54d3daa7906910a0586d4,SPY,buy,market,new,1,gtc,0.0,1,stock,,,
2024-12-11 12:30:00-05:00,MyStrategy,daa0cf6fe9a54d3daa7906910a0586d4,SPY,buy,market,fill,1,gtc,0.0,1,stock,605.780029296875,1.0,0.0
2024-12-11 15:30:00-05:00,MyStrategy,67516256cf3b4478a0c18761cb0bbec1,SPY,buy,market,new,1,gtc,0.0,1,stock,,,
2024-12-11 15:30:00-05:00,MyStrategy,67516256cf3b4478a0c18761cb0bbec1,SPY,buy,market,fill,1,gtc,0.0,1,stock,605.780029296875,1.0,0.0
2024-12-12 09:30:00-05:00,MyStrategy,0ab602ffbece4d61935aa2b94360eb2b,SPY,buy,market,new,1,gtc,0.0,1,stock,,,
2024-12-12 09:30:00-05:00,MyStrategy,0ab602ffbece4d61935aa2b94360eb2b,SPY,buy,market,fill,1,gtc,0.0,1,stock,606.5800170898438,1.0,0.0
2024-12-12 12:30:00-05:00,MyStrategy,540fb40512584e21b72ef7b72ba27bf4,SPY,buy,market,new,1,gtc,0.0,1,stock,,,
2024-12-12 12:30:00-05:00,MyStrategy,540fb40512584e21b72ef7b72ba27bf4,SPY,buy,market,fill,1,gtc,0.0,1,stock,606.5800170898438,1.0,0.0
2024-12-12 15:30:00-05:00,MyStrategy,77926daa4f024c61b15f2dc380474e05,SPY,buy,market,new,1,gtc,0.0,1,stock,,,
2024-12-12 15:30:00-05:00,MyStrategy,77926daa4f024c61b15f2dc380474e05,SPY,buy,market,fill,1,gtc,0.0,1,stock,606.5800170898438,1.0,0.0
2024-12-13 09:30:00-05:00,MyStrategy,1589bb4c795f4dd1bed05589dbf6b1dd,SPY,buy,market,new,1,gtc,0.0,1,stock,,,
2024-12-13 09:30:00-05:00,MyStrategy,1589bb4c795f4dd1bed05589dbf6b1dd,SPY,buy,market,fill,1,gtc,0.0,1,stock,606.4000244140625,1.0,0.0
2024-12-13 12:30:00-05:00,MyStrategy,7a24a2d886784bed89423a9018d1032e,SPY,buy,market,new,1,gtc,0.0,1,stock,,,
2024-12-13 12:30:00-05:00,MyStrategy,7a24a2d886784bed89423a9018d1032e,SPY,buy,market,fill,1,gtc,0.0,1,stock,606.4000244140625,1.0,0.0
2024-12-13 15:30:00-05:00,MyStrategy,f255abaad6004fafa876e02f2a2fc16b,SPY,buy,market,new,1,gtc,0.0,1,stock,,,
2024-12-13 15:30:00-05:00,MyStrategy,f255abaad6004fafa876e02f2a2fc16b,SPY,buy,market,fill,1,gtc,0.0,1,stock,606.4000244140625,1.0,0.0
2024-12-16 09:30:00-05:00,MyStrategy,c3e02563c48549c1bc385f9276411e56,SPY,buy,market,new,1,gtc,0.0,1,stock,,,
2024-12-16 09:30:00-05:00,MyStrategy,c3e02563c48549c1bc385f9276411e56,SPY,buy,market,fill,1,gtc,0.0,1,stock,606.0,1.0,0.0
2024-12-16 12:30:00-05:00,MyStrategy,5315078bb0c44ebe9c5d11e1fcabc8ef,SPY,buy,market,new,1,gtc,0.0,1,stock,,,
2024-12-16 12:30:00-05:00,MyStrategy,5315078bb0c44ebe9c5d11e1fcabc8ef,SPY,buy,market,fill,1,gtc,0.0,1,stock,606.0,1.0,0.0
2024-12-16 15:30:00-05:00,MyStrategy,49cb672e09524d16bdcbd0d589ec83e8,SPY,buy,market,new,1,gtc,0.0,1,stock,,,
2024-12-16 15:30:00-05:00,MyStrategy,49cb672e09524d16bdcbd0d589ec83e8,SPY,buy,market,fill,1,gtc,0.0,1,stock,606.0,1.0,0.0
2024-12-17 09:30:00-05:00,MyStrategy,7a23a5e4abc647558a0c95b7a1ef8dc6,SPY,buy,market,new,1,gtc,0.0,1,stock,,,
2024-12-17 09:30:00-05:00,MyStrategy,7a23a5e4abc647558a0c95b7a1ef8dc6,SPY,buy,market,fill,1,gtc,0.0,1,stock,604.1900024414062,1.0,0.0
2024-12-17 12:30:00-05:00,MyStrategy,7425c377ba764c53b934241527508641,SPY,buy,market,new,1,gtc,0.0,1,stock,,,
2024-12-17 12:30:00-05:00,MyStrategy,7425c377ba764c53b934241527508641,SPY,buy,market,fill,1,gtc,0.0,1,stock,604.1900024414062,1.0,0.0
2024-12-17 15:30:00-05:00,MyStrategy,c1fbf7ddc5c64f57a935d2883ec0a9b3,SPY,buy,market,new,1,gtc,0.0,1,stock,,,
2024-12-17 15:30:00-05:00,MyStrategy,c1fbf7ddc5c64f57a935d2883ec0a9b3,SPY,buy,market,fill,1,gtc,0.0,1,stock,604.1900024414062,1.0,0.0
2024-12-18 09:30:00-05:00,MyStrategy,1fa87283099e43e681acab96ab2d5935,SPY,buy,market,new,1,gtc,0.0,1,stock,,,
2024-12-18 09:30:00-05:00,MyStrategy,1fa87283099e43e681acab96ab2d5935,SPY,buy,market,fill,1,gtc,0.0,1,stock,603.97998046875,1.0,0.0
2024-12-18 12:30:00-05:00,MyStrategy,928b2560a62247ed94d3cf339946cdc3,SPY,buy,market,new,1,gtc,0.0,1,stock,,,
2024-12-18 12:30:00-05:00,MyStrategy,928b2560a62247ed94d3cf339946cdc3,SPY,buy,market,fill,1,gtc,0.0,1,stock,603.97998046875,1.0,0.0
2024-12-18 15:30:00-05:00,MyStrategy,d1ced144c3eb46bc848416913049bb14,SPY,buy,market,new,1,gtc,0.0,1,stock,,,
2024-12-18 15:30:00-05:00,MyStrategy,d1ced144c3eb46bc848416913049bb14,SPY,buy,market,fill,1,gtc,0.0,1,stock,603.97998046875,1.0,0.0
2024-12-19 09:30:00-05:00,MyStrategy,497d2af98eff42749c28e16c9d82e65d,SPY,buy,market,new,1,gtc,0.0,1,stock,,,
2024-12-19 09:30:00-05:00,MyStrategy,497d2af98eff42749c28e16c9d82e65d,SPY,buy,market,fill,1,gtc,0.0,1,stock,591.3599853515625,1.0,0.0
2024-12-19 12:30:00-05:00,MyStrategy,3403b36a4ff4414783355a7bce84dc6f,SPY,buy,market,new,1,gtc,0.0,1,stock,,,
2024-12-19 12:30:00-05:00,MyStrategy,3403b36a4ff4414783355a7bce84dc6f,SPY,buy,market,fill,1,gtc,0.0,1,stock,591.3599853515625,1.0,0.0
2024-12-19 15:30:00-05:00,MyStrategy,5fbb2a4cc66b47139cb16d98a0ad4b8e,SPY,buy,market,new,1,gtc,0.0,1,stock,,,
2024-12-19 15:30:00-05:00,MyStrategy,5fbb2a4cc66b47139cb16d98a0ad4b8e,SPY,buy,market,fill,1,gtc,0.0,1,stock,591.3599853515625,1.0,0.0
2024-12-20 09:30:00-05:00,MyStrategy,48184040de2243f2a756ef2bbfbc857d,SPY,buy,market,new,1,gtc,0.0,1,stock,,,
2024-12-20 09:30:00-05:00,MyStrategy,48184040de2243f2a756ef2bbfbc857d,SPY,buy,market,fill,1,gtc,0.0,1,stock,581.77001953125,1.0,0.0
2024-12-20 12:30:00-05:00,MyStrategy,1c97546a59f94b7ea713697143707cf9,SPY,buy,market,new,1,gtc,0.0,1,stock,,,
2024-12-20 12:30:00-05:00,MyStrategy,1c97546a59f94b7ea713697143707cf9,SPY,buy,market,fill,1,gtc,0.0,1,stock,581.77001953125,1.0,0.0
2024-12-20 15:30:00-05:00,MyStrategy,5624a3218d1d414a8e3e0eb5c594b292,SPY,buy,market,new,1,gtc,0.0,1,stock,,,
2024-12-20 15:30:00-05:00,MyStrategy,5624a3218d1d414a8e3e0eb5c594b292,SPY,buy,market,fill,1,gtc,0.0,1,stock,581.77001953125,1.0,0.0
2024-12-23 09:30:00-05:00,MyStrategy,738b827bb3934466ab42fda0bd63fa9a,SPY,buy,market,new,1,gtc,0.0,1,stock,,,
2024-12-23 09:30:00-05:00,MyStrategy,738b827bb3934466ab42fda0bd63fa9a,SPY,buy,market,fill,1,gtc,0.0,1,stock,590.8900146484375,1.0,0.0
2024-12-23 12:30:00-05:00,MyStrategy,2495b3fda4f640e8aba87ffda0ef40d1,SPY,buy,market,new,1,gtc,0.0,1,stock,,,
2024-12-23 12:30:00-05:00,MyStrategy,2495b3fda4f640e8aba87ffda0ef40d1,SPY,buy,market,fill,1,gtc,0.0,1,stock,590.8900146484375,1.0,0.0
2024-12-23 15:30:00-05:00,MyStrategy,146af41a18cb432c9f4cd4274640c27f,SPY,buy,market,new,1,gtc,0.0,1,stock,,,
2024-12-23 15:30:00-05:00,MyStrategy,146af41a18cb432c9f4cd4274640c27f,SPY,buy,market,fill,1,gtc,0.0,1,stock,590.8900146484375,1.0,0.0
2024-12-24 09:30:00-05:00,MyStrategy,1b8280b528674ea5baf84eaa42d816a8,SPY,buy,market,new,1,gtc,0.0,1,stock,,,
2024-12-24 09:30:00-05:00,MyStrategy,1b8280b528674ea5baf84eaa42d816a8,SPY,buy,market,fill,1,gtc,0.0,1,stock,596.0599975585938,1.0,0.0
2024-12-24 12:30:00-05:00,MyStrategy,ad56a0ef7c0148c6a01167b6e90b712f,SPY,buy,market,new,1,gtc,0.0,1,stock,,,
2024-12-24 12:30:00-05:00,MyStrategy,ad56a0ef7c0148c6a01167b6e90b712f,SPY,buy,market,fill,1,gtc,0.0,1,stock,596.0599975585938,1.0,0.0
2024-12-26 09:30:00-05:00,MyStrategy,fd7e4745bdd74562adb935a00eca21c8,SPY,buy,market,new,1,gtc,0.0,1,stock,,,
2024-12-26 09:30:00-05:00,MyStrategy,fd7e4745bdd74562adb935a00eca21c8,SPY,buy,market,fill,1,gtc,0.0,1,stock,599.5,1.0,0.0
2024-12-26 12:30:00-05:00,MyStrategy,d8978002893a4601a1883dd8e16e5129,SPY,buy,market,new,1,gtc,0.0,1,stock,,,
2024-12-26 12:30:00-05:00,MyStrategy,d8978002893a4601a1883dd8e16e5129,SPY,buy,market,fill,1,gtc,0.0,1,stock,599.5,1.0,0.0
2024-12-26 15:30:00-05:00,MyStrategy,cf66ad3b80094ca29989d9030d982e9e,SPY,buy,market,new,1,gtc,0.0,1,stock,,,
2024-12-26 15:30:00-05:00,MyStrategy,cf66ad3b80094ca29989d9030d982e9e,SPY,buy,market,fill,1,gtc,0.0,1,stock,599.5,1.0,0.0
2024-12-27 09:30:00-05:00,MyStrategy,5481ab5241b94131bf77b27e47c1fd4d,SPY,buy,market,new,1,gtc,0.0,1,stock,,,
2024-12-27 09:30:00-05:00,MyStrategy,5481ab5241b94131bf77b27e47c1fd4d,SPY,buy,market,fill,1,gtc,0.0,1,stock,597.5399780273438,1.0,0.0
2024-12-27 12:30:00-05:00,MyStrategy,9ecde7338d1945c4903f58832928c750,SPY,buy,market,new,1,gtc,0.0,1,stock,,,
2024-12-27 12:30:00-05:00,MyStrategy,9ecde7338d1945c4903f58832928c750,SPY,buy,market,fill,1,gtc,0.0,1,stock,597.5399780273438,1.0,0.0
2024-12-27 15:30:00-05:00,MyStrategy,deb9ab8abc44414eb29877c36a6f15cb,SPY,buy,market,new,1,gtc,0.0,1,stock,,,
2024-12-27 15:30:00-05:00,MyStrategy,deb9ab8abc44414eb29877c36a6f15cb,SPY,buy,market,fill,1,gtc,0.0,1,stock,597.5399780273438,1.0,0.0
2024-12-30 09:30:00-05:00,MyStrategy,360204651e4445398d5415ce1170e248,SPY,buy,market,new,1,gtc,0.0,1,stock,,,
2024-12-30 09:30:00-05:00,MyStrategy,360204651e4445398d5415ce1170e248,SPY,buy,market,fill,1,gtc,0.0,1,stock,587.8900146484375,1.0,0.0
2024-12-30 12:30:00-05:00,MyStrategy,e8057ec3afe649e5847ffbb6490c5b66,SPY,buy,market,new,1,gtc,0.0,1,stock,,,
2024-12-30 12:30:00-05:00,MyStrategy,e8057ec3afe649e5847ffbb6490c5b66,SPY,buy,market,fill,1,gtc,0.0,1,stock,587.8900146484375,1.0,0.0
2024-12-30 15:30:00-05:00,MyStrategy,417f264f63804cf888647b75481fcf9b,SPY,buy,market,new,1,gtc,0.0,1,stock,,,
2024-12-30 15:30:00-05:00,MyStrategy,417f264f63804cf888647b75481fcf9b,SPY,buy,market,fill,1,gtc,0.0,1,stock,587.8900146484375,1.0,0.0
