time,strategy,identifier,symbol,side,type,status,multiplier,time_in_force,asset.strike,asset.multiplier,asset.asset_type,price,filled_quantity,trade_cost
2024-01-02 09:30:00-05:00,MyStrategy,a980fe0142634d4dad7e5bc810c9fe16,SPY,buy,market,new,1,gtc,0.0,1,stock,,,
2024-01-02 09:30:00-05:00,MyStrategy,a980fe0142634d4dad7e5bc810c9fe16,SPY,buy,market,fill,1,gtc,0.0,1,stock,472.1600036621094,100.0,0.0
2024-01-02 12:30:00-05:00,MyStrategy,40a88fa30c184e3da6e5fd3451b8c118,SPY,buy,market,new,1,gtc,0.0,1,stock,,,
2024-01-02 12:30:00-05:00,MyStrategy,40a88fa30c184e3da6e5fd3451b8c118,SPY,buy,market,fill,1,gtc,0.0,1,stock,472.1600036621094,100.0,0.0
2024-01-02 15:30:00-05:00,MyStrategy,0f87c9fc72734dcd916cac506165e950,SPY,buy,market,new,1,gtc,0.0,1,stock,,,
2024-01-02 15:30:00-05:00,MyStrategy,0f87c9fc72734dcd916cac506165e950,SPY,buy,market,fill,1,gtc,0.0,1,stock,472.1600036621094,100.0,0.0
2024-01-03 09:30:00-05:00,MyStrategy,4b30998e44de46ecbe2c615a9e7c2f0a,SPY,buy,market,new,1,gtc,0.0,1,stock,,,
2024-01-03 09:30:00-05:00,MyStrategy,4b30998e44de46ecbe2c615a9e7c2f0a,SPY,buy,market,fill,1,gtc,0.0,1,stock,470.42999267578125,100.0,0.0
2024-01-03 12:30:00-05:00,MyStrategy,0684934f80aa4da39799dfe2b7516f86,SPY,buy,market,new,1,gtc,0.0,1,stock,,,
2024-01-03 12:30:00-05:00,MyStrategy,0684934f80aa4da39799dfe2b7516f86,SPY,buy,market,fill,1,gtc,0.0,1,stock,470.42999267578125,100.0,0.0
2024-01-03 15:30:00-05:00,MyStrategy,46e8097a68db483a8b9f8f93852f0e3e,SPY,buy,market,new,1,gtc,0.0,1,stock,,,
2024-01-03 15:30:00-05:00,MyStrategy,46e8097a68db483a8b9f8f93852f0e3e,SPY,buy,market,fill,1,gtc,0.0,1,stock,470.42999267578125,100.0,0.0
2024-01-04 09:30:00-05:00,MyStrategy,8880940d1d7543a3ac7d4c626371ea88,SPY,buy,market,new,1,gtc,0.0,1,stock,,,
2024-01-04 09:30:00-05:00,MyStrategy,8880940d1d7543a3ac7d4c626371ea88,SPY,buy,market,fill,1,gtc,0.0,1,stock,468.29998779296875,100.0,0.0
2024-01-04 12:30:00-05:00,MyStrategy,f144a7e5965c49918c431112af829892,SPY,buy,market,new,1,gtc,0.0,1,stock,,,
2024-01-04 12:30:00-05:00,MyStrategy,f144a7e5965c49918c431112af829892,SPY,buy,market,fill,1,gtc,0.0,1,stock,468.29998779296875,100.0,0.0
2024-01-04 15:30:00-05:00,MyStrategy,b7766ad46f254f4e918f87af174f555f,SPY,buy,market,new,1,gtc,0.0,1,stock,,,
2024-01-04 15:30:00-05:00,MyStrategy,b7766ad46f254f4e918f87af174f555f,SPY,buy,market,fill,1,gtc,0.0,1,stock,468.29998779296875,100.0,0.0
2024-01-05 09:30:00-05:00,MyStrategy,7cb298188c744c56be29339d0741f0d2,SPY,buy,market,new,1,gtc,0.0,1,stock,,,
2024-01-05 09:30:00-05:00,MyStrategy,7cb298188c744c56be29339d0741f0d2,SPY,buy,market,fill,1,gtc,0.0,1,stock,467.489990234375,100.0,0.0
2024-01-05 12:30:00-05:00,MyStrategy,3257612304754681ad9121730bffda46,SPY,buy,market,new,1,gtc,0.0,1,stock,,,
2024-01-05 12:30:00-05:00,MyStrategy,3257612304754681ad9121730bffda46,SPY,buy,market,fill,1,gtc,0.0,1,stock,467.489990234375,100.0,0.0
2024-01-05 15:30:00-05:00,MyStrategy,e386928a70094730a38a8a7248b52805,SPY,buy,market,new,1,gtc,0.0,1,stock,,,
2024-01-05 15:30:00-05:00,MyStrategy,e386928a70094730a38a8a7248b52805,SPY,buy,market,fill,1,gtc,0.0,1,stock,467.489990234375,100.0,0.0
2024-01-08 09:30:00-05:00,MyStrategy,30eedebbcb8d42afa3afa1a5ba6065b7,SPY,buy,market,new,1,gtc,0.0,1,stock,,,
2024-01-08 09:30:00-05:00,MyStrategy,30eedebbcb8d42afa3afa1a5ba6065b7,SPY,buy,market,fill,1,gtc,0.0,1,stock,468.42999267578125,100.0,0.0
2024-01-08 12:30:00-05:00,MyStrategy,ab3168effd514ded93e8b82ff18ccc93,SPY,buy,market,new,1,gtc,0.0,1,stock,,,
2024-01-08 12:30:00-05:00,MyStrategy,ab3168effd514ded93e8b82ff18ccc93,SPY,buy,market,fill,1,gtc,0.0,1,stock,468.42999267578125,100.0,0.0
2024-01-08 15:30:00-05:00,MyStrategy,24e8e9ecb53a40c9a8694e0a93ef2454,SPY,buy,market,new,1,gtc,0.0,1,stock,,,
2024-01-08 15:30:00-05:00,MyStrategy,24e8e9ecb53a40c9a8694e0a93ef2454,SPY,buy,market,fill,1,gtc,0.0,1,stock,468.42999267578125,100.0,0.0
2024-01-09 09:30:00-05:00,MyStrategy,a57c62608e724adf9fde9fa80b009024,SPY,buy,market,new,1,gtc,0.0,1,stock,,,
2024-01-09 09:30:00-05:00,MyStrategy,a57c62608e724adf9fde9fa80b009024,SPY,buy,market,fill,1,gtc,0.0,1,stock,471.8699951171875,100.0,0.0
2024-01-09 12:30:00-05:00,MyStrategy,7a396f43838d47fdba10903f06c27ba8,SPY,buy,market,new,1,gtc,0.0,1,stock,,,
2024-01-09 12:30:00-05:00,MyStrategy,7a396f43838d47fdba10903f06c27ba8,SPY,buy,market,fill,1,gtc,0.0,1,stock,471.8699951171875,100.0,0.0
2024-01-09 15:30:00-05:00,MyStrategy,69869002538946bd80272f65e41efaa0,SPY,buy,market,new,1,gtc,0.0,1,stock,,,
2024-01-09 15:30:00-05:00,MyStrategy,69869002538946bd80272f65e41efaa0,SPY,buy,market,fill,1,gtc,0.0,1,stock,471.8699951171875,100.0,0.0
2024-01-10 09:30:00-05:00,MyStrategy,31b9464f68f74b2ab1cc4c48338e7c77,SPY,buy,market,new,1,gtc,0.0,1,stock,,,
2024-01-10 09:30:00-05:00,MyStrategy,31b9464f68f74b2ab1cc4c48338e7c77,SPY,buy,market,fill,1,gtc,0.0,1,stock,474.1600036621094,100.0,0.0
2024-01-10 12:30:00-05:00,MyStrategy,a0df53dfe87343b9be34bf5aa6853ee1,SPY,buy,market,new,1,gtc,0.0,1,stock,,,
2024-01-10 12:30:00-05:00,MyStrategy,a0df53dfe87343b9be34bf5aa6853ee1,SPY,buy,market,fill,1,gtc,0.0,1,stock,474.1600036621094,100.0,0.0
2024-01-10 15:30:00-05:00,MyStrategy,49b897f21f934e63be8e35694b5d582b,SPY,buy,market,new,1,gtc,0.0,1,stock,,,
2024-01-10 15:30:00-05:00,MyStrategy,49b897f21f934e63be8e35694b5d582b,SPY,buy,market,fill,1,gtc,0.0,1,stock,474.1600036621094,100.0,0.0
2024-01-11 09:30:00-05:00,MyStrategy,42b2e0e34e134d61b0419ed6f54f1333,SPY,buy,market,new,1,gtc,0.0,1,stock,,,
2024-01-11 09:30:00-05:00,MyStrategy,42b2e0e34e134d61b0419ed6f54f1333,SPY,buy,market,fill,1,gtc,0.0,1,stock,477.5899963378906,100.0,0.0
2024-01-11 12:30:00-05:00,MyStrategy,4951f36534d4459eaac80a819811b6c8,SPY,buy,market,new,1,gtc,0.0,1,stock,,,
2024-01-11 12:30:00-05:00,MyStrategy,4951f36534d4459eaac80a819811b6c8,SPY,buy,market,fill,1,gtc,0.0,1,stock,477.5899963378906,100.0,0.0
2024-01-11 15:30:00-05:00,MyStrategy,0ef6da9b810d4c6980d6adc8a913414a,SPY,buy,market,new,1,gtc,0.0,1,stock,,,
2024-01-11 15:30:00-05:00,MyStrategy,0ef6da9b810d4c6980d6adc8a913414a,SPY,buy,market,fill,1,gtc,0.0,1,stock,477.5899963378906,100.0,0.0
2024-01-12 09:30:00-05:00,MyStrategy,a1b8fed36d384c96a837df2ac1178c1d,SPY,buy,market,new,1,gtc,0.0,1,stock,,,
2024-01-12 09:30:00-05:00,MyStrategy,a1b8fed36d384c96a837df2ac1178c1d,SPY,buy,market,fill,1,gtc,0.0,1,stock,477.8399963378906,100.0,0.0
2024-01-12 12:30:00-05:00,MyStrategy,7bbffe1eaeb94bc8af2170339cb95a20,SPY,buy,market,new,1,gtc,0.0,1,stock,,,
2024-01-12 12:30:00-05:00,MyStrategy,7bbffe1eaeb94bc8af2170339cb95a20,SPY,buy,market,fill,1,gtc,0.0,1,stock,477.8399963378906,100.0,0.0
2024-01-12 15:30:00-05:00,MyStrategy,aceea3043d3c42079b5a16a7670d851f,SPY,buy,market,new,1,gtc,0.0,1,stock,,,
2024-01-12 15:30:00-05:00,MyStrategy,aceea3043d3c42079b5a16a7670d851f,SPY,buy,market,fill,1,gtc,0.0,1,stock,477.8399963378906,100.0,0.0
2024-01-16 09:30:00-05:00,MyStrategy,3391cae7f1e94bf4a3b5afb2949bca5a,SPY,buy,market,new,1,gtc,0.0,1,stock,,,
2024-01-16 09:30:00-05:00,MyStrategy,3391cae7f1e94bf4a3b5afb2949bca5a,SPY,buy,market,fill,1,gtc,0.0,1,stock,475.260009765625,100.0,0.0
2024-01-16 12:30:00-05:00,MyStrategy,9368871cdb784f49b7d3745b63f1bdaa,SPY,buy,market,new,1,gtc,0.0,1,stock,,,
2024-01-16 12:30:00-05:00,MyStrategy,9368871cdb784f49b7d3745b63f1bdaa,SPY,buy,market,fill,1,gtc,0.0,1,stock,475.260009765625,100.0,0.0
2024-01-16 15:30:00-05:00,MyStrategy,67b63c82b7ec486fb9e25ae3fc24550d,SPY,buy,market,new,1,gtc,0.0,1,stock,,,
2024-01-16 15:30:00-05:00,MyStrategy,67b63c82b7ec486fb9e25ae3fc24550d,SPY,buy,market,fill,1,gtc,0.0,1,stock,475.260009765625,100.0,0.0
2024-01-17 09:30:00-05:00,MyStrategy,5d95a4edced3439fb90715144d37e86d,SPY,buy,market,new,1,gtc,0.0,1,stock,,,
2024-01-17 09:30:00-05:00,MyStrategy,5d95a4edced3439fb90715144d37e86d,SPY,buy,market,fill,1,gtc,0.0,1,stock,471.82000732421875,100.0,0.0
2024-01-17 12:30:00-05:00,MyStrategy,6273e287c97c4aef8c1605d2b75e85aa,SPY,buy,market,new,1,gtc,0.0,1,stock,,,
2024-01-17 12:30:00-05:00,MyStrategy,6273e287c97c4aef8c1605d2b75e85aa,SPY,buy,market,fill,1,gtc,0.0,1,stock,471.82000732421875,100.0,0.0
2024-01-17 15:30:00-05:00,MyStrategy,c9ce76f8cf374f42a8c8b350f857236f,SPY,buy,market,new,1,gtc,0.0,1,stock,,,
2024-01-17 15:30:00-05:00,MyStrategy,c9ce76f8cf374f42a8c8b350f857236f,SPY,buy,market,fill,1,gtc,0.0,1,stock,471.82000732421875,100.0,0.0
2024-01-18 09:30:00-05:00,MyStrategy,e7c3f280a0e6498b9ad05da5f233501f,SPY,buy,market,new,1,gtc,0.0,1,stock,,,
2024-01-18 09:30:00-05:00,MyStrategy,e7c3f280a0e6498b9ad05da5f233501f,SPY,buy,market,fill,1,gtc,0.0,1,stock,474.010009765625,100.0,0.0
2024-01-18 12:30:00-05:00,MyStrategy,d2e3259872164f9f8ff37b1167a1c89d,SPY,buy,market,new,1,gtc,0.0,1,stock,,,
2024-01-18 12:30:00-05:00,MyStrategy,d2e3259872164f9f8ff37b1167a1c89d,SPY,buy,market,fill,1,gtc,0.0,1,stock,474.010009765625,100.0,0.0
2024-01-18 15:30:00-05:00,MyStrategy,8af15f03b4854c3192b542820ab44baf,SPY,buy,market,new,1,gtc,0.0,1,stock,,,
2024-01-18 15:30:00-05:00,MyStrategy,8af15f03b4854c3192b542820ab44baf,SPY,buy,market,fill,1,gtc,0.0,1,stock,474.010009765625,100.0,0.0
2024-01-19 09:30:00-05:00,MyStrategy,adb477590d1a472d8342f94c8a2c3994,SPY,buy,market,new,1,gtc,0.0,1,stock,,,
2024-01-19 09:30:00-05:00,MyStrategy,adb477590d1a472d8342f94c8a2c3994,SPY,buy,market,fill,1,gtc,0.0,1,stock,477.6499938964844,100.0,0.0
2024-01-19 12:30:00-05:00,MyStrategy,b7d9d2517e7c496c9318c4344688ea6c,SPY,buy,market,new,1,gtc,0.0,1,stock,,,
2024-01-19 12:30:00-05:00,MyStrategy,b7d9d2517e7c496c9318c4344688ea6c,SPY,buy,market,fill,1,gtc,0.0,1,stock,477.6499938964844,100.0,0.0
2024-01-19 15:30:00-05:00,MyStrategy,fa89d13f4a514a33a9f77a2ceb4b4a25,SPY,buy,market,new,1,gtc,0.0,1,stock,,,
2024-01-19 15:30:00-05:00,MyStrategy,fa89d13f4a514a33a9f77a2ceb4b4a25,SPY,buy,market,fill,1,gtc,0.0,1,stock,477.6499938964844,100.0,0.0
2024-01-22 09:30:00-05:00,MyStrategy,ad8dfa7908184e4ca4ec77a909e3f07d,SPY,buy,market,new,1,gtc,0.0,1,stock,,,
2024-01-22 09:30:00-05:00,MyStrategy,ad8dfa7908184e4ca4ec77a909e3f07d,SPY,buy,market,fill,1,gtc,0.0,1,stock,484.010009765625,100.0,0.0
2024-01-22 12:30:00-05:00,MyStrategy,7fc7aa1fdef44037a3a61bacd8b407b7,SPY,buy,market,new,1,gtc,0.0,1,stock,,,
2024-01-22 12:30:00-05:00,MyStrategy,7fc7aa1fdef44037a3a61bacd8b407b7,SPY,buy,market,fill,1,gtc,0.0,1,stock,484.010009765625,100.0,0.0
2024-01-22 15:30:00-05:00,MyStrategy,2bd02da857a6457999dde247a57943f7,SPY,buy,market,new,1,gtc,0.0,1,stock,,,
2024-01-22 15:30:00-05:00,MyStrategy,2bd02da857a6457999dde247a57943f7,SPY,buy,market,fill,1,gtc,0.0,1,stock,484.010009765625,100.0,0.0
2024-01-23 09:30:00-05:00,MyStrategy,df9f5df5aa784d208ca125004d55354e,SPY,buy,market,new,1,gtc,0.0,1,stock,,,
2024-01-23 09:30:00-05:00,MyStrategy,df9f5df5aa784d208ca125004d55354e,SPY,buy,market,fill,1,gtc,0.0,1,stock,484.010009765625,100.0,0.0
2024-01-23 12:30:00-05:00,MyStrategy,12ac5e131e784da398792a7fc3c4db0c,SPY,buy,market,new,1,gtc,0.0,1,stock,,,
2024-01-23 12:30:00-05:00,MyStrategy,12ac5e131e784da398792a7fc3c4db0c,SPY,buy,market,fill,1,gtc,0.0,1,stock,484.010009765625,100.0,0.0
2024-01-23 15:30:00-05:00,MyStrategy,7ade50b1296543afa69e142f0530a661,SPY,buy,market,new,1,gtc,0.0,1,stock,,,
2024-01-23 15:30:00-05:00,MyStrategy,7ade50b1296543afa69e142f0530a661,SPY,buy,market,fill,1,gtc,0.0,1,stock,484.010009765625,100.0,0.0
2024-01-24 09:30:00-05:00,MyStrategy,79ed51f690204f29962695da78343344,SPY,buy,market,new,1,gtc,0.0,1,stock,,,
2024-01-24 09:30:00-05:00,MyStrategy,79ed51f690204f29962695da78343344,SPY,buy,market,fill,1,gtc,0.0,1,stock,487.80999755859375,100.0,0.0
2024-01-24 12:30:00-05:00,MyStrategy,1da3d254679345f48358f5c984f54852,SPY,buy,market,new,1,gtc,0.0,1,stock,,,
2024-01-24 12:30:00-05:00,MyStrategy,1da3d254679345f48358f5c984f54852,SPY,buy,market,fill,1,gtc,0.0,1,stock,487.80999755859375,100.0,0.0
2024-01-24 15:30:00-05:00,MyStrategy,e401b00fad234687a5dba6b9f91509c5,SPY,buy,market,new,1,gtc,0.0,1,stock,,,
2024-01-24 15:30:00-05:00,MyStrategy,e401b00fad234687a5dba6b9f91509c5,SPY,buy,market,fill,1,gtc,0.0,1,stock,487.80999755859375,100.0,0.0
2024-01-25 09:30:00-05:00,MyStrategy,a9d0228184264369802302021bf581ec,SPY,buy,market,new,1,gtc,0.0,1,stock,,,
2024-01-25 09:30:00-05:00,MyStrategy,a9d0228184264369802302021bf581ec,SPY,buy,market,fill,1,gtc,0.0,1,stock,487.5799865722656,100.0,0.0
2024-01-25 12:30:00-05:00,MyStrategy,d564882e482b402eb64c40775129cc84,SPY,buy,market,new,1,gtc,0.0,1,stock,,,
2024-01-25 12:30:00-05:00,MyStrategy,d564882e482b402eb64c40775129cc84,SPY,buy,market,fill,1,gtc,0.0,1,stock,487.5799865722656,100.0,0.0
2024-01-25 15:30:00-05:00,MyStrategy,a8ef8de3d6654421a11de1f332172219,SPY,buy,market,new,1,gtc,0.0,1,stock,,,
2024-01-25 15:30:00-05:00,MyStrategy,a8ef8de3d6654421a11de1f332172219,SPY,buy,market,fill,1,gtc,0.0,1,stock,487.5799865722656,100.0,0.0
2024-01-26 09:30:00-05:00,MyStrategy,4bbbd760c6fa4fafaed85f090e6cef75,SPY,buy,market,new,1,gtc,0.0,1,stock,,,
2024-01-26 09:30:00-05:00,MyStrategy,4bbbd760c6fa4fafaed85f090e6cef75,SPY,buy,market,fill,1,gtc,0.0,1,stock,487.5899963378906,100.0,0.0
2024-01-26 12:30:00-05:00,MyStrategy,2e44ddf6fd24478e86be329dc16cce2b,SPY,buy,market,new,1,gtc,0.0,1,stock,,,
2024-01-26 12:30:00-05:00,MyStrategy,2e44ddf6fd24478e86be329dc16cce2b,SPY,buy,market,fill,1,gtc,0.0,1,stock,487.5899963378906,100.0,0.0
2024-01-26 15:30:00-05:00,MyStrategy,acf56abe26df4e73a641b3adbbf57195,SPY,buy,market,new,1,gtc,0.0,1,stock,,,
2024-01-26 15:30:00-05:00,MyStrategy,acf56abe26df4e73a641b3adbbf57195,SPY,buy,market,fill,1,gtc,0.0,1,stock,487.5899963378906,100.0,0.0
2024-01-29 09:30:00-05:00,MyStrategy,a41713d422044ec280b6824b6b7d753f,SPY,buy,market,new,1,gtc,0.0,1,stock,,,
2024-01-29 09:30:00-05:00,MyStrategy,a41713d422044ec280b6824b6b7d753f,SPY,buy,market,fill,1,gtc,0.0,1,stock,487.7300109863281,100.0,0.0
2024-01-29 12:30:00-05:00,MyStrategy,e2d360dea14046c49e76760ec14d72db,SPY,buy,market,new,1,gtc,0.0,1,stock,,,
2024-01-29 12:30:00-05:00,MyStrategy,e2d360dea14046c49e76760ec14d72db,SPY,buy,market,fill,1,gtc,0.0,1,stock,487.7300109863281,100.0,0.0
2024-01-29 15:30:00-05:00,MyStrategy,0387b16c14b9453991bf47ce6e54d95c,SPY,buy,market,new,1,gtc,0.0,1,stock,,,
2024-01-29 15:30:00-05:00,MyStrategy,0387b16c14b9453991bf47ce6e54d95c,SPY,buy,market,fill,1,gtc,0.0,1,stock,487.7300109863281,100.0,0.0
2024-01-30 09:30:00-05:00,MyStrategy,47a705555e064056a6178471ba71cb31,SPY,buy,market,new,1,gtc,0.0,1,stock,,,
2024-01-30 09:30:00-05:00,MyStrategy,47a705555e064056a6178471ba71cb31,SPY,buy,market,fill,1,gtc,0.0,1,stock,490.55999755859375,100.0,0.0
2024-01-30 12:30:00-05:00,MyStrategy,69763a7260a9413b81b83601330873ff,SPY,buy,market,new,1,gtc,0.0,1,stock,,,
2024-01-30 12:30:00-05:00,MyStrategy,69763a7260a9413b81b83601330873ff,SPY,buy,market,fill,1,gtc,0.0,1,stock,490.55999755859375,100.0,0.0
2024-01-30 15:30:00-05:00,MyStrategy,8b065423ca184c269ff198e19eba2a50,SPY,buy,market,new,1,gtc,0.0,1,stock,,,
2024-01-30 15:30:00-05:00,MyStrategy,8b065423ca184c269ff198e19eba2a50,SPY,buy,market,fill,1,gtc,0.0,1,stock,490.55999755859375,100.0,0.0
2024-01-31 09:30:00-05:00,MyStrategy,a3ac4703b3054a38850fda49bda51e6b,SPY,buy,market,new,1,gtc,0.0,1,stock,,,
2024-01-31 09:30:00-05:00,MyStrategy,a3ac4703b3054a38850fda49bda51e6b,SPY,buy,market,fill,1,gtc,0.0,1,stock,488.6199951171875,100.0,0.0
2024-01-31 12:30:00-05:00,MyStrategy,ab14cec14ec34e73a51b5b3432c2eb44,SPY,buy,market,new,1,gtc,0.0,1,stock,,,
2024-01-31 12:30:00-05:00,MyStrategy,ab14cec14ec34e73a51b5b3432c2eb44,SPY,buy,market,fill,1,gtc,0.0,1,stock,488.6199951171875,100.0,0.0
2024-01-31 15:30:00-05:00,MyStrategy,c071d5c12ac44f23a93475a4cfb9e5c1,SPY,buy,market,new,1,gtc,0.0,1,stock,,,
2024-01-31 15:30:00-05:00,MyStrategy,c071d5c12ac44f23a93475a4cfb9e5c1,SPY,buy,market,fill,1,gtc,0.0,1,stock,488.6199951171875,100.0,0.0
2024-02-01 09:30:00-05:00,MyStrategy,c3d0e246585d4c4998785e0f456c2d2a,SPY,buy,market,new,1,gtc,0.0,1,stock,,,
2024-02-01 09:30:00-05:00,MyStrategy,c3d0e246585d4c4998785e0f456c2d2a,SPY,buy,market,fill,1,gtc,0.0,1,stock,484.6300048828125,100.0,0.0
2024-02-01 12:30:00-05:00,MyStrategy,90d7a3426e7043eabff29803055ad07e,SPY,buy,market,new,1,gtc,0.0,1,stock,,,
2024-02-01 12:30:00-05:00,MyStrategy,90d7a3426e7043eabff29803055ad07e,SPY,buy,market,fill,1,gtc,0.0,1,stock,484.6300048828125,100.0,0.0
2024-02-01 15:30:00-05:00,MyStrategy,faa1951236cd40db9d360359076ac150,SPY,buy,market,new,1,gtc,0.0,1,stock,,,
2024-02-01 15:30:00-05:00,MyStrategy,faa1951236cd40db9d360359076ac150,SPY,buy,market,fill,1,gtc,0.0,1,stock,484.6300048828125,100.0,0.0
2024-02-02 09:30:00-05:00,MyStrategy,547a3a91a31741e8a90234dad6f8a95f,SPY,buy,market,new,1,gtc,0.0,1,stock,,,
2024-02-02 09:30:00-05:00,MyStrategy,547a3a91a31741e8a90234dad6f8a95f,SPY,buy,market,fill,1,gtc,0.0,1,stock,489.6499938964844,100.0,0.0
2024-02-02 12:30:00-05:00,MyStrategy,5a4de4f680a540a3bb01603089631c70,SPY,buy,market,new,1,gtc,0.0,1,stock,,,
2024-02-02 12:30:00-05:00,MyStrategy,5a4de4f680a540a3bb01603089631c70,SPY,buy,market,fill,1,gtc,0.0,1,stock,489.6499938964844,100.0,0.0
2024-02-02 15:30:00-05:00,MyStrategy,147b7f2e012a49eb9d60a3bc747927ad,SPY,buy,market,new,1,gtc,0.0,1,stock,,,
2024-02-02 15:30:00-05:00,MyStrategy,147b7f2e012a49eb9d60a3bc747927ad,SPY,buy,market,fill,1,gtc,0.0,1,stock,489.6499938964844,100.0,0.0
2024-02-05 09:30:00-05:00,MyStrategy,20920aa5265346569378b7ff5a91a038,SPY,buy,market,new,1,gtc,0.0,1,stock,,,
2024-02-05 09:30:00-05:00,MyStrategy,20920aa5265346569378b7ff5a91a038,SPY,buy,market,fill,1,gtc,0.0,1,stock,493.70001220703125,100.0,0.0
2024-02-05 12:30:00-05:00,MyStrategy,07f6c2f25d9f4c02b94742b7112e0f65,SPY,buy,market,new,1,gtc,0.0,1,stock,,,
2024-02-05 12:30:00-05:00,MyStrategy,07f6c2f25d9f4c02b94742b7112e0f65,SPY,buy,market,fill,1,gtc,0.0,1,stock,493.70001220703125,100.0,0.0
2024-02-05 15:30:00-05:00,MyStrategy,3baf489e0b554d8cbc721de329169c43,SPY,buy,market,new,1,gtc,0.0,1,stock,,,
2024-02-05 15:30:00-05:00,MyStrategy,3baf489e0b554d8cbc721de329169c43,SPY,buy,market,fill,1,gtc,0.0,1,stock,493.70001220703125,100.0,0.0
2024-02-06 09:30:00-05:00,MyStrategy,af6a1dff2a6042c58c68ef4aaf31eabd,SPY,buy,market,new,1,gtc,0.0,1,stock,,,
2024-02-06 09:30:00-05:00,MyStrategy,af6a1dff2a6042c58c68ef4aaf31eabd,SPY,buy,market,fill,1,gtc,0.0,1,stock,493.5199890136719,100.0,0.0
2024-02-06 12:30:00-05:00,MyStrategy,0a4558e30c484ac7907ee3aa602f584b,SPY,buy,market,new,1,gtc,0.0,1,stock,,,
2024-02-06 12:30:00-05:00,MyStrategy,0a4558e30c484ac7907ee3aa602f584b,SPY,buy,market,fill,1,gtc,0.0,1,stock,493.5199890136719,100.0,0.0
2024-02-06 15:30:00-05:00,MyStrategy,40abd9c4908c4cf3be203f867aea288a,SPY,buy,market,new,1,gtc,0.0,1,stock,,,
2024-02-06 15:30:00-05:00,MyStrategy,40abd9c4908c4cf3be203f867aea288a,SPY,buy,market,fill,1,gtc,0.0,1,stock,493.5199890136719,100.0,0.0
2024-02-07 09:30:00-05:00,MyStrategy,9dd2c1658c764b8a97be28c313474e9c,SPY,buy,market,new,1,gtc,0.0,1,stock,,,
2024-02-07 09:30:00-05:00,MyStrategy,9dd2c1658c764b8a97be28c313474e9c,SPY,buy,market,fill,1,gtc,0.0,1,stock,496.2900085449219,100.0,0.0
2024-02-07 12:30:00-05:00,MyStrategy,116e48bbf57540c38d8cffafcbe6722e,SPY,buy,market,new,1,gtc,0.0,1,stock,,,
2024-02-07 12:30:00-05:00,MyStrategy,116e48bbf57540c38d8cffafcbe6722e,SPY,buy,market,fill,1,gtc,0.0,1,stock,496.2900085449219,100.0,0.0
2024-02-07 15:30:00-05:00,MyStrategy,0fdc851ced9e4902873e64adf5d89da5,SPY,buy,market,new,1,gtc,0.0,1,stock,,,
2024-02-07 15:30:00-05:00,MyStrategy,0fdc851ced9e4902873e64adf5d89da5,SPY,buy,market,fill,1,gtc,0.0,1,stock,496.2900085449219,100.0,0.0
2024-02-08 09:30:00-05:00,MyStrategy,36298cee3fa34031bf5a1e17f1fac9eb,SPY,buy,market,new,1,gtc,0.0,1,stock,,,
2024-02-08 09:30:00-05:00,MyStrategy,36298cee3fa34031bf5a1e17f1fac9eb,SPY,buy,market,fill,1,gtc,0.0,1,stock,498.1000061035156,100.0,0.0
2024-02-08 12:30:00-05:00,MyStrategy,1ff875a763d04916aa4e77e0049c5534,SPY,buy,market,new,1,gtc,0.0,1,stock,,,
2024-02-08 12:30:00-05:00,MyStrategy,1ff875a763d04916aa4e77e0049c5534,SPY,buy,market,fill,1,gtc,0.0,1,stock,498.1000061035156,100.0,0.0
2024-02-08 15:30:00-05:00,MyStrategy,f4a4124df1dd43b696b9efd1337c65a0,SPY,buy,market,new,1,gtc,0.0,1,stock,,,
2024-02-08 15:30:00-05:00,MyStrategy,f4a4124df1dd43b696b9efd1337c65a0,SPY,buy,market,fill,1,gtc,0.0,1,stock,498.1000061035156,100.0,0.0
2024-02-09 09:30:00-05:00,MyStrategy,76894b1733534b0eab22d4bfbbaa583e,SPY,buy,market,new,1,gtc,0.0,1,stock,,,
2024-02-09 09:30:00-05:00,MyStrategy,76894b1733534b0eab22d4bfbbaa583e,SPY,buy,market,fill,1,gtc,0.0,1,stock,498.8399963378906,100.0,0.0
2024-02-09 12:30:00-05:00,MyStrategy,0168b77737764966a540befd872b7c7b,SPY,buy,market,new,1,gtc,0.0,1,stock,,,
2024-02-09 12:30:00-05:00,MyStrategy,0168b77737764966a540befd872b7c7b,SPY,buy,market,fill,1,gtc,0.0,1,stock,498.8399963378906,100.0,0.0
2024-02-09 15:30:00-05:00,MyStrategy,c4a4846adb584a1fb20bcd55f7824d96,SPY,buy,market,new,1,gtc,0.0,1,stock,,,
2024-02-09 15:30:00-05:00,MyStrategy,c4a4846adb584a1fb20bcd55f7824d96,SPY,buy,market,fill,1,gtc,0.0,1,stock,498.8399963378906,100.0,0.0
2024-02-12 09:30:00-05:00,MyStrategy,78e079b53f24423e9e112f9afc1a4189,SPY,buy,market,new,1,gtc,0.0,1,stock,,,
2024-02-12 09:30:00-05:00,MyStrategy,78e079b53f24423e9e112f9afc1a4189,SPY,buy,market,fill,1,gtc,0.0,1,stock,501.1700134277344,100.0,0.0
2024-02-12 12:30:00-05:00,MyStrategy,16ff0376f8df498eaf6a1b02ab4172ce,SPY,buy,market,new,1,gtc,0.0,1,stock,,,
2024-02-12 12:30:00-05:00,MyStrategy,16ff0376f8df498eaf6a1b02ab4172ce,SPY,buy,market,fill,1,gtc,0.0,1,stock,501.1700134277344,100.0,0.0
2024-02-12 15:30:00-05:00,MyStrategy,7d52ad45bd7946448c43b4abc02328d5,SPY,buy,market,new,1,gtc,0.0,1,stock,,,
2024-02-12 15:30:00-05:00,MyStrategy,7d52ad45bd7946448c43b4abc02328d5,SPY,buy,market,fill,1,gtc,0.0,1,stock,501.1700134277344,100.0,0.0
2024-02-13 09:30:00-05:00,MyStrategy,ac4642376335456eba09115a7ccdfd16,SPY,buy,market,new,1,gtc,0.0,1,stock,,,
2024-02-13 09:30:00-05:00,MyStrategy,ac4642376335456eba09115a7ccdfd16,SPY,buy,market,fill,1,gtc,0.0,1,stock,494.5299987792969,100.0,0.0
2024-02-13 12:30:00-05:00,MyStrategy,27a47da26f0f43b3998ba185548fa309,SPY,buy,market,new,1,gtc,0.0,1,stock,,,
2024-02-13 12:30:00-05:00,MyStrategy,27a47da26f0f43b3998ba185548fa309,SPY,buy,market,fill,1,gtc,0.0,1,stock,494.5299987792969,100.0,0.0
2024-02-13 15:30:00-05:00,MyStrategy,b436d4faf6fc44d7a998c30428f4634c,SPY,buy,market,new,1,gtc,0.0,1,stock,,,
2024-02-13 15:30:00-05:00,MyStrategy,b436d4faf6fc44d7a998c30428f4634c,SPY,buy,market,fill,1,gtc,0.0,1,stock,494.5299987792969,100.0,0.0
2024-02-14 09:30:00-05:00,MyStrategy,c143fc9ad6ce41d98faa80e6a446b48b,SPY,buy,market,new,1,gtc,0.0,1,stock,,,
2024-02-14 09:30:00-05:00,MyStrategy,c143fc9ad6ce41d98faa80e6a446b48b,SPY,buy,market,fill,1,gtc,0.0,1,stock,496.7900085449219,100.0,0.0
2024-02-14 12:30:00-05:00,MyStrategy,9e5ba237f644492dad8b43cfd84b2a77,SPY,buy,market,new,1,gtc,0.0,1,stock,,,
2024-02-14 12:30:00-05:00,MyStrategy,9e5ba237f644492dad8b43cfd84b2a77,SPY,buy,market,fill,1,gtc,0.0,1,stock,496.7900085449219,100.0,0.0
2024-02-14 15:30:00-05:00,MyStrategy,56d109358cb24eaaa9b1d4772b49c284,SPY,buy,market,new,1,gtc,0.0,1,stock,,,
2024-02-14 15:30:00-05:00,MyStrategy,56d109358cb24eaaa9b1d4772b49c284,SPY,buy,market,fill,1,gtc,0.0,1,stock,496.7900085449219,100.0,0.0
2024-02-15 09:30:00-05:00,MyStrategy,826b08251938409291c5611fbb8db8da,SPY,buy,market,new,1,gtc,0.0,1,stock,,,
2024-02-15 09:30:00-05:00,MyStrategy,826b08251938409291c5611fbb8db8da,SPY,buy,market,fill,1,gtc,0.0,1,stock,499.2900085449219,100.0,0.0
2024-02-15 12:30:00-05:00,MyStrategy,cb1346e38cb34013a896b0b98c6a3462,SPY,buy,market,new,1,gtc,0.0,1,stock,,,
2024-02-15 12:30:00-05:00,MyStrategy,cb1346e38cb34013a896b0b98c6a3462,SPY,buy,market,fill,1,gtc,0.0,1,stock,499.2900085449219,100.0,0.0
2024-02-15 15:30:00-05:00,MyStrategy,5cab4aaed16e477ba9eae5198f5871c7,SPY,buy,market,new,1,gtc,0.0,1,stock,,,
2024-02-15 15:30:00-05:00,MyStrategy,5cab4aaed16e477ba9eae5198f5871c7,SPY,buy,market,fill,1,gtc,0.0,1,stock,499.2900085449219,100.0,0.0
2024-02-16 09:30:00-05:00,MyStrategy,d3dbe5c23d7b4cc3ae89dc7c436864c9,SPY,buy,market,new,1,gtc,0.0,1,stock,,,
2024-02-16 09:30:00-05:00,MyStrategy,d3dbe5c23d7b4cc3ae89dc7c436864c9,SPY,buy,market,fill,1,gtc,0.0,1,stock,501.70001220703125,100.0,0.0
2024-02-16 12:30:00-05:00,MyStrategy,c4219c423fae42f89d2f1c5688f575d8,SPY,buy,market,new,1,gtc,0.0,1,stock,,,
2024-02-16 12:30:00-05:00,MyStrategy,c4219c423fae42f89d2f1c5688f575d8,SPY,buy,market,fill,1,gtc,0.0,1,stock,501.70001220703125,100.0,0.0
2024-02-16 15:30:00-05:00,MyStrategy,5b733453c68f46e48b954b51eb0c583d,SPY,buy,market,new,1,gtc,0.0,1,stock,,,
2024-02-16 15:30:00-05:00,MyStrategy,5b733453c68f46e48b954b51eb0c583d,SPY,buy,market,fill,1,gtc,0.0,1,stock,501.70001220703125,100.0,0.0
2024-02-20 09:30:00-05:00,MyStrategy,6c529dae30d44373a1231c01c150aa98,SPY,buy,market,new,1,gtc,0.0,1,stock,,,
2024-02-20 09:30:00-05:00,MyStrategy,6c529dae30d44373a1231c01c150aa98,SPY,buy,market,fill,1,gtc,0.0,1,stock,497.7200012207031,100.0,0.0
2024-02-20 12:30:00-05:00,MyStrategy,b56aed4bfe384b7bb3ad8c9a7056ede3,SPY,buy,market,new,1,gtc,0.0,1,stock,,,
2024-02-20 12:30:00-05:00,MyStrategy,b56aed4bfe384b7bb3ad8c9a7056ede3,SPY,buy,market,fill,1,gtc,0.0,1,stock,497.7200012207031,100.0,0.0
2024-02-20 15:30:00-05:00,MyStrategy,823549cee8bb499d86ad9bb3b6eafb43,SPY,buy,market,new,1,gtc,0.0,1,stock,,,
2024-02-20 15:30:00-05:00,MyStrategy,823549cee8bb499d86ad9bb3b6eafb43,SPY,buy,market,fill,1,gtc,0.0,1,stock,497.7200012207031,100.0,0.0
2024-02-21 09:30:00-05:00,MyStrategy,36fe8bdeead64a80a6b27ccfe808cab1,SPY,buy,market,new,1,gtc,0.0,1,stock,,,
2024-02-21 09:30:00-05:00,MyStrategy,36fe8bdeead64a80a6b27ccfe808cab1,SPY,buy,market,fill,1,gtc,0.0,1,stock,495.4200134277344,100.0,0.0
2024-02-21 12:30:00-05:00,MyStrategy,c85fcbb7836441aa93ca16cab64dbc38,SPY,buy,market,new,1,gtc,0.0,1,stock,,,
2024-02-21 12:30:00-05:00,MyStrategy,c85fcbb7836441aa93ca16cab64dbc38,SPY,buy,market,fill,1,gtc,0.0,1,stock,495.4200134277344,100.0,0.0
2024-02-21 15:30:00-05:00,MyStrategy,201799b2e2644cba830f47eb7fafff8e,SPY,buy,market,new,1,gtc,0.0,1,stock,,,
2024-02-21 15:30:00-05:00,MyStrategy,201799b2e2644cba830f47eb7fafff8e,SPY,buy,market,fill,1,gtc,0.0,1,stock,495.4200134277344,100.0,0.0
2024-02-22 09:30:00-05:00,MyStrategy,b737bed314c24767a76806de4593b34a,SPY,buy,market,new,1,gtc,0.0,1,stock,,,
2024-02-22 09:30:00-05:00,MyStrategy,b737bed314c24767a76806de4593b34a,SPY,buy,market,fill,1,gtc,0.0,1,stock,504.010009765625,100.0,0.0
2024-02-22 12:30:00-05:00,MyStrategy,1a4349dedcfb472c9231d3cf2225e2c2,SPY,buy,market,new,1,gtc,0.0,1,stock,,,
2024-02-22 12:30:00-05:00,MyStrategy,1a4349dedcfb472c9231d3cf2225e2c2,SPY,buy,market,fill,1,gtc,0.0,1,stock,504.010009765625,100.0,0.0
2024-02-22 15:30:00-05:00,MyStrategy,959218a6e27943f3a06d692562d7a815,SPY,buy,market,new,1,gtc,0.0,1,stock,,,
2024-02-22 15:30:00-05:00,MyStrategy,959218a6e27943f3a06d692562d7a815,SPY,buy,market,fill,1,gtc,0.0,1,stock,504.010009765625,100.0,0.0
2024-02-23 09:30:00-05:00,MyStrategy,a28610266b534556826e4c25aa8e57bf,SPY,buy,market,new,1,gtc,0.0,1,stock,,,
2024-02-23 09:30:00-05:00,MyStrategy,a28610266b534556826e4c25aa8e57bf,SPY,buy,market,fill,1,gtc,0.0,1,stock,509.2699890136719,100.0,0.0
2024-02-23 12:30:00-05:00,MyStrategy,7f300d957b2248228c2d3a34a1bc8131,SPY,buy,market,new,1,gtc,0.0,1,stock,,,
2024-02-23 12:30:00-05:00,MyStrategy,7f300d957b2248228c2d3a34a1bc8131,SPY,buy,market,fill,1,gtc,0.0,1,stock,509.2699890136719,100.0,0.0
2024-02-23 15:30:00-05:00,MyStrategy,86c5731fac7a45258114554a3f54de34,SPY,buy,market,new,1,gtc,0.0,1,stock,,,
2024-02-23 15:30:00-05:00,MyStrategy,86c5731fac7a45258114554a3f54de34,SPY,buy,market,fill,1,gtc,0.0,1,stock,509.2699890136719,100.0,0.0
2024-02-26 09:30:00-05:00,MyStrategy,6f3b0e40f84f4368b7a10b20662e08b2,SPY,buy,market,new,1,gtc,0.0,1,stock,,,
2024-02-26 09:30:00-05:00,MyStrategy,6f3b0e40f84f4368b7a10b20662e08b2,SPY,buy,market,fill,1,gtc,0.0,1,stock,508.29998779296875,100.0,0.0
2024-02-26 12:30:00-05:00,MyStrategy,1c7262202916462d8d9b2e9e4e275703,SPY,buy,market,new,1,gtc,0.0,1,stock,,,
2024-02-26 12:30:00-05:00,MyStrategy,1c7262202916462d8d9b2e9e4e275703,SPY,buy,market,fill,1,gtc,0.0,1,stock,508.29998779296875,100.0,0.0
2024-02-26 15:30:00-05:00,MyStrategy,582df9415d7e43fdbbb8d6af0dcdad22,SPY,buy,market,new,1,gtc,0.0,1,stock,,,
2024-02-26 15:30:00-05:00,MyStrategy,582df9415d7e43fdbbb8d6af0dcdad22,SPY,buy,market,fill,1,gtc,0.0,1,stock,508.29998779296875,100.0,0.0
2024-02-27 09:30:00-05:00,MyStrategy,d387952230a84f899eb6d6e40442c7af,SPY,buy,market,new,1,gtc,0.0,1,stock,,,
2024-02-27 09:30:00-05:00,MyStrategy,d387952230a84f899eb6d6e40442c7af,SPY,buy,market,fill,1,gtc,0.0,1,stock,506.70001220703125,100.0,0.0
2024-02-27 12:30:00-05:00,MyStrategy,f8be39fe073143d6b8b64f37f361733d,SPY,buy,market,new,1,gtc,0.0,1,stock,,,
2024-02-27 12:30:00-05:00,MyStrategy,f8be39fe073143d6b8b64f37f361733d,SPY,buy,market,fill,1,gtc,0.0,1,stock,506.70001220703125,100.0,0.0
2024-02-27 15:30:00-05:00,MyStrategy,66b179a3890348cdb5614187705ea555,SPY,buy,market,new,1,gtc,0.0,1,stock,,,
2024-02-27 15:30:00-05:00,MyStrategy,66b179a3890348cdb5614187705ea555,SPY,buy,market,fill,1,gtc,0.0,1,stock,506.70001220703125,100.0,0.0
2024-02-28 09:30:00-05:00,MyStrategy,611eee8701984c01aa042a0c8fe820bc,SPY,buy,market,new,1,gtc,0.0,1,stock,,,
2024-02-28 09:30:00-05:00,MyStrategy,611eee8701984c01aa042a0c8fe820bc,SPY,buy,market,fill,1,gtc,0.0,1,stock,505.3299865722656,100.0,0.0
2024-02-28 12:30:00-05:00,MyStrategy,ad8b639d187146f39b5688b0e9768eff,SPY,buy,market,new,1,gtc,0.0,1,stock,,,
2024-02-28 12:30:00-05:00,MyStrategy,ad8b639d187146f39b5688b0e9768eff,SPY,buy,market,fill,1,gtc,0.0,1,stock,505.3299865722656,100.0,0.0
2024-02-28 15:30:00-05:00,MyStrategy,cc4628a90d2f474cab4fcf480cecd814,SPY,buy,market,new,1,gtc,0.0,1,stock,,,
2024-02-28 15:30:00-05:00,MyStrategy,cc4628a90d2f474cab4fcf480cecd814,SPY,buy,market,fill,1,gtc,0.0,1,stock,505.3299865722656,100.0,0.0
2024-02-29 09:30:00-05:00,MyStrategy,6ba420d8bcc14858a2a72ca1317353c6,SPY,buy,market,new,1,gtc,0.0,1,stock,,,
2024-02-29 09:30:00-05:00,MyStrategy,6ba420d8bcc14858a2a72ca1317353c6,SPY,buy,market,fill,1,gtc,0.0,1,stock,508.07000732421875,100.0,0.0
2024-02-29 12:30:00-05:00,MyStrategy,0a8929e0e6124275b35250195f0b444e,SPY,buy,market,new,1,gtc,0.0,1,stock,,,
2024-02-29 12:30:00-05:00,MyStrategy,0a8929e0e6124275b35250195f0b444e,SPY,buy,market,fill,1,gtc,0.0,1,stock,508.07000732421875,100.0,0.0
2024-02-29 15:30:00-05:00,MyStrategy,a3014be816d84017b2a64019b263e829,SPY,buy,market,new,1,gtc,0.0,1,stock,,,
2024-02-29 15:30:00-05:00,MyStrategy,a3014be816d84017b2a64019b263e829,SPY,buy,market,fill,1,gtc,0.0,1,stock,508.07000732421875,100.0,0.0
2024-03-01 09:30:00-05:00,MyStrategy,934508743da743099b5bedec81d73be1,SPY,buy,market,new,1,gtc,0.0,1,stock,,,
2024-03-01 09:30:00-05:00,MyStrategy,934508743da743099b5bedec81d73be1,SPY,buy,market,fill,1,gtc,0.0,1,stock,508.9800109863281,100.0,0.0
2024-03-01 12:30:00-05:00,MyStrategy,1ce52944c07240428a9177cdc97ebcb0,SPY,buy,market,new,1,gtc,0.0,1,stock,,,
2024-03-01 12:30:00-05:00,MyStrategy,1ce52944c07240428a9177cdc97ebcb0,SPY,buy,market,fill,1,gtc,0.0,1,stock,508.9800109863281,100.0,0.0
2024-03-01 15:30:00-05:00,MyStrategy,a273ba7372b44dab94056c80c0dd91b0,SPY,buy,market,new,1,gtc,0.0,1,stock,,,
2024-03-01 15:30:00-05:00,MyStrategy,a273ba7372b44dab94056c80c0dd91b0,SPY,buy,market,fill,1,gtc,0.0,1,stock,508.9800109863281,100.0,0.0
2024-03-04 09:30:00-05:00,MyStrategy,1ac999e47fc74bb082bafc4fef0acf93,SPY,buy,market,new,1,gtc,0.0,1,stock,,,
2024-03-04 09:30:00-05:00,MyStrategy,1ac999e47fc74bb082bafc4fef0acf93,SPY,buy,market,fill,1,gtc,0.0,1,stock,512.030029296875,100.0,0.0
2024-03-04 12:30:00-05:00,MyStrategy,0bfd18a2e8384288a8fa78c69162de12,SPY,buy,market,new,1,gtc,0.0,1,stock,,,
2024-03-04 12:30:00-05:00,MyStrategy,0bfd18a2e8384288a8fa78c69162de12,SPY,buy,market,fill,1,gtc,0.0,1,stock,512.030029296875,100.0,0.0
2024-03-04 15:30:00-05:00,MyStrategy,2deb02ea188d43a59ad691d5d7bc5a7d,SPY,buy,market,new,1,gtc,0.0,1,stock,,,
2024-03-04 15:30:00-05:00,MyStrategy,2deb02ea188d43a59ad691d5d7bc5a7d,SPY,buy,market,fill,1,gtc,0.0,1,stock,512.030029296875,100.0,0.0
2024-03-05 09:30:00-05:00,MyStrategy,72d96ecdfc4c4708a9437ecf1fb83a9e,SPY,buy,market,new,1,gtc,0.0,1,stock,,,
2024-03-05 09:30:00-05:00,MyStrategy,72d96ecdfc4c4708a9437ecf1fb83a9e,SPY,buy,market,fill,1,gtc,0.0,1,stock,510.239990234375,100.0,0.0
2024-03-05 12:30:00-05:00,MyStrategy,8f6da497f21747feb8d30c9e027291dd,SPY,buy,market,new,1,gtc,0.0,1,stock,,,
2024-03-05 12:30:00-05:00,MyStrategy,8f6da497f21747feb8d30c9e027291dd,SPY,buy,market,fill,1,gtc,0.0,1,stock,510.239990234375,100.0,0.0
2024-03-05 15:30:00-05:00,MyStrategy,51ab136cea67474084a1e38b604faf95,SPY,buy,market,new,1,gtc,0.0,1,stock,,,
2024-03-05 15:30:00-05:00,MyStrategy,51ab136cea67474084a1e38b604faf95,SPY,buy,market,fill,1,gtc,0.0,1,stock,510.239990234375,100.0,0.0
2024-03-06 09:30:00-05:00,MyStrategy,ac200d09ed4f4f0ba3867cbb0718c3f1,SPY,buy,market,new,1,gtc,0.0,1,stock,,,
2024-03-06 09:30:00-05:00,MyStrategy,ac200d09ed4f4f0ba3867cbb0718c3f1,SPY,buy,market,fill,1,gtc,0.0,1,stock,510.54998779296875,100.0,0.0
2024-03-06 12:30:00-05:00,MyStrategy,324fb17569b147d88f4834518a72017e,SPY,buy,market,new,1,gtc,0.0,1,stock,,,
2024-03-06 12:30:00-05:00,MyStrategy,324fb17569b147d88f4834518a72017e,SPY,buy,market,fill,1,gtc,0.0,1,stock,510.54998779296875,100.0,0.0
2024-03-06 15:30:00-05:00,MyStrategy,671132a02c4e4a459f21f4ccfe4271a6,SPY,buy,market,new,1,gtc,0.0,1,stock,,,
2024-03-06 15:30:00-05:00,MyStrategy,671132a02c4e4a459f21f4ccfe4271a6,SPY,buy,market,fill,1,gtc,0.0,1,stock,510.54998779296875,100.0,0.0
2024-03-07 09:30:00-05:00,MyStrategy,e2dbd750d31b409a90ebb22387c5cf7f,SPY,buy,market,new,1,gtc,0.0,1,stock,,,
2024-03-07 09:30:00-05:00,MyStrategy,e2dbd750d31b409a90ebb22387c5cf7f,SPY,buy,market,fill,1,gtc,0.0,1,stock,513.1400146484375,100.0,0.0
2024-03-07 12:30:00-05:00,MyStrategy,b5eaa296e0cb4bfb8132630d08a612ec,SPY,buy,market,new,1,gtc,0.0,1,stock,,,
2024-03-07 12:30:00-05:00,MyStrategy,b5eaa296e0cb4bfb8132630d08a612ec,SPY,buy,market,fill,1,gtc,0.0,1,stock,513.1400146484375,100.0,0.0
2024-03-07 15:30:00-05:00,MyStrategy,c2c8234c585d4911815f95e75a5c66ca,SPY,buy,market,new,1,gtc,0.0,1,stock,,,
2024-03-07 15:30:00-05:00,MyStrategy,c2c8234c585d4911815f95e75a5c66ca,SPY,buy,market,fill,1,gtc,0.0,1,stock,513.1400146484375,100.0,0.0
2024-03-08 09:30:00-05:00,MyStrategy,707b76f9c5894730859218f6ee0965ea,SPY,buy,market,new,1,gtc,0.0,1,stock,,,
2024-03-08 09:30:00-05:00,MyStrategy,707b76f9c5894730859218f6ee0965ea,SPY,buy,market,fill,1,gtc,0.0,1,stock,515.4600219726562,100.0,0.0
2024-03-08 12:30:00-05:00,MyStrategy,fd902d61709940beb94cbb2db8c3fab0,SPY,buy,market,new,1,gtc,0.0,1,stock,,,
2024-03-08 12:30:00-05:00,MyStrategy,fd902d61709940beb94cbb2db8c3fab0,SPY,buy,market,fill,1,gtc,0.0,1,stock,515.4600219726562,100.0,0.0
2024-03-08 15:30:00-05:00,MyStrategy,efcadb3d8bad4ade80fcfdec2970af3f,SPY,buy,market,new,1,gtc,0.0,1,stock,,,
2024-03-08 15:30:00-05:00,MyStrategy,efcadb3d8bad4ade80fcfdec2970af3f,SPY,buy,market,fill,1,gtc,0.0,1,stock,515.4600219726562,100.0,0.0
2024-03-11 09:30:00-04:00,MyStrategy,8ae2265e9ac94f17a47342339046c0ca,SPY,buy,market,new,1,gtc,0.0,1,stock,,,
2024-03-11 09:30:00-04:00,MyStrategy,8ae2265e9ac94f17a47342339046c0ca,SPY,buy,market,fill,1,gtc,0.0,1,stock,510.4800109863281,100.0,0.0
2024-03-11 12:30:00-04:00,MyStrategy,468572c6622a4eb68d378d1d74dee273,SPY,buy,market,new,1,gtc,0.0,1,stock,,,
2024-03-11 12:30:00-04:00,MyStrategy,468572c6622a4eb68d378d1d74dee273,SPY,buy,market,fill,1,gtc,0.0,1,stock,510.4800109863281,100.0,0.0
2024-03-11 15:30:00-04:00,MyStrategy,b99fb58f54dc46c8bb67195f71f63e99,SPY,buy,market,new,1,gtc,0.0,1,stock,,,
2024-03-11 15:30:00-04:00,MyStrategy,b99fb58f54dc46c8bb67195f71f63e99,SPY,buy,market,fill,1,gtc,0.0,1,stock,510.4800109863281,100.0,0.0
2024-03-12 09:30:00-04:00,MyStrategy,47d8d708fb2243d494ec22a072a97e87,SPY,buy,market,new,1,gtc,0.0,1,stock,,,
2024-03-12 09:30:00-04:00,MyStrategy,47d8d708fb2243d494ec22a072a97e87,SPY,buy,market,fill,1,gtc,0.0,1,stock,513.4500122070312,100.0,0.0
2024-03-12 12:30:00-04:00,MyStrategy,7bae8c7ef2984c1fa3a15f29cde96e3a,SPY,buy,market,new,1,gtc,0.0,1,stock,,,
2024-03-12 12:30:00-04:00,MyStrategy,7bae8c7ef2984c1fa3a15f29cde96e3a,SPY,buy,market,fill,1,gtc,0.0,1,stock,513.4500122070312,100.0,0.0
2024-03-12 15:30:00-04:00,MyStrategy,c419b1e5c9254487aa308dac8f4be44d,SPY,buy,market,new,1,gtc,0.0,1,stock,,,
2024-03-12 15:30:00-04:00,MyStrategy,c419b1e5c9254487aa308dac8f4be44d,SPY,buy,market,fill,1,gtc,0.0,1,stock,513.4500122070312,100.0,0.0
2024-03-13 09:30:00-04:00,MyStrategy,ec68b8b57da344d5b59d173f90f1b3b9,SPY,buy,market,new,1,gtc,0.0,1,stock,,,
2024-03-13 09:30:00-04:00,MyStrategy,ec68b8b57da344d5b59d173f90f1b3b9,SPY,buy,market,fill,1,gtc,0.0,1,stock,517.1099853515625,100.0,0.0
2024-03-13 12:30:00-04:00,MyStrategy,3b06160046ea4c729ac30c3de55ea73a,SPY,buy,market,new,1,gtc,0.0,1,stock,,,
2024-03-13 12:30:00-04:00,MyStrategy,3b06160046ea4c729ac30c3de55ea73a,SPY,buy,market,fill,1,gtc,0.0,1,stock,517.1099853515625,100.0,0.0
2024-03-13 15:30:00-04:00,MyStrategy,ff1c9b7d84a84085a614f2c5ea000074,SPY,buy,market,new,1,gtc,0.0,1,stock,,,
2024-03-13 15:30:00-04:00,MyStrategy,ff1c9b7d84a84085a614f2c5ea000074,SPY,buy,market,fill,1,gtc,0.0,1,stock,517.1099853515625,100.0,0.0
2024-03-14 09:30:00-04:00,MyStrategy,23a38e85d441411f801047d6cd2676f4,SPY,buy,market,new,1,gtc,0.0,1,stock,,,
2024-03-14 09:30:00-04:00,MyStrategy,23a38e85d441411f801047d6cd2676f4,SPY,buy,market,fill,1,gtc,0.0,1,stock,516.969970703125,100.0,0.0
2024-03-14 12:30:00-04:00,MyStrategy,11fe7b25b4ef4d9db7b307144c9d0a96,SPY,buy,market,new,1,gtc,0.0,1,stock,,,
2024-03-14 12:30:00-04:00,MyStrategy,11fe7b25b4ef4d9db7b307144c9d0a96,SPY,buy,market,fill,1,gtc,0.0,1,stock,516.969970703125,100.0,0.0
2024-03-14 15:30:00-04:00,MyStrategy,0c53d14e44414f41ac13d4299f53c2ae,SPY,buy,market,new,1,gtc,0.0,1,stock,,,
2024-03-14 15:30:00-04:00,MyStrategy,0c53d14e44414f41ac13d4299f53c2ae,SPY,buy,market,fill,1,gtc,0.0,1,stock,516.969970703125,100.0,0.0
2024-03-15 09:30:00-04:00,MyStrategy,4dd1ba28bd68431e81a6567f88d3a7b9,SPY,buy,market,new,1,gtc,0.0,1,stock,,,
2024-03-15 09:30:00-04:00,MyStrategy,4dd1ba28bd68431e81a6567f88d3a7b9,SPY,buy,market,fill,1,gtc,0.0,1,stock,510.2099914550781,100.0,0.0
2024-03-15 12:30:00-04:00,MyStrategy,b9d2bcf1493a407ea9b672dd3f1d8f31,SPY,buy,market,new,1,gtc,0.0,1,stock,,,
2024-03-15 12:30:00-04:00,MyStrategy,b9d2bcf1493a407ea9b672dd3f1d8f31,SPY,buy,market,fill,1,gtc,0.0,1,stock,510.2099914550781,100.0,0.0
2024-03-15 15:30:00-04:00,MyStrategy,18c2e098b0e84d5dbed72a05e54a9a56,SPY,buy,market,new,1,gtc,0.0,1,stock,,,
2024-03-15 15:30:00-04:00,MyStrategy,18c2e098b0e84d5dbed72a05e54a9a56,SPY,buy,market,fill,1,gtc,0.0,1,stock,510.2099914550781,100.0,0.0
2024-03-18 09:30:00-04:00,MyStrategy,129036050356482a8071fb754017990d,SPY,buy,market,new,1,gtc,0.0,1,stock,,,
2024-03-18 09:30:00-04:00,MyStrategy,129036050356482a8071fb754017990d,SPY,buy,market,fill,1,gtc,0.0,1,stock,514.0,100.0,0.0
2024-03-18 12:30:00-04:00,MyStrategy,0a1d33be159f4db793af10f141bc05b6,SPY,buy,market,new,1,gtc,0.0,1,stock,,,
2024-03-18 12:30:00-04:00,MyStrategy,0a1d33be159f4db793af10f141bc05b6,SPY,buy,market,fill,1,gtc,0.0,1,stock,514.0,100.0,0.0
2024-03-18 15:30:00-04:00,MyStrategy,3993c26a0227422fb12c027f7bb181f6,SPY,buy,market,new,1,gtc,0.0,1,stock,,,
2024-03-18 15:30:00-04:00,MyStrategy,3993c26a0227422fb12c027f7bb181f6,SPY,buy,market,fill,1,gtc,0.0,1,stock,514.0,100.0,0.0
2024-03-19 09:30:00-04:00,MyStrategy,b8e99024c592467dbce6b58766fdc098,SPY,buy,market,new,1,gtc,0.0,1,stock,,,
2024-03-19 09:30:00-04:00,MyStrategy,b8e99024c592467dbce6b58766fdc098,SPY,buy,market,fill,1,gtc,0.0,1,stock,512.1500244140625,100.0,0.0
2024-03-19 12:30:00-04:00,MyStrategy,3907168f6edc45bca4de4191bb2eafb4,SPY,buy,market,new,1,gtc,0.0,1,stock,,,
2024-03-19 12:30:00-04:00,MyStrategy,3907168f6edc45bca4de4191bb2eafb4,SPY,buy,market,fill,1,gtc,0.0,1,stock,512.1500244140625,100.0,0.0
2024-03-19 15:30:00-04:00,MyStrategy,f469272d32d34ef6b4391e3bf8f88044,SPY,buy,market,new,1,gtc,0.0,1,stock,,,
2024-03-19 15:30:00-04:00,MyStrategy,f469272d32d34ef6b4391e3bf8f88044,SPY,buy,market,fill,1,gtc,0.0,1,stock,512.1500244140625,100.0,0.0
2024-03-20 09:30:00-04:00,MyStrategy,84e2f55165ed476a9d9abae4f38899e3,SPY,buy,market,new,1,gtc,0.0,1,stock,,,
2024-03-20 09:30:00-04:00,MyStrategy,84e2f55165ed476a9d9abae4f38899e3,SPY,buy,market,fill,1,gtc,0.0,1,stock,515.77001953125,100.0,0.0
2024-03-20 12:30:00-04:00,MyStrategy,550275283b0a4e688c9d1ec00ae895d5,SPY,buy,market,new,1,gtc,0.0,1,stock,,,
2024-03-20 12:30:00-04:00,MyStrategy,550275283b0a4e688c9d1ec00ae895d5,SPY,buy,market,fill,1,gtc,0.0,1,stock,515.77001953125,100.0,0.0
2024-03-20 15:30:00-04:00,MyStrategy,58f3a8b6b7a74a75bb94d09dca159af3,SPY,buy,market,new,1,gtc,0.0,1,stock,,,
2024-03-20 15:30:00-04:00,MyStrategy,58f3a8b6b7a74a75bb94d09dca159af3,SPY,buy,market,fill,1,gtc,0.0,1,stock,515.77001953125,100.0,0.0
2024-03-21 09:30:00-04:00,MyStrategy,0a11bbad95244ef497edca51e503ae20,SPY,buy,market,new,1,gtc,0.0,1,stock,,,
2024-03-21 09:30:00-04:00,MyStrategy,0a11bbad95244ef497edca51e503ae20,SPY,buy,market,fill,1,gtc,0.0,1,stock,523.3900146484375,100.0,0.0
2024-03-21 12:30:00-04:00,MyStrategy,0fd165ab73304dc3a2ed26ca8696429c,SPY,buy,market,new,1,gtc,0.0,1,stock,,,
2024-03-21 12:30:00-04:00,MyStrategy,0fd165ab73304dc3a2ed26ca8696429c,SPY,buy,market,fill,1,gtc,0.0,1,stock,523.3900146484375,100.0,0.0
2024-03-21 15:30:00-04:00,MyStrategy,c7f9d27157c94380828eaaf094bbb02a,SPY,buy,market,new,1,gtc,0.0,1,stock,,,
2024-03-21 15:30:00-04:00,MyStrategy,c7f9d27157c94380828eaaf094bbb02a,SPY,buy,market,fill,1,gtc,0.0,1,stock,523.3900146484375,100.0,0.0
2024-03-22 09:30:00-04:00,MyStrategy,c9a5781fbd0d443a98696c51e40f6990,SPY,buy,market,new,1,gtc,0.0,1,stock,,,
2024-03-22 09:30:00-04:00,MyStrategy,c9a5781fbd0d443a98696c51e40f6990,SPY,buy,market,fill,1,gtc,0.0,1,stock,522.1099853515625,100.0,0.0
2024-03-22 12:30:00-04:00,MyStrategy,e7ffae7663634fd988685f3ae48f20f2,SPY,buy,market,new,1,gtc,0.0,1,stock,,,
2024-03-22 12:30:00-04:00,MyStrategy,e7ffae7663634fd988685f3ae48f20f2,SPY,buy,market,fill,1,gtc,0.0,1,stock,522.1099853515625,100.0,0.0
2024-03-22 15:30:00-04:00,MyStrategy,8140a8d477fc4309bdd5d95f8913f5d9,SPY,buy,market,new,1,gtc,0.0,1,stock,,,
2024-03-22 15:30:00-04:00,MyStrategy,8140a8d477fc4309bdd5d95f8913f5d9,SPY,buy,market,fill,1,gtc,0.0,1,stock,522.1099853515625,100.0,0.0
2024-03-25 09:30:00-04:00,MyStrategy,2d76ea891bcc416e875f9da439cff6d1,SPY,buy,market,new,1,gtc,0.0,1,stock,,,
2024-03-25 09:30:00-04:00,MyStrategy,2d76ea891bcc416e875f9da439cff6d1,SPY,buy,market,fill,1,gtc,0.0,1,stock,519.7999877929688,100.0,0.0
2024-03-25 12:30:00-04:00,MyStrategy,e5809efc051141209e7a58d4583ffe79,SPY,buy,market,new,1,gtc,0.0,1,stock,,,
2024-03-25 12:30:00-04:00,MyStrategy,e5809efc051141209e7a58d4583ffe79,SPY,buy,market,fill,1,gtc,0.0,1,stock,519.7999877929688,100.0,0.0
2024-03-25 15:30:00-04:00,MyStrategy,c417c77b4a944b0b852990b9ef45abf6,SPY,buy,market,new,1,gtc,0.0,1,stock,,,
2024-03-25 15:30:00-04:00,MyStrategy,c417c77b4a944b0b852990b9ef45abf6,SPY,buy,market,fill,1,gtc,0.0,1,stock,519.7999877929688,100.0,0.0
2024-03-26 09:30:00-04:00,MyStrategy,f9deebdd29334cbe9355ae1860d6f063,SPY,buy,market,new,1,gtc,0.0,1,stock,,,
2024-03-26 09:30:00-04:00,MyStrategy,f9deebdd29334cbe9355ae1860d6f063,SPY,buy,market,fill,1,gtc,0.0,1,stock,521.22998046875,100.0,0.0
2024-03-26 12:30:00-04:00,MyStrategy,c0f66de1dd9a48368e6d5b4199bf1d25,SPY,buy,market,new,1,gtc,0.0,1,stock,,,
2024-03-26 12:30:00-04:00,MyStrategy,c0f66de1dd9a48368e6d5b4199bf1d25,SPY,buy,market,fill,1,gtc,0.0,1,stock,521.22998046875,100.0,0.0
2024-03-26 15:30:00-04:00,MyStrategy,d3af8ef4261b40feb0992afc33dec15b,SPY,buy,market,new,1,gtc,0.0,1,stock,,,
2024-03-26 15:30:00-04:00,MyStrategy,d3af8ef4261b40feb0992afc33dec15b,SPY,buy,market,fill,1,gtc,0.0,1,stock,521.22998046875,100.0,0.0
2024-03-27 09:30:00-04:00,MyStrategy,ed1cbf1bde554f3b9a4c3dfc8c3896e1,SPY,buy,market,new,1,gtc,0.0,1,stock,,,
2024-03-27 09:30:00-04:00,MyStrategy,ed1cbf1bde554f3b9a4c3dfc8c3896e1,SPY,buy,market,fill,1,gtc,0.0,1,stock,521.7100219726562,100.0,0.0
2024-03-27 12:30:00-04:00,MyStrategy,6412c799a22648588bc543bff980884c,SPY,buy,market,new,1,gtc,0.0,1,stock,,,
2024-03-27 12:30:00-04:00,MyStrategy,6412c799a22648588bc543bff980884c,SPY,buy,market,fill,1,gtc,0.0,1,stock,521.7100219726562,100.0,0.0
2024-03-27 15:30:00-04:00,MyStrategy,86d6f316059f447a9368c45d45cb7ec9,SPY,buy,market,new,1,gtc,0.0,1,stock,,,
2024-03-27 15:30:00-04:00,MyStrategy,86d6f316059f447a9368c45d45cb7ec9,SPY,buy,market,fill,1,gtc,0.0,1,stock,521.7100219726562,100.0,0.0
2024-03-28 09:30:00-04:00,MyStrategy,7ea7f8f3c16f48698542c08300362622,SPY,buy,market,new,1,gtc,0.0,1,stock,,,
2024-03-28 09:30:00-04:00,MyStrategy,7ea7f8f3c16f48698542c08300362622,SPY,buy,market,fill,1,gtc,0.0,1,stock,523.2100219726562,100.0,0.0
2024-03-28 12:30:00-04:00,MyStrategy,76bb375e2e6442aba277b407f0134b11,SPY,buy,market,new,1,gtc,0.0,1,stock,,,
2024-03-28 12:30:00-04:00,MyStrategy,76bb375e2e6442aba277b407f0134b11,SPY,buy,market,fill,1,gtc,0.0,1,stock,523.2100219726562,100.0,0.0
2024-03-28 15:30:00-04:00,MyStrategy,f91e82ff6f2f4e04b24e01ecedf76e8f,SPY,buy,market,new,1,gtc,0.0,1,stock,,,
2024-03-28 15:30:00-04:00,MyStrategy,f91e82ff6f2f4e04b24e01ecedf76e8f,SPY,buy,market,fill,1,gtc,0.0,1,stock,523.2100219726562,100.0,0.0
2024-04-01 09:30:00-04:00,MyStrategy,9f4e38382e964c6fb0aa492742c1fcf8,SPY,buy,market,new,1,gtc,0.0,1,stock,,,
2024-04-01 09:30:00-04:00,MyStrategy,9f4e38382e964c6fb0aa492742c1fcf8,SPY,buy,market,fill,1,gtc,0.0,1,stock,523.8300170898438,100.0,0.0
2024-04-01 12:30:00-04:00,MyStrategy,30e07553b5984f30ad91dd6029abee80,SPY,buy,market,new,1,gtc,0.0,1,stock,,,
2024-04-01 12:30:00-04:00,MyStrategy,30e07553b5984f30ad91dd6029abee80,SPY,buy,market,fill,1,gtc,0.0,1,stock,523.8300170898438,100.0,0.0
2024-04-01 15:30:00-04:00,MyStrategy,98ae70c71d9f496aaf35ee7a9437d5bb,SPY,buy,market,new,1,gtc,0.0,1,stock,,,
2024-04-01 15:30:00-04:00,MyStrategy,98ae70c71d9f496aaf35ee7a9437d5bb,SPY,buy,market,fill,1,gtc,0.0,1,stock,523.8300170898438,100.0,0.0
2024-04-02 09:30:00-04:00,MyStrategy,8cdde0a53c4b400bac4f920c593762aa,SPY,buy,market,new,1,gtc,0.0,1,stock,,,
2024-04-02 09:30:00-04:00,MyStrategy,8cdde0a53c4b400bac4f920c593762aa,SPY,buy,market,fill,1,gtc,0.0,1,stock,518.239990234375,100.0,0.0
2024-04-02 12:30:00-04:00,MyStrategy,f698c672b810401583e26bb6377ae70d,SPY,buy,market,new,1,gtc,0.0,1,stock,,,
2024-04-02 12:30:00-04:00,MyStrategy,f698c672b810401583e26bb6377ae70d,SPY,buy,market,fill,1,gtc,0.0,1,stock,518.239990234375,100.0,0.0
2024-04-02 15:30:00-04:00,MyStrategy,bee0644a81b44a82ab57d251b10a502a,SPY,buy,market,new,1,gtc,0.0,1,stock,,,
2024-04-02 15:30:00-04:00,MyStrategy,bee0644a81b44a82ab57d251b10a502a,SPY,buy,market,fill,1,gtc,0.0,1,stock,518.239990234375,100.0,0.0
2024-04-03 09:30:00-04:00,MyStrategy,8b03062bf72e4ac0a06abc6bf8217ff1,SPY,buy,market,new,1,gtc,0.0,1,stock,,,
2024-04-03 09:30:00-04:00,MyStrategy,8b03062bf72e4ac0a06abc6bf8217ff1,SPY,buy,market,fill,1,gtc,0.0,1,stock,517.719970703125,100.0,0.0
2024-04-03 12:30:00-04:00,MyStrategy,9f7043d2fcba4ca0b95428bad9e6717a,SPY,buy,market,new,1,gtc,0.0,1,stock,,,
2024-04-03 12:30:00-04:00,MyStrategy,9f7043d2fcba4ca0b95428bad9e6717a,SPY,buy,market,fill,1,gtc,0.0,1,stock,517.719970703125,100.0,0.0
2024-04-03 15:30:00-04:00,MyStrategy,bd2307abb6574cc1aab415b978de0622,SPY,buy,market,new,1,gtc,0.0,1,stock,,,
2024-04-03 15:30:00-04:00,MyStrategy,bd2307abb6574cc1aab415b978de0622,SPY,buy,market,fill,1,gtc,0.0,1,stock,517.719970703125,100.0,0.0
2024-04-04 09:30:00-04:00,MyStrategy,6d0f71c428954505b54ad63287691294,SPY,buy,market,new,1,gtc,0.0,1,stock,,,
2024-04-04 09:30:00-04:00,MyStrategy,6d0f71c428954505b54ad63287691294,SPY,buy,market,fill,1,gtc,0.0,1,stock,523.52001953125,100.0,0.0
2024-04-04 12:30:00-04:00,MyStrategy,f348d86d1094417181c48d8839069110,SPY,buy,market,new,1,gtc,0.0,1,stock,,,
2024-04-04 12:30:00-04:00,MyStrategy,f348d86d1094417181c48d8839069110,SPY,buy,market,fill,1,gtc,0.0,1,stock,523.52001953125,100.0,0.0
2024-04-04 15:30:00-04:00,MyStrategy,332378b3c05c44bea7600dfa2c216afc,SPY,buy,market,new,1,gtc,0.0,1,stock,,,
2024-04-04 15:30:00-04:00,MyStrategy,332378b3c05c44bea7600dfa2c216afc,SPY,buy,market,fill,1,gtc,0.0,1,stock,523.52001953125,100.0,0.0
2024-04-05 09:30:00-04:00,MyStrategy,0f68a4cc270e4ff5aef1f6127cb9aaa6,SPY,buy,market,new,1,gtc,0.0,1,stock,,,
2024-04-05 09:30:00-04:00,MyStrategy,0f68a4cc270e4ff5aef1f6127cb9aaa6,SPY,buy,market,fill,1,gtc,0.0,1,stock,514.4600219726562,100.0,0.0
2024-04-05 12:30:00-04:00,MyStrategy,c0aaa715dcf24573917199006354dd5f,SPY,buy,market,new,1,gtc,0.0,1,stock,,,
2024-04-05 12:30:00-04:00,MyStrategy,c0aaa715dcf24573917199006354dd5f,SPY,buy,market,fill,1,gtc,0.0,1,stock,514.4600219726562,100.0,0.0
2024-04-05 15:30:00-04:00,MyStrategy,6ce8a2d6d4054e22b1ac9701132b35d3,SPY,buy,market,new,1,gtc,0.0,1,stock,,,
2024-04-05 15:30:00-04:00,MyStrategy,6ce8a2d6d4054e22b1ac9701132b35d3,SPY,buy,market,fill,1,gtc,0.0,1,stock,514.4600219726562,100.0,0.0
2024-04-08 09:30:00-04:00,MyStrategy,d3db4e8f041c4d4f9a0aed57ac11b39f,SPY,buy,market,new,1,gtc,0.0,1,stock,,,
2024-04-08 09:30:00-04:00,MyStrategy,d3db4e8f041c4d4f9a0aed57ac11b39f,SPY,buy,market,fill,1,gtc,0.0,1,stock,519.1500244140625,100.0,0.0
2024-04-08 12:30:00-04:00,MyStrategy,f3ef3c03394748a197416a5a66d40bc8,SPY,buy,market,new,1,gtc,0.0,1,stock,,,
2024-04-08 12:30:00-04:00,MyStrategy,f3ef3c03394748a197416a5a66d40bc8,SPY,buy,market,fill,1,gtc,0.0,1,stock,519.1500244140625,100.0,0.0
2024-04-08 15:30:00-04:00,MyStrategy,1197acbb38ba4d13807db5eba5ac03a3,SPY,buy,market,new,1,gtc,0.0,1,stock,,,
2024-04-08 15:30:00-04:00,MyStrategy,1197acbb38ba4d13807db5eba5ac03a3,SPY,buy,market,fill,1,gtc,0.0,1,stock,519.1500244140625,100.0,0.0
2024-04-09 09:30:00-04:00,MyStrategy,ee48a2ae8b264cc8a847db3349098309,SPY,buy,market,new,1,gtc,0.0,1,stock,,,
2024-04-09 09:30:00-04:00,MyStrategy,ee48a2ae8b264cc8a847db3349098309,SPY,buy,market,fill,1,gtc,0.0,1,stock,520.5,100.0,0.0
2024-04-09 12:30:00-04:00,MyStrategy,2d561cf9ede145168746bc002bc1a5a5,SPY,buy,market,new,1,gtc,0.0,1,stock,,,
2024-04-09 12:30:00-04:00,MyStrategy,2d561cf9ede145168746bc002bc1a5a5,SPY,buy,market,fill,1,gtc,0.0,1,stock,520.5,100.0,0.0
2024-04-09 15:30:00-04:00,MyStrategy,3d87a498ccfc4aa09856d987e89f6cee,SPY,buy,market,new,1,gtc,0.0,1,stock,,,
2024-04-09 15:30:00-04:00,MyStrategy,3d87a498ccfc4aa09856d987e89f6cee,SPY,buy,market,fill,1,gtc,0.0,1,stock,520.5,100.0,0.0
2024-04-10 09:30:00-04:00,MyStrategy,db9c2e3274ea4e6da4975ffba0004311,SPY,buy,market,new,1,gtc,0.0,1,stock,,,
2024-04-10 09:30:00-04:00,MyStrategy,db9c2e3274ea4e6da4975ffba0004311,SPY,buy,market,fill,1,gtc,0.0,1,stock,513.47998046875,100.0,0.0
2024-04-10 12:30:00-04:00,MyStrategy,2a6511874f49451b93978ffad0582682,SPY,buy,market,new,1,gtc,0.0,1,stock,,,
2024-04-10 12:30:00-04:00,MyStrategy,2a6511874f49451b93978ffad0582682,SPY,buy,market,fill,1,gtc,0.0,1,stock,513.47998046875,100.0,0.0
2024-04-10 15:30:00-04:00,MyStrategy,54895007db594934b788d5e876260b55,SPY,buy,market,new,1,gtc,0.0,1,stock,,,
2024-04-10 15:30:00-04:00,MyStrategy,54895007db594934b788d5e876260b55,SPY,buy,market,fill,1,gtc,0.0,1,stock,513.47998046875,100.0,0.0
2024-04-11 09:30:00-04:00,MyStrategy,681db7f011eb4633b4114717e9c02564,SPY,buy,market,new,1,gtc,0.0,1,stock,,,
2024-04-11 09:30:00-04:00,MyStrategy,681db7f011eb4633b4114717e9c02564,SPY,buy,market,fill,1,gtc,0.0,1,stock,515.6799926757812,100.0,0.0
2024-04-11 12:30:00-04:00,MyStrategy,60332cc17b3f40f89b0bc03b67e90b1c,SPY,buy,market,new,1,gtc,0.0,1,stock,,,
2024-04-11 12:30:00-04:00,MyStrategy,60332cc17b3f40f89b0bc03b67e90b1c,SPY,buy,market,fill,1,gtc,0.0,1,stock,515.6799926757812,100.0,0.0
2024-04-11 15:30:00-04:00,MyStrategy,095980cea9904d1991f459578189f5a2,SPY,buy,market,new,1,gtc,0.0,1,stock,,,
2024-04-11 15:30:00-04:00,MyStrategy,095980cea9904d1991f459578189f5a2,SPY,buy,market,fill,1,gtc,0.0,1,stock,515.6799926757812,100.0,0.0
2024-04-12 09:30:00-04:00,MyStrategy,db6a4163719e4a71a038e235ed824828,SPY,buy,market,new,1,gtc,0.0,1,stock,,,
2024-04-12 09:30:00-04:00,MyStrategy,db6a4163719e4a71a038e235ed824828,SPY,buy,market,fill,1,gtc,0.0,1,stock,514.3699951171875,100.0,0.0
2024-04-12 12:30:00-04:00,MyStrategy,a009804bd46f4171a853b663dd4705fb,SPY,buy,market,new,1,gtc,0.0,1,stock,,,
2024-04-12 12:30:00-04:00,MyStrategy,a009804bd46f4171a853b663dd4705fb,SPY,buy,market,fill,1,gtc,0.0,1,stock,514.3699951171875,100.0,0.0
2024-04-12 15:30:00-04:00,MyStrategy,f97df2a2828d40afa6c367a827908299,SPY,buy,market,new,1,gtc,0.0,1,stock,,,
2024-04-12 15:30:00-04:00,MyStrategy,f97df2a2828d40afa6c367a827908299,SPY,buy,market,fill,1,gtc,0.0,1,stock,514.3699951171875,100.0,0.0
2024-04-15 09:30:00-04:00,MyStrategy,b10b57e3519a4855854bba2f36f5e1b7,SPY,buy,market,new,1,gtc,0.0,1,stock,,,
2024-04-15 09:30:00-04:00,MyStrategy,b10b57e3519a4855854bba2f36f5e1b7,SPY,buy,market,fill,1,gtc,0.0,1,stock,515.1300048828125,100.0,0.0
2024-04-15 12:30:00-04:00,MyStrategy,558dda15799c4f308737c52da6bd8016,SPY,buy,market,new,1,gtc,0.0,1,stock,,,
2024-04-15 12:30:00-04:00,MyStrategy,558dda15799c4f308737c52da6bd8016,SPY,buy,market,fill,1,gtc,0.0,1,stock,515.1300048828125,100.0,0.0
2024-04-15 15:30:00-04:00,MyStrategy,f5d738d178ac42d8a09d676e413d70df,SPY,buy,market,new,1,gtc,0.0,1,stock,,,
2024-04-15 15:30:00-04:00,MyStrategy,f5d738d178ac42d8a09d676e413d70df,SPY,buy,market,fill,1,gtc,0.0,1,stock,515.1300048828125,100.0,0.0
2024-04-16 09:30:00-04:00,MyStrategy,24bebfd9ade2495f86201eb193409bdc,SPY,buy,market,new,1,gtc,0.0,1,stock,,,
2024-04-16 09:30:00-04:00,MyStrategy,24bebfd9ade2495f86201eb193409bdc,SPY,buy,market,fill,1,gtc,0.0,1,stock,504.94000244140625,100.0,0.0
2024-04-16 12:30:00-04:00,MyStrategy,fdd5e493df12484db2c6be8d0de4e979,SPY,buy,market,new,1,gtc,0.0,1,stock,,,
2024-04-16 12:30:00-04:00,MyStrategy,fdd5e493df12484db2c6be8d0de4e979,SPY,buy,market,fill,1,gtc,0.0,1,stock,504.94000244140625,100.0,0.0
2024-04-16 15:30:00-04:00,MyStrategy,0ba5a15100094076bf9fbd8025f3782c,SPY,buy,market,new,1,gtc,0.0,1,stock,,,
2024-04-16 15:30:00-04:00,MyStrategy,0ba5a15100094076bf9fbd8025f3782c,SPY,buy,market,fill,1,gtc,0.0,1,stock,504.94000244140625,100.0,0.0
2024-04-17 09:30:00-04:00,MyStrategy,ed492e1cedf646cc8611780c3a0c872d,SPY,buy,market,new,1,gtc,0.0,1,stock,,,
2024-04-17 09:30:00-04:00,MyStrategy,ed492e1cedf646cc8611780c3a0c872d,SPY,buy,market,fill,1,gtc,0.0,1,stock,506.04998779296875,100.0,0.0
2024-04-17 12:30:00-04:00,MyStrategy,cf210344b00d43e2bbdfd6af1e564ae6,SPY,buy,market,new,1,gtc,0.0,1,stock,,,
2024-04-17 12:30:00-04:00,MyStrategy,cf210344b00d43e2bbdfd6af1e564ae6,SPY,buy,market,fill,1,gtc,0.0,1,stock,506.04998779296875,100.0,0.0
2024-04-17 15:30:00-04:00,MyStrategy,cce88f84f313436a888e61075874ca81,SPY,buy,market,new,1,gtc,0.0,1,stock,,,
2024-04-17 15:30:00-04:00,MyStrategy,cce88f84f313436a888e61075874ca81,SPY,buy,market,fill,1,gtc,0.0,1,stock,506.04998779296875,100.0,0.0
2024-04-18 09:30:00-04:00,MyStrategy,8f55d86cce944c24ac04daa3ca081a0d,SPY,buy,market,new,1,gtc,0.0,1,stock,,,
2024-04-18 09:30:00-04:00,MyStrategy,8f55d86cce944c24ac04daa3ca081a0d,SPY,buy,market,fill,1,gtc,0.0,1,stock,501.9800109863281,100.0,0.0
2024-04-18 12:30:00-04:00,MyStrategy,cc65d589a6b94510a692af0dbf15a92e,SPY,buy,market,new,1,gtc,0.0,1,stock,,,
2024-04-18 12:30:00-04:00,MyStrategy,cc65d589a6b94510a692af0dbf15a92e,SPY,buy,market,fill,1,gtc,0.0,1,stock,501.9800109863281,100.0,0.0
2024-04-18 15:30:00-04:00,MyStrategy,21bcec16c2e446bf8ded915bc794a230,SPY,buy,market,new,1,gtc,0.0,1,stock,,,
2024-04-18 15:30:00-04:00,MyStrategy,21bcec16c2e446bf8ded915bc794a230,SPY,buy,market,fill,1,gtc,0.0,1,stock,501.9800109863281,100.0,0.0
2024-04-19 09:30:00-04:00,MyStrategy,13d5fc96de684ae3bf2d73f76556940d,SPY,buy,market,new,1,gtc,0.0,1,stock,,,
2024-04-19 09:30:00-04:00,MyStrategy,13d5fc96de684ae3bf2d73f76556940d,SPY,buy,market,fill,1,gtc,0.0,1,stock,499.44000244140625,100.0,0.0
2024-04-19 12:30:00-04:00,MyStrategy,a1989b03188c422fa0b7af87b5dac33a,SPY,buy,market,new,1,gtc,0.0,1,stock,,,
2024-04-19 12:30:00-04:00,MyStrategy,a1989b03188c422fa0b7af87b5dac33a,SPY,buy,market,fill,1,gtc,0.0,1,stock,499.44000244140625,100.0,0.0
2024-04-19 15:30:00-04:00,MyStrategy,8c7503cff540427b8c763c3006fed6f5,SPY,buy,market,new,1,gtc,0.0,1,stock,,,
2024-04-19 15:30:00-04:00,MyStrategy,8c7503cff540427b8c763c3006fed6f5,SPY,buy,market,fill,1,gtc,0.0,1,stock,499.44000244140625,100.0,0.0
2024-04-22 09:30:00-04:00,MyStrategy,bdff5ad1c0954b3999cbed6866123aca,SPY,buy,market,new,1,gtc,0.0,1,stock,,,
2024-04-22 09:30:00-04:00,MyStrategy,bdff5ad1c0954b3999cbed6866123aca,SPY,buy,market,fill,1,gtc,0.0,1,stock,497.8299865722656,100.0,0.0
2024-04-22 12:30:00-04:00,MyStrategy,49a22bb8c93a44568b65b22a6bd5f10e,SPY,buy,market,new,1,gtc,0.0,1,stock,,,
2024-04-22 12:30:00-04:00,MyStrategy,49a22bb8c93a44568b65b22a6bd5f10e,SPY,buy,market,fill,1,gtc,0.0,1,stock,497.8299865722656,100.0,0.0
2024-04-22 15:30:00-04:00,MyStrategy,dc3ec57535444806bb0f0dcd7de7e0de,SPY,buy,market,new,1,gtc,0.0,1,stock,,,
2024-04-22 15:30:00-04:00,MyStrategy,dc3ec57535444806bb0f0dcd7de7e0de,SPY,buy,market,fill,1,gtc,0.0,1,stock,497.8299865722656,100.0,0.0
2024-04-23 09:30:00-04:00,MyStrategy,1ca5b4c2d4724558a727068e08e0aa0d,SPY,buy,market,new,1,gtc,0.0,1,stock,,,
2024-04-23 09:30:00-04:00,MyStrategy,1ca5b4c2d4724558a727068e08e0aa0d,SPY,buy,market,fill,1,gtc,0.0,1,stock,501.7799987792969,100.0,0.0
2024-04-23 12:30:00-04:00,MyStrategy,142c887876e0495e949dc7ab826b2a5d,SPY,buy,market,new,1,gtc,0.0,1,stock,,,
2024-04-23 12:30:00-04:00,MyStrategy,142c887876e0495e949dc7ab826b2a5d,SPY,buy,market,fill,1,gtc,0.0,1,stock,501.7799987792969,100.0,0.0
2024-04-23 15:30:00-04:00,MyStrategy,939f56e7bbd94ec4a18a2a0a350c71c4,SPY,buy,market,new,1,gtc,0.0,1,stock,,,
2024-04-23 15:30:00-04:00,MyStrategy,939f56e7bbd94ec4a18a2a0a350c71c4,SPY,buy,market,fill,1,gtc,0.0,1,stock,501.7799987792969,100.0,0.0
2024-04-24 09:30:00-04:00,MyStrategy,374b2403fabe4c298d406d0903aa0ca2,SPY,buy,market,new,1,gtc,0.0,1,stock,,,
2024-04-24 09:30:00-04:00,MyStrategy,374b2403fabe4c298d406d0903aa0ca2,SPY,buy,market,fill,1,gtc,0.0,1,stock,506.55999755859375,100.0,0.0
2024-04-24 12:30:00-04:00,MyStrategy,d100c0b302744eb5abe117d402418eaf,SPY,buy,market,new,1,gtc,0.0,1,stock,,,
2024-04-24 12:30:00-04:00,MyStrategy,d100c0b302744eb5abe117d402418eaf,SPY,buy,market,fill,1,gtc,0.0,1,stock,506.55999755859375,100.0,0.0
2024-04-24 15:30:00-04:00,MyStrategy,881192a69cbe4650956dd1b741acc8a0,SPY,buy,market,new,1,gtc,0.0,1,stock,,,
2024-04-24 15:30:00-04:00,MyStrategy,881192a69cbe4650956dd1b741acc8a0,SPY,buy,market,fill,1,gtc,0.0,1,stock,506.55999755859375,100.0,0.0
2024-04-25 09:30:00-04:00,MyStrategy,d1638b49932d4c82b410635f97155880,SPY,buy,market,new,1,gtc,0.0,1,stock,,,
2024-04-25 09:30:00-04:00,MyStrategy,d1638b49932d4c82b410635f97155880,SPY,buy,market,fill,1,gtc,0.0,1,stock,499.17999267578125,100.0,0.0
2024-04-25 12:30:00-04:00,MyStrategy,807b49f3f5324139a9ff9c8e798c550b,SPY,buy,market,new,1,gtc,0.0,1,stock,,,
2024-04-25 12:30:00-04:00,MyStrategy,807b49f3f5324139a9ff9c8e798c550b,SPY,buy,market,fill,1,gtc,0.0,1,stock,499.17999267578125,100.0,0.0
2024-04-25 15:30:00-04:00,MyStrategy,de72976ac8ce46d69cd1c9da13921489,SPY,buy,market,new,1,gtc,0.0,1,stock,,,
2024-04-25 15:30:00-04:00,MyStrategy,de72976ac8ce46d69cd1c9da13921489,SPY,buy,market,fill,1,gtc,0.0,1,stock,499.17999267578125,100.0,0.0
2024-04-26 09:30:00-04:00,MyStrategy,050ba057aef4410b90446aad1e626a4d,SPY,buy,market,new,1,gtc,0.0,1,stock,,,
2024-04-26 09:30:00-04:00,MyStrategy,050ba057aef4410b90446aad1e626a4d,SPY,buy,market,fill,1,gtc,0.0,1,stock,506.3500061035156,100.0,0.0
2024-04-26 12:30:00-04:00,MyStrategy,25dddb190a4345c4a937fc1b634852e8,SPY,buy,market,new,1,gtc,0.0,1,stock,,,
2024-04-26 12:30:00-04:00,MyStrategy,25dddb190a4345c4a937fc1b634852e8,SPY,buy,market,fill,1,gtc,0.0,1,stock,506.3500061035156,100.0,0.0
2024-04-26 15:30:00-04:00,MyStrategy,8c908a48e52d41eebd1cadd8735580ba,SPY,buy,market,new,1,gtc,0.0,1,stock,,,
2024-04-26 15:30:00-04:00,MyStrategy,8c908a48e52d41eebd1cadd8735580ba,SPY,buy,market,fill,1,gtc,0.0,1,stock,506.3500061035156,100.0,0.0
2024-04-29 09:30:00-04:00,MyStrategy,499706185c0942e7acbf6403f5ab3192,SPY,buy,market,new,1,gtc,0.0,1,stock,,,
2024-04-29 09:30:00-04:00,MyStrategy,499706185c0942e7acbf6403f5ab3192,SPY,buy,market,fill,1,gtc,0.0,1,stock,510.0899963378906,100.0,0.0
2024-04-29 12:30:00-04:00,MyStrategy,a5e9e57e116145249ef578e2e6a4a61d,SPY,buy,market,new,1,gtc,0.0,1,stock,,,
2024-04-29 12:30:00-04:00,MyStrategy,a5e9e57e116145249ef578e2e6a4a61d,SPY,buy,market,fill,1,gtc,0.0,1,stock,510.0899963378906,100.0,0.0
2024-04-29 15:30:00-04:00,MyStrategy,3c64ab87d2104924b0020142714448c9,SPY,buy,market,new,1,gtc,0.0,1,stock,,,
2024-04-29 15:30:00-04:00,MyStrategy,3c64ab87d2104924b0020142714448c9,SPY,buy,market,fill,1,gtc,0.0,1,stock,510.0899963378906,100.0,0.0
2024-04-30 09:30:00-04:00,MyStrategy,8fdb8b1b0fa5454ea4300214a9c351e2,SPY,buy,market,new,1,gtc,0.0,1,stock,,,
2024-04-30 09:30:00-04:00,MyStrategy,8fdb8b1b0fa5454ea4300214a9c351e2,SPY,buy,market,fill,1,gtc,0.0,1,stock,508.55999755859375,100.0,0.0
2024-04-30 12:30:00-04:00,MyStrategy,fe6ee09ec4cb4dca86dd7279b8530ec8,SPY,buy,market,new,1,gtc,0.0,1,stock,,,
2024-04-30 12:30:00-04:00,MyStrategy,fe6ee09ec4cb4dca86dd7279b8530ec8,SPY,buy,market,fill,1,gtc,0.0,1,stock,508.55999755859375,100.0,0.0
2024-04-30 15:30:00-04:00,MyStrategy,1e2f4c6869d2404da827bf40d9d9909f,SPY,buy,market,new,1,gtc,0.0,1,stock,,,
2024-04-30 15:30:00-04:00,MyStrategy,1e2f4c6869d2404da827bf40d9d9909f,SPY,buy,market,fill,1,gtc,0.0,1,stock,508.55999755859375,100.0,0.0
2024-05-01 09:30:00-04:00,MyStrategy,f05e9c874c5442369cbabc4c7e263fe3,SPY,buy,market,new,1,gtc,0.0,1,stock,,,
2024-05-01 09:30:00-04:00,MyStrategy,f05e9c874c5442369cbabc4c7e263fe3,SPY,buy,market,fill,1,gtc,0.0,1,stock,501.3800048828125,100.0,0.0
2024-05-01 12:30:00-04:00,MyStrategy,00797f7e3b4b4f36bca03e724828eef1,SPY,buy,market,new,1,gtc,0.0,1,stock,,,
2024-05-01 12:30:00-04:00,MyStrategy,00797f7e3b4b4f36bca03e724828eef1,SPY,buy,market,fill,1,gtc,0.0,1,stock,501.3800048828125,100.0,0.0
2024-05-01 15:30:00-04:00,MyStrategy,545428bab087435cabd9eacf7f100b29,SPY,buy,market,new,1,gtc,0.0,1,stock,,,
2024-05-01 15:30:00-04:00,MyStrategy,545428bab087435cabd9eacf7f100b29,SPY,buy,market,fill,1,gtc,0.0,1,stock,501.3800048828125,100.0,0.0
2024-05-02 09:30:00-04:00,MyStrategy,09ae6cafc9e24648b349e4268346834a,SPY,buy,market,new,1,gtc,0.0,1,stock,,,
2024-05-02 09:30:00-04:00,MyStrategy,09ae6cafc9e24648b349e4268346834a,SPY,buy,market,fill,1,gtc,0.0,1,stock,504.1499938964844,100.0,0.0
2024-05-02 12:30:00-04:00,MyStrategy,3cfb8436f0584c01981886bc1870c4b0,SPY,buy,market,new,1,gtc,0.0,1,stock,,,
2024-05-02 12:30:00-04:00,MyStrategy,3cfb8436f0584c01981886bc1870c4b0,SPY,buy,market,fill,1,gtc,0.0,1,stock,504.1499938964844,100.0,0.0
2024-05-02 15:30:00-04:00,MyStrategy,054c3ee658fd4b39b8d327a47e2e855f,SPY,buy,market,new,1,gtc,0.0,1,stock,,,
2024-05-02 15:30:00-04:00,MyStrategy,054c3ee658fd4b39b8d327a47e2e855f,SPY,buy,market,fill,1,gtc,0.0,1,stock,504.1499938964844,100.0,0.0
2024-05-03 09:30:00-04:00,MyStrategy,ed4a8af25d0d4d6a9942c9d2ec7eacf1,SPY,buy,market,new,1,gtc,0.0,1,stock,,,
2024-05-03 09:30:00-04:00,MyStrategy,ed4a8af25d0d4d6a9942c9d2ec7eacf1,SPY,buy,market,fill,1,gtc,0.0,1,stock,511.1600036621094,100.0,0.0
2024-05-03 12:30:00-04:00,MyStrategy,8c79c4a6f0bf415bb38c3ff485c4e6b7,SPY,buy,market,new,1,gtc,0.0,1,stock,,,
2024-05-03 12:30:00-04:00,MyStrategy,8c79c4a6f0bf415bb38c3ff485c4e6b7,SPY,buy,market,fill,1,gtc,0.0,1,stock,511.1600036621094,100.0,0.0
2024-05-03 15:30:00-04:00,MyStrategy,ef636a639da74fcea0cd6f0ee03e2d60,SPY,buy,market,new,1,gtc,0.0,1,stock,,,
2024-05-03 15:30:00-04:00,MyStrategy,ef636a639da74fcea0cd6f0ee03e2d60,SPY,buy,market,fill,1,gtc,0.0,1,stock,511.1600036621094,100.0,0.0
2024-05-06 09:30:00-04:00,MyStrategy,f9784167455e4f53b73e9cc4dcbfea79,SPY,buy,market,new,1,gtc,0.0,1,stock,,,
2024-05-06 09:30:00-04:00,MyStrategy,f9784167455e4f53b73e9cc4dcbfea79,SPY,buy,market,fill,1,gtc,0.0,1,stock,513.75,100.0,0.0
2024-05-06 12:30:00-04:00,MyStrategy,75b12f8f64da4aff8196c4fcdb9cb5a3,SPY,buy,market,new,1,gtc,0.0,1,stock,,,
2024-05-06 12:30:00-04:00,MyStrategy,75b12f8f64da4aff8196c4fcdb9cb5a3,SPY,buy,market,fill,1,gtc,0.0,1,stock,513.75,100.0,0.0
2024-05-06 15:30:00-04:00,MyStrategy,7d2cb5cd7ddd49a5bcfb03792a2b5f9b,SPY,buy,market,new,1,gtc,0.0,1,stock,,,
2024-05-06 15:30:00-04:00,MyStrategy,7d2cb5cd7ddd49a5bcfb03792a2b5f9b,SPY,buy,market,fill,1,gtc,0.0,1,stock,513.75,100.0,0.0
2024-05-07 09:30:00-04:00,MyStrategy,08d9ce963f37485890dfb733e0361e0c,SPY,buy,market,new,1,gtc,0.0,1,stock,,,
2024-05-07 09:30:00-04:00,MyStrategy,08d9ce963f37485890dfb733e0361e0c,SPY,buy,market,fill,1,gtc,0.0,1,stock,517.5599975585938,100.0,0.0
2024-05-07 12:30:00-04:00,MyStrategy,075cc14cca8741648b1598492cc2de86,SPY,buy,market,new,1,gtc,0.0,1,stock,,,
2024-05-07 12:30:00-04:00,MyStrategy,075cc14cca8741648b1598492cc2de86,SPY,buy,market,fill,1,gtc,0.0,1,stock,517.5599975585938,100.0,0.0
2024-05-07 15:30:00-04:00,MyStrategy,7de02bd92b3047b9bdcf45adc16859a2,SPY,buy,market,new,1,gtc,0.0,1,stock,,,
2024-05-07 15:30:00-04:00,MyStrategy,7de02bd92b3047b9bdcf45adc16859a2,SPY,buy,market,fill,1,gtc,0.0,1,stock,517.5599975585938,100.0,0.0
2024-05-08 09:30:00-04:00,MyStrategy,553dca532184474796b31998d7b98a04,SPY,buy,market,new,1,gtc,0.0,1,stock,,,
2024-05-08 09:30:00-04:00,MyStrategy,553dca532184474796b31998d7b98a04,SPY,buy,market,fill,1,gtc,0.0,1,stock,515.260009765625,100.0,0.0
2024-05-08 12:30:00-04:00,MyStrategy,ea26460a90c94844b153703e1af31f45,SPY,buy,market,new,1,gtc,0.0,1,stock,,,
2024-05-08 12:30:00-04:00,MyStrategy,ea26460a90c94844b153703e1af31f45,SPY,buy,market,fill,1,gtc,0.0,1,stock,515.260009765625,100.0,0.0
2024-05-08 15:30:00-04:00,MyStrategy,e84b164113bd4819ac8bf45e2da8ef3c,SPY,buy,market,new,1,gtc,0.0,1,stock,,,
2024-05-08 15:30:00-04:00,MyStrategy,e84b164113bd4819ac8bf45e2da8ef3c,SPY,buy,market,fill,1,gtc,0.0,1,stock,515.260009765625,100.0,0.0
2024-05-09 09:30:00-04:00,MyStrategy,83ff6aa3b2e44087912629e69951598b,SPY,buy,market,new,1,gtc,0.0,1,stock,,,
2024-05-09 09:30:00-04:00,MyStrategy,83ff6aa3b2e44087912629e69951598b,SPY,buy,market,fill,1,gtc,0.0,1,stock,517.3800048828125,100.0,0.0
2024-05-09 12:30:00-04:00,MyStrategy,e9425b858ce949bba5dac32b1d7a7bc0,SPY,buy,market,new,1,gtc,0.0,1,stock,,,
2024-05-09 12:30:00-04:00,MyStrategy,e9425b858ce949bba5dac32b1d7a7bc0,SPY,buy,market,fill,1,gtc,0.0,1,stock,517.3800048828125,100.0,0.0
2024-05-09 15:30:00-04:00,MyStrategy,e1a14260397f475a930439d0462c4873,SPY,buy,market,new,1,gtc,0.0,1,stock,,,
2024-05-09 15:30:00-04:00,MyStrategy,e1a14260397f475a930439d0462c4873,SPY,buy,market,fill,1,gtc,0.0,1,stock,517.3800048828125,100.0,0.0
2024-05-10 09:30:00-04:00,MyStrategy,a29663bf08b54147a6a88b33a60316df,SPY,buy,market,new,1,gtc,0.0,1,stock,,,
2024-05-10 09:30:00-04:00,MyStrategy,a29663bf08b54147a6a88b33a60316df,SPY,buy,market,fill,1,gtc,0.0,1,stock,521.8099975585938,100.0,0.0
2024-05-10 12:30:00-04:00,MyStrategy,c573b7b1b66c4c0c87f7c10ada94d837,SPY,buy,market,new,1,gtc,0.0,1,stock,,,
2024-05-10 12:30:00-04:00,MyStrategy,c573b7b1b66c4c0c87f7c10ada94d837,SPY,buy,market,fill,1,gtc,0.0,1,stock,521.8099975585938,100.0,0.0
2024-05-10 15:30:00-04:00,MyStrategy,dccde43c7f0941adaf568d0df88b77ba,SPY,buy,market,new,1,gtc,0.0,1,stock,,,
2024-05-10 15:30:00-04:00,MyStrategy,dccde43c7f0941adaf568d0df88b77ba,SPY,buy,market,fill,1,gtc,0.0,1,stock,521.8099975585938,100.0,0.0
2024-05-13 09:30:00-04:00,MyStrategy,9954eb0cb75f432bbb225595c55a2104,SPY,buy,market,new,1,gtc,0.0,1,stock,,,
2024-05-13 09:30:00-04:00,MyStrategy,9954eb0cb75f432bbb225595c55a2104,SPY,buy,market,fill,1,gtc,0.0,1,stock,522.5599975585938,100.0,0.0
2024-05-13 12:30:00-04:00,MyStrategy,a6713a4c342742c0831d97b88da15a5e,SPY,buy,market,new,1,gtc,0.0,1,stock,,,
2024-05-13 12:30:00-04:00,MyStrategy,a6713a4c342742c0831d97b88da15a5e,SPY,buy,market,fill,1,gtc,0.0,1,stock,522.5599975585938,100.0,0.0
2024-05-13 15:30:00-04:00,MyStrategy,e1c5b23e9fb147709dd79d502ae373cf,SPY,buy,market,new,1,gtc,0.0,1,stock,,,
2024-05-13 15:30:00-04:00,MyStrategy,e1c5b23e9fb147709dd79d502ae373cf,SPY,buy,market,fill,1,gtc,0.0,1,stock,522.5599975585938,100.0,0.0
2024-05-14 09:30:00-04:00,MyStrategy,3f7a80e984ac47029c1c96af326a7ead,SPY,buy,market,new,1,gtc,0.0,1,stock,,,
2024-05-14 09:30:00-04:00,MyStrategy,3f7a80e984ac47029c1c96af326a7ead,SPY,buy,market,fill,1,gtc,0.0,1,stock,521.1099853515625,100.0,0.0
2024-05-14 12:30:00-04:00,MyStrategy,482be6497a244e8c9779911591a5b596,SPY,buy,market,new,1,gtc,0.0,1,stock,,,
2024-05-14 12:30:00-04:00,MyStrategy,482be6497a244e8c9779911591a5b596,SPY,buy,market,fill,1,gtc,0.0,1,stock,521.1099853515625,100.0,0.0
2024-05-14 15:30:00-04:00,MyStrategy,98515e7e1de9408e8d15e89d0d306058,SPY,buy,market,new,1,gtc,0.0,1,stock,,,
2024-05-14 15:30:00-04:00,MyStrategy,98515e7e1de9408e8d15e89d0d306058,SPY,buy,market,fill,1,gtc,0.0,1,stock,521.1099853515625,100.0,0.0
2024-05-15 09:30:00-04:00,MyStrategy,2902ebc568f248de9713b591ea465726,SPY,buy,market,new,1,gtc,0.0,1,stock,,,
2024-05-15 09:30:00-04:00,MyStrategy,2902ebc568f248de9713b591ea465726,SPY,buy,market,fill,1,gtc,0.0,1,stock,525.8300170898438,100.0,0.0
2024-05-15 12:30:00-04:00,MyStrategy,f07c444fc598400eb721f3584c5cde98,SPY,buy,market,new,1,gtc,0.0,1,stock,,,
2024-05-15 12:30:00-04:00,MyStrategy,f07c444fc598400eb721f3584c5cde98,SPY,buy,market,fill,1,gtc,0.0,1,stock,525.8300170898438,100.0,0.0
2024-05-15 15:30:00-04:00,MyStrategy,5c0f42197f70458184e5d34c0f8e7f22,SPY,buy,market,new,1,gtc,0.0,1,stock,,,
2024-05-15 15:30:00-04:00,MyStrategy,5c0f42197f70458184e5d34c0f8e7f22,SPY,buy,market,fill,1,gtc,0.0,1,stock,525.8300170898438,100.0,0.0
2024-05-16 09:30:00-04:00,MyStrategy,a5572b875e5d43148214cc5990d5cfed,SPY,buy,market,new,1,gtc,0.0,1,stock,,,
2024-05-16 09:30:00-04:00,MyStrategy,a5572b875e5d43148214cc5990d5cfed,SPY,buy,market,fill,1,gtc,0.0,1,stock,529.8800048828125,100.0,0.0
2024-05-16 12:30:00-04:00,MyStrategy,913320f0ca184ca4bde53731ec14a047,SPY,buy,market,new,1,gtc,0.0,1,stock,,,
2024-05-16 12:30:00-04:00,MyStrategy,913320f0ca184ca4bde53731ec14a047,SPY,buy,market,fill,1,gtc,0.0,1,stock,529.8800048828125,100.0,0.0
2024-05-16 15:30:00-04:00,MyStrategy,5d03d568c53548b8bb288c2c92f13b8f,SPY,buy,market,new,1,gtc,0.0,1,stock,,,
2024-05-16 15:30:00-04:00,MyStrategy,5d03d568c53548b8bb288c2c92f13b8f,SPY,buy,market,fill,1,gtc,0.0,1,stock,529.8800048828125,100.0,0.0
2024-05-17 09:30:00-04:00,MyStrategy,00af7291295a4c0d837e93db99bc9134,SPY,buy,market,new,1,gtc,0.0,1,stock,,,
2024-05-17 09:30:00-04:00,MyStrategy,00af7291295a4c0d837e93db99bc9134,SPY,buy,market,fill,1,gtc,0.0,1,stock,528.8099975585938,100.0,0.0
2024-05-17 12:30:00-04:00,MyStrategy,c026d5366ede42e5b9fc429654a5eb51,SPY,buy,market,new,1,gtc,0.0,1,stock,,,
2024-05-17 12:30:00-04:00,MyStrategy,c026d5366ede42e5b9fc429654a5eb51,SPY,buy,market,fill,1,gtc,0.0,1,stock,528.8099975585938,100.0,0.0
2024-05-17 15:30:00-04:00,MyStrategy,4040a99d598d4e77bfc4eb163a6a1332,SPY,buy,market,new,1,gtc,0.0,1,stock,,,
2024-05-17 15:30:00-04:00,MyStrategy,4040a99d598d4e77bfc4eb163a6a1332,SPY,buy,market,fill,1,gtc,0.0,1,stock,528.8099975585938,100.0,0.0
2024-05-20 09:30:00-04:00,MyStrategy,afe270b15c9a45d4a82e705ec726020d,SPY,buy,market,new,1,gtc,0.0,1,stock,,,
2024-05-20 09:30:00-04:00,MyStrategy,afe270b15c9a45d4a82e705ec726020d,SPY,buy,market,fill,1,gtc,0.0,1,stock,529.5700073242188,100.0,0.0
2024-05-20 12:30:00-04:00,MyStrategy,60879533e89340669b150d132657358d,SPY,buy,market,new,1,gtc,0.0,1,stock,,,
2024-05-20 12:30:00-04:00,MyStrategy,60879533e89340669b150d132657358d,SPY,buy,market,fill,1,gtc,0.0,1,stock,529.5700073242188,100.0,0.0
2024-05-20 15:30:00-04:00,MyStrategy,780c01fc43744cf7831877772b3ff441,SPY,buy,market,new,1,gtc,0.0,1,stock,,,
2024-05-20 15:30:00-04:00,MyStrategy,780c01fc43744cf7831877772b3ff441,SPY,buy,market,fill,1,gtc,0.0,1,stock,529.5700073242188,100.0,0.0
2024-05-21 09:30:00-04:00,MyStrategy,196eb042b1fe4142b1bb1ece7c591065,SPY,buy,market,new,1,gtc,0.0,1,stock,,,
2024-05-21 09:30:00-04:00,MyStrategy,196eb042b1fe4142b1bb1ece7c591065,SPY,buy,market,fill,1,gtc,0.0,1,stock,529.280029296875,100.0,0.0
2024-05-21 12:30:00-04:00,MyStrategy,871d56a89a3242ab9cdfab1accea5c59,SPY,buy,market,new,1,gtc,0.0,1,stock,,,
2024-05-21 12:30:00-04:00,MyStrategy,871d56a89a3242ab9cdfab1accea5c59,SPY,buy,market,fill,1,gtc,0.0,1,stock,529.280029296875,100.0,0.0
2024-05-21 15:30:00-04:00,MyStrategy,6874da3c8448457391d220069a41894d,SPY,buy,market,new,1,gtc,0.0,1,stock,,,
2024-05-21 15:30:00-04:00,MyStrategy,6874da3c8448457391d220069a41894d,SPY,buy,market,fill,1,gtc,0.0,1,stock,529.280029296875,100.0,0.0
2024-05-22 09:30:00-04:00,MyStrategy,b9ee29fde5f243cdb5a436ad1030d425,SPY,buy,market,new,1,gtc,0.0,1,stock,,,
2024-05-22 09:30:00-04:00,MyStrategy,b9ee29fde5f243cdb5a436ad1030d425,SPY,buy,market,fill,1,gtc,0.0,1,stock,530.6500244140625,100.0,0.0
2024-05-22 12:30:00-04:00,MyStrategy,73581a4089374139aff3abf934862dfc,SPY,buy,market,new,1,gtc,0.0,1,stock,,,
2024-05-22 12:30:00-04:00,MyStrategy,73581a4089374139aff3abf934862dfc,SPY,buy,market,fill,1,gtc,0.0,1,stock,530.6500244140625,100.0,0.0
2024-05-22 15:30:00-04:00,MyStrategy,40120c414eb2419a99cde0b06f2a4ce5,SPY,buy,market,new,1,gtc,0.0,1,stock,,,
2024-05-22 15:30:00-04:00,MyStrategy,40120c414eb2419a99cde0b06f2a4ce5,SPY,buy,market,fill,1,gtc,0.0,1,stock,530.6500244140625,100.0,0.0
2024-05-23 09:30:00-04:00,MyStrategy,0b96b54cb1f543138d3c1eee68440f8d,SPY,buy,market,new,1,gtc,0.0,1,stock,,,
2024-05-23 09:30:00-04:00,MyStrategy,0b96b54cb1f543138d3c1eee68440f8d,SPY,buy,market,fill,1,gtc,0.0,1,stock,532.9600219726562,100.0,0.0
2024-05-23 12:30:00-04:00,MyStrategy,f3d05cb7c363456d8b495f36efa2f48f,SPY,buy,market,new,1,gtc,0.0,1,stock,,,
2024-05-23 12:30:00-04:00,MyStrategy,f3d05cb7c363456d8b495f36efa2f48f,SPY,buy,market,fill,1,gtc,0.0,1,stock,532.9600219726562,100.0,0.0
2024-05-23 15:30:00-04:00,MyStrategy,5d401b584bae4257a422b9c1278b542f,SPY,buy,market,new,1,gtc,0.0,1,stock,,,
2024-05-23 15:30:00-04:00,MyStrategy,5d401b584bae4257a422b9c1278b542f,SPY,buy,market,fill,1,gtc,0.0,1,stock,532.9600219726562,100.0,0.0
2024-05-24 09:30:00-04:00,MyStrategy,2fd2dddecf6149ea8a4bcf6de8b6795a,SPY,buy,market,new,1,gtc,0.0,1,stock,,,
2024-05-24 09:30:00-04:00,MyStrategy,2fd2dddecf6149ea8a4bcf6de8b6795a,SPY,buy,market,fill,1,gtc,0.0,1,stock,527.8499755859375,100.0,0.0
2024-05-24 12:30:00-04:00,MyStrategy,f06ddc655a0746a48e057b3f2f756faa,SPY,buy,market,new,1,gtc,0.0,1,stock,,,
2024-05-24 12:30:00-04:00,MyStrategy,f06ddc655a0746a48e057b3f2f756faa,SPY,buy,market,fill,1,gtc,0.0,1,stock,527.8499755859375,100.0,0.0
2024-05-24 15:30:00-04:00,MyStrategy,0cbb59a5f37847daa734a50f632f9e51,SPY,buy,market,new,1,gtc,0.0,1,stock,,,
2024-05-24 15:30:00-04:00,MyStrategy,0cbb59a5f37847daa734a50f632f9e51,SPY,buy,market,fill,1,gtc,0.0,1,stock,527.8499755859375,100.0,0.0
2024-05-28 09:30:00-04:00,MyStrategy,e145aaf22c3e4c299b1b2f3dabc5c245,SPY,buy,market,new,1,gtc,0.0,1,stock,,,
2024-05-28 09:30:00-04:00,MyStrategy,e145aaf22c3e4c299b1b2f3dabc5c245,SPY,buy,market,fill,1,gtc,0.0,1,stock,530.27001953125,100.0,0.0
2024-05-28 12:30:00-04:00,MyStrategy,31f2dbb396c447838c845e9df46d21f2,SPY,buy,market,new,1,gtc,0.0,1,stock,,,
2024-05-28 12:30:00-04:00,MyStrategy,31f2dbb396c447838c845e9df46d21f2,SPY,buy,market,fill,1,gtc,0.0,1,stock,530.27001953125,100.0,0.0
2024-05-28 15:30:00-04:00,MyStrategy,325b02d096d746408879debe3c421d87,SPY,buy,market,new,1,gtc,0.0,1,stock,,,
2024-05-28 15:30:00-04:00,MyStrategy,325b02d096d746408879debe3c421d87,SPY,buy,market,fill,1,gtc,0.0,1,stock,530.27001953125,100.0,0.0
2024-05-29 09:30:00-04:00,MyStrategy,ae1c3ad3a4e8448dbe87b2d31286aada,SPY,buy,market,new,1,gtc,0.0,1,stock,,,
2024-05-29 09:30:00-04:00,MyStrategy,ae1c3ad3a4e8448dbe87b2d31286aada,SPY,buy,market,fill,1,gtc,0.0,1,stock,525.6799926757812,100.0,0.0
2024-05-29 12:30:00-04:00,MyStrategy,7d998b10df544257ab00afe074415a93,SPY,buy,market,new,1,gtc,0.0,1,stock,,,
2024-05-29 12:30:00-04:00,MyStrategy,7d998b10df544257ab00afe074415a93,SPY,buy,market,fill,1,gtc,0.0,1,stock,525.6799926757812,100.0,0.0
2024-05-29 15:30:00-04:00,MyStrategy,44c18b2d955b4a9186c36e13623f25f6,SPY,buy,market,new,1,gtc,0.0,1,stock,,,
2024-05-29 15:30:00-04:00,MyStrategy,44c18b2d955b4a9186c36e13623f25f6,SPY,buy,market,fill,1,gtc,0.0,1,stock,525.6799926757812,100.0,0.0
2024-05-30 09:30:00-04:00,MyStrategy,d92d3a05ea2e4c24b2e2ba8b1ba39380,SPY,buy,market,new,1,gtc,0.0,1,stock,,,
2024-05-30 09:30:00-04:00,MyStrategy,d92d3a05ea2e4c24b2e2ba8b1ba39380,SPY,buy,market,fill,1,gtc,0.0,1,stock,524.52001953125,100.0,0.0
2024-05-30 12:30:00-04:00,MyStrategy,ffacde9497944249bde51109c6f829b0,SPY,buy,market,new,1,gtc,0.0,1,stock,,,
2024-05-30 12:30:00-04:00,MyStrategy,ffacde9497944249bde51109c6f829b0,SPY,buy,market,fill,1,gtc,0.0,1,stock,524.52001953125,100.0,0.0
2024-05-30 15:30:00-04:00,MyStrategy,6f30060539444b1d8434cd2740e0376c,SPY,buy,market,new,1,gtc,0.0,1,stock,,,
2024-05-30 15:30:00-04:00,MyStrategy,6f30060539444b1d8434cd2740e0376c,SPY,buy,market,fill,1,gtc,0.0,1,stock,524.52001953125,100.0,0.0
2024-05-31 09:30:00-04:00,MyStrategy,46b60d29b8b942e4bae7b924da3f0fca,SPY,buy,market,new,1,gtc,0.0,1,stock,,,
2024-05-31 09:30:00-04:00,MyStrategy,46b60d29b8b942e4bae7b924da3f0fca,SPY,buy,market,fill,1,gtc,0.0,1,stock,523.5900268554688,100.0,0.0
2024-05-31 12:30:00-04:00,MyStrategy,7ed15456da1c4dc88eb76abfaad884c4,SPY,buy,market,new,1,gtc,0.0,1,stock,,,
2024-05-31 12:30:00-04:00,MyStrategy,7ed15456da1c4dc88eb76abfaad884c4,SPY,buy,market,fill,1,gtc,0.0,1,stock,523.5900268554688,100.0,0.0
2024-05-31 15:30:00-04:00,MyStrategy,6e14d809a8324ae9a7f8e63e41b1c260,SPY,buy,market,new,1,gtc,0.0,1,stock,,,
2024-05-31 15:30:00-04:00,MyStrategy,6e14d809a8324ae9a7f8e63e41b1c260,SPY,buy,market,fill,1,gtc,0.0,1,stock,523.5900268554688,100.0,0.0
2024-06-03 09:30:00-04:00,MyStrategy,fe3181d0b4ed4a20893f45f8ca0d1f7b,SPY,buy,market,new,1,gtc,0.0,1,stock,,,
2024-06-03 09:30:00-04:00,MyStrategy,fe3181d0b4ed4a20893f45f8ca0d1f7b,SPY,buy,market,fill,1,gtc,0.0,1,stock,529.02001953125,100.0,0.0
2024-06-03 12:30:00-04:00,MyStrategy,7a5f19f73f5449dc96cf60a6ba90f290,SPY,buy,market,new,1,gtc,0.0,1,stock,,,
2024-06-03 12:30:00-04:00,MyStrategy,7a5f19f73f5449dc96cf60a6ba90f290,SPY,buy,market,fill,1,gtc,0.0,1,stock,529.02001953125,100.0,0.0
2024-06-03 15:30:00-04:00,MyStrategy,ae79c68733e146b99f7358c8de002a29,SPY,buy,market,new,1,gtc,0.0,1,stock,,,
2024-06-03 15:30:00-04:00,MyStrategy,ae79c68733e146b99f7358c8de002a29,SPY,buy,market,fill,1,gtc,0.0,1,stock,529.02001953125,100.0,0.0
2024-06-04 09:30:00-04:00,MyStrategy,8a8a4d62802c4aca834de1f28c915a78,SPY,buy,market,new,1,gtc,0.0,1,stock,,,
2024-06-04 09:30:00-04:00,MyStrategy,8a8a4d62802c4aca834de1f28c915a78,SPY,buy,market,fill,1,gtc,0.0,1,stock,526.4600219726562,100.0,0.0
2024-06-04 12:30:00-04:00,MyStrategy,df06d549073d44749b2bdcd4c97391f9,SPY,buy,market,new,1,gtc,0.0,1,stock,,,
2024-06-04 12:30:00-04:00,MyStrategy,df06d549073d44749b2bdcd4c97391f9,SPY,buy,market,fill,1,gtc,0.0,1,stock,526.4600219726562,100.0,0.0
2024-06-04 15:30:00-04:00,MyStrategy,b4f0d9fadacd4effa2678898996e01ec,SPY,buy,market,new,1,gtc,0.0,1,stock,,,
2024-06-04 15:30:00-04:00,MyStrategy,b4f0d9fadacd4effa2678898996e01ec,SPY,buy,market,fill,1,gtc,0.0,1,stock,526.4600219726562,100.0,0.0
2024-06-05 09:30:00-04:00,MyStrategy,4af8d308971a4fc79825e6f9d52ef7c3,SPY,buy,market,new,1,gtc,0.0,1,stock,,,
2024-06-05 09:30:00-04:00,MyStrategy,4af8d308971a4fc79825e6f9d52ef7c3,SPY,buy,market,fill,1,gtc,0.0,1,stock,530.77001953125,100.0,0.0
2024-06-05 12:30:00-04:00,MyStrategy,bde0d73649804ef9bc8a2eaf3bfeab2e,SPY,buy,market,new,1,gtc,0.0,1,stock,,,
2024-06-05 12:30:00-04:00,MyStrategy,bde0d73649804ef9bc8a2eaf3bfeab2e,SPY,buy,market,fill,1,gtc,0.0,1,stock,530.77001953125,100.0,0.0
2024-06-05 15:30:00-04:00,MyStrategy,d696b655ec1146b58f9e14a26d1920b7,SPY,buy,market,new,1,gtc,0.0,1,stock,,,
2024-06-05 15:30:00-04:00,MyStrategy,d696b655ec1146b58f9e14a26d1920b7,SPY,buy,market,fill,1,gtc,0.0,1,stock,530.77001953125,100.0,0.0
2024-06-06 09:30:00-04:00,MyStrategy,160794baff494e3588ffa5e41a531cdb,SPY,buy,market,new,1,gtc,0.0,1,stock,,,
2024-06-06 09:30:00-04:00,MyStrategy,160794baff494e3588ffa5e41a531cdb,SPY,buy,market,fill,1,gtc,0.0,1,stock,534.97998046875,100.0,0.0
2024-06-06 12:30:00-04:00,MyStrategy,b654362dadb841fe91c115da0cdb32c2,SPY,buy,market,new,1,gtc,0.0,1,stock,,,
2024-06-06 12:30:00-04:00,MyStrategy,b654362dadb841fe91c115da0cdb32c2,SPY,buy,market,fill,1,gtc,0.0,1,stock,534.97998046875,100.0,0.0
2024-06-06 15:30:00-04:00,MyStrategy,cf74c64f905c45cda1576822917657a0,SPY,buy,market,new,1,gtc,0.0,1,stock,,,
2024-06-06 15:30:00-04:00,MyStrategy,cf74c64f905c45cda1576822917657a0,SPY,buy,market,fill,1,gtc,0.0,1,stock,534.97998046875,100.0,0.0
2024-06-07 09:30:00-04:00,MyStrategy,d8967c43b6d248fe84c1b9923852ce37,SPY,buy,market,new,1,gtc,0.0,1,stock,,,
2024-06-07 09:30:00-04:00,MyStrategy,d8967c43b6d248fe84c1b9923852ce37,SPY,buy,market,fill,1,gtc,0.0,1,stock,533.6599731445312,100.0,0.0
2024-06-07 12:30:00-04:00,MyStrategy,c85af5fd521146358565fbf2fb0c65d0,SPY,buy,market,new,1,gtc,0.0,1,stock,,,
2024-06-07 12:30:00-04:00,MyStrategy,c85af5fd521146358565fbf2fb0c65d0,SPY,buy,market,fill,1,gtc,0.0,1,stock,533.6599731445312,100.0,0.0
2024-06-07 15:30:00-04:00,MyStrategy,716da4a51e8d4a8488f7ad96cdcaa83b,SPY,buy,market,new,1,gtc,0.0,1,stock,,,
2024-06-07 15:30:00-04:00,MyStrategy,716da4a51e8d4a8488f7ad96cdcaa83b,SPY,buy,market,fill,1,gtc,0.0,1,stock,533.6599731445312,100.0,0.0
2024-06-10 09:30:00-04:00,MyStrategy,cd9c1a0ef0664aa7896e0cdbc97307be,SPY,buy,market,new,1,gtc,0.0,1,stock,,,
2024-06-10 09:30:00-04:00,MyStrategy,cd9c1a0ef0664aa7896e0cdbc97307be,SPY,buy,market,fill,1,gtc,0.0,1,stock,533.1799926757812,100.0,0.0
2024-06-10 12:30:00-04:00,MyStrategy,23858d7872184c139cf83ecb32ada3b4,SPY,buy,market,new,1,gtc,0.0,1,stock,,,
2024-06-10 12:30:00-04:00,MyStrategy,23858d7872184c139cf83ecb32ada3b4,SPY,buy,market,fill,1,gtc,0.0,1,stock,533.1799926757812,100.0,0.0
2024-06-10 15:30:00-04:00,MyStrategy,346d66ff5dcd4c86ba85d92f9d4789ac,SPY,buy,market,new,1,gtc,0.0,1,stock,,,
2024-06-10 15:30:00-04:00,MyStrategy,346d66ff5dcd4c86ba85d92f9d4789ac,SPY,buy,market,fill,1,gtc,0.0,1,stock,533.1799926757812,100.0,0.0
2024-06-11 09:30:00-04:00,MyStrategy,0e73828040144a2a935ff8e9962c4257,SPY,buy,market,new,1,gtc,0.0,1,stock,,,
2024-06-11 09:30:00-04:00,MyStrategy,0e73828040144a2a935ff8e9962c4257,SPY,buy,market,fill,1,gtc,0.0,1,stock,534.0700073242188,100.0,0.0
2024-06-11 12:30:00-04:00,MyStrategy,5546a43d162b4aa484e376320e3486c3,SPY,buy,market,new,1,gtc,0.0,1,stock,,,
2024-06-11 12:30:00-04:00,MyStrategy,5546a43d162b4aa484e376320e3486c3,SPY,buy,market,fill,1,gtc,0.0,1,stock,534.0700073242188,100.0,0.0
2024-06-11 15:30:00-04:00,MyStrategy,8f25b61f5b8d445199c2fdee0ff86a36,SPY,buy,market,new,1,gtc,0.0,1,stock,,,
2024-06-11 15:30:00-04:00,MyStrategy,8f25b61f5b8d445199c2fdee0ff86a36,SPY,buy,market,fill,1,gtc,0.0,1,stock,534.0700073242188,100.0,0.0
2024-06-12 09:30:00-04:00,MyStrategy,566cfa1f45db4b6ca5f27e9fa161db89,SPY,buy,market,new,1,gtc,0.0,1,stock,,,
2024-06-12 09:30:00-04:00,MyStrategy,566cfa1f45db4b6ca5f27e9fa161db89,SPY,buy,market,fill,1,gtc,0.0,1,stock,541.6300048828125,100.0,0.0
2024-06-12 12:30:00-04:00,MyStrategy,3693ff3b08304f759290bfb42388f57c,SPY,buy,market,new,1,gtc,0.0,1,stock,,,
2024-06-12 12:30:00-04:00,MyStrategy,3693ff3b08304f759290bfb42388f57c,SPY,buy,market,fill,1,gtc,0.0,1,stock,541.6300048828125,100.0,0.0
2024-06-12 15:30:00-04:00,MyStrategy,cd2075c4d64e48d9b9c1c71bfa5f3eb8,SPY,buy,market,new,1,gtc,0.0,1,stock,,,
2024-06-12 15:30:00-04:00,MyStrategy,cd2075c4d64e48d9b9c1c71bfa5f3eb8,SPY,buy,market,fill,1,gtc,0.0,1,stock,541.6300048828125,100.0,0.0
2024-06-13 09:30:00-04:00,MyStrategy,c87ea58af34845dfac9c582543099fd1,SPY,buy,market,new,1,gtc,0.0,1,stock,,,
2024-06-13 09:30:00-04:00,MyStrategy,c87ea58af34845dfac9c582543099fd1,SPY,buy,market,fill,1,gtc,0.0,1,stock,543.1500244140625,100.0,0.0
2024-06-13 12:30:00-04:00,MyStrategy,6e9da3531b434d79832eb70e456ad26b,SPY,buy,market,new,1,gtc,0.0,1,stock,,,
2024-06-13 12:30:00-04:00,MyStrategy,6e9da3531b434d79832eb70e456ad26b,SPY,buy,market,fill,1,gtc,0.0,1,stock,543.1500244140625,100.0,0.0
2024-06-13 15:30:00-04:00,MyStrategy,b5b3843fc1c045e4b3e78146710b9aee,SPY,buy,market,new,1,gtc,0.0,1,stock,,,
2024-06-13 15:30:00-04:00,MyStrategy,b5b3843fc1c045e4b3e78146710b9aee,SPY,buy,market,fill,1,gtc,0.0,1,stock,543.1500244140625,100.0,0.0
2024-06-14 09:30:00-04:00,MyStrategy,bcee9f2b7ed0480c9347c530ff306bed,SPY,buy,market,new,1,gtc,0.0,1,stock,,,
2024-06-14 09:30:00-04:00,MyStrategy,bcee9f2b7ed0480c9347c530ff306bed,SPY,buy,market,fill,1,gtc,0.0,1,stock,540.8800048828125,100.0,0.0
2024-06-14 12:30:00-04:00,MyStrategy,bd7fb00cb07d46948377bcc347cb20ba,SPY,buy,market,new,1,gtc,0.0,1,stock,,,
2024-06-14 12:30:00-04:00,MyStrategy,bd7fb00cb07d46948377bcc347cb20ba,SPY,buy,market,fill,1,gtc,0.0,1,stock,540.8800048828125,100.0,0.0
2024-06-14 15:30:00-04:00,MyStrategy,65cd31345eae42d99779e398f236d70c,SPY,buy,market,new,1,gtc,0.0,1,stock,,,
2024-06-14 15:30:00-04:00,MyStrategy,65cd31345eae42d99779e398f236d70c,SPY,buy,market,fill,1,gtc,0.0,1,stock,540.8800048828125,100.0,0.0
2024-06-17 09:30:00-04:00,MyStrategy,3f19832a35154c989d98b3d9019dfd6b,SPY,buy,market,new,1,gtc,0.0,1,stock,,,
2024-06-17 09:30:00-04:00,MyStrategy,3f19832a35154c989d98b3d9019dfd6b,SPY,buy,market,fill,1,gtc,0.0,1,stock,542.0800170898438,100.0,0.0
2024-06-17 12:30:00-04:00,MyStrategy,b65f4034a6034c8fab0a72a19baeb8a6,SPY,buy,market,new,1,gtc,0.0,1,stock,,,
2024-06-17 12:30:00-04:00,MyStrategy,b65f4034a6034c8fab0a72a19baeb8a6,SPY,buy,market,fill,1,gtc,0.0,1,stock,542.0800170898438,100.0,0.0
2024-06-17 15:30:00-04:00,MyStrategy,39d12ddbe08341458a1a1610b73d21e4,SPY,buy,market,new,1,gtc,0.0,1,stock,,,
2024-06-17 15:30:00-04:00,MyStrategy,39d12ddbe08341458a1a1610b73d21e4,SPY,buy,market,fill,1,gtc,0.0,1,stock,542.0800170898438,100.0,0.0
2024-06-18 09:30:00-04:00,MyStrategy,3370cfc31c5547a7b611726744c0ee9c,SPY,buy,market,new,1,gtc,0.0,1,stock,,,
2024-06-18 09:30:00-04:00,MyStrategy,3370cfc31c5547a7b611726744c0ee9c,SPY,buy,market,fill,1,gtc,0.0,1,stock,547.1599731445312,100.0,0.0
2024-06-18 12:30:00-04:00,MyStrategy,7de488c1fe5c45379f4b7ad2c080fc73,SPY,buy,market,new,1,gtc,0.0,1,stock,,,
2024-06-18 12:30:00-04:00,MyStrategy,7de488c1fe5c45379f4b7ad2c080fc73,SPY,buy,market,fill,1,gtc,0.0,1,stock,547.1599731445312,100.0,0.0
2024-06-18 15:30:00-04:00,MyStrategy,a343bf9c4eab4ae3a45bc2a4c14af43d,SPY,buy,market,new,1,gtc,0.0,1,stock,,,
2024-06-18 15:30:00-04:00,MyStrategy,a343bf9c4eab4ae3a45bc2a4c14af43d,SPY,buy,market,fill,1,gtc,0.0,1,stock,547.1599731445312,100.0,0.0
2024-06-20 09:30:00-04:00,MyStrategy,a0f1d1d2dae2439eac41bff815458523,SPY,buy,market,new,1,gtc,0.0,1,stock,,,
2024-06-20 09:30:00-04:00,MyStrategy,a0f1d1d2dae2439eac41bff815458523,SPY,buy,market,fill,1,gtc,0.0,1,stock,549.4400024414062,100.0,0.0
2024-06-20 12:30:00-04:00,MyStrategy,000c761a3c4241e88dc315b916e7755e,SPY,buy,market,new,1,gtc,0.0,1,stock,,,
2024-06-20 12:30:00-04:00,MyStrategy,000c761a3c4241e88dc315b916e7755e,SPY,buy,market,fill,1,gtc,0.0,1,stock,549.4400024414062,100.0,0.0
2024-06-20 15:30:00-04:00,MyStrategy,6402367ee36940509a7b4a83368a57ca,SPY,buy,market,new,1,gtc,0.0,1,stock,,,
2024-06-20 15:30:00-04:00,MyStrategy,6402367ee36940509a7b4a83368a57ca,SPY,buy,market,fill,1,gtc,0.0,1,stock,549.4400024414062,100.0,0.0
2024-06-21 09:30:00-04:00,MyStrategy,cf2ea5a254864614bc574470f4e713da,SPY,buy,market,new,1,gtc,0.0,1,stock,,,
2024-06-21 09:30:00-04:00,MyStrategy,cf2ea5a254864614bc574470f4e713da,SPY,buy,market,fill,1,gtc,0.0,1,stock,544.4000244140625,100.0,0.0
2024-06-21 12:30:00-04:00,MyStrategy,c9b8fc0290db4fdea2d8f4db5a5cd81d,SPY,buy,market,new,1,gtc,0.0,1,stock,,,
2024-06-21 12:30:00-04:00,MyStrategy,c9b8fc0290db4fdea2d8f4db5a5cd81d,SPY,buy,market,fill,1,gtc,0.0,1,stock,544.4000244140625,100.0,0.0
2024-06-21 15:30:00-04:00,MyStrategy,72b37e7dbd0b498192d5f00cbe5ce3ff,SPY,buy,market,new,1,gtc,0.0,1,stock,,,
2024-06-21 15:30:00-04:00,MyStrategy,72b37e7dbd0b498192d5f00cbe5ce3ff,SPY,buy,market,fill,1,gtc,0.0,1,stock,544.4000244140625,100.0,0.0
2024-06-24 09:30:00-04:00,MyStrategy,069b60b1570944faa4235b58c86b6034,SPY,buy,market,new,1,gtc,0.0,1,stock,,,
2024-06-24 09:30:00-04:00,MyStrategy,069b60b1570944faa4235b58c86b6034,SPY,buy,market,fill,1,gtc,0.0,1,stock,544.3300170898438,100.0,0.0
2024-06-24 12:30:00-04:00,MyStrategy,65e6b3b286144f92a848e1e800a8606a,SPY,buy,market,new,1,gtc,0.0,1,stock,,,
2024-06-24 12:30:00-04:00,MyStrategy,65e6b3b286144f92a848e1e800a8606a,SPY,buy,market,fill,1,gtc,0.0,1,stock,544.3300170898438,100.0,0.0
2024-06-24 15:30:00-04:00,MyStrategy,d7b177890fb4422fb8b065130ff7b81e,SPY,buy,market,new,1,gtc,0.0,1,stock,,,
2024-06-24 15:30:00-04:00,MyStrategy,d7b177890fb4422fb8b065130ff7b81e,SPY,buy,market,fill,1,gtc,0.0,1,stock,544.3300170898438,100.0,0.0
2024-06-25 09:30:00-04:00,MyStrategy,8dc4ed432cd9427a96b4451a2f3c08ac,SPY,buy,market,new,1,gtc,0.0,1,stock,,,
2024-06-25 09:30:00-04:00,MyStrategy,8dc4ed432cd9427a96b4451a2f3c08ac,SPY,buy,market,fill,1,gtc,0.0,1,stock,543.989990234375,100.0,0.0
2024-06-25 12:30:00-04:00,MyStrategy,7c61699b40ef488db71fb191c640389d,SPY,buy,market,new,1,gtc,0.0,1,stock,,,
2024-06-25 12:30:00-04:00,MyStrategy,7c61699b40ef488db71fb191c640389d,SPY,buy,market,fill,1,gtc,0.0,1,stock,543.989990234375,100.0,0.0
2024-06-25 15:30:00-04:00,MyStrategy,eae39b41dee641f4aa71f1be3199f137,SPY,buy,market,new,1,gtc,0.0,1,stock,,,
2024-06-25 15:30:00-04:00,MyStrategy,eae39b41dee641f4aa71f1be3199f137,SPY,buy,market,fill,1,gtc,0.0,1,stock,543.989990234375,100.0,0.0
2024-06-26 09:30:00-04:00,MyStrategy,9223d338d8ff4c879eb7b58a20dfeab2,SPY,buy,market,new,1,gtc,0.0,1,stock,,,
2024-06-26 09:30:00-04:00,MyStrategy,9223d338d8ff4c879eb7b58a20dfeab2,SPY,buy,market,fill,1,gtc,0.0,1,stock,543.6900024414062,100.0,0.0
2024-06-26 12:30:00-04:00,MyStrategy,ac6daf141bf8481e91c3d0dcf822ea60,SPY,buy,market,new,1,gtc,0.0,1,stock,,,
2024-06-26 12:30:00-04:00,MyStrategy,ac6daf141bf8481e91c3d0dcf822ea60,SPY,buy,market,fill,1,gtc,0.0,1,stock,543.6900024414062,100.0,0.0
2024-06-26 15:30:00-04:00,MyStrategy,ea8e5b3994484205b9cc5cced6430d3a,SPY,buy,market,new,1,gtc,0.0,1,stock,,,
2024-06-26 15:30:00-04:00,MyStrategy,ea8e5b3994484205b9cc5cced6430d3a,SPY,buy,market,fill,1,gtc,0.0,1,stock,543.6900024414062,100.0,0.0
2024-06-27 09:30:00-04:00,MyStrategy,dcd5189d137441179d3a5fd680762226,SPY,buy,market,new,1,gtc,0.0,1,stock,,,
2024-06-27 09:30:00-04:00,MyStrategy,dcd5189d137441179d3a5fd680762226,SPY,buy,market,fill,1,gtc,0.0,1,stock,545.3699951171875,100.0,0.0
2024-06-27 12:30:00-04:00,MyStrategy,0f5e1f9133054a76886fdfc91918ef37,SPY,buy,market,new,1,gtc,0.0,1,stock,,,
2024-06-27 12:30:00-04:00,MyStrategy,0f5e1f9133054a76886fdfc91918ef37,SPY,buy,market,fill,1,gtc,0.0,1,stock,545.3699951171875,100.0,0.0
2024-06-27 15:30:00-04:00,MyStrategy,fbdffc3984694572a54e78b4a5c12013,SPY,buy,market,new,1,gtc,0.0,1,stock,,,
2024-06-27 15:30:00-04:00,MyStrategy,fbdffc3984694572a54e78b4a5c12013,SPY,buy,market,fill,1,gtc,0.0,1,stock,545.3699951171875,100.0,0.0
2024-06-28 09:30:00-04:00,MyStrategy,b5e802dde3414200aa28c506ad254532,SPY,buy,market,new,1,gtc,0.0,1,stock,,,
2024-06-28 09:30:00-04:00,MyStrategy,b5e802dde3414200aa28c506ad254532,SPY,buy,market,fill,1,gtc,0.0,1,stock,547.1599731445312,100.0,0.0
2024-06-28 12:30:00-04:00,MyStrategy,1bc56668f1ae4a93ab16e6cabb98b82f,SPY,buy,market,new,1,gtc,0.0,1,stock,,,
2024-06-28 12:30:00-04:00,MyStrategy,1bc56668f1ae4a93ab16e6cabb98b82f,SPY,buy,market,fill,1,gtc,0.0,1,stock,547.1599731445312,100.0,0.0
2024-06-28 15:30:00-04:00,MyStrategy,2360acfb886a4978ab828a98b4e4d5b9,SPY,buy,market,new,1,gtc,0.0,1,stock,,,
2024-06-28 15:30:00-04:00,MyStrategy,2360acfb886a4978ab828a98b4e4d5b9,SPY,buy,market,fill,1,gtc,0.0,1,stock,547.1599731445312,100.0,0.0
2024-07-01 09:30:00-04:00,MyStrategy,93e17fdfb6b14ca8b2fb6b26a69ddde6,SPY,buy,market,new,1,gtc,0.0,1,stock,,,
2024-07-01 09:30:00-04:00,MyStrategy,93e17fdfb6b14ca8b2fb6b26a69ddde6,SPY,buy,market,fill,1,gtc,0.0,1,stock,545.6300048828125,100.0,0.0
2024-07-01 12:30:00-04:00,MyStrategy,6f1fec4130b442788c453fc467159856,SPY,buy,market,new,1,gtc,0.0,1,stock,,,
2024-07-01 12:30:00-04:00,MyStrategy,6f1fec4130b442788c453fc467159856,SPY,buy,market,fill,1,gtc,0.0,1,stock,545.6300048828125,100.0,0.0
2024-07-01 15:30:00-04:00,MyStrategy,6c92cab6bc184f7ea7d5aa394ef54358,SPY,buy,market,new,1,gtc,0.0,1,stock,,,
2024-07-01 15:30:00-04:00,MyStrategy,6c92cab6bc184f7ea7d5aa394ef54358,SPY,buy,market,fill,1,gtc,0.0,1,stock,545.6300048828125,100.0,0.0
2024-07-02 09:30:00-04:00,MyStrategy,824008fa056b4b5b8274febdd23b6a8b,SPY,buy,market,new,1,gtc,0.0,1,stock,,,
2024-07-02 09:30:00-04:00,MyStrategy,824008fa056b4b5b8274febdd23b6a8b,SPY,buy,market,fill,1,gtc,0.0,1,stock,543.7000122070312,100.0,0.0
2024-07-02 12:30:00-04:00,MyStrategy,f3c3ab42aba34f1ba913257330ddd400,SPY,buy,market,new,1,gtc,0.0,1,stock,,,
2024-07-02 12:30:00-04:00,MyStrategy,f3c3ab42aba34f1ba913257330ddd400,SPY,buy,market,fill,1,gtc,0.0,1,stock,543.7000122070312,100.0,0.0
2024-07-02 15:30:00-04:00,MyStrategy,f873ed7787154fbd94a9dac522c726a4,SPY,buy,market,new,1,gtc,0.0,1,stock,,,
2024-07-02 15:30:00-04:00,MyStrategy,f873ed7787154fbd94a9dac522c726a4,SPY,buy,market,fill,1,gtc,0.0,1,stock,543.7000122070312,100.0,0.0
2024-07-03 09:30:00-04:00,MyStrategy,f73c14286db7424cbce9b249e626f3af,SPY,buy,market,new,1,gtc,0.0,1,stock,,,
2024-07-03 09:30:00-04:00,MyStrategy,f73c14286db7424cbce9b249e626f3af,SPY,buy,market,fill,1,gtc,0.0,1,stock,548.6900024414062,100.0,0.0
2024-07-03 12:30:00-04:00,MyStrategy,526238856879469f9d87dbbfa10afc8f,SPY,buy,market,new,1,gtc,0.0,1,stock,,,
2024-07-03 12:30:00-04:00,MyStrategy,526238856879469f9d87dbbfa10afc8f,SPY,buy,market,fill,1,gtc,0.0,1,stock,548.6900024414062,100.0,0.0
2024-07-05 09:30:00-04:00,MyStrategy,9f28921517d24f2eb5d45568c8e031ad,SPY,buy,market,new,1,gtc,0.0,1,stock,,,
2024-07-05 09:30:00-04:00,MyStrategy,9f28921517d24f2eb5d45568c8e031ad,SPY,buy,market,fill,1,gtc,0.0,1,stock,551.77001953125,100.0,0.0
2024-07-05 12:30:00-04:00,MyStrategy,5ec553e85351462c966424e395ee42a2,SPY,buy,market,new,1,gtc,0.0,1,stock,,,
2024-07-05 12:30:00-04:00,MyStrategy,5ec553e85351462c966424e395ee42a2,SPY,buy,market,fill,1,gtc,0.0,1,stock,551.77001953125,100.0,0.0
2024-07-05 15:30:00-04:00,MyStrategy,f403bcff24a54ce1953591745d88acab,SPY,buy,market,new,1,gtc,0.0,1,stock,,,
2024-07-05 15:30:00-04:00,MyStrategy,f403bcff24a54ce1953591745d88acab,SPY,buy,market,fill,1,gtc,0.0,1,stock,551.77001953125,100.0,0.0
2024-07-08 09:30:00-04:00,MyStrategy,fa3807b3fa61409e834251632116bc91,SPY,buy,market,new,1,gtc,0.0,1,stock,,,
2024-07-08 09:30:00-04:00,MyStrategy,fa3807b3fa61409e834251632116bc91,SPY,buy,market,fill,1,gtc,0.0,1,stock,555.4400024414062,100.0,0.0
2024-07-08 12:30:00-04:00,MyStrategy,cbc509de67364fc28266776f2b28025e,SPY,buy,market,new,1,gtc,0.0,1,stock,,,
2024-07-08 12:30:00-04:00,MyStrategy,cbc509de67364fc28266776f2b28025e,SPY,buy,market,fill,1,gtc,0.0,1,stock,555.4400024414062,100.0,0.0
2024-07-08 15:30:00-04:00,MyStrategy,6e21eb2ad7a546a2a986719aff85d81a,SPY,buy,market,new,1,gtc,0.0,1,stock,,,
2024-07-08 15:30:00-04:00,MyStrategy,6e21eb2ad7a546a2a986719aff85d81a,SPY,buy,market,fill,1,gtc,0.0,1,stock,555.4400024414062,100.0,0.0
2024-07-09 09:30:00-04:00,MyStrategy,2bc1c0d90355481c85d642903bcafc98,SPY,buy,market,new,1,gtc,0.0,1,stock,,,
2024-07-09 09:30:00-04:00,MyStrategy,2bc1c0d90355481c85d642903bcafc98,SPY,buy,market,fill,1,gtc,0.0,1,stock,556.260009765625,100.0,0.0
2024-07-09 12:30:00-04:00,MyStrategy,6dc555e620d34a3999fe6cbd9a29f5f4,SPY,buy,market,new,1,gtc,0.0,1,stock,,,
2024-07-09 12:30:00-04:00,MyStrategy,6dc555e620d34a3999fe6cbd9a29f5f4,SPY,buy,market,fill,1,gtc,0.0,1,stock,556.260009765625,100.0,0.0
2024-07-09 15:30:00-04:00,MyStrategy,5306e22c4bc04f61a3a28caa92556832,SPY,buy,market,new,1,gtc,0.0,1,stock,,,
2024-07-09 15:30:00-04:00,MyStrategy,5306e22c4bc04f61a3a28caa92556832,SPY,buy,market,fill,1,gtc,0.0,1,stock,556.260009765625,100.0,0.0
2024-07-10 09:30:00-04:00,MyStrategy,6cfc4a90052e46899c62dfb5e8dc4eb7,SPY,buy,market,new,1,gtc,0.0,1,stock,,,
2024-07-10 09:30:00-04:00,MyStrategy,6cfc4a90052e46899c62dfb5e8dc4eb7,SPY,buy,market,fill,1,gtc,0.0,1,stock,557.0700073242188,100.0,0.0
2024-07-10 12:30:00-04:00,MyStrategy,2fde305d9a604668a6f50fb0e4015335,SPY,buy,market,new,1,gtc,0.0,1,stock,,,
2024-07-10 12:30:00-04:00,MyStrategy,2fde305d9a604668a6f50fb0e4015335,SPY,buy,market,fill,1,gtc,0.0,1,stock,557.0700073242188,100.0,0.0
2024-07-10 15:30:00-04:00,MyStrategy,6ad8316924dd4c5daf38384c341184b2,SPY,buy,market,new,1,gtc,0.0,1,stock,,,
2024-07-10 15:30:00-04:00,MyStrategy,6ad8316924dd4c5daf38384c341184b2,SPY,buy,market,fill,1,gtc,0.0,1,stock,557.0700073242188,100.0,0.0
2024-07-11 09:30:00-04:00,MyStrategy,7f8f9f30f7e8418d894ad57651ebc6d7,SPY,buy,market,new,1,gtc,0.0,1,stock,,,
2024-07-11 09:30:00-04:00,MyStrategy,7f8f9f30f7e8418d894ad57651ebc6d7,SPY,buy,market,fill,1,gtc,0.0,1,stock,561.4400024414062,100.0,0.0
2024-07-11 12:30:00-04:00,MyStrategy,62c1999473284361999f92eb6cb77519,SPY,buy,market,new,1,gtc,0.0,1,stock,,,
2024-07-11 12:30:00-04:00,MyStrategy,62c1999473284361999f92eb6cb77519,SPY,buy,market,fill,1,gtc,0.0,1,stock,561.4400024414062,100.0,0.0
2024-07-11 15:30:00-04:00,MyStrategy,726628d697e64002a8657865137147e1,SPY,buy,market,new,1,gtc,0.0,1,stock,,,
2024-07-11 15:30:00-04:00,MyStrategy,726628d697e64002a8657865137147e1,SPY,buy,market,fill,1,gtc,0.0,1,stock,561.4400024414062,100.0,0.0
2024-07-12 09:30:00-04:00,MyStrategy,d481bcea6bff454994b94425bf51e52b,SPY,buy,market,new,1,gtc,0.0,1,stock,,,
2024-07-12 09:30:00-04:00,MyStrategy,d481bcea6bff454994b94425bf51e52b,SPY,buy,market,fill,1,gtc,0.0,1,stock,557.6300048828125,100.0,0.0
2024-07-12 12:30:00-04:00,MyStrategy,318c79c89f8d40b0be5299f083430040,SPY,buy,market,new,1,gtc,0.0,1,stock,,,
2024-07-12 12:30:00-04:00,MyStrategy,318c79c89f8d40b0be5299f083430040,SPY,buy,market,fill,1,gtc,0.0,1,stock,557.6300048828125,100.0,0.0
2024-07-12 15:30:00-04:00,MyStrategy,b41ef43fe45f487aa93db901afb00229,SPY,buy,market,new,1,gtc,0.0,1,stock,,,
2024-07-12 15:30:00-04:00,MyStrategy,b41ef43fe45f487aa93db901afb00229,SPY,buy,market,fill,1,gtc,0.0,1,stock,557.6300048828125,100.0,0.0
2024-07-15 09:30:00-04:00,MyStrategy,0b51765c4c7146a3b38bdce9af6835d9,SPY,buy,market,new,1,gtc,0.0,1,stock,,,
2024-07-15 09:30:00-04:00,MyStrategy,0b51765c4c7146a3b38bdce9af6835d9,SPY,buy,market,fill,1,gtc,0.0,1,stock,562.030029296875,100.0,0.0
2024-07-15 12:30:00-04:00,MyStrategy,e6cfee55a95141edb0980f137c503c4f,SPY,buy,market,new,1,gtc,0.0,1,stock,,,
2024-07-15 12:30:00-04:00,MyStrategy,e6cfee55a95141edb0980f137c503c4f,SPY,buy,market,fill,1,gtc,0.0,1,stock,562.030029296875,100.0,0.0
2024-07-15 15:30:00-04:00,MyStrategy,ebefd65a745844b1a7c0f22c428811ae,SPY,buy,market,new,1,gtc,0.0,1,stock,,,
2024-07-15 15:30:00-04:00,MyStrategy,ebefd65a745844b1a7c0f22c428811ae,SPY,buy,market,fill,1,gtc,0.0,1,stock,562.030029296875,100.0,0.0
2024-07-16 09:30:00-04:00,MyStrategy,8cf73e88b787466dab6bbf6caa8767c1,SPY,buy,market,new,1,gtc,0.0,1,stock,,,
2024-07-16 09:30:00-04:00,MyStrategy,8cf73e88b787466dab6bbf6caa8767c1,SPY,buy,market,fill,1,gtc,0.0,1,stock,562.8699951171875,100.0,0.0
2024-07-16 12:30:00-04:00,MyStrategy,35a481441025488498d0b4707d77c11e,SPY,buy,market,new,1,gtc,0.0,1,stock,,,
2024-07-16 12:30:00-04:00,MyStrategy,35a481441025488498d0b4707d77c11e,SPY,buy,market,fill,1,gtc,0.0,1,stock,562.8699951171875,100.0,0.0
2024-07-16 15:30:00-04:00,MyStrategy,a1f3dd10039c4052a5e01d28c907ef0b,SPY,buy,market,new,1,gtc,0.0,1,stock,,,
2024-07-16 15:30:00-04:00,MyStrategy,a1f3dd10039c4052a5e01d28c907ef0b,SPY,buy,market,fill,1,gtc,0.0,1,stock,562.8699951171875,100.0,0.0
2024-07-17 09:30:00-04:00,MyStrategy,7f3a0f4876834a479bfd0dac686e2203,SPY,buy,market,new,1,gtc,0.0,1,stock,,,
2024-07-17 09:30:00-04:00,MyStrategy,7f3a0f4876834a479bfd0dac686e2203,SPY,buy,market,fill,1,gtc,0.0,1,stock,558.7999877929688,100.0,0.0
2024-07-17 12:30:00-04:00,MyStrategy,541db33037dd4f888744bf2d81c04ee1,SPY,buy,market,new,1,gtc,0.0,1,stock,,,
2024-07-17 12:30:00-04:00,MyStrategy,541db33037dd4f888744bf2d81c04ee1,SPY,buy,market,fill,1,gtc,0.0,1,stock,558.7999877929688,100.0,0.0
2024-07-17 15:30:00-04:00,MyStrategy,96b0c09123d945eaae1546c6d981aae1,SPY,buy,market,new,1,gtc,0.0,1,stock,,,
2024-07-17 15:30:00-04:00,MyStrategy,96b0c09123d945eaae1546c6d981aae1,SPY,buy,market,fill,1,gtc,0.0,1,stock,558.7999877929688,100.0,0.0
2024-07-18 09:30:00-04:00,MyStrategy,a79e951c1f7a498a847286a58ee56e58,SPY,buy,market,new,1,gtc,0.0,1,stock,,,
2024-07-18 09:30:00-04:00,MyStrategy,a79e951c1f7a498a847286a58ee56e58,SPY,buy,market,fill,1,gtc,0.0,1,stock,558.510009765625,100.0,0.0
2024-07-18 12:30:00-04:00,MyStrategy,90d4d0b63d9448b0948a1cf4c4f3bb22,SPY,buy,market,new,1,gtc,0.0,1,stock,,,
2024-07-18 12:30:00-04:00,MyStrategy,90d4d0b63d9448b0948a1cf4c4f3bb22,SPY,buy,market,fill,1,gtc,0.0,1,stock,558.510009765625,100.0,0.0
2024-07-18 15:30:00-04:00,MyStrategy,470503174c0643ac84f38f3094b4c171,SPY,buy,market,new,1,gtc,0.0,1,stock,,,
2024-07-18 15:30:00-04:00,MyStrategy,470503174c0643ac84f38f3094b4c171,SPY,buy,market,fill,1,gtc,0.0,1,stock,558.510009765625,100.0,0.0
2024-07-19 09:30:00-04:00,MyStrategy,f1c367e6c47d4a90a312be7beaeeb038,SPY,buy,market,new,1,gtc,0.0,1,stock,,,
2024-07-19 09:30:00-04:00,MyStrategy,f1c367e6c47d4a90a312be7beaeeb038,SPY,buy,market,fill,1,gtc,0.0,1,stock,552.4199829101562,100.0,0.0
2024-07-19 12:30:00-04:00,MyStrategy,5b2146641bb547698aca99d3214965a0,SPY,buy,market,new,1,gtc,0.0,1,stock,,,
2024-07-19 12:30:00-04:00,MyStrategy,5b2146641bb547698aca99d3214965a0,SPY,buy,market,fill,1,gtc,0.0,1,stock,552.4199829101562,100.0,0.0
2024-07-19 15:30:00-04:00,MyStrategy,53db710019fd4047b739ea11301ef0cd,SPY,buy,market,new,1,gtc,0.0,1,stock,,,
2024-07-19 15:30:00-04:00,MyStrategy,53db710019fd4047b739ea11301ef0cd,SPY,buy,market,fill,1,gtc,0.0,1,stock,552.4199829101562,100.0,0.0
2024-07-22 09:30:00-04:00,MyStrategy,9696d8796bd349b89aa2dd4f83334ebb,SPY,buy,market,new,1,gtc,0.0,1,stock,,,
2024-07-22 09:30:00-04:00,MyStrategy,9696d8796bd349b89aa2dd4f83334ebb,SPY,buy,market,fill,1,gtc,0.0,1,stock,553.0,100.0,0.0
2024-07-22 12:30:00-04:00,MyStrategy,3ef3ae2d540042a9b6e8262fd6129d53,SPY,buy,market,new,1,gtc,0.0,1,stock,,,
2024-07-22 12:30:00-04:00,MyStrategy,3ef3ae2d540042a9b6e8262fd6129d53,SPY,buy,market,fill,1,gtc,0.0,1,stock,553.0,100.0,0.0
2024-07-22 15:30:00-04:00,MyStrategy,01779ae3bf64439687c21122ba06e55a,SPY,buy,market,new,1,gtc,0.0,1,stock,,,
2024-07-22 15:30:00-04:00,MyStrategy,01779ae3bf64439687c21122ba06e55a,SPY,buy,market,fill,1,gtc,0.0,1,stock,553.0,100.0,0.0
2024-07-23 09:30:00-04:00,MyStrategy,81ecef4b270e4f2388fcdcd0a84b7647,SPY,buy,market,new,1,gtc,0.0,1,stock,,,
2024-07-23 09:30:00-04:00,MyStrategy,81ecef4b270e4f2388fcdcd0a84b7647,SPY,buy,market,fill,1,gtc,0.0,1,stock,554.5399780273438,100.0,0.0
2024-07-23 12:30:00-04:00,MyStrategy,7ad5861b5c7542a791c4f1edd29ff344,SPY,buy,market,new,1,gtc,0.0,1,stock,,,
2024-07-23 12:30:00-04:00,MyStrategy,7ad5861b5c7542a791c4f1edd29ff344,SPY,buy,market,fill,1,gtc,0.0,1,stock,554.5399780273438,100.0,0.0
2024-07-23 15:30:00-04:00,MyStrategy,a5f30bdc9ba14ff9bef5972b73f96ac9,SPY,buy,market,new,1,gtc,0.0,1,stock,,,
2024-07-23 15:30:00-04:00,MyStrategy,a5f30bdc9ba14ff9bef5972b73f96ac9,SPY,buy,market,fill,1,gtc,0.0,1,stock,554.5399780273438,100.0,0.0
2024-07-24 09:30:00-04:00,MyStrategy,ff6e8e46ac244b3fa46ba5bf13090c59,SPY,buy,market,new,1,gtc,0.0,1,stock,,,
2024-07-24 09:30:00-04:00,MyStrategy,ff6e8e46ac244b3fa46ba5bf13090c59,SPY,buy,market,fill,1,gtc,0.0,1,stock,548.8599853515625,100.0,0.0
2024-07-24 12:30:00-04:00,MyStrategy,2590b4c0c504426b9729e7c87afdb33c,SPY,buy,market,new,1,gtc,0.0,1,stock,,,
2024-07-24 12:30:00-04:00,MyStrategy,2590b4c0c504426b9729e7c87afdb33c,SPY,buy,market,fill,1,gtc,0.0,1,stock,548.8599853515625,100.0,0.0
2024-07-24 15:30:00-04:00,MyStrategy,eee9cef2bcd24adcb9564bf2099ffa5b,SPY,buy,market,new,1,gtc,0.0,1,stock,,,
2024-07-24 15:30:00-04:00,MyStrategy,eee9cef2bcd24adcb9564bf2099ffa5b,SPY,buy,market,fill,1,gtc,0.0,1,stock,548.8599853515625,100.0,0.0
2024-07-25 09:30:00-04:00,MyStrategy,f7188b6e3ba84078b76c3f74cfc3490a,SPY,buy,market,new,1,gtc,0.0,1,stock,,,
2024-07-25 09:30:00-04:00,MyStrategy,f7188b6e3ba84078b76c3f74cfc3490a,SPY,buy,market,fill,1,gtc,0.0,1,stock,541.3499755859375,100.0,0.0
2024-07-25 12:30:00-04:00,MyStrategy,830616b7103e4d0f9b8803d0e3ca323f,SPY,buy,market,new,1,gtc,0.0,1,stock,,,
2024-07-25 12:30:00-04:00,MyStrategy,830616b7103e4d0f9b8803d0e3ca323f,SPY,buy,market,fill,1,gtc,0.0,1,stock,541.3499755859375,100.0,0.0
2024-07-25 15:30:00-04:00,MyStrategy,e5aceeb37d754eae82eb0a34f18bffaf,SPY,buy,market,new,1,gtc,0.0,1,stock,,,
2024-07-25 15:30:00-04:00,MyStrategy,e5aceeb37d754eae82eb0a34f18bffaf,SPY,buy,market,fill,1,gtc,0.0,1,stock,541.3499755859375,100.0,0.0
2024-07-26 09:30:00-04:00,MyStrategy,0c2f5261d5e747e8bcb27de49918371e,SPY,buy,market,new,1,gtc,0.0,1,stock,,,
2024-07-26 09:30:00-04:00,MyStrategy,0c2f5261d5e747e8bcb27de49918371e,SPY,buy,market,fill,1,gtc,0.0,1,stock,542.280029296875,100.0,0.0
2024-07-26 12:30:00-04:00,MyStrategy,276aa43db73f4f70ac7c98756b433e30,SPY,buy,market,new,1,gtc,0.0,1,stock,,,
2024-07-26 12:30:00-04:00,MyStrategy,276aa43db73f4f70ac7c98756b433e30,SPY,buy,market,fill,1,gtc,0.0,1,stock,542.280029296875,100.0,0.0
2024-07-26 15:30:00-04:00,MyStrategy,58e616ff1bbf4f5b96fe857f7be54b83,SPY,buy,market,new,1,gtc,0.0,1,stock,,,
2024-07-26 15:30:00-04:00,MyStrategy,58e616ff1bbf4f5b96fe857f7be54b83,SPY,buy,market,fill,1,gtc,0.0,1,stock,542.280029296875,100.0,0.0
2024-07-29 09:30:00-04:00,MyStrategy,ec01d639347e4ed8bcfaac22cda0fb32,SPY,buy,market,new,1,gtc,0.0,1,stock,,,
2024-07-29 09:30:00-04:00,MyStrategy,ec01d639347e4ed8bcfaac22cda0fb32,SPY,buy,market,fill,1,gtc,0.0,1,stock,546.02001953125,100.0,0.0
2024-07-29 12:30:00-04:00,MyStrategy,69ef2d05d3064f7d80e41af78b774570,SPY,buy,market,new,1,gtc,0.0,1,stock,,,
2024-07-29 12:30:00-04:00,MyStrategy,69ef2d05d3064f7d80e41af78b774570,SPY,buy,market,fill,1,gtc,0.0,1,stock,546.02001953125,100.0,0.0
2024-07-29 15:30:00-04:00,MyStrategy,7a7f976b7cdd4e3595f608567fb4f68d,SPY,buy,market,new,1,gtc,0.0,1,stock,,,
2024-07-29 15:30:00-04:00,MyStrategy,7a7f976b7cdd4e3595f608567fb4f68d,SPY,buy,market,fill,1,gtc,0.0,1,stock,546.02001953125,100.0,0.0
2024-07-30 09:30:00-04:00,MyStrategy,fbb6dac1ca254e37a9cca3ef10fb2590,SPY,buy,market,new,1,gtc,0.0,1,stock,,,
2024-07-30 09:30:00-04:00,MyStrategy,fbb6dac1ca254e37a9cca3ef10fb2590,SPY,buy,market,fill,1,gtc,0.0,1,stock,546.260009765625,100.0,0.0
2024-07-30 12:30:00-04:00,MyStrategy,ff50d30d4f1e413e9c8657a3189a5d81,SPY,buy,market,new,1,gtc,0.0,1,stock,,,
2024-07-30 12:30:00-04:00,MyStrategy,ff50d30d4f1e413e9c8657a3189a5d81,SPY,buy,market,fill,1,gtc,0.0,1,stock,546.260009765625,100.0,0.0
2024-07-30 15:30:00-04:00,MyStrategy,a12492b752a04a879c60b173d038cba4,SPY,buy,market,new,1,gtc,0.0,1,stock,,,
2024-07-30 15:30:00-04:00,MyStrategy,a12492b752a04a879c60b173d038cba4,SPY,buy,market,fill,1,gtc,0.0,1,stock,546.260009765625,100.0,0.0
2024-07-31 09:30:00-04:00,MyStrategy,449a51dcc91f458d8abf1fde0dd07328,SPY,buy,market,new,1,gtc,0.0,1,stock,,,
2024-07-31 09:30:00-04:00,MyStrategy,449a51dcc91f458d8abf1fde0dd07328,SPY,buy,market,fill,1,gtc,0.0,1,stock,548.97998046875,100.0,0.0
2024-07-31 12:30:00-04:00,MyStrategy,0f001608fb4f4a06b804170eb0168bdd,SPY,buy,market,new,1,gtc,0.0,1,stock,,,
2024-07-31 12:30:00-04:00,MyStrategy,0f001608fb4f4a06b804170eb0168bdd,SPY,buy,market,fill,1,gtc,0.0,1,stock,548.97998046875,100.0,0.0
2024-07-31 15:30:00-04:00,MyStrategy,234359f1dd76425abc9d4da6e87fb513,SPY,buy,market,new,1,gtc,0.0,1,stock,,,
2024-07-31 15:30:00-04:00,MyStrategy,234359f1dd76425abc9d4da6e87fb513,SPY,buy,market,fill,1,gtc,0.0,1,stock,548.97998046875,100.0,0.0
2024-08-01 09:30:00-04:00,MyStrategy,430437a3f5734c398b856d23273c3a45,SPY,buy,market,new,1,gtc,0.0,1,stock,,,
2024-08-01 09:30:00-04:00,MyStrategy,430437a3f5734c398b856d23273c3a45,SPY,buy,market,fill,1,gtc,0.0,1,stock,552.5700073242188,100.0,0.0
2024-08-01 12:30:00-04:00,MyStrategy,f16a188ea7f84bad991ec470c2416dbc,SPY,buy,market,new,1,gtc,0.0,1,stock,,,
2024-08-01 12:30:00-04:00,MyStrategy,f16a188ea7f84bad991ec470c2416dbc,SPY,buy,market,fill,1,gtc,0.0,1,stock,552.5700073242188,100.0,0.0
2024-08-01 15:30:00-04:00,MyStrategy,2c4b1d9181ff46aa9f5542caac6b5cf8,SPY,buy,market,new,1,gtc,0.0,1,stock,,,
2024-08-01 15:30:00-04:00,MyStrategy,2c4b1d9181ff46aa9f5542caac6b5cf8,SPY,buy,market,fill,1,gtc,0.0,1,stock,552.5700073242188,100.0,0.0
2024-08-02 09:30:00-04:00,MyStrategy,f45607be019e4778a734d2322057d631,SPY,buy,market,new,1,gtc,0.0,1,stock,,,
2024-08-02 09:30:00-04:00,MyStrategy,f45607be019e4778a734d2322057d631,SPY,buy,market,fill,1,gtc,0.0,1,stock,535.75,100.0,0.0
2024-08-02 12:30:00-04:00,MyStrategy,740efae556f94cc19b976a7053ab1588,SPY,buy,market,new,1,gtc,0.0,1,stock,,,
2024-08-02 12:30:00-04:00,MyStrategy,740efae556f94cc19b976a7053ab1588,SPY,buy,market,fill,1,gtc,0.0,1,stock,535.75,100.0,0.0
2024-08-02 15:30:00-04:00,MyStrategy,d90f2082e147407ba879fdb595f39eb6,SPY,buy,market,new,1,gtc,0.0,1,stock,,,
2024-08-02 15:30:00-04:00,MyStrategy,d90f2082e147407ba879fdb595f39eb6,SPY,buy,market,fill,1,gtc,0.0,1,stock,535.75,100.0,0.0
2024-08-05 09:30:00-04:00,MyStrategy,0f58953c816b4a18a5b14fea0099ec06,SPY,buy,market,new,1,gtc,0.0,1,stock,,,
2024-08-05 09:30:00-04:00,MyStrategy,0f58953c816b4a18a5b14fea0099ec06,SPY,buy,market,fill,1,gtc,0.0,1,stock,511.6400146484375,100.0,0.0
2024-08-05 12:30:00-04:00,MyStrategy,02a938c439624662aa072ec72e8a2c95,SPY,buy,market,new,1,gtc,0.0,1,stock,,,
2024-08-05 12:30:00-04:00,MyStrategy,02a938c439624662aa072ec72e8a2c95,SPY,buy,market,fill,1,gtc,0.0,1,stock,511.6400146484375,100.0,0.0
2024-08-05 15:30:00-04:00,MyStrategy,748c1dfc6b8e4265be4f55d5e6c6b3a7,SPY,buy,market,new,1,gtc,0.0,1,stock,,,
2024-08-05 15:30:00-04:00,MyStrategy,748c1dfc6b8e4265be4f55d5e6c6b3a7,SPY,buy,market,fill,1,gtc,0.0,1,stock,511.6400146484375,100.0,0.0
2024-08-06 09:30:00-04:00,MyStrategy,e555bd2c7cfb4d9598f357a00226b5de,SPY,buy,market,new,1,gtc,0.0,1,stock,,,
2024-08-06 09:30:00-04:00,MyStrategy,e555bd2c7cfb4d9598f357a00226b5de,SPY,buy,market,fill,1,gtc,0.0,1,stock,519.219970703125,100.0,0.0
2024-08-06 12:30:00-04:00,MyStrategy,64dea2cbf9ae464cbeb3be15d1687515,SPY,buy,market,new,1,gtc,0.0,1,stock,,,
2024-08-06 12:30:00-04:00,MyStrategy,64dea2cbf9ae464cbeb3be15d1687515,SPY,buy,market,fill,1,gtc,0.0,1,stock,519.219970703125,100.0,0.0
2024-08-06 15:30:00-04:00,MyStrategy,2e3b792fbbe94ee694dbdda9a7969945,SPY,buy,market,new,1,gtc,0.0,1,stock,,,
2024-08-06 15:30:00-04:00,MyStrategy,2e3b792fbbe94ee694dbdda9a7969945,SPY,buy,market,fill,1,gtc,0.0,1,stock,519.219970703125,100.0,0.0
2024-08-07 09:30:00-04:00,MyStrategy,1dace556955e47d4b0bb12296cc66c44,SPY,buy,market,new,1,gtc,0.0,1,stock,,,
2024-08-07 09:30:00-04:00,MyStrategy,1dace556955e47d4b0bb12296cc66c44,SPY,buy,market,fill,1,gtc,0.0,1,stock,528.469970703125,100.0,0.0
2024-08-07 12:30:00-04:00,MyStrategy,f8e4e454623a42df8952662e8157259d,SPY,buy,market,new,1,gtc,0.0,1,stock,,,
2024-08-07 12:30:00-04:00,MyStrategy,f8e4e454623a42df8952662e8157259d,SPY,buy,market,fill,1,gtc,0.0,1,stock,528.469970703125,100.0,0.0
2024-08-07 15:30:00-04:00,MyStrategy,649aa1079c3648ac95c9dc8ac27061e2,SPY,buy,market,new,1,gtc,0.0,1,stock,,,
2024-08-07 15:30:00-04:00,MyStrategy,649aa1079c3648ac95c9dc8ac27061e2,SPY,buy,market,fill,1,gtc,0.0,1,stock,528.469970703125,100.0,0.0
2024-08-08 09:30:00-04:00,MyStrategy,14257abcca4d43e69c025181bd8e6693,SPY,buy,market,new,1,gtc,0.0,1,stock,,,
2024-08-08 09:30:00-04:00,MyStrategy,14257abcca4d43e69c025181bd8e6693,SPY,buy,market,fill,1,gtc,0.0,1,stock,523.9099731445312,100.0,0.0
2024-08-08 12:30:00-04:00,MyStrategy,d6903639c11e49dba2845b2c62e73d22,SPY,buy,market,new,1,gtc,0.0,1,stock,,,
2024-08-08 12:30:00-04:00,MyStrategy,d6903639c11e49dba2845b2c62e73d22,SPY,buy,market,fill,1,gtc,0.0,1,stock,523.9099731445312,100.0,0.0
2024-08-08 15:30:00-04:00,MyStrategy,38b0507d90454f08bb2072e863711596,SPY,buy,market,new,1,gtc,0.0,1,stock,,,
2024-08-08 15:30:00-04:00,MyStrategy,38b0507d90454f08bb2072e863711596,SPY,buy,market,fill,1,gtc,0.0,1,stock,523.9099731445312,100.0,0.0
2024-08-09 09:30:00-04:00,MyStrategy,fd1edd724af9434ea1b0abb1da5e438f,SPY,buy,market,new,1,gtc,0.0,1,stock,,,
2024-08-09 09:30:00-04:00,MyStrategy,fd1edd724af9434ea1b0abb1da5e438f,SPY,buy,market,fill,1,gtc,0.0,1,stock,529.8099975585938,100.0,0.0
2024-08-09 12:30:00-04:00,MyStrategy,c4393167897d4f639fabff77a6079c0a,SPY,buy,market,new,1,gtc,0.0,1,stock,,,
2024-08-09 12:30:00-04:00,MyStrategy,c4393167897d4f639fabff77a6079c0a,SPY,buy,market,fill,1,gtc,0.0,1,stock,529.8099975585938,100.0,0.0
2024-08-09 15:30:00-04:00,MyStrategy,962904658d9b47e0ad6ec81bca0f873f,SPY,buy,market,new,1,gtc,0.0,1,stock,,,
2024-08-09 15:30:00-04:00,MyStrategy,962904658d9b47e0ad6ec81bca0f873f,SPY,buy,market,fill,1,gtc,0.0,1,stock,529.8099975585938,100.0,0.0
2024-08-12 09:30:00-04:00,MyStrategy,666940968c6b4442949bc546d43702fa,SPY,buy,market,new,1,gtc,0.0,1,stock,,,
2024-08-12 09:30:00-04:00,MyStrategy,666940968c6b4442949bc546d43702fa,SPY,buy,market,fill,1,gtc,0.0,1,stock,534.2100219726562,100.0,0.0
2024-08-12 12:30:00-04:00,MyStrategy,b45cf38fe3964e85b7c8f7f37f6fdc33,SPY,buy,market,new,1,gtc,0.0,1,stock,,,
2024-08-12 12:30:00-04:00,MyStrategy,b45cf38fe3964e85b7c8f7f37f6fdc33,SPY,buy,market,fill,1,gtc,0.0,1,stock,534.2100219726562,100.0,0.0
2024-08-12 15:30:00-04:00,MyStrategy,734a44c3a1e74590b3d75fe8e4d11ac9,SPY,buy,market,new,1,gtc,0.0,1,stock,,,
2024-08-12 15:30:00-04:00,MyStrategy,734a44c3a1e74590b3d75fe8e4d11ac9,SPY,buy,market,fill,1,gtc,0.0,1,stock,534.2100219726562,100.0,0.0
2024-08-13 09:30:00-04:00,MyStrategy,d14c4c026001430e89c0cad6f9c8227e,SPY,buy,market,new,1,gtc,0.0,1,stock,,,
2024-08-13 09:30:00-04:00,MyStrategy,d14c4c026001430e89c0cad6f9c8227e,SPY,buy,market,fill,1,gtc,0.0,1,stock,536.530029296875,100.0,0.0
2024-08-13 12:30:00-04:00,MyStrategy,87fff6c66fdf4543913daabfe59cb91c,SPY,buy,market,new,1,gtc,0.0,1,stock,,,
2024-08-13 12:30:00-04:00,MyStrategy,87fff6c66fdf4543913daabfe59cb91c,SPY,buy,market,fill,1,gtc,0.0,1,stock,536.530029296875,100.0,0.0
2024-08-13 15:30:00-04:00,MyStrategy,7f14315351714f72b4f763e9dff4f938,SPY,buy,market,new,1,gtc,0.0,1,stock,,,
2024-08-13 15:30:00-04:00,MyStrategy,7f14315351714f72b4f763e9dff4f938,SPY,buy,market,fill,1,gtc,0.0,1,stock,536.530029296875,100.0,0.0
2024-08-14 09:30:00-04:00,MyStrategy,805bb9325b424fd798436255f18a54e6,SPY,buy,market,new,1,gtc,0.0,1,stock,,,
2024-08-14 09:30:00-04:00,MyStrategy,805bb9325b424fd798436255f18a54e6,SPY,buy,market,fill,1,gtc,0.0,1,stock,542.8499755859375,100.0,0.0
2024-08-14 12:30:00-04:00,MyStrategy,1b74a6d9efd14a97a7ede66564826d7b,SPY,buy,market,new,1,gtc,0.0,1,stock,,,
2024-08-14 12:30:00-04:00,MyStrategy,1b74a6d9efd14a97a7ede66564826d7b,SPY,buy,market,fill,1,gtc,0.0,1,stock,542.8499755859375,100.0,0.0
2024-08-14 15:30:00-04:00,MyStrategy,0f4940977f5c4ba2afbe3fbcb04b60ee,SPY,buy,market,new,1,gtc,0.0,1,stock,,,
2024-08-14 15:30:00-04:00,MyStrategy,0f4940977f5c4ba2afbe3fbcb04b60ee,SPY,buy,market,fill,1,gtc,0.0,1,stock,542.8499755859375,100.0,0.0
2024-08-15 09:30:00-04:00,MyStrategy,ebba8527311b41f2ac31581c037eefc9,SPY,buy,market,new,1,gtc,0.0,1,stock,,,
2024-08-15 09:30:00-04:00,MyStrategy,ebba8527311b41f2ac31581c037eefc9,SPY,buy,market,fill,1,gtc,0.0,1,stock,549.5,100.0,0.0
2024-08-15 12:30:00-04:00,MyStrategy,1ffdc68f62724103a87e992a52a75e0b,SPY,buy,market,new,1,gtc,0.0,1,stock,,,
2024-08-15 12:30:00-04:00,MyStrategy,1ffdc68f62724103a87e992a52a75e0b,SPY,buy,market,fill,1,gtc,0.0,1,stock,549.5,100.0,0.0
2024-08-15 15:30:00-04:00,MyStrategy,b254977cfb6c416ca83dafd5ed7e10ec,SPY,buy,market,new,1,gtc,0.0,1,stock,,,
2024-08-15 15:30:00-04:00,MyStrategy,b254977cfb6c416ca83dafd5ed7e10ec,SPY,buy,market,fill,1,gtc,0.0,1,stock,549.5,100.0,0.0
2024-08-16 09:30:00-04:00,MyStrategy,6e2cfe2bb1d643b9b9dbc98938a0aa83,SPY,buy,market,new,1,gtc,0.0,1,stock,,,
2024-08-16 09:30:00-04:00,MyStrategy,6e2cfe2bb1d643b9b9dbc98938a0aa83,SPY,buy,market,fill,1,gtc,0.0,1,stock,551.4199829101562,100.0,0.0
2024-08-16 12:30:00-04:00,MyStrategy,ac17047ab7494133b1cc13b7d27d8dd5,SPY,buy,market,new,1,gtc,0.0,1,stock,,,
2024-08-16 12:30:00-04:00,MyStrategy,ac17047ab7494133b1cc13b7d27d8dd5,SPY,buy,market,fill,1,gtc,0.0,1,stock,551.4199829101562,100.0,0.0
2024-08-16 15:30:00-04:00,MyStrategy,3dccef31cd884115b641ed7124368102,SPY,buy,market,new,1,gtc,0.0,1,stock,,,
2024-08-16 15:30:00-04:00,MyStrategy,3dccef31cd884115b641ed7124368102,SPY,buy,market,fill,1,gtc,0.0,1,stock,551.4199829101562,100.0,0.0
2024-08-19 09:30:00-04:00,MyStrategy,cb9c2b504402476888a4d4a7cd1de01a,SPY,buy,market,new,1,gtc,0.0,1,stock,,,
2024-08-19 09:30:00-04:00,MyStrategy,cb9c2b504402476888a4d4a7cd1de01a,SPY,buy,market,fill,1,gtc,0.0,1,stock,554.72998046875,100.0,0.0
2024-08-19 12:30:00-04:00,MyStrategy,eb86f642f6554ff4a5eeb92adafff00a,SPY,buy,market,new,1,gtc,0.0,1,stock,,,
2024-08-19 12:30:00-04:00,MyStrategy,eb86f642f6554ff4a5eeb92adafff00a,SPY,buy,market,fill,1,gtc,0.0,1,stock,554.72998046875,100.0,0.0
2024-08-19 15:30:00-04:00,MyStrategy,c1f00df602fd4619b5cec464d0cc75bd,SPY,buy,market,new,1,gtc,0.0,1,stock,,,
2024-08-19 15:30:00-04:00,MyStrategy,c1f00df602fd4619b5cec464d0cc75bd,SPY,buy,market,fill,1,gtc,0.0,1,stock,554.72998046875,100.0,0.0
2024-08-20 09:30:00-04:00,MyStrategy,ce9149c5a965463081e964347deaf194,SPY,buy,market,new,1,gtc,0.0,1,stock,,,
2024-08-20 09:30:00-04:00,MyStrategy,ce9149c5a965463081e964347deaf194,SPY,buy,market,fill,1,gtc,0.0,1,stock,559.1500244140625,100.0,0.0
2024-08-20 12:30:00-04:00,MyStrategy,94cb4ae4f712422a9fe5a8f9d84a6123,SPY,buy,market,new,1,gtc,0.0,1,stock,,,
2024-08-20 12:30:00-04:00,MyStrategy,94cb4ae4f712422a9fe5a8f9d84a6123,SPY,buy,market,fill,1,gtc,0.0,1,stock,559.1500244140625,100.0,0.0
2024-08-20 15:30:00-04:00,MyStrategy,2f85546450e049c8b366326288caec15,SPY,buy,market,new,1,gtc,0.0,1,stock,,,
2024-08-20 15:30:00-04:00,MyStrategy,2f85546450e049c8b366326288caec15,SPY,buy,market,fill,1,gtc,0.0,1,stock,559.1500244140625,100.0,0.0
2024-08-21 09:30:00-04:00,MyStrategy,416a865363a245118bd85942846a2c2e,SPY,buy,market,new,1,gtc,0.0,1,stock,,,
2024-08-21 09:30:00-04:00,MyStrategy,416a865363a245118bd85942846a2c2e,SPY,buy,market,fill,1,gtc,0.0,1,stock,559.77001953125,100.0,0.0
2024-08-21 12:30:00-04:00,MyStrategy,41f26b33c14a46a2ac4f01cfcc982e61,SPY,buy,market,new,1,gtc,0.0,1,stock,,,
2024-08-21 12:30:00-04:00,MyStrategy,41f26b33c14a46a2ac4f01cfcc982e61,SPY,buy,market,fill,1,gtc,0.0,1,stock,559.77001953125,100.0,0.0
2024-08-21 15:30:00-04:00,MyStrategy,198e595258d44d0a811b8b58e2422f6e,SPY,buy,market,new,1,gtc,0.0,1,stock,,,
2024-08-21 15:30:00-04:00,MyStrategy,198e595258d44d0a811b8b58e2422f6e,SPY,buy,market,fill,1,gtc,0.0,1,stock,559.77001953125,100.0,0.0
2024-08-22 09:30:00-04:00,MyStrategy,3581053d4cd74363b0136ba114bddf88,SPY,buy,market,new,1,gtc,0.0,1,stock,,,
2024-08-22 09:30:00-04:00,MyStrategy,3581053d4cd74363b0136ba114bddf88,SPY,buy,market,fill,1,gtc,0.0,1,stock,562.5599975585938,100.0,0.0
2024-08-22 12:30:00-04:00,MyStrategy,7fe738a0eca8404fbf8d56a58c59f9e1,SPY,buy,market,new,1,gtc,0.0,1,stock,,,
2024-08-22 12:30:00-04:00,MyStrategy,7fe738a0eca8404fbf8d56a58c59f9e1,SPY,buy,market,fill,1,gtc,0.0,1,stock,562.5599975585938,100.0,0.0
2024-08-22 15:30:00-04:00,MyStrategy,4b426d9ce23648b5ba7907840d128471,SPY,buy,market,new,1,gtc,0.0,1,stock,,,
2024-08-22 15:30:00-04:00,MyStrategy,4b426d9ce23648b5ba7907840d128471,SPY,buy,market,fill,1,gtc,0.0,1,stock,562.5599975585938,100.0,0.0
2024-08-23 09:30:00-04:00,MyStrategy,2031d7aabcbf4abf822c0e0074c949a9,SPY,buy,market,new,1,gtc,0.0,1,stock,,,
2024-08-23 09:30:00-04:00,MyStrategy,2031d7aabcbf4abf822c0e0074c949a9,SPY,buy,market,fill,1,gtc,0.0,1,stock,559.530029296875,100.0,0.0
2024-08-23 12:30:00-04:00,MyStrategy,b1a3dc24bdd44145b30efc37721859c1,SPY,buy,market,new,1,gtc,0.0,1,stock,,,
2024-08-23 12:30:00-04:00,MyStrategy,b1a3dc24bdd44145b30efc37721859c1,SPY,buy,market,fill,1,gtc,0.0,1,stock,559.530029296875,100.0,0.0
2024-08-23 15:30:00-04:00,MyStrategy,1dbf6d7b470c462087e27d9af311da81,SPY,buy,market,new,1,gtc,0.0,1,stock,,,
2024-08-23 15:30:00-04:00,MyStrategy,1dbf6d7b470c462087e27d9af311da81,SPY,buy,market,fill,1,gtc,0.0,1,stock,559.530029296875,100.0,0.0
2024-08-26 09:30:00-04:00,MyStrategy,28728db5a675404e80155982749621fe,SPY,buy,market,new,1,gtc,0.0,1,stock,,,
2024-08-26 09:30:00-04:00,MyStrategy,28728db5a675404e80155982749621fe,SPY,buy,market,fill,1,gtc,0.0,1,stock,563.1799926757812,100.0,0.0
2024-08-26 12:30:00-04:00,MyStrategy,577ac7fc0f3643559eee408d0f54ed56,SPY,buy,market,new,1,gtc,0.0,1,stock,,,
2024-08-26 12:30:00-04:00,MyStrategy,577ac7fc0f3643559eee408d0f54ed56,SPY,buy,market,fill,1,gtc,0.0,1,stock,563.1799926757812,100.0,0.0
2024-08-26 15:30:00-04:00,MyStrategy,c924a9a9bd4c48cfbf9c542d0bae6593,SPY,buy,market,new,1,gtc,0.0,1,stock,,,
2024-08-26 15:30:00-04:00,MyStrategy,c924a9a9bd4c48cfbf9c542d0bae6593,SPY,buy,market,fill,1,gtc,0.0,1,stock,563.1799926757812,100.0,0.0
2024-08-27 09:30:00-04:00,MyStrategy,760ae97aeb154d7a98a19fda316248dd,SPY,buy,market,new,1,gtc,0.0,1,stock,,,
2024-08-27 09:30:00-04:00,MyStrategy,760ae97aeb154d7a98a19fda316248dd,SPY,buy,market,fill,1,gtc,0.0,1,stock,559.489990234375,100.0,0.0
2024-08-27 12:30:00-04:00,MyStrategy,d342458435c640be80b16bd5f09d3b82,SPY,buy,market,new,1,gtc,0.0,1,stock,,,
2024-08-27 12:30:00-04:00,MyStrategy,d342458435c640be80b16bd5f09d3b82,SPY,buy,market,fill,1,gtc,0.0,1,stock,559.489990234375,100.0,0.0
2024-08-27 15:30:00-04:00,MyStrategy,8c61d44dae524a46bfb946b408e42ac2,SPY,buy,market,new,1,gtc,0.0,1,stock,,,
2024-08-27 15:30:00-04:00,MyStrategy,8c61d44dae524a46bfb946b408e42ac2,SPY,buy,market,fill,1,gtc,0.0,1,stock,559.489990234375,100.0,0.0
2024-08-28 09:30:00-04:00,MyStrategy,9023fa5c48b44a6e806c7764f5e85cb4,SPY,buy,market,new,1,gtc,0.0,1,stock,,,
2024-08-28 09:30:00-04:00,MyStrategy,9023fa5c48b44a6e806c7764f5e85cb4,SPY,buy,market,fill,1,gtc,0.0,1,stock,561.2100219726562,100.0,0.0
2024-08-28 12:30:00-04:00,MyStrategy,96be935adab94ab3a7d8d5f6852e9207,SPY,buy,market,new,1,gtc,0.0,1,stock,,,
2024-08-28 12:30:00-04:00,MyStrategy,96be935adab94ab3a7d8d5f6852e9207,SPY,buy,market,fill,1,gtc,0.0,1,stock,561.2100219726562,100.0,0.0
2024-08-28 15:30:00-04:00,MyStrategy,80e03061a09444beaf14442e4c1bf292,SPY,buy,market,new,1,gtc,0.0,1,stock,,,
2024-08-28 15:30:00-04:00,MyStrategy,80e03061a09444beaf14442e4c1bf292,SPY,buy,market,fill,1,gtc,0.0,1,stock,561.2100219726562,100.0,0.0
2024-08-29 09:30:00-04:00,MyStrategy,62a9dd79e38c4cc1905f9de955e72e45,SPY,buy,market,new,1,gtc,0.0,1,stock,,,
2024-08-29 09:30:00-04:00,MyStrategy,62a9dd79e38c4cc1905f9de955e72e45,SPY,buy,market,fill,1,gtc,0.0,1,stock,560.3099975585938,100.0,0.0
2024-08-29 12:30:00-04:00,MyStrategy,b0f6d0d6c0c74a2dbd34366be1e8a4c0,SPY,buy,market,new,1,gtc,0.0,1,stock,,,
2024-08-29 12:30:00-04:00,MyStrategy,b0f6d0d6c0c74a2dbd34366be1e8a4c0,SPY,buy,market,fill,1,gtc,0.0,1,stock,560.3099975585938,100.0,0.0
2024-08-29 15:30:00-04:00,MyStrategy,1db0fdd55f8d43c880924e9d75ed242d,SPY,buy,market,new,1,gtc,0.0,1,stock,,,
2024-08-29 15:30:00-04:00,MyStrategy,1db0fdd55f8d43c880924e9d75ed242d,SPY,buy,market,fill,1,gtc,0.0,1,stock,560.3099975585938,100.0,0.0
2024-08-30 09:30:00-04:00,MyStrategy,b4c72330ca7d4ad38379ad45eee8161f,SPY,buy,market,new,1,gtc,0.0,1,stock,,,
2024-08-30 09:30:00-04:00,MyStrategy,b4c72330ca7d4ad38379ad45eee8161f,SPY,buy,market,fill,1,gtc,0.0,1,stock,560.77001953125,100.0,0.0
2024-08-30 12:30:00-04:00,MyStrategy,4a2baacac0964999babb13d42f623b8f,SPY,buy,market,new,1,gtc,0.0,1,stock,,,
2024-08-30 12:30:00-04:00,MyStrategy,4a2baacac0964999babb13d42f623b8f,SPY,buy,market,fill,1,gtc,0.0,1,stock,560.77001953125,100.0,0.0
2024-08-30 15:30:00-04:00,MyStrategy,7c2a0f9dca9f49dfb429f519bc0dbfd6,SPY,buy,market,new,1,gtc,0.0,1,stock,,,
2024-08-30 15:30:00-04:00,MyStrategy,7c2a0f9dca9f49dfb429f519bc0dbfd6,SPY,buy,market,fill,1,gtc,0.0,1,stock,560.77001953125,100.0,0.0
2024-09-03 09:30:00-04:00,MyStrategy,3b0bbbc0754c4961a27a2a6920ebda8d,SPY,buy,market,new,1,gtc,0.0,1,stock,,,
2024-09-03 09:30:00-04:00,MyStrategy,3b0bbbc0754c4961a27a2a6920ebda8d,SPY,buy,market,fill,1,gtc,0.0,1,stock,560.469970703125,100.0,0.0
2024-09-03 12:30:00-04:00,MyStrategy,eb003082b3e844d3bfeb0e1d5de1154d,SPY,buy,market,new,1,gtc,0.0,1,stock,,,
2024-09-03 12:30:00-04:00,MyStrategy,eb003082b3e844d3bfeb0e1d5de1154d,SPY,buy,market,fill,1,gtc,0.0,1,stock,560.469970703125,100.0,0.0
2024-09-03 15:30:00-04:00,MyStrategy,f72b2c6da04f4cbdad723b02e8694936,SPY,buy,market,new,1,gtc,0.0,1,stock,,,
2024-09-03 15:30:00-04:00,MyStrategy,f72b2c6da04f4cbdad723b02e8694936,SPY,buy,market,fill,1,gtc,0.0,1,stock,560.469970703125,100.0,0.0
2024-09-04 09:30:00-04:00,MyStrategy,ae1b84210565492e8ad03d9d60083556,SPY,buy,market,new,1,gtc,0.0,1,stock,,,
2024-09-04 09:30:00-04:00,MyStrategy,ae1b84210565492e8ad03d9d60083556,SPY,buy,market,fill,1,gtc,0.0,1,stock,550.2000122070312,100.0,0.0
2024-09-04 12:30:00-04:00,MyStrategy,647231026c324c3ebcd2744366fafbea,SPY,buy,market,new,1,gtc,0.0,1,stock,,,
2024-09-04 12:30:00-04:00,MyStrategy,647231026c324c3ebcd2744366fafbea,SPY,buy,market,fill,1,gtc,0.0,1,stock,550.2000122070312,100.0,0.0
2024-09-04 15:30:00-04:00,MyStrategy,b0d80686596e4a62b8e2b343e453d6fa,SPY,buy,market,new,1,gtc,0.0,1,stock,,,
2024-09-04 15:30:00-04:00,MyStrategy,b0d80686596e4a62b8e2b343e453d6fa,SPY,buy,market,fill,1,gtc,0.0,1,stock,550.2000122070312,100.0,0.0
2024-09-05 09:30:00-04:00,MyStrategy,daf21bc7d7984d3c88b583a5270030a6,SPY,buy,market,new,1,gtc,0.0,1,stock,,,
2024-09-05 09:30:00-04:00,MyStrategy,daf21bc7d7984d3c88b583a5270030a6,SPY,buy,market,fill,1,gtc,0.0,1,stock,550.8900146484375,100.0,0.0
2024-09-05 12:30:00-04:00,MyStrategy,04330afb94004449b532160ac91e0a6f,SPY,buy,market,new,1,gtc,0.0,1,stock,,,
2024-09-05 12:30:00-04:00,MyStrategy,04330afb94004449b532160ac91e0a6f,SPY,buy,market,fill,1,gtc,0.0,1,stock,550.8900146484375,100.0,0.0
2024-09-05 15:30:00-04:00,MyStrategy,84e47f1636f84906b86e746ac21a27b9,SPY,buy,market,new,1,gtc,0.0,1,stock,,,
2024-09-05 15:30:00-04:00,MyStrategy,84e47f1636f84906b86e746ac21a27b9,SPY,buy,market,fill,1,gtc,0.0,1,stock,550.8900146484375,100.0,0.0
2024-09-06 09:30:00-04:00,MyStrategy,42e5ea78739548e4bd5ce31c4b52ee9e,SPY,buy,market,new,1,gtc,0.0,1,stock,,,
2024-09-06 09:30:00-04:00,MyStrategy,42e5ea78739548e4bd5ce31c4b52ee9e,SPY,buy,market,fill,1,gtc,0.0,1,stock,549.9400024414062,100.0,0.0
2024-09-06 12:30:00-04:00,MyStrategy,dfb2d63a0160486b8f9b98cdab8c638f,SPY,buy,market,new,1,gtc,0.0,1,stock,,,
2024-09-06 12:30:00-04:00,MyStrategy,dfb2d63a0160486b8f9b98cdab8c638f,SPY,buy,market,fill,1,gtc,0.0,1,stock,549.9400024414062,100.0,0.0
2024-09-06 15:30:00-04:00,MyStrategy,6ea82d5605e94130a323056062f5b1a3,SPY,buy,market,new,1,gtc,0.0,1,stock,,,
2024-09-06 15:30:00-04:00,MyStrategy,6ea82d5605e94130a323056062f5b1a3,SPY,buy,market,fill,1,gtc,0.0,1,stock,549.9400024414062,100.0,0.0
2024-09-09 09:30:00-04:00,MyStrategy,e9398f2fac1d47609eb75ca7e50c5d0a,SPY,buy,market,new,1,gtc,0.0,1,stock,,,
2024-09-09 09:30:00-04:00,MyStrategy,e9398f2fac1d47609eb75ca7e50c5d0a,SPY,buy,market,fill,1,gtc,0.0,1,stock,544.6500244140625,100.0,0.0
2024-09-09 12:30:00-04:00,MyStrategy,b39cda422e5346afacf2bf0a878c3cec,SPY,buy,market,new,1,gtc,0.0,1,stock,,,
2024-09-09 12:30:00-04:00,MyStrategy,b39cda422e5346afacf2bf0a878c3cec,SPY,buy,market,fill,1,gtc,0.0,1,stock,544.6500244140625,100.0,0.0
2024-09-09 15:30:00-04:00,MyStrategy,041c2a0f43014acda0d6f17f0e5726f3,SPY,buy,market,new,1,gtc,0.0,1,stock,,,
2024-09-09 15:30:00-04:00,MyStrategy,041c2a0f43014acda0d6f17f0e5726f3,SPY,buy,market,fill,1,gtc,0.0,1,stock,544.6500244140625,100.0,0.0
2024-09-10 09:30:00-04:00,MyStrategy,0555992deddf407ca7e92c22298ffa93,SPY,buy,market,new,1,gtc,0.0,1,stock,,,
2024-09-10 09:30:00-04:00,MyStrategy,0555992deddf407ca7e92c22298ffa93,SPY,buy,market,fill,1,gtc,0.0,1,stock,548.3599853515625,100.0,0.0
2024-09-10 12:30:00-04:00,MyStrategy,da62bef76ab44f75abe41cfb77ec479f,SPY,buy,market,new,1,gtc,0.0,1,stock,,,
2024-09-10 12:30:00-04:00,MyStrategy,da62bef76ab44f75abe41cfb77ec479f,SPY,buy,market,fill,1,gtc,0.0,1,stock,548.3599853515625,100.0,0.0
2024-09-10 15:30:00-04:00,MyStrategy,74482b54cb8842b08dd342464b2f5052,SPY,buy,market,new,1,gtc,0.0,1,stock,,,
2024-09-10 15:30:00-04:00,MyStrategy,74482b54cb8842b08dd342464b2f5052,SPY,buy,market,fill,1,gtc,0.0,1,stock,548.3599853515625,100.0,0.0
2024-09-11 09:30:00-04:00,MyStrategy,c1b6e90f7bd64fe69829c9b2274285cb,SPY,buy,market,new,1,gtc,0.0,1,stock,,,
2024-09-11 09:30:00-04:00,MyStrategy,c1b6e90f7bd64fe69829c9b2274285cb,SPY,buy,market,fill,1,gtc,0.0,1,stock,548.7000122070312,100.0,0.0
2024-09-11 12:30:00-04:00,MyStrategy,d41ab7b85f524bf1bc956f4499fff79f,SPY,buy,market,new,1,gtc,0.0,1,stock,,,
2024-09-11 12:30:00-04:00,MyStrategy,d41ab7b85f524bf1bc956f4499fff79f,SPY,buy,market,fill,1,gtc,0.0,1,stock,548.7000122070312,100.0,0.0
2024-09-11 15:30:00-04:00,MyStrategy,b3d820e71caa4d37b7c7d726de00af49,SPY,buy,market,new,1,gtc,0.0,1,stock,,,
2024-09-11 15:30:00-04:00,MyStrategy,b3d820e71caa4d37b7c7d726de00af49,SPY,buy,market,fill,1,gtc,0.0,1,stock,548.7000122070312,100.0,0.0
2024-09-12 09:30:00-04:00,MyStrategy,f67b9cfd135f4e31927ba6128b95f55c,SPY,buy,market,new,1,gtc,0.0,1,stock,,,
2024-09-12 09:30:00-04:00,MyStrategy,f67b9cfd135f4e31927ba6128b95f55c,SPY,buy,market,fill,1,gtc,0.0,1,stock,555.010009765625,100.0,0.0
2024-09-12 12:30:00-04:00,MyStrategy,b85458a3462849a6b5915652915280e5,SPY,buy,market,new,1,gtc,0.0,1,stock,,,
2024-09-12 12:30:00-04:00,MyStrategy,b85458a3462849a6b5915652915280e5,SPY,buy,market,fill,1,gtc,0.0,1,stock,555.010009765625,100.0,0.0
2024-09-12 15:30:00-04:00,MyStrategy,e7a85145f0064b11bd7f969b84f0bfe3,SPY,buy,market,new,1,gtc,0.0,1,stock,,,
2024-09-12 15:30:00-04:00,MyStrategy,e7a85145f0064b11bd7f969b84f0bfe3,SPY,buy,market,fill,1,gtc,0.0,1,stock,555.010009765625,100.0,0.0
2024-09-13 09:30:00-04:00,MyStrategy,98e176b2941a404cb6acb0d6560f2f4f,SPY,buy,market,new,1,gtc,0.0,1,stock,,,
2024-09-13 09:30:00-04:00,MyStrategy,98e176b2941a404cb6acb0d6560f2f4f,SPY,buy,market,fill,1,gtc,0.0,1,stock,559.7100219726562,100.0,0.0
2024-09-13 12:30:00-04:00,MyStrategy,c3f7e7c520f342bc866e96e43630255d,SPY,buy,market,new,1,gtc,0.0,1,stock,,,
2024-09-13 12:30:00-04:00,MyStrategy,c3f7e7c520f342bc866e96e43630255d,SPY,buy,market,fill,1,gtc,0.0,1,stock,559.7100219726562,100.0,0.0
2024-09-13 15:30:00-04:00,MyStrategy,f06a80c69d434cf6b9c00639a9811ef9,SPY,buy,market,new,1,gtc,0.0,1,stock,,,
2024-09-13 15:30:00-04:00,MyStrategy,f06a80c69d434cf6b9c00639a9811ef9,SPY,buy,market,fill,1,gtc,0.0,1,stock,559.7100219726562,100.0,0.0
2024-09-16 09:30:00-04:00,MyStrategy,6d0ca7c0507e46348a3af9f01ab8b899,SPY,buy,market,new,1,gtc,0.0,1,stock,,,
2024-09-16 09:30:00-04:00,MyStrategy,6d0ca7c0507e46348a3af9f01ab8b899,SPY,buy,market,fill,1,gtc,0.0,1,stock,561.739990234375,100.0,0.0
2024-09-16 12:30:00-04:00,MyStrategy,ae4d19f947d2444c931820f39597912e,SPY,buy,market,new,1,gtc,0.0,1,stock,,,
2024-09-16 12:30:00-04:00,MyStrategy,ae4d19f947d2444c931820f39597912e,SPY,buy,market,fill,1,gtc,0.0,1,stock,561.739990234375,100.0,0.0
2024-09-16 15:30:00-04:00,MyStrategy,ab9852308ddc4568a9fa5afeb5c45514,SPY,buy,market,new,1,gtc,0.0,1,stock,,,
2024-09-16 15:30:00-04:00,MyStrategy,ab9852308ddc4568a9fa5afeb5c45514,SPY,buy,market,fill,1,gtc,0.0,1,stock,561.739990234375,100.0,0.0
2024-09-17 09:30:00-04:00,MyStrategy,c31c181483e94ee78e6c32c21215b79a,SPY,buy,market,new,1,gtc,0.0,1,stock,,,
2024-09-17 09:30:00-04:00,MyStrategy,c31c181483e94ee78e6c32c21215b79a,SPY,buy,market,fill,1,gtc,0.0,1,stock,565.0999755859375,100.0,0.0
2024-09-17 12:30:00-04:00,MyStrategy,09405d9b180741aeab0188de8b03547d,SPY,buy,market,new,1,gtc,0.0,1,stock,,,
2024-09-17 12:30:00-04:00,MyStrategy,09405d9b180741aeab0188de8b03547d,SPY,buy,market,fill,1,gtc,0.0,1,stock,565.0999755859375,100.0,0.0
2024-09-17 15:30:00-04:00,MyStrategy,a1a2342b974f4a6388b5b8f4686c3274,SPY,buy,market,new,1,gtc,0.0,1,stock,,,
2024-09-17 15:30:00-04:00,MyStrategy,a1a2342b974f4a6388b5b8f4686c3274,SPY,buy,market,fill,1,gtc,0.0,1,stock,565.0999755859375,100.0,0.0
2024-09-18 09:30:00-04:00,MyStrategy,5fc203256bc9481f9dfd62e71e97d467,SPY,buy,market,new,1,gtc,0.0,1,stock,,,
2024-09-18 09:30:00-04:00,MyStrategy,5fc203256bc9481f9dfd62e71e97d467,SPY,buy,market,fill,1,gtc,0.0,1,stock,563.739990234375,100.0,0.0
2024-09-18 12:30:00-04:00,MyStrategy,85bbca8431c14de6b0602f7d9ac5e710,SPY,buy,market,new,1,gtc,0.0,1,stock,,,
2024-09-18 12:30:00-04:00,MyStrategy,85bbca8431c14de6b0602f7d9ac5e710,SPY,buy,market,fill,1,gtc,0.0,1,stock,563.739990234375,100.0,0.0
2024-09-18 15:30:00-04:00,MyStrategy,22bf4602428a4d318b1503f3f7372b7f,SPY,buy,market,new,1,gtc,0.0,1,stock,,,
2024-09-18 15:30:00-04:00,MyStrategy,22bf4602428a4d318b1503f3f7372b7f,SPY,buy,market,fill,1,gtc,0.0,1,stock,563.739990234375,100.0,0.0
2024-09-19 09:30:00-04:00,MyStrategy,2de7653efdbf46459d2fbcb8c0b369d6,SPY,buy,market,new,1,gtc,0.0,1,stock,,,
2024-09-19 09:30:00-04:00,MyStrategy,2de7653efdbf46459d2fbcb8c0b369d6,SPY,buy,market,fill,1,gtc,0.0,1,stock,571.010009765625,100.0,0.0
2024-09-19 12:30:00-04:00,MyStrategy,5a17f6fcace34ac08109a1dbeb8f4249,SPY,buy,market,new,1,gtc,0.0,1,stock,,,
2024-09-19 12:30:00-04:00,MyStrategy,5a17f6fcace34ac08109a1dbeb8f4249,SPY,buy,market,fill,1,gtc,0.0,1,stock,571.010009765625,100.0,0.0
2024-09-19 15:30:00-04:00,MyStrategy,896b1a73df894e43b3405bf6df19f44d,SPY,buy,market,new,1,gtc,0.0,1,stock,,,
2024-09-19 15:30:00-04:00,MyStrategy,896b1a73df894e43b3405bf6df19f44d,SPY,buy,market,fill,1,gtc,0.0,1,stock,571.010009765625,100.0,0.0
2024-09-20 09:30:00-04:00,MyStrategy,0d3dead4b370405ca8d5f7047699f97b,SPY,buy,market,new,1,gtc,0.0,1,stock,,,
2024-09-20 09:30:00-04:00,MyStrategy,0d3dead4b370405ca8d5f7047699f97b,SPY,buy,market,fill,1,gtc,0.0,1,stock,567.8400268554688,100.0,0.0
2024-09-20 12:30:00-04:00,MyStrategy,dc3d88bab0c4467bb7f40aca2f702316,SPY,buy,market,new,1,gtc,0.0,1,stock,,,
2024-09-20 12:30:00-04:00,MyStrategy,dc3d88bab0c4467bb7f40aca2f702316,SPY,buy,market,fill,1,gtc,0.0,1,stock,567.8400268554688,100.0,0.0
2024-09-20 15:30:00-04:00,MyStrategy,15133be7b53a40b8a32cd04e6ceec913,SPY,buy,market,new,1,gtc,0.0,1,stock,,,
2024-09-20 15:30:00-04:00,MyStrategy,15133be7b53a40b8a32cd04e6ceec913,SPY,buy,market,fill,1,gtc,0.0,1,stock,567.8400268554688,100.0,0.0
2024-09-23 09:30:00-04:00,MyStrategy,256f0b129c4a4505a8621ec367a51953,SPY,buy,market,new,1,gtc,0.0,1,stock,,,
2024-09-23 09:30:00-04:00,MyStrategy,256f0b129c4a4505a8621ec367a51953,SPY,buy,market,fill,1,gtc,0.0,1,stock,569.3400268554688,100.0,0.0
2024-09-23 12:30:00-04:00,MyStrategy,fbd5e4e58e1d494daf00f181cf178bc1,SPY,buy,market,new,1,gtc,0.0,1,stock,,,
2024-09-23 12:30:00-04:00,MyStrategy,fbd5e4e58e1d494daf00f181cf178bc1,SPY,buy,market,fill,1,gtc,0.0,1,stock,569.3400268554688,100.0,0.0
2024-09-23 15:30:00-04:00,MyStrategy,4eb7529acb7d4e1b987139e506943591,SPY,buy,market,new,1,gtc,0.0,1,stock,,,
2024-09-23 15:30:00-04:00,MyStrategy,4eb7529acb7d4e1b987139e506943591,SPY,buy,market,fill,1,gtc,0.0,1,stock,569.3400268554688,100.0,0.0
2024-09-24 09:30:00-04:00,MyStrategy,71b0304ce21940d1b3cf5ff1d464b048,SPY,buy,market,new,1,gtc,0.0,1,stock,,,
2024-09-24 09:30:00-04:00,MyStrategy,71b0304ce21940d1b3cf5ff1d464b048,SPY,buy,market,fill,1,gtc,0.0,1,stock,570.47998046875,100.0,0.0
2024-09-24 12:30:00-04:00,MyStrategy,730dfa601f954e49ad26ac017c02836c,SPY,buy,market,new,1,gtc,0.0,1,stock,,,
2024-09-24 12:30:00-04:00,MyStrategy,730dfa601f954e49ad26ac017c02836c,SPY,buy,market,fill,1,gtc,0.0,1,stock,570.47998046875,100.0,0.0
2024-09-24 15:30:00-04:00,MyStrategy,a014aa625ee740cdb1c7705dd910de9e,SPY,buy,market,new,1,gtc,0.0,1,stock,,,
2024-09-24 15:30:00-04:00,MyStrategy,a014aa625ee740cdb1c7705dd910de9e,SPY,buy,market,fill,1,gtc,0.0,1,stock,570.47998046875,100.0,0.0
2024-09-25 09:30:00-04:00,MyStrategy,71f358283ae641b088018748071c63b8,SPY,buy,market,new,1,gtc,0.0,1,stock,,,
2024-09-25 09:30:00-04:00,MyStrategy,71f358283ae641b088018748071c63b8,SPY,buy,market,fill,1,gtc,0.0,1,stock,571.1400146484375,100.0,0.0
2024-09-25 12:30:00-04:00,MyStrategy,feb0fb77f70f4e8a812a31d5172f5393,SPY,buy,market,new,1,gtc,0.0,1,stock,,,
2024-09-25 12:30:00-04:00,MyStrategy,feb0fb77f70f4e8a812a31d5172f5393,SPY,buy,market,fill,1,gtc,0.0,1,stock,571.1400146484375,100.0,0.0
2024-09-25 15:30:00-04:00,MyStrategy,ed3b998cca8248529b922e8fa4c73e3b,SPY,buy,market,new,1,gtc,0.0,1,stock,,,
2024-09-25 15:30:00-04:00,MyStrategy,ed3b998cca8248529b922e8fa4c73e3b,SPY,buy,market,fill,1,gtc,0.0,1,stock,571.1400146484375,100.0,0.0
2024-09-26 09:30:00-04:00,MyStrategy,d42a4f7bc5774ea382fcafe749e90e91,SPY,buy,market,new,1,gtc,0.0,1,stock,,,
2024-09-26 09:30:00-04:00,MyStrategy,d42a4f7bc5774ea382fcafe749e90e91,SPY,buy,market,fill,1,gtc,0.0,1,stock,574.3800048828125,100.0,0.0
2024-09-26 12:30:00-04:00,MyStrategy,924b3fac0395484885ee69582961f617,SPY,buy,market,new,1,gtc,0.0,1,stock,,,
2024-09-26 12:30:00-04:00,MyStrategy,924b3fac0395484885ee69582961f617,SPY,buy,market,fill,1,gtc,0.0,1,stock,574.3800048828125,100.0,0.0
2024-09-26 15:30:00-04:00,MyStrategy,2bb23e435c9c4e41978d32e5e3d8b063,SPY,buy,market,new,1,gtc,0.0,1,stock,,,
2024-09-26 15:30:00-04:00,MyStrategy,2bb23e435c9c4e41978d32e5e3d8b063,SPY,buy,market,fill,1,gtc,0.0,1,stock,574.3800048828125,100.0,0.0
2024-09-27 09:30:00-04:00,MyStrategy,5fdcca3c10454ae6b398849d461eeb56,SPY,buy,market,new,1,gtc,0.0,1,stock,,,
2024-09-27 09:30:00-04:00,MyStrategy,5fdcca3c10454ae6b398849d461eeb56,SPY,buy,market,fill,1,gtc,0.0,1,stock,573.3900146484375,100.0,0.0
2024-09-27 12:30:00-04:00,MyStrategy,5b5fce657f674783ad8c46c633e57db4,SPY,buy,market,new,1,gtc,0.0,1,stock,,,
2024-09-27 12:30:00-04:00,MyStrategy,5b5fce657f674783ad8c46c633e57db4,SPY,buy,market,fill,1,gtc,0.0,1,stock,573.3900146484375,100.0,0.0
2024-09-27 15:30:00-04:00,MyStrategy,c65e36137fff4d7eae85994c268ab279,SPY,buy,market,new,1,gtc,0.0,1,stock,,,
2024-09-27 15:30:00-04:00,MyStrategy,c65e36137fff4d7eae85994c268ab279,SPY,buy,market,fill,1,gtc,0.0,1,stock,573.3900146484375,100.0,0.0
2024-09-30 09:30:00-04:00,MyStrategy,4d8e427fb19148b58cb1e96cf9d76e27,SPY,buy,market,new,1,gtc,0.0,1,stock,,,
2024-09-30 09:30:00-04:00,MyStrategy,4d8e427fb19148b58cb1e96cf9d76e27,SPY,buy,market,fill,1,gtc,0.0,1,stock,570.4199829101562,100.0,0.0
2024-09-30 12:30:00-04:00,MyStrategy,a975f5fd89be493fa52461a2c86ef2a2,SPY,buy,market,new,1,gtc,0.0,1,stock,,,
2024-09-30 12:30:00-04:00,MyStrategy,a975f5fd89be493fa52461a2c86ef2a2,SPY,buy,market,fill,1,gtc,0.0,1,stock,570.4199829101562,100.0,0.0
2024-09-30 15:30:00-04:00,MyStrategy,4b78821b175d4ad6b30449a4c5ce49c7,SPY,buy,market,new,1,gtc,0.0,1,stock,,,
2024-09-30 15:30:00-04:00,MyStrategy,4b78821b175d4ad6b30449a4c5ce49c7,SPY,buy,market,fill,1,gtc,0.0,1,stock,570.4199829101562,100.0,0.0
2024-10-01 09:30:00-04:00,MyStrategy,06960c844f3144e7953ee42e92bece22,SPY,buy,market,new,1,gtc,0.0,1,stock,,,
2024-10-01 09:30:00-04:00,MyStrategy,06960c844f3144e7953ee42e92bece22,SPY,buy,market,fill,1,gtc,0.0,1,stock,573.4000244140625,100.0,0.0
2024-10-01 12:30:00-04:00,MyStrategy,9921e028f3a24dcc8995548f7f57f38f,SPY,buy,market,new,1,gtc,0.0,1,stock,,,
2024-10-01 12:30:00-04:00,MyStrategy,9921e028f3a24dcc8995548f7f57f38f,SPY,buy,market,fill,1,gtc,0.0,1,stock,573.4000244140625,100.0,0.0
2024-10-01 15:30:00-04:00,MyStrategy,95c0cf502f10463da5ed6cf9150a6429,SPY,buy,market,new,1,gtc,0.0,1,stock,,,
2024-10-01 15:30:00-04:00,MyStrategy,95c0cf502f10463da5ed6cf9150a6429,SPY,buy,market,fill,1,gtc,0.0,1,stock,573.4000244140625,100.0,0.0
2024-10-02 09:30:00-04:00,MyStrategy,c701147684e24b2c9028838b292c3078,SPY,buy,market,new,1,gtc,0.0,1,stock,,,
2024-10-02 09:30:00-04:00,MyStrategy,c701147684e24b2c9028838b292c3078,SPY,buy,market,fill,1,gtc,0.0,1,stock,567.7100219726562,100.0,0.0
2024-10-02 12:30:00-04:00,MyStrategy,397b614979d045fb9cbdf6da3894b44e,SPY,buy,market,new,1,gtc,0.0,1,stock,,,
2024-10-02 12:30:00-04:00,MyStrategy,397b614979d045fb9cbdf6da3894b44e,SPY,buy,market,fill,1,gtc,0.0,1,stock,567.7100219726562,100.0,0.0
2024-10-02 15:30:00-04:00,MyStrategy,15410a614b084d24a86ed678e8997a3c,SPY,buy,market,new,1,gtc,0.0,1,stock,,,
2024-10-02 15:30:00-04:00,MyStrategy,15410a614b084d24a86ed678e8997a3c,SPY,buy,market,fill,1,gtc,0.0,1,stock,567.7100219726562,100.0,0.0
2024-10-03 09:30:00-04:00,MyStrategy,00121ee637dd4f128b0fd2e740b9e402,SPY,buy,market,new,1,gtc,0.0,1,stock,,,
2024-10-03 09:30:00-04:00,MyStrategy,00121ee637dd4f128b0fd2e740b9e402,SPY,buy,market,fill,1,gtc,0.0,1,stock,567.3599853515625,100.0,0.0
2024-10-03 12:30:00-04:00,MyStrategy,bbff7f519bc749cea5085388db9635bd,SPY,buy,market,new,1,gtc,0.0,1,stock,,,
2024-10-03 12:30:00-04:00,MyStrategy,bbff7f519bc749cea5085388db9635bd,SPY,buy,market,fill,1,gtc,0.0,1,stock,567.3599853515625,100.0,0.0
2024-10-03 15:30:00-04:00,MyStrategy,597ed859951a4bbd8ff7ddc5f119508d,SPY,buy,market,new,1,gtc,0.0,1,stock,,,
2024-10-03 15:30:00-04:00,MyStrategy,597ed859951a4bbd8ff7ddc5f119508d,SPY,buy,market,fill,1,gtc,0.0,1,stock,567.3599853515625,100.0,0.0
2024-10-04 09:30:00-04:00,MyStrategy,2aece7de500e44d491b16e08ebc9e9d8,SPY,buy,market,new,1,gtc,0.0,1,stock,,,
2024-10-04 09:30:00-04:00,MyStrategy,2aece7de500e44d491b16e08ebc9e9d8,SPY,buy,market,fill,1,gtc,0.0,1,stock,572.3499755859375,100.0,0.0
2024-10-04 12:30:00-04:00,MyStrategy,cf6875ad4e804da88518661a50cb4d40,SPY,buy,market,new,1,gtc,0.0,1,stock,,,
2024-10-04 12:30:00-04:00,MyStrategy,cf6875ad4e804da88518661a50cb4d40,SPY,buy,market,fill,1,gtc,0.0,1,stock,572.3499755859375,100.0,0.0
2024-10-04 15:30:00-04:00,MyStrategy,140f1ef6f8bf4e2eb3c3177067858afc,SPY,buy,market,new,1,gtc,0.0,1,stock,,,
2024-10-04 15:30:00-04:00,MyStrategy,140f1ef6f8bf4e2eb3c3177067858afc,SPY,buy,market,fill,1,gtc,0.0,1,stock,572.3499755859375,100.0,0.0
2024-10-07 09:30:00-04:00,MyStrategy,99f5a0bbd1bc414eb7a60b14001549d7,SPY,buy,market,new,1,gtc,0.0,1,stock,,,
2024-10-07 09:30:00-04:00,MyStrategy,99f5a0bbd1bc414eb7a60b14001549d7,SPY,buy,market,fill,1,gtc,0.0,1,stock,571.2999877929688,100.0,0.0
2024-10-07 12:30:00-04:00,MyStrategy,5e04e4b200d0428f9fcf0e3e4570d6d6,SPY,buy,market,new,1,gtc,0.0,1,stock,,,
2024-10-07 12:30:00-04:00,MyStrategy,5e04e4b200d0428f9fcf0e3e4570d6d6,SPY,buy,market,fill,1,gtc,0.0,1,stock,571.2999877929688,100.0,0.0
2024-10-07 15:30:00-04:00,MyStrategy,3c3ceafa844148868ce9bf9d507ab3c3,SPY,buy,market,new,1,gtc,0.0,1,stock,,,
2024-10-07 15:30:00-04:00,MyStrategy,3c3ceafa844148868ce9bf9d507ab3c3,SPY,buy,market,fill,1,gtc,0.0,1,stock,571.2999877929688,100.0,0.0
2024-10-08 09:30:00-04:00,MyStrategy,2b3e923e4e8e40b28de812750565167e,SPY,buy,market,new,1,gtc,0.0,1,stock,,,
2024-10-08 09:30:00-04:00,MyStrategy,2b3e923e4e8e40b28de812750565167e,SPY,buy,market,fill,1,gtc,0.0,1,stock,570.4199829101562,100.0,0.0
2024-10-08 12:30:00-04:00,MyStrategy,5a55ae503d8c4eb6bbb70ba1d1672ff1,SPY,buy,market,new,1,gtc,0.0,1,stock,,,
2024-10-08 12:30:00-04:00,MyStrategy,5a55ae503d8c4eb6bbb70ba1d1672ff1,SPY,buy,market,fill,1,gtc,0.0,1,stock,570.4199829101562,100.0,0.0
2024-10-08 15:30:00-04:00,MyStrategy,68ab66a4d30a4e9482bf163c3f64b04d,SPY,buy,market,new,1,gtc,0.0,1,stock,,,
2024-10-08 15:30:00-04:00,MyStrategy,68ab66a4d30a4e9482bf163c3f64b04d,SPY,buy,market,fill,1,gtc,0.0,1,stock,570.4199829101562,100.0,0.0
2024-10-09 09:30:00-04:00,MyStrategy,3f1a9d9cf4e74f61bf1ae6d252313afe,SPY,buy,market,new,1,gtc,0.0,1,stock,,,
2024-10-09 09:30:00-04:00,MyStrategy,3f1a9d9cf4e74f61bf1ae6d252313afe,SPY,buy,market,fill,1,gtc,0.0,1,stock,573.1599731445312,100.0,0.0
2024-10-09 12:30:00-04:00,MyStrategy,a2e02f74485640229fbcf245839a323e,SPY,buy,market,new,1,gtc,0.0,1,stock,,,
2024-10-09 12:30:00-04:00,MyStrategy,a2e02f74485640229fbcf245839a323e,SPY,buy,market,fill,1,gtc,0.0,1,stock,573.1599731445312,100.0,0.0
2024-10-09 15:30:00-04:00,MyStrategy,a7fa65fbfa2945849c1fef66ed66ffbb,SPY,buy,market,new,1,gtc,0.0,1,stock,,,
2024-10-09 15:30:00-04:00,MyStrategy,a7fa65fbfa2945849c1fef66ed66ffbb,SPY,buy,market,fill,1,gtc,0.0,1,stock,573.1599731445312,100.0,0.0
2024-10-10 09:30:00-04:00,MyStrategy,09dfcfa690454fd8944c83bea674765b,SPY,buy,market,new,1,gtc,0.0,1,stock,,,
2024-10-10 09:30:00-04:00,MyStrategy,09dfcfa690454fd8944c83bea674765b,SPY,buy,market,fill,1,gtc,0.0,1,stock,575.77001953125,100.0,0.0
2024-10-10 12:30:00-04:00,MyStrategy,ab72e3e861764bf0bd6168fa420ba029,SPY,buy,market,new,1,gtc,0.0,1,stock,,,
2024-10-10 12:30:00-04:00,MyStrategy,ab72e3e861764bf0bd6168fa420ba029,SPY,buy,market,fill,1,gtc,0.0,1,stock,575.77001953125,100.0,0.0
2024-10-10 15:30:00-04:00,MyStrategy,26b50170c5c74220894929192b40e0b5,SPY,buy,market,new,1,gtc,0.0,1,stock,,,
2024-10-10 15:30:00-04:00,MyStrategy,26b50170c5c74220894929192b40e0b5,SPY,buy,market,fill,1,gtc,0.0,1,stock,575.77001953125,100.0,0.0
2024-10-11 09:30:00-04:00,MyStrategy,00def4264cb74c2783667c8be9b542a2,SPY,buy,market,new,1,gtc,0.0,1,stock,,,
2024-10-11 09:30:00-04:00,MyStrategy,00def4264cb74c2783667c8be9b542a2,SPY,buy,market,fill,1,gtc,0.0,1,stock,576.0499877929688,100.0,0.0
2024-10-11 12:30:00-04:00,MyStrategy,f0baafb4fd934da7b030232d0b7eab08,SPY,buy,market,new,1,gtc,0.0,1,stock,,,
2024-10-11 12:30:00-04:00,MyStrategy,f0baafb4fd934da7b030232d0b7eab08,SPY,buy,market,fill,1,gtc,0.0,1,stock,576.0499877929688,100.0,0.0
2024-10-11 15:30:00-04:00,MyStrategy,7981d1d543c0417dba63b02de5f7674d,SPY,buy,market,new,1,gtc,0.0,1,stock,,,
2024-10-11 15:30:00-04:00,MyStrategy,7981d1d543c0417dba63b02de5f7674d,SPY,buy,market,fill,1,gtc,0.0,1,stock,576.0499877929688,100.0,0.0
2024-10-14 09:30:00-04:00,MyStrategy,7c3001a9e8bb47f4be35bc41560c8b98,SPY,buy,market,new,1,gtc,0.0,1,stock,,,
2024-10-14 09:30:00-04:00,MyStrategy,7c3001a9e8bb47f4be35bc41560c8b98,SPY,buy,market,fill,1,gtc,0.0,1,stock,581.219970703125,100.0,0.0
2024-10-14 12:30:00-04:00,MyStrategy,bb1638aa42c040b1b15913373fb90e9d,SPY,buy,market,new,1,gtc,0.0,1,stock,,,
2024-10-14 12:30:00-04:00,MyStrategy,bb1638aa42c040b1b15913373fb90e9d,SPY,buy,market,fill,1,gtc,0.0,1,stock,581.219970703125,100.0,0.0
2024-10-14 15:30:00-04:00,MyStrategy,00b1e3ad641a4c45a010310851276bf9,SPY,buy,market,new,1,gtc,0.0,1,stock,,,
2024-10-14 15:30:00-04:00,MyStrategy,00b1e3ad641a4c45a010310851276bf9,SPY,buy,market,fill,1,gtc,0.0,1,stock,581.219970703125,100.0,0.0
2024-10-15 09:30:00-04:00,MyStrategy,ba72608dc1e448a98536956a2c053e42,SPY,buy,market,new,1,gtc,0.0,1,stock,,,
2024-10-15 09:30:00-04:00,MyStrategy,ba72608dc1e448a98536956a2c053e42,SPY,buy,market,fill,1,gtc,0.0,1,stock,584.5900268554688,100.0,0.0
2024-10-15 12:30:00-04:00,MyStrategy,42fb48155e49406287ee28e6a4025235,SPY,buy,market,new,1,gtc,0.0,1,stock,,,
2024-10-15 12:30:00-04:00,MyStrategy,42fb48155e49406287ee28e6a4025235,SPY,buy,market,fill,1,gtc,0.0,1,stock,584.5900268554688,100.0,0.0
2024-10-15 15:30:00-04:00,MyStrategy,35f07cf7952a4f378de50dbae68abdaa,SPY,buy,market,new,1,gtc,0.0,1,stock,,,
2024-10-15 15:30:00-04:00,MyStrategy,35f07cf7952a4f378de50dbae68abdaa,SPY,buy,market,fill,1,gtc,0.0,1,stock,584.5900268554688,100.0,0.0
2024-10-16 09:30:00-04:00,MyStrategy,2ba4e301d1da4bdea44e00eba9dbf284,SPY,buy,market,new,1,gtc,0.0,1,stock,,,
2024-10-16 09:30:00-04:00,MyStrategy,2ba4e301d1da4bdea44e00eba9dbf284,SPY,buy,market,fill,1,gtc,0.0,1,stock,579.780029296875,100.0,0.0
2024-10-16 12:30:00-04:00,MyStrategy,00bbb9204a2f4bac87dc96e74c5af8d9,SPY,buy,market,new,1,gtc,0.0,1,stock,,,
2024-10-16 12:30:00-04:00,MyStrategy,00bbb9204a2f4bac87dc96e74c5af8d9,SPY,buy,market,fill,1,gtc,0.0,1,stock,579.780029296875,100.0,0.0
2024-10-16 15:30:00-04:00,MyStrategy,a9651cd3aebd46b0975a88953719a7df,SPY,buy,market,new,1,gtc,0.0,1,stock,,,
2024-10-16 15:30:00-04:00,MyStrategy,a9651cd3aebd46b0975a88953719a7df,SPY,buy,market,fill,1,gtc,0.0,1,stock,579.780029296875,100.0,0.0
2024-10-17 09:30:00-04:00,MyStrategy,a9f57eeeec7a425ba0b9d0457271c4e0,SPY,buy,market,new,1,gtc,0.0,1,stock,,,
2024-10-17 09:30:00-04:00,MyStrategy,a9f57eeeec7a425ba0b9d0457271c4e0,SPY,buy,market,fill,1,gtc,0.0,1,stock,585.9099731445312,100.0,0.0
2024-10-17 12:30:00-04:00,MyStrategy,683324112ca145b78f1cd2ffde3b67fc,SPY,buy,market,new,1,gtc,0.0,1,stock,,,
2024-10-17 12:30:00-04:00,MyStrategy,683324112ca145b78f1cd2ffde3b67fc,SPY,buy,market,fill,1,gtc,0.0,1,stock,585.9099731445312,100.0,0.0
2024-10-17 15:30:00-04:00,MyStrategy,0517acdb34554fbab0f330fd8b49a70d,SPY,buy,market,new,1,gtc,0.0,1,stock,,,
2024-10-17 15:30:00-04:00,MyStrategy,0517acdb34554fbab0f330fd8b49a70d,SPY,buy,market,fill,1,gtc,0.0,1,stock,585.9099731445312,100.0,0.0
2024-10-18 09:30:00-04:00,MyStrategy,6be4bdac4c95479e9a35ce2275c6ffe5,SPY,buy,market,new,1,gtc,0.0,1,stock,,,
2024-10-18 09:30:00-04:00,MyStrategy,6be4bdac4c95479e9a35ce2275c6ffe5,SPY,buy,market,fill,1,gtc,0.0,1,stock,584.0700073242188,100.0,0.0
2024-10-18 12:30:00-04:00,MyStrategy,61f66bf44e1c44e68494e64d42488d7f,SPY,buy,market,new,1,gtc,0.0,1,stock,,,
2024-10-18 12:30:00-04:00,MyStrategy,61f66bf44e1c44e68494e64d42488d7f,SPY,buy,market,fill,1,gtc,0.0,1,stock,584.0700073242188,100.0,0.0
2024-10-18 15:30:00-04:00,MyStrategy,396e78ec7c9d4df6a50b4f619d70eb5c,SPY,buy,market,new,1,gtc,0.0,1,stock,,,
2024-10-18 15:30:00-04:00,MyStrategy,396e78ec7c9d4df6a50b4f619d70eb5c,SPY,buy,market,fill,1,gtc,0.0,1,stock,584.0700073242188,100.0,0.0
2024-10-21 09:30:00-04:00,MyStrategy,1db4d38633f9448db5318fb10d089bdd,SPY,buy,market,new,1,gtc,0.0,1,stock,,,
2024-10-21 09:30:00-04:00,MyStrategy,1db4d38633f9448db5318fb10d089bdd,SPY,buy,market,fill,1,gtc,0.0,1,stock,583.8499755859375,100.0,0.0
2024-10-21 12:30:00-04:00,MyStrategy,17b4958b136d47a1862f8164d23e8427,SPY,buy,market,new,1,gtc,0.0,1,stock,,,
2024-10-21 12:30:00-04:00,MyStrategy,17b4958b136d47a1862f8164d23e8427,SPY,buy,market,fill,1,gtc,0.0,1,stock,583.8499755859375,100.0,0.0
2024-10-21 15:30:00-04:00,MyStrategy,c4f33f75824a4975b0b69c8ac4bcca00,SPY,buy,market,new,1,gtc,0.0,1,stock,,,
2024-10-21 15:30:00-04:00,MyStrategy,c4f33f75824a4975b0b69c8ac4bcca00,SPY,buy,market,fill,1,gtc,0.0,1,stock,583.8499755859375,100.0,0.0
2024-10-22 09:30:00-04:00,MyStrategy,c038a3b9c9e9440baa7400e5c7e51cfa,SPY,buy,market,new,1,gtc,0.0,1,stock,,,
2024-10-22 09:30:00-04:00,MyStrategy,c038a3b9c9e9440baa7400e5c7e51cfa,SPY,buy,market,fill,1,gtc,0.0,1,stock,581.0499877929688,100.0,0.0
2024-10-22 12:30:00-04:00,MyStrategy,8147af3b45ee414d9321e8145fe62b69,SPY,buy,market,new,1,gtc,0.0,1,stock,,,
2024-10-22 12:30:00-04:00,MyStrategy,8147af3b45ee414d9321e8145fe62b69,SPY,buy,market,fill,1,gtc,0.0,1,stock,581.0499877929688,100.0,0.0
2024-10-22 15:30:00-04:00,MyStrategy,01faa007e51c47f2b9b9d5397a89fdbb,SPY,buy,market,new,1,gtc,0.0,1,stock,,,
2024-10-22 15:30:00-04:00,MyStrategy,01faa007e51c47f2b9b9d5397a89fdbb,SPY,buy,market,fill,1,gtc,0.0,1,stock,581.0499877929688,100.0,0.0
2024-10-23 09:30:00-04:00,MyStrategy,b293370af79046a9b406e72d1f28a457,SPY,buy,market,new,1,gtc,0.0,1,stock,,,
2024-10-23 09:30:00-04:00,MyStrategy,b293370af79046a9b406e72d1f28a457,SPY,buy,market,fill,1,gtc,0.0,1,stock,581.260009765625,100.0,0.0
2024-10-23 12:30:00-04:00,MyStrategy,72b0e8aaca4845c7b9966fd40d17b793,SPY,buy,market,new,1,gtc,0.0,1,stock,,,
2024-10-23 12:30:00-04:00,MyStrategy,72b0e8aaca4845c7b9966fd40d17b793,SPY,buy,market,fill,1,gtc,0.0,1,stock,581.260009765625,100.0,0.0
2024-10-23 15:30:00-04:00,MyStrategy,0a2e5c9488f840cea6df7390aa438634,SPY,buy,market,new,1,gtc,0.0,1,stock,,,
2024-10-23 15:30:00-04:00,MyStrategy,0a2e5c9488f840cea6df7390aa438634,SPY,buy,market,fill,1,gtc,0.0,1,stock,581.260009765625,100.0,0.0
2024-10-24 09:30:00-04:00,MyStrategy,17c99e3efca04586b3e2c938b40b6dc6,SPY,buy,market,new,1,gtc,0.0,1,stock,,,
2024-10-24 09:30:00-04:00,MyStrategy,17c99e3efca04586b3e2c938b40b6dc6,SPY,buy,market,fill,1,gtc,0.0,1,stock,579.97998046875,100.0,0.0
2024-10-24 12:30:00-04:00,MyStrategy,64dd6927c53d4c5b877ce9c9c2d71822,SPY,buy,market,new,1,gtc,0.0,1,stock,,,
2024-10-24 12:30:00-04:00,MyStrategy,64dd6927c53d4c5b877ce9c9c2d71822,SPY,buy,market,fill,1,gtc,0.0,1,stock,579.97998046875,100.0,0.0
2024-10-24 15:30:00-04:00,MyStrategy,ee68806d4dba45879f4147987a231cdc,SPY,buy,market,new,1,gtc,0.0,1,stock,,,
2024-10-24 15:30:00-04:00,MyStrategy,ee68806d4dba45879f4147987a231cdc,SPY,buy,market,fill,1,gtc,0.0,1,stock,579.97998046875,100.0,0.0
2024-10-25 09:30:00-04:00,MyStrategy,15292e0e9e294dcda9300034c03a1324,SPY,buy,market,new,1,gtc,0.0,1,stock,,,
2024-10-25 09:30:00-04:00,MyStrategy,15292e0e9e294dcda9300034c03a1324,SPY,buy,market,fill,1,gtc,0.0,1,stock,581.510009765625,100.0,0.0
2024-10-25 12:30:00-04:00,MyStrategy,3bce25a8705943d38f4c3d1831c06eb0,SPY,buy,market,new,1,gtc,0.0,1,stock,,,
2024-10-25 12:30:00-04:00,MyStrategy,3bce25a8705943d38f4c3d1831c06eb0,SPY,buy,market,fill,1,gtc,0.0,1,stock,581.510009765625,100.0,0.0
2024-10-25 15:30:00-04:00,MyStrategy,dacdd7634c2a4bbcaee8a7e61b619beb,SPY,buy,market,new,1,gtc,0.0,1,stock,,,
2024-10-25 15:30:00-04:00,MyStrategy,dacdd7634c2a4bbcaee8a7e61b619beb,SPY,buy,market,fill,1,gtc,0.0,1,stock,581.510009765625,100.0,0.0
2024-10-28 09:30:00-04:00,MyStrategy,5b66a85b044c44ddb3932a935107f5dd,SPY,buy,market,new,1,gtc,0.0,1,stock,,,
2024-10-28 09:30:00-04:00,MyStrategy,5b66a85b044c44ddb3932a935107f5dd,SPY,buy,market,fill,1,gtc,0.0,1,stock,582.5800170898438,100.0,0.0
2024-10-28 12:30:00-04:00,MyStrategy,87cdb5beafa3427d84c172473bc72f0c,SPY,buy,market,new,1,gtc,0.0,1,stock,,,
2024-10-28 12:30:00-04:00,MyStrategy,87cdb5beafa3427d84c172473bc72f0c,SPY,buy,market,fill,1,gtc,0.0,1,stock,582.5800170898438,100.0,0.0
2024-10-28 15:30:00-04:00,MyStrategy,2f6562c36d3043bd8f386735eb13bf4c,SPY,buy,market,new,1,gtc,0.0,1,stock,,,
2024-10-28 15:30:00-04:00,MyStrategy,2f6562c36d3043bd8f386735eb13bf4c,SPY,buy,market,fill,1,gtc,0.0,1,stock,582.5800170898438,100.0,0.0
2024-10-29 09:30:00-04:00,MyStrategy,cf7f3b584b284b1daee2db8f569f0f57,SPY,buy,market,new,1,gtc,0.0,1,stock,,,
2024-10-29 09:30:00-04:00,MyStrategy,cf7f3b584b284b1daee2db8f569f0f57,SPY,buy,market,fill,1,gtc,0.0,1,stock,579.8499755859375,100.0,0.0
2024-10-29 12:30:00-04:00,MyStrategy,1175f70e05814d128a729116d348c867,SPY,buy,market,new,1,gtc,0.0,1,stock,,,
2024-10-29 12:30:00-04:00,MyStrategy,1175f70e05814d128a729116d348c867,SPY,buy,market,fill,1,gtc,0.0,1,stock,579.8499755859375,100.0,0.0
2024-10-29 15:30:00-04:00,MyStrategy,905d4b7c92e843e99a92266af3eae4de,SPY,buy,market,new,1,gtc,0.0,1,stock,,,
2024-10-29 15:30:00-04:00,MyStrategy,905d4b7c92e843e99a92266af3eae4de,SPY,buy,market,fill,1,gtc,0.0,1,stock,579.8499755859375,100.0,0.0
2024-10-30 09:30:00-04:00,MyStrategy,d59b407b2142477a990f4bf7bd3314c8,SPY,buy,market,new,1,gtc,0.0,1,stock,,,
2024-10-30 09:30:00-04:00,MyStrategy,d59b407b2142477a990f4bf7bd3314c8,SPY,buy,market,fill,1,gtc,0.0,1,stock,581.2899780273438,100.0,0.0
2024-10-30 12:30:00-04:00,MyStrategy,a1f7b28c43824f1698d9b52c729d6812,SPY,buy,market,new,1,gtc,0.0,1,stock,,,
2024-10-30 12:30:00-04:00,MyStrategy,a1f7b28c43824f1698d9b52c729d6812,SPY,buy,market,fill,1,gtc,0.0,1,stock,581.2899780273438,100.0,0.0
2024-10-30 15:30:00-04:00,MyStrategy,e40684eb38544d39b2b1eb62b78a7f4e,SPY,buy,market,new,1,gtc,0.0,1,stock,,,
2024-10-30 15:30:00-04:00,MyStrategy,e40684eb38544d39b2b1eb62b78a7f4e,SPY,buy,market,fill,1,gtc,0.0,1,stock,581.2899780273438,100.0,0.0
2024-10-31 09:30:00-04:00,MyStrategy,1d626e1e128040ee8bcb7180602e4ed9,SPY,buy,market,new,1,gtc,0.0,1,stock,,,
2024-10-31 09:30:00-04:00,MyStrategy,1d626e1e128040ee8bcb7180602e4ed9,SPY,buy,market,fill,1,gtc,0.0,1,stock,575.5599975585938,100.0,0.0
2024-10-31 12:30:00-04:00,MyStrategy,e8a735ded00e480db27721c868493808,SPY,buy,market,new,1,gtc,0.0,1,stock,,,
2024-10-31 12:30:00-04:00,MyStrategy,e8a735ded00e480db27721c868493808,SPY,buy,market,fill,1,gtc,0.0,1,stock,575.5599975585938,100.0,0.0
2024-10-31 15:30:00-04:00,MyStrategy,98d9c73e852a4df4a25e32c11b748473,SPY,buy,market,new,1,gtc,0.0,1,stock,,,
2024-10-31 15:30:00-04:00,MyStrategy,98d9c73e852a4df4a25e32c11b748473,SPY,buy,market,fill,1,gtc,0.0,1,stock,575.5599975585938,100.0,0.0
2024-11-01 09:30:00-04:00,MyStrategy,f76da735b66747fb9d5a0e973094af63,SPY,buy,market,new,1,gtc,0.0,1,stock,,,
2024-11-01 09:30:00-04:00,MyStrategy,f76da735b66747fb9d5a0e973094af63,SPY,buy,market,fill,1,gtc,0.0,1,stock,571.3200073242188,100.0,0.0
2024-11-01 12:30:00-04:00,MyStrategy,0deed7c6284d433a9a59a179efde8f37,SPY,buy,market,new,1,gtc,0.0,1,stock,,,
2024-11-01 12:30:00-04:00,MyStrategy,0deed7c6284d433a9a59a179efde8f37,SPY,buy,market,fill,1,gtc,0.0,1,stock,571.3200073242188,100.0,0.0
2024-11-01 15:30:00-04:00,MyStrategy,29302c767727477faee589f36585075a,SPY,buy,market,new,1,gtc,0.0,1,stock,,,
2024-11-01 15:30:00-04:00,MyStrategy,29302c767727477faee589f36585075a,SPY,buy,market,fill,1,gtc,0.0,1,stock,571.3200073242188,100.0,0.0
2024-11-04 09:30:00-05:00,MyStrategy,661950f2f8c34e33b439b77de61ffce3,SPY,buy,market,new,1,gtc,0.0,1,stock,,,
2024-11-04 09:30:00-05:00,MyStrategy,661950f2f8c34e33b439b77de61ffce3,SPY,buy,market,fill,1,gtc,0.0,1,stock,571.1799926757812,100.0,0.0
2024-11-04 12:30:00-05:00,MyStrategy,1ddc5929ac6b424d973257e23aa7ba9c,SPY,buy,market,new,1,gtc,0.0,1,stock,,,
2024-11-04 12:30:00-05:00,MyStrategy,1ddc5929ac6b424d973257e23aa7ba9c,SPY,buy,market,fill,1,gtc,0.0,1,stock,571.1799926757812,100.0,0.0
2024-11-04 15:30:00-05:00,MyStrategy,ca59d0053c70476fb9d7a8508cc53f13,SPY,buy,market,new,1,gtc,0.0,1,stock,,,
2024-11-04 15:30:00-05:00,MyStrategy,ca59d0053c70476fb9d7a8508cc53f13,SPY,buy,market,fill,1,gtc,0.0,1,stock,571.1799926757812,100.0,0.0
2024-11-05 09:30:00-05:00,MyStrategy,3a83d32a123145478adf16a3b07e80f0,SPY,buy,market,new,1,gtc,0.0,1,stock,,,
2024-11-05 09:30:00-05:00,MyStrategy,3a83d32a123145478adf16a3b07e80f0,SPY,buy,market,fill,1,gtc,0.0,1,stock,570.739990234375,100.0,0.0
2024-11-05 12:30:00-05:00,MyStrategy,20595fd744044a68afca233f7f7a6746,SPY,buy,market,new,1,gtc,0.0,1,stock,,,
2024-11-05 12:30:00-05:00,MyStrategy,20595fd744044a68afca233f7f7a6746,SPY,buy,market,fill,1,gtc,0.0,1,stock,570.739990234375,100.0,0.0
2024-11-05 15:30:00-05:00,MyStrategy,fa74c709b03e4127be08faa5fb02de29,SPY,buy,market,new,1,gtc,0.0,1,stock,,,
2024-11-05 15:30:00-05:00,MyStrategy,fa74c709b03e4127be08faa5fb02de29,SPY,buy,market,fill,1,gtc,0.0,1,stock,570.739990234375,100.0,0.0
2024-11-06 09:30:00-05:00,MyStrategy,b7af8fe144284fa1a7a67666233a0403,SPY,buy,market,new,1,gtc,0.0,1,stock,,,
2024-11-06 09:30:00-05:00,MyStrategy,b7af8fe144284fa1a7a67666233a0403,SPY,buy,market,fill,1,gtc,0.0,1,stock,589.2000122070312,100.0,0.0
2024-11-06 12:30:00-05:00,MyStrategy,6c1af4506a7447d987673874426a24e3,SPY,buy,market,new,1,gtc,0.0,1,stock,,,
2024-11-06 12:30:00-05:00,MyStrategy,6c1af4506a7447d987673874426a24e3,SPY,buy,market,fill,1,gtc,0.0,1,stock,589.2000122070312,100.0,0.0
2024-11-06 15:30:00-05:00,MyStrategy,6312d7989db04e76b6f77c7dcc434fd8,SPY,buy,market,new,1,gtc,0.0,1,stock,,,
2024-11-06 15:30:00-05:00,MyStrategy,6312d7989db04e76b6f77c7dcc434fd8,SPY,buy,market,fill,1,gtc,0.0,1,stock,589.2000122070312,100.0,0.0
2024-11-07 09:30:00-05:00,MyStrategy,da6224643a2d416385fee54de414ff84,SPY,buy,market,new,1,gtc,0.0,1,stock,,,
2024-11-07 09:30:00-05:00,MyStrategy,da6224643a2d416385fee54de414ff84,SPY,buy,market,fill,1,gtc,0.0,1,stock,593.0800170898438,100.0,0.0
2024-11-07 12:30:00-05:00,MyStrategy,6caeb3f920fd4bc0a593a13cfa3b2411,SPY,buy,market,new,1,gtc,0.0,1,stock,,,
2024-11-07 12:30:00-05:00,MyStrategy,6caeb3f920fd4bc0a593a13cfa3b2411,SPY,buy,market,fill,1,gtc,0.0,1,stock,593.0800170898438,100.0,0.0
2024-11-07 15:30:00-05:00,MyStrategy,f83a7a5dc0f34dd78533eb09d9674c10,SPY,buy,market,new,1,gtc,0.0,1,stock,,,
2024-11-07 15:30:00-05:00,MyStrategy,f83a7a5dc0f34dd78533eb09d9674c10,SPY,buy,market,fill,1,gtc,0.0,1,stock,593.0800170898438,100.0,0.0
2024-11-08 09:30:00-05:00,MyStrategy,c8cc159f0b704fc2a1e75aafae8ff807,SPY,buy,market,new,1,gtc,0.0,1,stock,,,
2024-11-08 09:30:00-05:00,MyStrategy,c8cc159f0b704fc2a1e75aafae8ff807,SPY,buy,market,fill,1,gtc,0.0,1,stock,596.1699829101562,100.0,0.0
2024-11-08 12:30:00-05:00,MyStrategy,f9ed4a00e4364e7fad2be467e923a440,SPY,buy,market,new,1,gtc,0.0,1,stock,,,
2024-11-08 12:30:00-05:00,MyStrategy,f9ed4a00e4364e7fad2be467e923a440,SPY,buy,market,fill,1,gtc,0.0,1,stock,596.1699829101562,100.0,0.0
2024-11-08 15:30:00-05:00,MyStrategy,74518c00e78d470ab9d14484dca7c7f5,SPY,buy,market,new,1,gtc,0.0,1,stock,,,
2024-11-08 15:30:00-05:00,MyStrategy,74518c00e78d470ab9d14484dca7c7f5,SPY,buy,market,fill,1,gtc,0.0,1,stock,596.1699829101562,100.0,0.0
2024-11-11 09:30:00-05:00,MyStrategy,36c99fb08b4d4c39a64893d306bc9fb7,SPY,buy,market,new,1,gtc,0.0,1,stock,,,
2024-11-11 09:30:00-05:00,MyStrategy,36c99fb08b4d4c39a64893d306bc9fb7,SPY,buy,market,fill,1,gtc,0.0,1,stock,599.8099975585938,100.0,0.0
2024-11-11 12:30:00-05:00,MyStrategy,1eaeb4520d9b4733927cc0b68f76eea6,SPY,buy,market,new,1,gtc,0.0,1,stock,,,
2024-11-11 12:30:00-05:00,MyStrategy,1eaeb4520d9b4733927cc0b68f76eea6,SPY,buy,market,fill,1,gtc,0.0,1,stock,599.8099975585938,100.0,0.0
2024-11-11 15:30:00-05:00,MyStrategy,90dd4e3902fd4871900a2dc4643d42e2,SPY,buy,market,new,1,gtc,0.0,1,stock,,,
2024-11-11 15:30:00-05:00,MyStrategy,90dd4e3902fd4871900a2dc4643d42e2,SPY,buy,market,fill,1,gtc,0.0,1,stock,599.8099975585938,100.0,0.0
2024-11-12 09:30:00-05:00,MyStrategy,c4819f0670364f48b74b925ef18b0146,SPY,buy,market,new,1,gtc,0.0,1,stock,,,
2024-11-12 09:30:00-05:00,MyStrategy,c4819f0670364f48b74b925ef18b0146,SPY,buy,market,fill,1,gtc,0.0,1,stock,598.6799926757812,100.0,0.0
2024-11-12 12:30:00-05:00,MyStrategy,2605f1cf1ad541c2902e977d20bbf42e,SPY,buy,market,new,1,gtc,0.0,1,stock,,,
2024-11-12 12:30:00-05:00,MyStrategy,2605f1cf1ad541c2902e977d20bbf42e,SPY,buy,market,fill,1,gtc,0.0,1,stock,598.6799926757812,100.0,0.0
2024-11-12 15:30:00-05:00,MyStrategy,2541f4d0b3fe46f6a4c19dbac846bec7,SPY,buy,market,new,1,gtc,0.0,1,stock,,,
2024-11-12 15:30:00-05:00,MyStrategy,2541f4d0b3fe46f6a4c19dbac846bec7,SPY,buy,market,fill,1,gtc,0.0,1,stock,598.6799926757812,100.0,0.0
2024-11-13 09:30:00-05:00,MyStrategy,fbfb8156447949bbbb60ec2d53316850,SPY,buy,market,new,1,gtc,0.0,1,stock,,,
2024-11-13 09:30:00-05:00,MyStrategy,fbfb8156447949bbbb60ec2d53316850,SPY,buy,market,fill,1,gtc,0.0,1,stock,597.3699951171875,100.0,0.0
2024-11-13 12:30:00-05:00,MyStrategy,95f1d6e65dd949d8a8ed9401c9b77f21,SPY,buy,market,new,1,gtc,0.0,1,stock,,,
2024-11-13 12:30:00-05:00,MyStrategy,95f1d6e65dd949d8a8ed9401c9b77f21,SPY,buy,market,fill,1,gtc,0.0,1,stock,597.3699951171875,100.0,0.0
2024-11-13 15:30:00-05:00,MyStrategy,e3df2b67cdb74d06a13d67233d0ae559,SPY,buy,market,new,1,gtc,0.0,1,stock,,,
2024-11-13 15:30:00-05:00,MyStrategy,e3df2b67cdb74d06a13d67233d0ae559,SPY,buy,market,fill,1,gtc,0.0,1,stock,597.3699951171875,100.0,0.0
2024-11-14 09:30:00-05:00,MyStrategy,91cc750a091843dca50187bea7ce4efc,SPY,buy,market,new,1,gtc,0.0,1,stock,,,
2024-11-14 09:30:00-05:00,MyStrategy,91cc750a091843dca50187bea7ce4efc,SPY,buy,market,fill,1,gtc,0.0,1,stock,597.3200073242188,100.0,0.0
2024-11-14 12:30:00-05:00,MyStrategy,c63d3fe812ed43ed9fd0b074a14d86db,SPY,buy,market,new,1,gtc,0.0,1,stock,,,
2024-11-14 12:30:00-05:00,MyStrategy,c63d3fe812ed43ed9fd0b074a14d86db,SPY,buy,market,fill,1,gtc,0.0,1,stock,597.3200073242188,100.0,0.0
2024-11-14 15:30:00-05:00,MyStrategy,3c2ad549e84741c0acdd88fa1b761b19,SPY,buy,market,new,1,gtc,0.0,1,stock,,,
2024-11-14 15:30:00-05:00,MyStrategy,3c2ad549e84741c0acdd88fa1b761b19,SPY,buy,market,fill,1,gtc,0.0,1,stock,597.3200073242188,100.0,0.0
2024-11-15 09:30:00-05:00,MyStrategy,bad35da8a85f43da9af6cc691066c581,SPY,buy,market,new,1,gtc,0.0,1,stock,,,
2024-11-15 09:30:00-05:00,MyStrategy,bad35da8a85f43da9af6cc691066c581,SPY,buy,market,fill,1,gtc,0.0,1,stock,589.719970703125,100.0,0.0
2024-11-15 12:30:00-05:00,MyStrategy,35392419afe8479cbbf1c4e5a8f7b9c9,SPY,buy,market,new,1,gtc,0.0,1,stock,,,
2024-11-15 12:30:00-05:00,MyStrategy,35392419afe8479cbbf1c4e5a8f7b9c9,SPY,buy,market,fill,1,gtc,0.0,1,stock,589.719970703125,100.0,0.0
2024-11-15 15:30:00-05:00,MyStrategy,db4bca5868294230a405e58dc1903cc6,SPY,buy,market,new,1,gtc,0.0,1,stock,,,
2024-11-15 15:30:00-05:00,MyStrategy,db4bca5868294230a405e58dc1903cc6,SPY,buy,market,fill,1,gtc,0.0,1,stock,589.719970703125,100.0,0.0
2024-11-18 09:30:00-05:00,MyStrategy,089e0c0b279f41698f6b4dd4fa42e191,SPY,buy,market,new,1,gtc,0.0,1,stock,,,
2024-11-18 09:30:00-05:00,MyStrategy,089e0c0b279f41698f6b4dd4fa42e191,SPY,buy,market,fill,1,gtc,0.0,1,stock,586.219970703125,100.0,0.0
2024-11-18 12:30:00-05:00,MyStrategy,33c24b02191d4d96b57eabd25f29651c,SPY,buy,market,new,1,gtc,0.0,1,stock,,,
2024-11-18 12:30:00-05:00,MyStrategy,33c24b02191d4d96b57eabd25f29651c,SPY,buy,market,fill,1,gtc,0.0,1,stock,586.219970703125,100.0,0.0
2024-11-18 15:30:00-05:00,MyStrategy,bc9a7775dd89467b99732e33ccd5774b,SPY,buy,market,new,1,gtc,0.0,1,stock,,,
2024-11-18 15:30:00-05:00,MyStrategy,bc9a7775dd89467b99732e33ccd5774b,SPY,buy,market,fill,1,gtc,0.0,1,stock,586.219970703125,100.0,0.0
2024-11-19 09:30:00-05:00,MyStrategy,8322a440a59b4901a2721dccbf2e9018,SPY,buy,market,new,1,gtc,0.0,1,stock,,,
2024-11-19 09:30:00-05:00,MyStrategy,8322a440a59b4901a2721dccbf2e9018,SPY,buy,market,fill,1,gtc,0.0,1,stock,584.7100219726562,100.0,0.0
2024-11-19 12:30:00-05:00,MyStrategy,810a7613e30441d6a484d6233c92feea,SPY,buy,market,new,1,gtc,0.0,1,stock,,,
2024-11-19 12:30:00-05:00,MyStrategy,810a7613e30441d6a484d6233c92feea,SPY,buy,market,fill,1,gtc,0.0,1,stock,584.7100219726562,100.0,0.0
2024-11-19 15:30:00-05:00,MyStrategy,a9ec5741e66043e3b96b3384fb328e83,SPY,buy,market,new,1,gtc,0.0,1,stock,,,
2024-11-19 15:30:00-05:00,MyStrategy,a9ec5741e66043e3b96b3384fb328e83,SPY,buy,market,fill,1,gtc,0.0,1,stock,584.7100219726562,100.0,0.0
2024-11-20 09:30:00-05:00,MyStrategy,0ff400f9935a4ef7a15fb7c4ee9e3763,SPY,buy,market,new,1,gtc,0.0,1,stock,,,
2024-11-20 09:30:00-05:00,MyStrategy,0ff400f9935a4ef7a15fb7c4ee9e3763,SPY,buy,market,fill,1,gtc,0.0,1,stock,590.3800048828125,100.0,0.0
2024-11-20 12:30:00-05:00,MyStrategy,a058a329958742f88a2128d8fb6f025a,SPY,buy,market,new,1,gtc,0.0,1,stock,,,
2024-11-20 12:30:00-05:00,MyStrategy,a058a329958742f88a2128d8fb6f025a,SPY,buy,market,fill,1,gtc,0.0,1,stock,590.3800048828125,100.0,0.0
2024-11-20 15:30:00-05:00,MyStrategy,ab92b1918b50443187a533d6e7d7daba,SPY,buy,market,new,1,gtc,0.0,1,stock,,,
2024-11-20 15:30:00-05:00,MyStrategy,ab92b1918b50443187a533d6e7d7daba,SPY,buy,market,fill,1,gtc,0.0,1,stock,590.3800048828125,100.0,0.0
2024-11-21 09:30:00-05:00,MyStrategy,1c20d14c479a4418a05f52caec24e35c,SPY,buy,market,new,1,gtc,0.0,1,stock,,,
2024-11-21 09:30:00-05:00,MyStrategy,1c20d14c479a4418a05f52caec24e35c,SPY,buy,market,fill,1,gtc,0.0,1,stock,593.4000244140625,100.0,0.0
2024-11-21 12:30:00-05:00,MyStrategy,3c8137c6a6a24fe3b66064df4135ea21,SPY,buy,market,new,1,gtc,0.0,1,stock,,,
2024-11-21 12:30:00-05:00,MyStrategy,3c8137c6a6a24fe3b66064df4135ea21,SPY,buy,market,fill,1,gtc,0.0,1,stock,593.4000244140625,100.0,0.0
2024-11-21 15:30:00-05:00,MyStrategy,654cf6e1639946a8931deb508e7122b1,SPY,buy,market,new,1,gtc,0.0,1,stock,,,
2024-11-21 15:30:00-05:00,MyStrategy,654cf6e1639946a8931deb508e7122b1,SPY,buy,market,fill,1,gtc,0.0,1,stock,593.4000244140625,100.0,0.0
2024-11-22 09:30:00-05:00,MyStrategy,3803d92f1af3402c8e288d42f364e682,SPY,buy,market,new,1,gtc,0.0,1,stock,,,
2024-11-22 09:30:00-05:00,MyStrategy,3803d92f1af3402c8e288d42f364e682,SPY,buy,market,fill,1,gtc,0.0,1,stock,593.6599731445312,100.0,0.0
2024-11-22 12:30:00-05:00,MyStrategy,d74450e49cd5487ebc5ff16246fa31e0,SPY,buy,market,new,1,gtc,0.0,1,stock,,,
2024-11-22 12:30:00-05:00,MyStrategy,d74450e49cd5487ebc5ff16246fa31e0,SPY,buy,market,fill,1,gtc,0.0,1,stock,593.6599731445312,100.0,0.0
2024-11-22 15:30:00-05:00,MyStrategy,833a73687e73458faa4c17792965b2c5,SPY,buy,market,new,1,gtc,0.0,1,stock,,,
2024-11-22 15:30:00-05:00,MyStrategy,833a73687e73458faa4c17792965b2c5,SPY,buy,market,fill,1,gtc,0.0,1,stock,593.6599731445312,100.0,0.0
2024-11-25 09:30:00-05:00,MyStrategy,bbfbfaa6afcf46df90415e56c92118cb,SPY,buy,market,new,1,gtc,0.0,1,stock,,,
2024-11-25 09:30:00-05:00,MyStrategy,bbfbfaa6afcf46df90415e56c92118cb,SPY,buy,market,fill,1,gtc,0.0,1,stock,599.52001953125,100.0,0.0
2024-11-25 12:30:00-05:00,MyStrategy,a070be127e544fbb98162c065f47ed95,SPY,buy,market,new,1,gtc,0.0,1,stock,,,
2024-11-25 12:30:00-05:00,MyStrategy,a070be127e544fbb98162c065f47ed95,SPY,buy,market,fill,1,gtc,0.0,1,stock,599.52001953125,100.0,0.0
2024-11-25 15:30:00-05:00,MyStrategy,0662663c974e45d78190a5460cfa5ddc,SPY,buy,market,new,1,gtc,0.0,1,stock,,,
2024-11-25 15:30:00-05:00,MyStrategy,0662663c974e45d78190a5460cfa5ddc,SPY,buy,market,fill,1,gtc,0.0,1,stock,599.52001953125,100.0,0.0
2024-11-26 09:30:00-05:00,MyStrategy,e1c838c783cf433594297b90be5892ce,SPY,buy,market,new,1,gtc,0.0,1,stock,,,
2024-11-26 09:30:00-05:00,MyStrategy,e1c838c783cf433594297b90be5892ce,SPY,buy,market,fill,1,gtc,0.0,1,stock,598.7999877929688,100.0,0.0
2024-11-26 12:30:00-05:00,MyStrategy,66d52e5458314c16b22d3d7fce410fd5,SPY,buy,market,new,1,gtc,0.0,1,stock,,,
2024-11-26 12:30:00-05:00,MyStrategy,66d52e5458314c16b22d3d7fce410fd5,SPY,buy,market,fill,1,gtc,0.0,1,stock,598.7999877929688,100.0,0.0
2024-11-26 15:30:00-05:00,MyStrategy,0676d552b6354688bcd2819f09580d21,SPY,buy,market,new,1,gtc,0.0,1,stock,,,
2024-11-26 15:30:00-05:00,MyStrategy,0676d552b6354688bcd2819f09580d21,SPY,buy,market,fill,1,gtc,0.0,1,stock,598.7999877929688,100.0,0.0
2024-11-27 09:30:00-05:00,MyStrategy,a91183f94ee6405cbf83d43f9308d3c8,SPY,buy,market,new,1,gtc,0.0,1,stock,,,
2024-11-27 09:30:00-05:00,MyStrategy,a91183f94ee6405cbf83d43f9308d3c8,SPY,buy,market,fill,1,gtc,0.0,1,stock,600.4600219726562,100.0,0.0
2024-11-27 12:30:00-05:00,MyStrategy,5334ce59eb4d4907905a95a6257b319f,SPY,buy,market,new,1,gtc,0.0,1,stock,,,
2024-11-27 12:30:00-05:00,MyStrategy,5334ce59eb4d4907905a95a6257b319f,SPY,buy,market,fill,1,gtc,0.0,1,stock,600.4600219726562,100.0,0.0
2024-11-27 15:30:00-05:00,MyStrategy,dd6aede8f70d4a49a6b1973623d8e918,SPY,buy,market,new,1,gtc,0.0,1,stock,,,
2024-11-27 15:30:00-05:00,MyStrategy,dd6aede8f70d4a49a6b1973623d8e918,SPY,buy,market,fill,1,gtc,0.0,1,stock,600.4600219726562,100.0,0.0
2024-11-29 09:30:00-05:00,MyStrategy,ead69178028946e6abdba2974ccc83d9,SPY,buy,market,new,1,gtc,0.0,1,stock,,,
2024-11-29 09:30:00-05:00,MyStrategy,ead69178028946e6abdba2974ccc83d9,SPY,buy,market,fill,1,gtc,0.0,1,stock,599.6599731445312,100.0,0.0
2024-11-29 12:30:00-05:00,MyStrategy,00543bfd57b9469d8b83384d873183bd,SPY,buy,market,new,1,gtc,0.0,1,stock,,,
2024-11-29 12:30:00-05:00,MyStrategy,00543bfd57b9469d8b83384d873183bd,SPY,buy,market,fill,1,gtc,0.0,1,stock,599.6599731445312,100.0,0.0
2024-12-02 09:30:00-05:00,MyStrategy,be6c9d0b9321422da8ba04ddcb89fcbb,SPY,buy,market,new,1,gtc,0.0,1,stock,,,
2024-12-02 09:30:00-05:00,MyStrategy,be6c9d0b9321422da8ba04ddcb89fcbb,SPY,buy,market,fill,1,gtc,0.0,1,stock,602.969970703125,100.0,0.0
2024-12-02 12:30:00-05:00,MyStrategy,e51fde96a954422f95db6651e040ec73,SPY,buy,market,new,1,gtc,0.0,1,stock,,,
2024-12-02 12:30:00-05:00,MyStrategy,e51fde96a954422f95db6651e040ec73,SPY,buy,market,fill,1,gtc,0.0,1,stock,602.969970703125,100.0,0.0
2024-12-02 15:30:00-05:00,MyStrategy,4c66c434c8e549f3b2f194200c781be4,SPY,buy,market,new,1,gtc,0.0,1,stock,,,
2024-12-02 15:30:00-05:00,MyStrategy,4c66c434c8e549f3b2f194200c781be4,SPY,buy,market,fill,1,gtc,0.0,1,stock,602.969970703125,100.0,0.0
2024-12-03 09:30:00-05:00,MyStrategy,c71680cc11cc40e5843cc41e442a3400,SPY,buy,market,new,1,gtc,0.0,1,stock,,,
2024-12-03 09:30:00-05:00,MyStrategy,c71680cc11cc40e5843cc41e442a3400,SPY,buy,market,fill,1,gtc,0.0,1,stock,603.3900146484375,100.0,0.0
2024-12-03 12:30:00-05:00,MyStrategy,c3fa03f6494f490bb201e938f86927bb,SPY,buy,market,new,1,gtc,0.0,1,stock,,,
2024-12-03 12:30:00-05:00,MyStrategy,c3fa03f6494f490bb201e938f86927bb,SPY,buy,market,fill,1,gtc,0.0,1,stock,603.3900146484375,100.0,0.0
2024-12-03 15:30:00-05:00,MyStrategy,a9aa53a9670c4bf6be3837b8a1eb137b,SPY,buy,market,new,1,gtc,0.0,1,stock,,,
2024-12-03 15:30:00-05:00,MyStrategy,a9aa53a9670c4bf6be3837b8a1eb137b,SPY,buy,market,fill,1,gtc,0.0,1,stock,603.3900146484375,100.0,0.0
2024-12-04 09:30:00-05:00,MyStrategy,118783c804174a3494b2ebee84e609c7,SPY,buy,market,new,1,gtc,0.0,1,stock,,,
2024-12-04 09:30:00-05:00,MyStrategy,118783c804174a3494b2ebee84e609c7,SPY,buy,market,fill,1,gtc,0.0,1,stock,605.6300048828125,100.0,0.0
2024-12-04 12:30:00-05:00,MyStrategy,3db30213437d4a2c979bb83c7fad2ff0,SPY,buy,market,new,1,gtc,0.0,1,stock,,,
2024-12-04 12:30:00-05:00,MyStrategy,3db30213437d4a2c979bb83c7fad2ff0,SPY,buy,market,fill,1,gtc,0.0,1,stock,605.6300048828125,100.0,0.0
2024-12-04 15:30:00-05:00,MyStrategy,337c845997f94cff9337347fd895afe6,SPY,buy,market,new,1,gtc,0.0,1,stock,,,
2024-12-04 15:30:00-05:00,MyStrategy,337c845997f94cff9337347fd895afe6,SPY,buy,market,fill,1,gtc,0.0,1,stock,605.6300048828125,100.0,0.0
2024-12-05 09:30:00-05:00,MyStrategy,bea8c77327304f45b8e827fe48573a9c,SPY,buy,market,new,1,gtc,0.0,1,stock,,,
2024-12-05 09:30:00-05:00,MyStrategy,bea8c77327304f45b8e827fe48573a9c,SPY,buy,market,fill,1,gtc,0.0,1,stock,607.6599731445312,100.0,0.0
2024-12-05 12:30:00-05:00,MyStrategy,4de6d1ccb01746908445a0b00ce21bcc,SPY,buy,market,new,1,gtc,0.0,1,stock,,,
2024-12-05 12:30:00-05:00,MyStrategy,4de6d1ccb01746908445a0b00ce21bcc,SPY,buy,market,fill,1,gtc,0.0,1,stock,607.6599731445312,100.0,0.0
2024-12-05 15:30:00-05:00,MyStrategy,04957dd750d44652b00a03e9876ddb9d,SPY,buy,market,new,1,gtc,0.0,1,stock,,,
2024-12-05 15:30:00-05:00,MyStrategy,04957dd750d44652b00a03e9876ddb9d,SPY,buy,market,fill,1,gtc,0.0,1,stock,607.6599731445312,100.0,0.0
2024-12-06 09:30:00-05:00,MyStrategy,a0dada2704254559b39f6e0aeeb73b6f,SPY,buy,market,new,1,gtc,0.0,1,stock,,,
2024-12-06 09:30:00-05:00,MyStrategy,a0dada2704254559b39f6e0aeeb73b6f,SPY,buy,market,fill,1,gtc,0.0,1,stock,607.4400024414062,100.0,0.0
2024-12-06 12:30:00-05:00,MyStrategy,2f77bcc11d9f45109c673a80a633df0c,SPY,buy,market,new,1,gtc,0.0,1,stock,,,
2024-12-06 12:30:00-05:00,MyStrategy,2f77bcc11d9f45109c673a80a633df0c,SPY,buy,market,fill,1,gtc,0.0,1,stock,607.4400024414062,100.0,0.0
2024-12-06 15:30:00-05:00,MyStrategy,c93c50be33734b0aae8eca111ba70517,SPY,buy,market,new,1,gtc,0.0,1,stock,,,
2024-12-06 15:30:00-05:00,MyStrategy,c93c50be33734b0aae8eca111ba70517,SPY,buy,market,fill,1,gtc,0.0,1,stock,607.4400024414062,100.0,0.0
2024-12-09 09:30:00-05:00,MyStrategy,41fb2207349c43e7a7b355053b682a01,SPY,buy,market,new,1,gtc,0.0,1,stock,,,
2024-12-09 09:30:00-05:00,MyStrategy,41fb2207349c43e7a7b355053b682a01,SPY,buy,market,fill,1,gtc,0.0,1,stock,607.6900024414062,100.0,0.0
2024-12-09 12:30:00-05:00,MyStrategy,d078186e06e043ec8344e5b55e8fecaf,SPY,buy,market,new,1,gtc,0.0,1,stock,,,
2024-12-09 12:30:00-05:00,MyStrategy,d078186e06e043ec8344e5b55e8fecaf,SPY,buy,market,fill,1,gtc,0.0,1,stock,607.6900024414062,100.0,0.0
2024-12-09 15:30:00-05:00,MyStrategy,77e33f04942d4116a2a198020cae0b2b,SPY,buy,market,new,1,gtc,0.0,1,stock,,,
2024-12-09 15:30:00-05:00,MyStrategy,77e33f04942d4116a2a198020cae0b2b,SPY,buy,market,fill,1,gtc,0.0,1,stock,607.6900024414062,100.0,0.0
2024-12-10 09:30:00-05:00,MyStrategy,9ec09098f0cd492f9711f8ef713ff77d,SPY,buy,market,new,1,gtc,0.0,1,stock,,,
2024-12-10 09:30:00-05:00,MyStrategy,9ec09098f0cd492f9711f8ef713ff77d,SPY,buy,market,fill,1,gtc,0.0,1,stock,605.3699951171875,100.0,0.0
2024-12-10 12:30:00-05:00,MyStrategy,f031e2c508b145d59c37581b51deff3c,SPY,buy,market,new,1,gtc,0.0,1,stock,,,
2024-12-10 12:30:00-05:00,MyStrategy,f031e2c508b145d59c37581b51deff3c,SPY,buy,market,fill,1,gtc,0.0,1,stock,605.3699951171875,100.0,0.0
2024-12-10 15:30:00-05:00,MyStrategy,a2c326642eb8459da19339d4a85a189b,SPY,buy,market,new,1,gtc,0.0,1,stock,,,
2024-12-10 15:30:00-05:00,MyStrategy,a2c326642eb8459da19339d4a85a189b,SPY,buy,market,fill,1,gtc,0.0,1,stock,605.3699951171875,100.0,0.0
2024-12-11 09:30:00-05:00,MyStrategy,a6830c4b04d1497f91c80802f06fc3ef,SPY,buy,market,new,1,gtc,0.0,1,stock,,,
2024-12-11 09:30:00-05:00,MyStrategy,a6830c4b04d1497f91c80802f06fc3ef,SPY,buy,market,fill,1,gtc,0.0,1,stock,605.780029296875,100.0,0.0
2024-12-11 12:30:00-05:00,MyStrategy,149a95faf2844739bacfe20229288d05,SPY,buy,market,new,1,gtc,0.0,1,stock,,,
2024-12-11 12:30:00-05:00,MyStrategy,149a95faf2844739bacfe20229288d05,SPY,buy,market,fill,1,gtc,0.0,1,stock,605.780029296875,100.0,0.0
2024-12-11 15:30:00-05:00,MyStrategy,d4ee119489d6406db57f0a86da0ebc64,SPY,buy,market,new,1,gtc,0.0,1,stock,,,
2024-12-11 15:30:00-05:00,MyStrategy,d4ee119489d6406db57f0a86da0ebc64,SPY,buy,market,fill,1,gtc,0.0,1,stock,605.780029296875,100.0,0.0
2024-12-12 09:30:00-05:00,MyStrategy,fbcfeac4970b48a0beff8864255155cf,SPY,buy,market,new,1,gtc,0.0,1,stock,,,
2024-12-12 09:30:00-05:00,MyStrategy,fbcfeac4970b48a0beff8864255155cf,SPY,buy,market,fill,1,gtc,0.0,1,stock,606.5800170898438,100.0,0.0
2024-12-12 12:30:00-05:00,MyStrategy,712a1e6cb3de49c1803f6c330f80b266,SPY,buy,market,new,1,gtc,0.0,1,stock,,,
2024-12-12 12:30:00-05:00,MyStrategy,712a1e6cb3de49c1803f6c330f80b266,SPY,buy,market,fill,1,gtc,0.0,1,stock,606.5800170898438,100.0,0.0
2024-12-12 15:30:00-05:00,MyStrategy,94c7f65e8f1947c3b72aeda06869cfe6,SPY,buy,market,new,1,gtc,0.0,1,stock,,,
2024-12-12 15:30:00-05:00,MyStrategy,94c7f65e8f1947c3b72aeda06869cfe6,SPY,buy,market,fill,1,gtc,0.0,1,stock,606.5800170898438,100.0,0.0
2024-12-13 09:30:00-05:00,MyStrategy,5f527d4d244841c59c18139325c69cc1,SPY,buy,market,new,1,gtc,0.0,1,stock,,,
2024-12-13 09:30:00-05:00,MyStrategy,5f527d4d244841c59c18139325c69cc1,SPY,buy,market,fill,1,gtc,0.0,1,stock,606.4000244140625,100.0,0.0
2024-12-13 12:30:00-05:00,MyStrategy,55270f2c436e413b83b37ddcf8b5ee21,SPY,buy,market,new,1,gtc,0.0,1,stock,,,
2024-12-13 12:30:00-05:00,MyStrategy,55270f2c436e413b83b37ddcf8b5ee21,SPY,buy,market,fill,1,gtc,0.0,1,stock,606.4000244140625,100.0,0.0
2024-12-13 15:30:00-05:00,MyStrategy,441747a750af4680a5c25db42501efed,SPY,buy,market,new,1,gtc,0.0,1,stock,,,
2024-12-13 15:30:00-05:00,MyStrategy,441747a750af4680a5c25db42501efed,SPY,buy,market,fill,1,gtc,0.0,1,stock,606.4000244140625,100.0,0.0
2024-12-16 09:30:00-05:00,MyStrategy,943da71abd3d4fbf89f7a815947678f6,SPY,buy,market,new,1,gtc,0.0,1,stock,,,
2024-12-16 09:30:00-05:00,MyStrategy,943da71abd3d4fbf89f7a815947678f6,SPY,buy,market,fill,1,gtc,0.0,1,stock,606.0,100.0,0.0
2024-12-16 12:30:00-05:00,MyStrategy,47ff64d838ee4bd5bac798db297eb93c,SPY,buy,market,new,1,gtc,0.0,1,stock,,,
2024-12-16 12:30:00-05:00,MyStrategy,47ff64d838ee4bd5bac798db297eb93c,SPY,buy,market,fill,1,gtc,0.0,1,stock,606.0,100.0,0.0
2024-12-16 15:30:00-05:00,MyStrategy,a1bbfd643afd49ce81b781f20ac16966,SPY,buy,market,new,1,gtc,0.0,1,stock,,,
2024-12-16 15:30:00-05:00,MyStrategy,a1bbfd643afd49ce81b781f20ac16966,SPY,buy,market,fill,1,gtc,0.0,1,stock,606.0,100.0,0.0
2024-12-17 09:30:00-05:00,MyStrategy,fbf9f704f9e8417e88a8dc252ab16092,SPY,buy,market,new,1,gtc,0.0,1,stock,,,
2024-12-17 09:30:00-05:00,MyStrategy,fbf9f704f9e8417e88a8dc252ab16092,SPY,buy,market,fill,1,gtc,0.0,1,stock,604.1900024414062,100.0,0.0
2024-12-17 12:30:00-05:00,MyStrategy,36a19ee3d9304d3b937251d5eb8805ce,SPY,buy,market,new,1,gtc,0.0,1,stock,,,
2024-12-17 12:30:00-05:00,MyStrategy,36a19ee3d9304d3b937251d5eb8805ce,SPY,buy,market,fill,1,gtc,0.0,1,stock,604.1900024414062,100.0,0.0
2024-12-17 15:30:00-05:00,MyStrategy,15f7c1881e7142f48d8e558432121ae0,SPY,buy,market,new,1,gtc,0.0,1,stock,,,
2024-12-17 15:30:00-05:00,MyStrategy,15f7c1881e7142f48d8e558432121ae0,SPY,buy,market,fill,1,gtc,0.0,1,stock,604.1900024414062,100.0,0.0
2024-12-18 09:30:00-05:00,MyStrategy,cc3ff7ff6093410b8839b53d9dc5e52e,SPY,buy,market,new,1,gtc,0.0,1,stock,,,
2024-12-18 09:30:00-05:00,MyStrategy,cc3ff7ff6093410b8839b53d9dc5e52e,SPY,buy,market,fill,1,gtc,0.0,1,stock,603.97998046875,100.0,0.0
2024-12-18 12:30:00-05:00,MyStrategy,1c14d125a2ab4747aed05ca94e5944b0,SPY,buy,market,new,1,gtc,0.0,1,stock,,,
2024-12-18 12:30:00-05:00,MyStrategy,1c14d125a2ab4747aed05ca94e5944b0,SPY,buy,market,fill,1,gtc,0.0,1,stock,603.97998046875,100.0,0.0
2024-12-18 15:30:00-05:00,MyStrategy,9062e4093b7c4bc59bfe7fb25ff95c70,SPY,buy,market,new,1,gtc,0.0,1,stock,,,
2024-12-18 15:30:00-05:00,MyStrategy,9062e4093b7c4bc59bfe7fb25ff95c70,SPY,buy,market,fill,1,gtc,0.0,1,stock,603.97998046875,100.0,0.0
2024-12-19 09:30:00-05:00,MyStrategy,e72f8e3803fb49f6beb3dc603a1d1f82,SPY,buy,market,new,1,gtc,0.0,1,stock,,,
2024-12-19 09:30:00-05:00,MyStrategy,e72f8e3803fb49f6beb3dc603a1d1f82,SPY,buy,market,fill,1,gtc,0.0,1,stock,591.3599853515625,100.0,0.0
2024-12-19 12:30:00-05:00,MyStrategy,cad7be920c8841e2aae56fec93662559,SPY,buy,market,new,1,gtc,0.0,1,stock,,,
2024-12-19 12:30:00-05:00,MyStrategy,cad7be920c8841e2aae56fec93662559,SPY,buy,market,fill,1,gtc,0.0,1,stock,591.3599853515625,100.0,0.0
2024-12-19 15:30:00-05:00,MyStrategy,9856b7eb887a4d3abef0e509d6988469,SPY,buy,market,new,1,gtc,0.0,1,stock,,,
2024-12-19 15:30:00-05:00,MyStrategy,9856b7eb887a4d3abef0e509d6988469,SPY,buy,market,fill,1,gtc,0.0,1,stock,591.3599853515625,100.0,0.0
2024-12-20 09:30:00-05:00,MyStrategy,257873abf5804f23b841679e4096c1fa,SPY,buy,market,new,1,gtc,0.0,1,stock,,,
2024-12-20 09:30:00-05:00,MyStrategy,257873abf5804f23b841679e4096c1fa,SPY,buy,market,fill,1,gtc,0.0,1,stock,581.77001953125,100.0,0.0
2024-12-20 12:30:00-05:00,MyStrategy,5fb002e9509349cf8977271144dc276d,SPY,buy,market,new,1,gtc,0.0,1,stock,,,
2024-12-20 12:30:00-05:00,MyStrategy,5fb002e9509349cf8977271144dc276d,SPY,buy,market,fill,1,gtc,0.0,1,stock,581.77001953125,100.0,0.0
2024-12-20 15:30:00-05:00,MyStrategy,218ee0fa1bc14ec99e2c4c88621e4d3d,SPY,buy,market,new,1,gtc,0.0,1,stock,,,
2024-12-20 15:30:00-05:00,MyStrategy,218ee0fa1bc14ec99e2c4c88621e4d3d,SPY,buy,market,fill,1,gtc,0.0,1,stock,581.77001953125,100.0,0.0
2024-12-23 09:30:00-05:00,MyStrategy,748cd71aa27f42a99fa7def448e1725f,SPY,buy,market,new,1,gtc,0.0,1,stock,,,
2024-12-23 09:30:00-05:00,MyStrategy,748cd71aa27f42a99fa7def448e1725f,SPY,buy,market,fill,1,gtc,0.0,1,stock,590.8900146484375,100.0,0.0
2024-12-23 12:30:00-05:00,MyStrategy,9d85ef4bb99f43b2b42ad14542c9c6a7,SPY,buy,market,new,1,gtc,0.0,1,stock,,,
2024-12-23 12:30:00-05:00,MyStrategy,9d85ef4bb99f43b2b42ad14542c9c6a7,SPY,buy,market,fill,1,gtc,0.0,1,stock,590.8900146484375,100.0,0.0
2024-12-23 15:30:00-05:00,MyStrategy,518488479d4e47a8821fdd96ae11cdba,SPY,buy,market,new,1,gtc,0.0,1,stock,,,
2024-12-23 15:30:00-05:00,MyStrategy,518488479d4e47a8821fdd96ae11cdba,SPY,buy,market,fill,1,gtc,0.0,1,stock,590.8900146484375,100.0,0.0
2024-12-24 09:30:00-05:00,MyStrategy,1d80b3a72d8b408ca08bedb79eec04b3,SPY,buy,market,new,1,gtc,0.0,1,stock,,,
2024-12-24 09:30:00-05:00,MyStrategy,1d80b3a72d8b408ca08bedb79eec04b3,SPY,buy,market,fill,1,gtc,0.0,1,stock,596.0599975585938,100.0,0.0
2024-12-24 12:30:00-05:00,MyStrategy,226f883a6616479bb18fae32aedb235d,SPY,buy,market,new,1,gtc,0.0,1,stock,,,
2024-12-24 12:30:00-05:00,MyStrategy,226f883a6616479bb18fae32aedb235d,SPY,buy,market,fill,1,gtc,0.0,1,stock,596.0599975585938,100.0,0.0
2024-12-26 09:30:00-05:00,MyStrategy,00bc6ef0b9d2431d930395ac08afcf12,SPY,buy,market,new,1,gtc,0.0,1,stock,,,
2024-12-26 09:30:00-05:00,MyStrategy,00bc6ef0b9d2431d930395ac08afcf12,SPY,buy,market,fill,1,gtc,0.0,1,stock,599.5,100.0,0.0
2024-12-26 12:30:00-05:00,MyStrategy,7c796a62ad464b278926af925eb7708e,SPY,buy,market,new,1,gtc,0.0,1,stock,,,
2024-12-26 12:30:00-05:00,MyStrategy,7c796a62ad464b278926af925eb7708e,SPY,buy,market,fill,1,gtc,0.0,1,stock,599.5,100.0,0.0
2024-12-26 15:30:00-05:00,MyStrategy,ecec5f0dba00497f9b54cf7c29ad96ad,SPY,buy,market,new,1,gtc,0.0,1,stock,,,
2024-12-26 15:30:00-05:00,MyStrategy,ecec5f0dba00497f9b54cf7c29ad96ad,SPY,buy,market,fill,1,gtc,0.0,1,stock,599.5,100.0,0.0
2024-12-27 09:30:00-05:00,MyStrategy,f148708bac4d481db175fe561c60806e,SPY,buy,market,new,1,gtc,0.0,1,stock,,,
2024-12-27 09:30:00-05:00,MyStrategy,f148708bac4d481db175fe561c60806e,SPY,buy,market,fill,1,gtc,0.0,1,stock,597.5399780273438,100.0,0.0
2024-12-27 12:30:00-05:00,MyStrategy,82d5c173aab54e0c9403aa78db6c971e,SPY,buy,market,new,1,gtc,0.0,1,stock,,,
2024-12-27 12:30:00-05:00,MyStrategy,82d5c173aab54e0c9403aa78db6c971e,SPY,buy,market,fill,1,gtc,0.0,1,stock,597.5399780273438,100.0,0.0
2024-12-27 15:30:00-05:00,MyStrategy,15c071de90024e349825586ffb9c0009,SPY,buy,market,new,1,gtc,0.0,1,stock,,,
2024-12-27 15:30:00-05:00,MyStrategy,15c071de90024e349825586ffb9c0009,SPY,buy,market,fill,1,gtc,0.0,1,stock,597.5399780273438,100.0,0.0
2024-12-30 09:30:00-05:00,MyStrategy,e9c5ed609ad64f80b402a1ff3efc1c03,SPY,buy,market,new,1,gtc,0.0,1,stock,,,
2024-12-30 09:30:00-05:00,MyStrategy,e9c5ed609ad64f80b402a1ff3efc1c03,SPY,buy,market,fill,1,gtc,0.0,1,stock,587.8900146484375,100.0,0.0
2024-12-30 12:30:00-05:00,MyStrategy,988aa9d26e0944c5a456b3dba5674f80,SPY,buy,market,new,1,gtc,0.0,1,stock,,,
2024-12-30 12:30:00-05:00,MyStrategy,988aa9d26e0944c5a456b3dba5674f80,SPY,buy,market,fill,1,gtc,0.0,1,stock,587.8900146484375,100.0,0.0
2024-12-30 15:30:00-05:00,MyStrategy,4d09719c0a204a3cbfc504cd718398d5,SPY,buy,market,new,1,gtc,0.0,1,stock,,,
2024-12-30 15:30:00-05:00,MyStrategy,4d09719c0a204a3cbfc504cd718398d5,SPY,buy,market,fill,1,gtc,0.0,1,stock,587.8900146484375,100.0,0.0
2024-12-31 09:30:00-05:00,MyStrategy,93deea58debb4975a226e07a9f6c6702,SPY,buy,market,new,1,gtc,0.0,1,stock,,,
2024-12-31 09:30:00-05:00,MyStrategy,93deea58debb4975a226e07a9f6c6702,SPY,buy,market,fill,1,gtc,0.0,1,stock,589.9099731445312,100.0,0.0
2024-12-31 12:30:00-05:00,MyStrategy,451e5adc543245df98f64dccf7e3342a,SPY,buy,market,new,1,gtc,0.0,1,stock,,,
2024-12-31 12:30:00-05:00,MyStrategy,451e5adc543245df98f64dccf7e3342a,SPY,buy,market,fill,1,gtc,0.0,1,stock,589.9099731445312,100.0,0.0
2024-12-31 15:30:00-05:00,MyStrategy,06514aef742a41d1961727539cdbd0ad,SPY,buy,market,new,1,gtc,0.0,1,stock,,,
2024-12-31 15:30:00-05:00,MyStrategy,06514aef742a41d1961727539cdbd0ad,SPY,buy,market,fill,1,gtc,0.0,1,stock,589.9099731445312,100.0,0.0
2025-01-02 09:30:00-05:00,MyStrategy,58281f5d93a34e508d56958f0d5fd938,SPY,buy,market,new,1,gtc,0.0,1,stock,,,
2025-01-02 09:30:00-05:00,MyStrategy,58281f5d93a34e508d56958f0d5fd938,SPY,buy,market,fill,1,gtc,0.0,1,stock,589.3900146484375,100.0,0.0
2025-01-02 12:30:00-05:00,MyStrategy,ffb7c6b9c8d049d78f54a1e8c589a91e,SPY,buy,market,new,1,gtc,0.0,1,stock,,,
2025-01-02 12:30:00-05:00,MyStrategy,ffb7c6b9c8d049d78f54a1e8c589a91e,SPY,buy,market,fill,1,gtc,0.0,1,stock,589.3900146484375,100.0,0.0
2025-01-02 15:30:00-05:00,MyStrategy,f9569226ec624a27b2ef47e699f54be6,SPY,buy,market,new,1,gtc,0.0,1,stock,,,
2025-01-02 15:30:00-05:00,MyStrategy,f9569226ec624a27b2ef47e699f54be6,SPY,buy,market,fill,1,gtc,0.0,1,stock,589.3900146484375,100.0,0.0
2025-01-03 09:30:00-05:00,MyStrategy,a831075c70404c5cbda2d441a1a18799,SPY,buy,market,new,1,gtc,0.0,1,stock,,,
2025-01-03 09:30:00-05:00,MyStrategy,a831075c70404c5cbda2d441a1a18799,SPY,buy,market,fill,1,gtc,0.0,1,stock,587.530029296875,100.0,0.0
2025-01-03 12:30:00-05:00,MyStrategy,6ac8c54eee8c40ecad0e0ffe4a91a339,SPY,buy,market,new,1,gtc,0.0,1,stock,,,
2025-01-03 12:30:00-05:00,MyStrategy,6ac8c54eee8c40ecad0e0ffe4a91a339,SPY,buy,market,fill,1,gtc,0.0,1,stock,587.530029296875,100.0,0.0
2025-01-03 15:30:00-05:00,MyStrategy,8c96edf423df4d7ebf401ff8f8758a0b,SPY,buy,market,new,1,gtc,0.0,1,stock,,,
2025-01-03 15:30:00-05:00,MyStrategy,8c96edf423df4d7ebf401ff8f8758a0b,SPY,buy,market,fill,1,gtc,0.0,1,stock,587.530029296875,100.0,0.0
2025-01-06 09:30:00-05:00,MyStrategy,c826358842fd4570a916341b13d9894a,SPY,buy,market,new,1,gtc,0.0,1,stock,,,
2025-01-06 09:30:00-05:00,MyStrategy,c826358842fd4570a916341b13d9894a,SPY,buy,market,fill,1,gtc,0.0,1,stock,596.27001953125,100.0,0.0
2025-01-06 12:30:00-05:00,MyStrategy,e9c520d18e6f4af8a4a4d9541a42d04a,SPY,buy,market,new,1,gtc,0.0,1,stock,,,
2025-01-06 12:30:00-05:00,MyStrategy,e9c520d18e6f4af8a4a4d9541a42d04a,SPY,buy,market,fill,1,gtc,0.0,1,stock,596.27001953125,100.0,0.0
2025-01-06 15:30:00-05:00,MyStrategy,c8a26055af954e3db6bb759969e1a6e8,SPY,buy,market,new,1,gtc,0.0,1,stock,,,
2025-01-06 15:30:00-05:00,MyStrategy,c8a26055af954e3db6bb759969e1a6e8,SPY,buy,market,fill,1,gtc,0.0,1,stock,596.27001953125,100.0,0.0
2025-01-07 09:30:00-05:00,MyStrategy,43a69e9ce95c4bcf909f94134bba6d90,SPY,buy,market,new,1,gtc,0.0,1,stock,,,
2025-01-07 09:30:00-05:00,MyStrategy,43a69e9ce95c4bcf909f94134bba6d90,SPY,buy,market,fill,1,gtc,0.0,1,stock,597.4199829101562,100.0,0.0
2025-01-07 12:30:00-05:00,MyStrategy,96a431e20b1a4d5b9516592b2828de4e,SPY,buy,market,new,1,gtc,0.0,1,stock,,,
2025-01-07 12:30:00-05:00,MyStrategy,96a431e20b1a4d5b9516592b2828de4e,SPY,buy,market,fill,1,gtc,0.0,1,stock,597.4199829101562,100.0,0.0
2025-01-07 15:30:00-05:00,MyStrategy,729982fc118845298836cf4bc3559f42,SPY,buy,market,new,1,gtc,0.0,1,stock,,,
2025-01-07 15:30:00-05:00,MyStrategy,729982fc118845298836cf4bc3559f42,SPY,buy,market,fill,1,gtc,0.0,1,stock,597.4199829101562,100.0,0.0
2025-01-08 09:30:00-05:00,MyStrategy,c129e9b691c5454ba8a36cb9cde8b1d0,SPY,buy,market,new,1,gtc,0.0,1,stock,,,
2025-01-08 09:30:00-05:00,MyStrategy,c129e9b691c5454ba8a36cb9cde8b1d0,SPY,buy,market,fill,1,gtc,0.0,1,stock,588.7000122070312,100.0,0.0
2025-01-08 12:30:00-05:00,MyStrategy,752cd776826f4601a7b5668a73967962,SPY,buy,market,new,1,gtc,0.0,1,stock,,,
2025-01-08 12:30:00-05:00,MyStrategy,752cd776826f4601a7b5668a73967962,SPY,buy,market,fill,1,gtc,0.0,1,stock,588.7000122070312,100.0,0.0
2025-01-08 15:30:00-05:00,MyStrategy,f3061b2bf33d4068bd09894d86b28f13,SPY,buy,market,new,1,gtc,0.0,1,stock,,,
2025-01-08 15:30:00-05:00,MyStrategy,f3061b2bf33d4068bd09894d86b28f13,SPY,buy,market,fill,1,gtc,0.0,1,stock,588.7000122070312,100.0,0.0
2025-01-10 09:30:00-05:00,MyStrategy,d9e7e67c3ef64d0facc075dceb893e6b,SPY,buy,market,new,1,gtc,0.0,1,stock,,,
2025-01-10 09:30:00-05:00,MyStrategy,d9e7e67c3ef64d0facc075dceb893e6b,SPY,buy,market,fill,1,gtc,0.0,1,stock,585.8800048828125,100.0,0.0
2025-01-10 12:30:00-05:00,MyStrategy,b4df5d219ac340b480d750a7dc654978,SPY,buy,market,new,1,gtc,0.0,1,stock,,,
2025-01-10 12:30:00-05:00,MyStrategy,b4df5d219ac340b480d750a7dc654978,SPY,buy,market,fill,1,gtc,0.0,1,stock,585.8800048828125,100.0,0.0
2025-01-10 15:30:00-05:00,MyStrategy,e982d284e4c0483588c4269b0dc4d2ca,SPY,buy,market,new,1,gtc,0.0,1,stock,,,
2025-01-10 15:30:00-05:00,MyStrategy,e982d284e4c0483588c4269b0dc4d2ca,SPY,buy,market,fill,1,gtc,0.0,1,stock,585.8800048828125,100.0,0.0
2025-01-13 09:30:00-05:00,MyStrategy,d8c7de2fd5414f71a2d36a8f4fe40401,SPY,buy,market,new,1,gtc,0.0,1,stock,,,
2025-01-13 09:30:00-05:00,MyStrategy,d8c7de2fd5414f71a2d36a8f4fe40401,SPY,buy,market,fill,1,gtc,0.0,1,stock,575.77001953125,100.0,0.0
2025-01-13 12:30:00-05:00,MyStrategy,ce320e69c44c4723a6fadab30282a772,SPY,buy,market,new,1,gtc,0.0,1,stock,,,
2025-01-13 12:30:00-05:00,MyStrategy,ce320e69c44c4723a6fadab30282a772,SPY,buy,market,fill,1,gtc,0.0,1,stock,575.77001953125,100.0,0.0
2025-01-13 15:30:00-05:00,MyStrategy,f361413efebe4a9abe32df6156ed117d,SPY,buy,market,new,1,gtc,0.0,1,stock,,,
2025-01-13 15:30:00-05:00,MyStrategy,f361413efebe4a9abe32df6156ed117d,SPY,buy,market,fill,1,gtc,0.0,1,stock,575.77001953125,100.0,0.0
2025-01-14 09:30:00-05:00,MyStrategy,0b70201c0b354df28d56fcf93d579510,SPY,buy,market,new,1,gtc,0.0,1,stock,,,
2025-01-14 09:30:00-05:00,MyStrategy,0b70201c0b354df28d56fcf93d579510,SPY,buy,market,fill,1,gtc,0.0,1,stock,584.3599853515625,100.0,0.0
2025-01-14 12:30:00-05:00,MyStrategy,39e1766bfc4e494aa4acb2c7e1435a13,SPY,buy,market,new,1,gtc,0.0,1,stock,,,
2025-01-14 12:30:00-05:00,MyStrategy,39e1766bfc4e494aa4acb2c7e1435a13,SPY,buy,market,fill,1,gtc,0.0,1,stock,584.3599853515625,100.0,0.0
2025-01-14 15:30:00-05:00,MyStrategy,c60cada2a7124b6eb6b5555c69214bf3,SPY,buy,market,new,1,gtc,0.0,1,stock,,,
2025-01-14 15:30:00-05:00,MyStrategy,c60cada2a7124b6eb6b5555c69214bf3,SPY,buy,market,fill,1,gtc,0.0,1,stock,584.3599853515625,100.0,0.0
2025-01-15 09:30:00-05:00,MyStrategy,21bafa6cd8a44439a70f6be9d15045cd,SPY,buy,market,new,1,gtc,0.0,1,stock,,,
2025-01-15 09:30:00-05:00,MyStrategy,21bafa6cd8a44439a70f6be9d15045cd,SPY,buy,market,fill,1,gtc,0.0,1,stock,590.3300170898438,100.0,0.0
2025-01-15 12:30:00-05:00,MyStrategy,2bee0d8da6264d1995e40d2a781db0b4,SPY,buy,market,new,1,gtc,0.0,1,stock,,,
2025-01-15 12:30:00-05:00,MyStrategy,2bee0d8da6264d1995e40d2a781db0b4,SPY,buy,market,fill,1,gtc,0.0,1,stock,590.3300170898438,100.0,0.0
2025-01-15 15:30:00-05:00,MyStrategy,e5729152b0394ac8b5445d243bbe3c15,SPY,buy,market,new,1,gtc,0.0,1,stock,,,
2025-01-15 15:30:00-05:00,MyStrategy,e5729152b0394ac8b5445d243bbe3c15,SPY,buy,market,fill,1,gtc,0.0,1,stock,590.3300170898438,100.0,0.0
2025-01-16 09:30:00-05:00,MyStrategy,bc314ec22c804dc8851afbe607c048c0,SPY,buy,market,new,1,gtc,0.0,1,stock,,,
2025-01-16 09:30:00-05:00,MyStrategy,bc314ec22c804dc8851afbe607c048c0,SPY,buy,market,fill,1,gtc,0.0,1,stock,594.1699829101562,100.0,0.0
2025-01-16 12:30:00-05:00,MyStrategy,c513e88f0f27478390c96da5a3edc128,SPY,buy,market,new,1,gtc,0.0,1,stock,,,
2025-01-16 12:30:00-05:00,MyStrategy,c513e88f0f27478390c96da5a3edc128,SPY,buy,market,fill,1,gtc,0.0,1,stock,594.1699829101562,100.0,0.0
2025-01-16 15:30:00-05:00,MyStrategy,b912234c8ad949f99b9490127640ad55,SPY,buy,market,new,1,gtc,0.0,1,stock,,,
2025-01-16 15:30:00-05:00,MyStrategy,b912234c8ad949f99b9490127640ad55,SPY,buy,market,fill,1,gtc,0.0,1,stock,594.1699829101562,100.0,0.0
2025-01-17 09:30:00-05:00,MyStrategy,3ab2db337e6047cea623d65205788f13,SPY,buy,market,new,1,gtc,0.0,1,stock,,,
2025-01-17 09:30:00-05:00,MyStrategy,3ab2db337e6047cea623d65205788f13,SPY,buy,market,fill,1,gtc,0.0,1,stock,596.9600219726562,100.0,0.0
2025-01-17 12:30:00-05:00,MyStrategy,afe82b70c5a04d47933efeef9a6320ee,SPY,buy,market,new,1,gtc,0.0,1,stock,,,
2025-01-17 12:30:00-05:00,MyStrategy,afe82b70c5a04d47933efeef9a6320ee,SPY,buy,market,fill,1,gtc,0.0,1,stock,596.9600219726562,100.0,0.0
2025-01-17 15:30:00-05:00,MyStrategy,3547e22760a64fada362753069b07c36,SPY,buy,market,new,1,gtc,0.0,1,stock,,,
2025-01-17 15:30:00-05:00,MyStrategy,3547e22760a64fada362753069b07c36,SPY,buy,market,fill,1,gtc,0.0,1,stock,596.9600219726562,100.0,0.0
2025-01-21 09:30:00-05:00,MyStrategy,873fa110218d4c66873f730820cd4d4c,SPY,buy,market,new,1,gtc,0.0,1,stock,,,
2025-01-21 09:30:00-05:00,MyStrategy,873fa110218d4c66873f730820cd4d4c,SPY,buy,market,fill,1,gtc,0.0,1,stock,600.6699829101562,100.0,0.0
2025-01-21 12:30:00-05:00,MyStrategy,34ad5fe987ca47408567ab1909d72bcc,SPY,buy,market,new,1,gtc,0.0,1,stock,,,
2025-01-21 12:30:00-05:00,MyStrategy,34ad5fe987ca47408567ab1909d72bcc,SPY,buy,market,fill,1,gtc,0.0,1,stock,600.6699829101562,100.0,0.0
2025-01-21 15:30:00-05:00,MyStrategy,2f2805b20408468fb8c447b85cbe579c,SPY,buy,market,new,1,gtc,0.0,1,stock,,,
2025-01-21 15:30:00-05:00,MyStrategy,2f2805b20408468fb8c447b85cbe579c,SPY,buy,market,fill,1,gtc,0.0,1,stock,600.6699829101562,100.0,0.0
2025-01-22 09:30:00-05:00,MyStrategy,0eae017c38c9419a819e7d4caebce2a6,SPY,buy,market,new,1,gtc,0.0,1,stock,,,
2025-01-22 09:30:00-05:00,MyStrategy,0eae017c38c9419a819e7d4caebce2a6,SPY,buy,market,fill,1,gtc,0.0,1,stock,605.9199829101562,100.0,0.0
2025-01-22 12:30:00-05:00,MyStrategy,23bad593339c46d7b5da777a2b72a68c,SPY,buy,market,new,1,gtc,0.0,1,stock,,,
2025-01-22 12:30:00-05:00,MyStrategy,23bad593339c46d7b5da777a2b72a68c,SPY,buy,market,fill,1,gtc,0.0,1,stock,605.9199829101562,100.0,0.0
2025-01-22 15:30:00-05:00,MyStrategy,39fc1d933e5d419a87ff2c219cbfb6fa,SPY,buy,market,new,1,gtc,0.0,1,stock,,,
2025-01-22 15:30:00-05:00,MyStrategy,39fc1d933e5d419a87ff2c219cbfb6fa,SPY,buy,market,fill,1,gtc,0.0,1,stock,605.9199829101562,100.0,0.0
2025-01-23 09:30:00-05:00,MyStrategy,91e54d947b1f4648b42bfddb43c45a17,SPY,buy,market,new,1,gtc,0.0,1,stock,,,
2025-01-23 09:30:00-05:00,MyStrategy,91e54d947b1f4648b42bfddb43c45a17,SPY,buy,market,fill,1,gtc,0.0,1,stock,605.7999877929688,100.0,0.0
2025-01-23 12:30:00-05:00,MyStrategy,3799cd756fec4fa596ac8b3db3509d15,SPY,buy,market,new,1,gtc,0.0,1,stock,,,
2025-01-23 12:30:00-05:00,MyStrategy,3799cd756fec4fa596ac8b3db3509d15,SPY,buy,market,fill,1,gtc,0.0,1,stock,605.7999877929688,100.0,0.0
2025-01-23 15:30:00-05:00,MyStrategy,d054e6ee3469408eb209088966037096,SPY,buy,market,new,1,gtc,0.0,1,stock,,,
2025-01-23 15:30:00-05:00,MyStrategy,d054e6ee3469408eb209088966037096,SPY,buy,market,fill,1,gtc,0.0,1,stock,605.7999877929688,100.0,0.0
2025-01-24 09:30:00-05:00,MyStrategy,6e3af8b5af504e76a2e5099eb9cc43d8,SPY,buy,market,new,1,gtc,0.0,1,stock,,,
2025-01-24 09:30:00-05:00,MyStrategy,6e3af8b5af504e76a2e5099eb9cc43d8,SPY,buy,market,fill,1,gtc,0.0,1,stock,609.8099975585938,100.0,0.0
2025-01-24 12:30:00-05:00,MyStrategy,ed2b1abe91804b6f9e48b1c315619efb,SPY,buy,market,new,1,gtc,0.0,1,stock,,,
2025-01-24 12:30:00-05:00,MyStrategy,ed2b1abe91804b6f9e48b1c315619efb,SPY,buy,market,fill,1,gtc,0.0,1,stock,609.8099975585938,100.0,0.0
2025-01-24 15:30:00-05:00,MyStrategy,7403a45522484a97b3a079a1173a5f71,SPY,buy,market,new,1,gtc,0.0,1,stock,,,
2025-01-24 15:30:00-05:00,MyStrategy,7403a45522484a97b3a079a1173a5f71,SPY,buy,market,fill,1,gtc,0.0,1,stock,609.8099975585938,100.0,0.0
2025-01-27 09:30:00-05:00,MyStrategy,1c2a85e005cd46fea3adb10d2bc119e6,SPY,buy,market,new,1,gtc,0.0,1,stock,,,
2025-01-27 09:30:00-05:00,MyStrategy,1c2a85e005cd46fea3adb10d2bc119e6,SPY,buy,market,fill,1,gtc,0.0,1,stock,594.8099975585938,100.0,0.0
2025-01-27 12:30:00-05:00,MyStrategy,ce563e127c9542c5a8472bda03591b6f,SPY,buy,market,new,1,gtc,0.0,1,stock,,,
2025-01-27 12:30:00-05:00,MyStrategy,ce563e127c9542c5a8472bda03591b6f,SPY,buy,market,fill,1,gtc,0.0,1,stock,594.8099975585938,100.0,0.0
2025-01-27 15:30:00-05:00,MyStrategy,011a7869ce3e46b88af5c18dff1f5e1f,SPY,buy,market,new,1,gtc,0.0,1,stock,,,
2025-01-27 15:30:00-05:00,MyStrategy,011a7869ce3e46b88af5c18dff1f5e1f,SPY,buy,market,fill,1,gtc,0.0,1,stock,594.8099975585938,100.0,0.0
2025-01-28 09:30:00-05:00,MyStrategy,6649789a49034442bbc6f53a7e30dc41,SPY,buy,market,new,1,gtc,0.0,1,stock,,,
2025-01-28 09:30:00-05:00,MyStrategy,6649789a49034442bbc6f53a7e30dc41,SPY,buy,market,fill,1,gtc,0.0,1,stock,600.6199951171875,100.0,0.0
2025-01-28 12:30:00-05:00,MyStrategy,8f52cd184a7243ffb389a01c7db63253,SPY,buy,market,new,1,gtc,0.0,1,stock,,,
2025-01-28 12:30:00-05:00,MyStrategy,8f52cd184a7243ffb389a01c7db63253,SPY,buy,market,fill,1,gtc,0.0,1,stock,600.6199951171875,100.0,0.0
2025-01-28 15:30:00-05:00,MyStrategy,dff48b0e4fd04410a0f1f9cc27bcfc17,SPY,buy,market,new,1,gtc,0.0,1,stock,,,
2025-01-28 15:30:00-05:00,MyStrategy,dff48b0e4fd04410a0f1f9cc27bcfc17,SPY,buy,market,fill,1,gtc,0.0,1,stock,600.6199951171875,100.0,0.0
2025-01-29 09:30:00-05:00,MyStrategy,ea32f5570e934e28ad24d60f531f7e13,SPY,buy,market,new,1,gtc,0.0,1,stock,,,
2025-01-29 09:30:00-05:00,MyStrategy,ea32f5570e934e28ad24d60f531f7e13,SPY,buy,market,fill,1,gtc,0.0,1,stock,603.719970703125,100.0,0.0
2025-01-29 12:30:00-05:00,MyStrategy,7f8bc4a18a1542b08b629a6f67fb8487,SPY,buy,market,new,1,gtc,0.0,1,stock,,,
2025-01-29 12:30:00-05:00,MyStrategy,7f8bc4a18a1542b08b629a6f67fb8487,SPY,buy,market,fill,1,gtc,0.0,1,stock,603.719970703125,100.0,0.0
2025-01-29 15:30:00-05:00,MyStrategy,adad83f457a249fba9b0f3238355ab85,SPY,buy,market,new,1,gtc,0.0,1,stock,,,
2025-01-29 15:30:00-05:00,MyStrategy,adad83f457a249fba9b0f3238355ab85,SPY,buy,market,fill,1,gtc,0.0,1,stock,603.719970703125,100.0,0.0
2025-01-30 09:30:00-05:00,MyStrategy,e9b40c65758d490f9529df9031e5bc4c,SPY,buy,market,new,1,gtc,0.0,1,stock,,,
2025-01-30 09:30:00-05:00,MyStrategy,e9b40c65758d490f9529df9031e5bc4c,SPY,buy,market,fill,1,gtc,0.0,1,stock,603.9600219726562,100.0,0.0
2025-01-30 12:30:00-05:00,MyStrategy,a6fef057039b4954a7dd9cf6b4ad53ee,SPY,buy,market,new,1,gtc,0.0,1,stock,,,
2025-01-30 12:30:00-05:00,MyStrategy,a6fef057039b4954a7dd9cf6b4ad53ee,SPY,buy,market,fill,1,gtc,0.0,1,stock,603.9600219726562,100.0,0.0
2025-01-30 15:30:00-05:00,MyStrategy,dbd8ff57d4b64ae78da72ba875a18295,SPY,buy,market,new,1,gtc,0.0,1,stock,,,
2025-01-30 15:30:00-05:00,MyStrategy,dbd8ff57d4b64ae78da72ba875a18295,SPY,buy,market,fill,1,gtc,0.0,1,stock,603.9600219726562,100.0,0.0
2025-01-31 09:30:00-05:00,MyStrategy,2ba5983a0dd642da82936c674d75744f,SPY,buy,market,new,1,gtc,0.0,1,stock,,,
2025-01-31 09:30:00-05:00,MyStrategy,2ba5983a0dd642da82936c674d75744f,SPY,buy,market,fill,1,gtc,0.0,1,stock,607.5,100.0,0.0
2025-01-31 12:30:00-05:00,MyStrategy,f51979eb510447ff8f79e9b474452f53,SPY,buy,market,new,1,gtc,0.0,1,stock,,,
2025-01-31 12:30:00-05:00,MyStrategy,f51979eb510447ff8f79e9b474452f53,SPY,buy,market,fill,1,gtc,0.0,1,stock,607.5,100.0,0.0
2025-01-31 15:30:00-05:00,MyStrategy,15a68ad6366f4557b05c6325d2f36113,SPY,buy,market,new,1,gtc,0.0,1,stock,,,
2025-01-31 15:30:00-05:00,MyStrategy,15a68ad6366f4557b05c6325d2f36113,SPY,buy,market,fill,1,gtc,0.0,1,stock,607.5,100.0,0.0
2025-02-03 09:30:00-05:00,MyStrategy,e5ef75400ed647ebb3a2a2f46b5d3a59,SPY,buy,market,new,1,gtc,0.0,1,stock,,,
2025-02-03 09:30:00-05:00,MyStrategy,e5ef75400ed647ebb3a2a2f46b5d3a59,SPY,buy,market,fill,1,gtc,0.0,1,stock,592.6699829101562,100.0,0.0
2025-02-03 12:30:00-05:00,MyStrategy,9db2c8dcdafc49a2a4c1fc1d4762f8ac,SPY,buy,market,new,1,gtc,0.0,1,stock,,,
2025-02-03 12:30:00-05:00,MyStrategy,9db2c8dcdafc49a2a4c1fc1d4762f8ac,SPY,buy,market,fill,1,gtc,0.0,1,stock,592.6699829101562,100.0,0.0
2025-02-03 15:30:00-05:00,MyStrategy,5ddac2fb4a174f72b40beca427744c82,SPY,buy,market,new,1,gtc,0.0,1,stock,,,
2025-02-03 15:30:00-05:00,MyStrategy,5ddac2fb4a174f72b40beca427744c82,SPY,buy,market,fill,1,gtc,0.0,1,stock,592.6699829101562,100.0,0.0
2025-02-04 09:30:00-05:00,MyStrategy,b8144209727248b19a12e5a47afe1795,SPY,buy,market,new,1,gtc,0.0,1,stock,,,
2025-02-04 09:30:00-05:00,MyStrategy,b8144209727248b19a12e5a47afe1795,SPY,buy,market,fill,1,gtc,0.0,1,stock,597.8300170898438,100.0,0.0
2025-02-04 12:30:00-05:00,MyStrategy,f8103cd37b4e4e2f818da18c401624d2,SPY,buy,market,new,1,gtc,0.0,1,stock,,,
2025-02-04 12:30:00-05:00,MyStrategy,f8103cd37b4e4e2f818da18c401624d2,SPY,buy,market,fill,1,gtc,0.0,1,stock,597.8300170898438,100.0,0.0
2025-02-04 15:30:00-05:00,MyStrategy,4a85e78e104c4c3dadd020a37d126cfc,SPY,buy,market,new,1,gtc,0.0,1,stock,,,
2025-02-04 15:30:00-05:00,MyStrategy,4a85e78e104c4c3dadd020a37d126cfc,SPY,buy,market,fill,1,gtc,0.0,1,stock,597.8300170898438,100.0,0.0
2025-02-05 09:30:00-05:00,MyStrategy,0fe77d819a16463ca8e662a499323832,SPY,buy,market,new,1,gtc,0.0,1,stock,,,
2025-02-05 09:30:00-05:00,MyStrategy,0fe77d819a16463ca8e662a499323832,SPY,buy,market,fill,1,gtc,0.0,1,stock,600.6400146484375,100.0,0.0
2025-02-05 12:30:00-05:00,MyStrategy,89c3cbf9fe5d4e479e160812d84648f3,SPY,buy,market,new,1,gtc,0.0,1,stock,,,
2025-02-05 12:30:00-05:00,MyStrategy,89c3cbf9fe5d4e479e160812d84648f3,SPY,buy,market,fill,1,gtc,0.0,1,stock,600.6400146484375,100.0,0.0
2025-02-05 15:30:00-05:00,MyStrategy,79d39c0a814047e19cbcea7aa5e23eb6,SPY,buy,market,new,1,gtc,0.0,1,stock,,,
2025-02-05 15:30:00-05:00,MyStrategy,79d39c0a814047e19cbcea7aa5e23eb6,SPY,buy,market,fill,1,gtc,0.0,1,stock,600.6400146484375,100.0,0.0
2025-02-06 09:30:00-05:00,MyStrategy,ea3627397f2b42aa812ec22cc81b87ba,SPY,buy,market,new,1,gtc,0.0,1,stock,,,
2025-02-06 09:30:00-05:00,MyStrategy,ea3627397f2b42aa812ec22cc81b87ba,SPY,buy,market,fill,1,gtc,0.0,1,stock,605.989990234375,100.0,0.0
2025-02-06 12:30:00-05:00,MyStrategy,faf8875026c1430ba216134a116b71dc,SPY,buy,market,new,1,gtc,0.0,1,stock,,,
2025-02-06 12:30:00-05:00,MyStrategy,faf8875026c1430ba216134a116b71dc,SPY,buy,market,fill,1,gtc,0.0,1,stock,605.989990234375,100.0,0.0
2025-02-06 15:30:00-05:00,MyStrategy,811f3ef68f0e4491a7790cd930e3c7d5,SPY,buy,market,new,1,gtc,0.0,1,stock,,,
2025-02-06 15:30:00-05:00,MyStrategy,811f3ef68f0e4491a7790cd930e3c7d5,SPY,buy,market,fill,1,gtc,0.0,1,stock,605.989990234375,100.0,0.0
2025-02-07 09:30:00-05:00,MyStrategy,dbdcf21606054b7bafc7dac57a01b778,SPY,buy,market,new,1,gtc,0.0,1,stock,,,
2025-02-07 09:30:00-05:00,MyStrategy,dbdcf21606054b7bafc7dac57a01b778,SPY,buy,market,fill,1,gtc,0.0,1,stock,606.8900146484375,100.0,0.0
2025-02-07 12:30:00-05:00,MyStrategy,6ab8136f25114a40840f7729f6ff8952,SPY,buy,market,new,1,gtc,0.0,1,stock,,,
2025-02-07 12:30:00-05:00,MyStrategy,6ab8136f25114a40840f7729f6ff8952,SPY,buy,market,fill,1,gtc,0.0,1,stock,606.8900146484375,100.0,0.0
2025-02-07 15:30:00-05:00,MyStrategy,8581982622c64dedb8cbf94008be66e9,SPY,buy,market,new,1,gtc,0.0,1,stock,,,
2025-02-07 15:30:00-05:00,MyStrategy,8581982622c64dedb8cbf94008be66e9,SPY,buy,market,fill,1,gtc,0.0,1,stock,606.8900146484375,100.0,0.0
2025-02-10 09:30:00-05:00,MyStrategy,fcbb98639c1f449994e35b7806194b1b,SPY,buy,market,new,1,gtc,0.0,1,stock,,,
2025-02-10 09:30:00-05:00,MyStrategy,fcbb98639c1f449994e35b7806194b1b,SPY,buy,market,fill,1,gtc,0.0,1,stock,604.030029296875,100.0,0.0
2025-02-10 12:30:00-05:00,MyStrategy,ef35ab4092a24f0eb3fd1d59dcecf8ee,SPY,buy,market,new,1,gtc,0.0,1,stock,,,
2025-02-10 12:30:00-05:00,MyStrategy,ef35ab4092a24f0eb3fd1d59dcecf8ee,SPY,buy,market,fill,1,gtc,0.0,1,stock,604.030029296875,100.0,0.0
2025-02-10 15:30:00-05:00,MyStrategy,b06cb94a8f9642f9ab2980eef3a54d0c,SPY,buy,market,new,1,gtc,0.0,1,stock,,,
2025-02-10 15:30:00-05:00,MyStrategy,b06cb94a8f9642f9ab2980eef3a54d0c,SPY,buy,market,fill,1,gtc,0.0,1,stock,604.030029296875,100.0,0.0
2025-02-11 09:30:00-05:00,MyStrategy,35ce0b32067c46069419d860dfd1de30,SPY,buy,market,new,1,gtc,0.0,1,stock,,,
2025-02-11 09:30:00-05:00,MyStrategy,35ce0b32067c46069419d860dfd1de30,SPY,buy,market,fill,1,gtc,0.0,1,stock,602.5499877929688,100.0,0.0
2025-02-11 12:30:00-05:00,MyStrategy,7a0808394ea54d8fb2e8339a21370acb,SPY,buy,market,new,1,gtc,0.0,1,stock,,,
2025-02-11 12:30:00-05:00,MyStrategy,7a0808394ea54d8fb2e8339a21370acb,SPY,buy,market,fill,1,gtc,0.0,1,stock,602.5499877929688,100.0,0.0
2025-02-11 15:30:00-05:00,MyStrategy,1fd63ddded124982a83a11475e5be097,SPY,buy,market,new,1,gtc,0.0,1,stock,,,
2025-02-11 15:30:00-05:00,MyStrategy,1fd63ddded124982a83a11475e5be097,SPY,buy,market,fill,1,gtc,0.0,1,stock,602.5499877929688,100.0,0.0
2025-02-12 09:30:00-05:00,MyStrategy,4cc486e51c2e477299b3e2d53ecf8271,SPY,buy,market,new,1,gtc,0.0,1,stock,,,
2025-02-12 09:30:00-05:00,MyStrategy,4cc486e51c2e477299b3e2d53ecf8271,SPY,buy,market,fill,1,gtc,0.0,1,stock,599.2000122070312,100.0,0.0
2025-02-12 12:30:00-05:00,MyStrategy,548528a7bf934e8f97c67d9335379864,SPY,buy,market,new,1,gtc,0.0,1,stock,,,
2025-02-12 12:30:00-05:00,MyStrategy,548528a7bf934e8f97c67d9335379864,SPY,buy,market,fill,1,gtc,0.0,1,stock,599.2000122070312,100.0,0.0
2025-02-12 15:30:00-05:00,MyStrategy,fa27feb4d15e4a67a0f1c8022b35b048,SPY,buy,market,new,1,gtc,0.0,1,stock,,,
2025-02-12 15:30:00-05:00,MyStrategy,fa27feb4d15e4a67a0f1c8022b35b048,SPY,buy,market,fill,1,gtc,0.0,1,stock,599.2000122070312,100.0,0.0
2025-02-13 09:30:00-05:00,MyStrategy,d61b2c0ce97242d488816600fd052bdf,SPY,buy,market,new,1,gtc,0.0,1,stock,,,
2025-02-13 09:30:00-05:00,MyStrategy,d61b2c0ce97242d488816600fd052bdf,SPY,buy,market,fill,1,gtc,0.0,1,stock,604.47998046875,100.0,0.0
2025-02-13 12:30:00-05:00,MyStrategy,159aa976facd44e1942505f862b2a87b,SPY,buy,market,new,1,gtc,0.0,1,stock,,,
2025-02-13 12:30:00-05:00,MyStrategy,159aa976facd44e1942505f862b2a87b,SPY,buy,market,fill,1,gtc,0.0,1,stock,604.47998046875,100.0,0.0
2025-02-13 15:30:00-05:00,MyStrategy,2ae76b3c945b49c3a0d077fd807aa46f,SPY,buy,market,new,1,gtc,0.0,1,stock,,,
2025-02-13 15:30:00-05:00,MyStrategy,2ae76b3c945b49c3a0d077fd807aa46f,SPY,buy,market,fill,1,gtc,0.0,1,stock,604.47998046875,100.0,0.0
2025-02-14 09:30:00-05:00,MyStrategy,ed471abd6a3244d7a089ae7729d8b2e3,SPY,buy,market,new,1,gtc,0.0,1,stock,,,
2025-02-14 09:30:00-05:00,MyStrategy,ed471abd6a3244d7a089ae7729d8b2e3,SPY,buy,market,fill,1,gtc,0.0,1,stock,609.9400024414062,100.0,0.0
2025-02-14 12:30:00-05:00,MyStrategy,e58c0861a8a242509a85c70738295458,SPY,buy,market,new,1,gtc,0.0,1,stock,,,
2025-02-14 12:30:00-05:00,MyStrategy,e58c0861a8a242509a85c70738295458,SPY,buy,market,fill,1,gtc,0.0,1,stock,609.9400024414062,100.0,0.0
2025-02-14 15:30:00-05:00,MyStrategy,96aaa550810441c78e5055b16f6f6ec7,SPY,buy,market,new,1,gtc,0.0,1,stock,,,
2025-02-14 15:30:00-05:00,MyStrategy,96aaa550810441c78e5055b16f6f6ec7,SPY,buy,market,fill,1,gtc,0.0,1,stock,609.9400024414062,100.0,0.0
2025-02-18 09:30:00-05:00,MyStrategy,d403bbe5c6b646849cc37fc29bf860a8,SPY,buy,market,new,1,gtc,0.0,1,stock,,,
2025-02-18 09:30:00-05:00,MyStrategy,d403bbe5c6b646849cc37fc29bf860a8,SPY,buy,market,fill,1,gtc,0.0,1,stock,610.8800048828125,100.0,0.0
2025-02-18 12:30:00-05:00,MyStrategy,edaf13e215814694a4ab051ea07af480,SPY,buy,market,new,1,gtc,0.0,1,stock,,,
2025-02-18 12:30:00-05:00,MyStrategy,edaf13e215814694a4ab051ea07af480,SPY,buy,market,fill,1,gtc,0.0,1,stock,610.8800048828125,100.0,0.0
2025-02-18 15:30:00-05:00,MyStrategy,d4fa1cef3550414890df6a7431346851,SPY,buy,market,new,1,gtc,0.0,1,stock,,,
2025-02-18 15:30:00-05:00,MyStrategy,d4fa1cef3550414890df6a7431346851,SPY,buy,market,fill,1,gtc,0.0,1,stock,610.8800048828125,100.0,0.0
2025-02-19 09:30:00-05:00,MyStrategy,9d1cec4c6e6f4bffa7fcec4bf5b92a77,SPY,buy,market,new,1,gtc,0.0,1,stock,,,
2025-02-19 09:30:00-05:00,MyStrategy,9d1cec4c6e6f4bffa7fcec4bf5b92a77,SPY,buy,market,fill,1,gtc,0.0,1,stock,610.0800170898438,100.0,0.0
2025-02-19 12:30:00-05:00,MyStrategy,be01d7033c8d47d4ba38d91ff769dca1,SPY,buy,market,new,1,gtc,0.0,1,stock,,,
2025-02-19 12:30:00-05:00,MyStrategy,be01d7033c8d47d4ba38d91ff769dca1,SPY,buy,market,fill,1,gtc,0.0,1,stock,610.0800170898438,100.0,0.0
2025-02-19 15:30:00-05:00,MyStrategy,1b8d37386f2746b284b9ba29eca2d989,SPY,buy,market,new,1,gtc,0.0,1,stock,,,
2025-02-19 15:30:00-05:00,MyStrategy,1b8d37386f2746b284b9ba29eca2d989,SPY,buy,market,fill,1,gtc,0.0,1,stock,610.0800170898438,100.0,0.0
2025-02-20 09:30:00-05:00,MyStrategy,5271130da6ad4d88979298e949f3c541,SPY,buy,market,new,1,gtc,0.0,1,stock,,,
2025-02-20 09:30:00-05:00,MyStrategy,5271130da6ad4d88979298e949f3c541,SPY,buy,market,fill,1,gtc,0.0,1,stock,611.5399780273438,100.0,0.0
2025-02-20 12:30:00-05:00,MyStrategy,69c939fe00c34eeeaca14d1863ebc606,SPY,buy,market,new,1,gtc,0.0,1,stock,,,
2025-02-20 12:30:00-05:00,MyStrategy,69c939fe00c34eeeaca14d1863ebc606,SPY,buy,market,fill,1,gtc,0.0,1,stock,611.5399780273438,100.0,0.0
2025-02-20 15:30:00-05:00,MyStrategy,44b97e27cc3e4af7b30dbfd369f93eac,SPY,buy,market,new,1,gtc,0.0,1,stock,,,
2025-02-20 15:30:00-05:00,MyStrategy,44b97e27cc3e4af7b30dbfd369f93eac,SPY,buy,market,fill,1,gtc,0.0,1,stock,611.5399780273438,100.0,0.0
2025-02-21 09:30:00-05:00,MyStrategy,086d5ac81f784ae6882c0e774ed4d128,SPY,buy,market,new,1,gtc,0.0,1,stock,,,
2025-02-21 09:30:00-05:00,MyStrategy,086d5ac81f784ae6882c0e774ed4d128,SPY,buy,market,fill,1,gtc,0.0,1,stock,610.1599731445312,100.0,0.0
2025-02-21 12:30:00-05:00,MyStrategy,6349e47bee9949ba886792c286829af6,SPY,buy,market,new,1,gtc,0.0,1,stock,,,
2025-02-21 12:30:00-05:00,MyStrategy,6349e47bee9949ba886792c286829af6,SPY,buy,market,fill,1,gtc,0.0,1,stock,610.1599731445312,100.0,0.0
2025-02-21 15:30:00-05:00,MyStrategy,980018a03b60470abe9b77f8ec3fc357,SPY,buy,market,new,1,gtc,0.0,1,stock,,,
2025-02-21 15:30:00-05:00,MyStrategy,980018a03b60470abe9b77f8ec3fc357,SPY,buy,market,fill,1,gtc,0.0,1,stock,610.1599731445312,100.0,0.0
2025-02-24 09:30:00-05:00,MyStrategy,70755ee69b184b3ebd9b48e1e26dee58,SPY,buy,market,new,1,gtc,0.0,1,stock,,,
2025-02-24 09:30:00-05:00,MyStrategy,70755ee69b184b3ebd9b48e1e26dee58,SPY,buy,market,fill,1,gtc,0.0,1,stock,602.02001953125,100.0,0.0
2025-02-24 12:30:00-05:00,MyStrategy,c2baddf256d7485a8d3d876162ec3b04,SPY,buy,market,new,1,gtc,0.0,1,stock,,,
2025-02-24 12:30:00-05:00,MyStrategy,c2baddf256d7485a8d3d876162ec3b04,SPY,buy,market,fill,1,gtc,0.0,1,stock,602.02001953125,100.0,0.0
2025-02-24 15:30:00-05:00,MyStrategy,0c83a201a5424d97ab9599428d93b389,SPY,buy,market,new,1,gtc,0.0,1,stock,,,
2025-02-24 15:30:00-05:00,MyStrategy,0c83a201a5424d97ab9599428d93b389,SPY,buy,market,fill,1,gtc,0.0,1,stock,602.02001953125,100.0,0.0
2025-02-25 09:30:00-05:00,MyStrategy,65c999b86d484f319d2297b2a36df26d,SPY,buy,market,new,1,gtc,0.0,1,stock,,,
2025-02-25 09:30:00-05:00,MyStrategy,65c999b86d484f319d2297b2a36df26d,SPY,buy,market,fill,1,gtc,0.0,1,stock,597.1500244140625,100.0,0.0
2025-02-25 12:30:00-05:00,MyStrategy,acdf1196d655478f9811d6acb8f4c66d,SPY,buy,market,new,1,gtc,0.0,1,stock,,,
2025-02-25 12:30:00-05:00,MyStrategy,acdf1196d655478f9811d6acb8f4c66d,SPY,buy,market,fill,1,gtc,0.0,1,stock,597.1500244140625,100.0,0.0
2025-02-25 15:30:00-05:00,MyStrategy,f8e96bcaa8a347aba3d4b4be4b223b9f,SPY,buy,market,new,1,gtc,0.0,1,stock,,,
2025-02-25 15:30:00-05:00,MyStrategy,f8e96bcaa8a347aba3d4b4be4b223b9f,SPY,buy,market,fill,1,gtc,0.0,1,stock,597.1500244140625,100.0,0.0
2025-02-26 09:30:00-05:00,MyStrategy,abe931b1a79347c2995b22cc57be6cac,SPY,buy,market,new,1,gtc,0.0,1,stock,,,
2025-02-26 09:30:00-05:00,MyStrategy,abe931b1a79347c2995b22cc57be6cac,SPY,buy,market,fill,1,gtc,0.0,1,stock,595.9299926757812,100.0,0.0
2025-02-26 12:30:00-05:00,MyStrategy,e8ddfcbec5714b5385db2b589975ce4e,SPY,buy,market,new,1,gtc,0.0,1,stock,,,
2025-02-26 12:30:00-05:00,MyStrategy,e8ddfcbec5714b5385db2b589975ce4e,SPY,buy,market,fill,1,gtc,0.0,1,stock,595.9299926757812,100.0,0.0
2025-02-26 15:30:00-05:00,MyStrategy,9c9c6807b4aa43d5815657e2ff6860b3,SPY,buy,market,new,1,gtc,0.0,1,stock,,,
2025-02-26 15:30:00-05:00,MyStrategy,9c9c6807b4aa43d5815657e2ff6860b3,SPY,buy,market,fill,1,gtc,0.0,1,stock,595.9299926757812,100.0,0.0
2025-02-27 09:30:00-05:00,MyStrategy,79552c6f34cb4d50a518a1dca4b5dfc5,SPY,buy,market,new,1,gtc,0.0,1,stock,,,
2025-02-27 09:30:00-05:00,MyStrategy,79552c6f34cb4d50a518a1dca4b5dfc5,SPY,buy,market,fill,1,gtc,0.0,1,stock,596.8499755859375,100.0,0.0
2025-02-27 12:30:00-05:00,MyStrategy,8b498f27e86b475ea9c55655e722c37b,SPY,buy,market,new,1,gtc,0.0,1,stock,,,
2025-02-27 12:30:00-05:00,MyStrategy,8b498f27e86b475ea9c55655e722c37b,SPY,buy,market,fill,1,gtc,0.0,1,stock,596.8499755859375,100.0,0.0
2025-02-27 15:30:00-05:00,MyStrategy,ad2efe82884f4743851abe370e622ded,SPY,buy,market,new,1,gtc,0.0,1,stock,,,
2025-02-27 15:30:00-05:00,MyStrategy,ad2efe82884f4743851abe370e622ded,SPY,buy,market,fill,1,gtc,0.0,1,stock,596.8499755859375,100.0,0.0
2025-02-28 09:30:00-05:00,MyStrategy,942080a364c14ba185ea595f024b6eef,SPY,buy,market,new,1,gtc,0.0,1,stock,,,
2025-02-28 09:30:00-05:00,MyStrategy,942080a364c14ba185ea595f024b6eef,SPY,buy,market,fill,1,gtc,0.0,1,stock,585.5599975585938,100.0,0.0
2025-02-28 12:30:00-05:00,MyStrategy,d9a4ab6c30944f0482c56f4fcc696df3,SPY,buy,market,new,1,gtc,0.0,1,stock,,,
2025-02-28 12:30:00-05:00,MyStrategy,d9a4ab6c30944f0482c56f4fcc696df3,SPY,buy,market,fill,1,gtc,0.0,1,stock,585.5599975585938,100.0,0.0
2025-02-28 15:30:00-05:00,MyStrategy,e638f319540741ba97580e2712ea49d9,SPY,buy,market,new,1,gtc,0.0,1,stock,,,
2025-02-28 15:30:00-05:00,MyStrategy,e638f319540741ba97580e2712ea49d9,SPY,buy,market,fill,1,gtc,0.0,1,stock,585.5599975585938,100.0,0.0
