time,strategy,identifier,symbol,side,type,status,multiplier,time_in_force,asset.strike,asset.multiplier,asset.asset_type,price,filled_quantity,trade_cost
2020-01-02 09:30:00-05:00,MyStrategy,3bfff9cc7ed642e09f8d358715febe0b,SPY,buy,market,new,1,gtc,0.0,1,stock,,,
2020-01-02 09:30:00-05:00,MyStrategy,3bfff9cc7ed642e09f8d358715febe0b,SPY,buy,market,fill,1,gtc,0.0,1,stock,323.5400085449219,1.0,0.0
2020-01-02 12:30:00-05:00,MyStrategy,fb2fc74ec045439fb747069444f5d56f,SPY,buy,market,new,1,gtc,0.0,1,stock,,,
2020-01-02 12:30:00-05:00,MyStrategy,fb2fc74ec045439fb747069444f5d56f,SPY,buy,market,fill,1,gtc,0.0,1,stock,323.5400085449219,1.0,0.0
2020-01-02 15:30:00-05:00,MyStrategy,6122f9e721134e0fa720daaae2377959,SPY,buy,market,new,1,gtc,0.0,1,stock,,,
2020-01-02 15:30:00-05:00,MyStrategy,6122f9e721134e0fa720daaae2377959,SPY,buy,market,fill,1,gtc,0.0,1,stock,323.5400085449219,1.0,0.0
2020-01-03 09:30:00-05:00,MyStrategy,2b908e4eb3ba4fc5afa60460970835ec,SPY,buy,market,new,1,gtc,0.0,1,stock,,,
2020-01-03 09:30:00-05:00,MyStrategy,2b908e4eb3ba4fc5afa60460970835ec,SPY,buy,market,fill,1,gtc,0.0,1,stock,321.1600036621094,1.0,0.0
2020-01-03 12:30:00-05:00,MyStrategy,d7f0b48651124da08943070a38f97cac,SPY,buy,market,new,1,gtc,0.0,1,stock,,,
2020-01-03 12:30:00-05:00,MyStrategy,d7f0b48651124da08943070a38f97cac,SPY,buy,market,fill,1,gtc,0.0,1,stock,321.1600036621094,1.0,0.0
2020-01-03 15:30:00-05:00,MyStrategy,585ac30ca6dd472f843b8e0fbdfbf657,SPY,buy,market,new,1,gtc,0.0,1,stock,,,
2020-01-03 15:30:00-05:00,MyStrategy,585ac30ca6dd472f843b8e0fbdfbf657,SPY,buy,market,fill,1,gtc,0.0,1,stock,321.1600036621094,1.0,0.0
2020-01-06 09:30:00-05:00,MyStrategy,4fd55859f2674208acb9032cb3e42549,SPY,buy,market,new,1,gtc,0.0,1,stock,,,
2020-01-06 09:30:00-05:00,MyStrategy,4fd55859f2674208acb9032cb3e42549,SPY,buy,market,fill,1,gtc,0.0,1,stock,320.489990234375,1.0,0.0
2020-01-06 12:30:00-05:00,MyStrategy,6d95254f5e574bbf921499949bfab855,SPY,buy,market,new,1,gtc,0.0,1,stock,,,
2020-01-06 12:30:00-05:00,MyStrategy,6d95254f5e574bbf921499949bfab855,SPY,buy,market,fill,1,gtc,0.0,1,stock,320.489990234375,1.0,0.0
2020-01-06 15:30:00-05:00,MyStrategy,3b56d43bcf494d85b5d52dfb7b9952fc,SPY,buy,market,new,1,gtc,0.0,1,stock,,,
2020-01-06 15:30:00-05:00,MyStrategy,3b56d43bcf494d85b5d52dfb7b9952fc,SPY,buy,market,fill,1,gtc,0.0,1,stock,320.489990234375,1.0,0.0
2020-01-07 09:30:00-05:00,MyStrategy,628c99aba1154d3cbe123edc20cf43ea,SPY,buy,market,new,1,gtc,0.0,1,stock,,,
2020-01-07 09:30:00-05:00,MyStrategy,628c99aba1154d3cbe123edc20cf43ea,SPY,buy,market,fill,1,gtc,0.0,1,stock,323.0199890136719,1.0,0.0
2020-01-07 12:30:00-05:00,MyStrategy,c570c292dd7948f5a726f4d5787e53d6,SPY,buy,market,new,1,gtc,0.0,1,stock,,,
2020-01-07 12:30:00-05:00,MyStrategy,c570c292dd7948f5a726f4d5787e53d6,SPY,buy,market,fill,1,gtc,0.0,1,stock,323.0199890136719,1.0,0.0
2020-01-07 15:30:00-05:00,MyStrategy,c9e3240372fa4b28b0e45438ce379261,SPY,buy,market,new,1,gtc,0.0,1,stock,,,
2020-01-07 15:30:00-05:00,MyStrategy,c9e3240372fa4b28b0e45438ce379261,SPY,buy,market,fill,1,gtc,0.0,1,stock,323.0199890136719,1.0,0.0
2020-01-08 09:30:00-05:00,MyStrategy,34f5b9a2147742c4bbf07cf2bf754e08,SPY,buy,market,new,1,gtc,0.0,1,stock,,,
2020-01-08 09:30:00-05:00,MyStrategy,34f5b9a2147742c4bbf07cf2bf754e08,SPY,buy,market,fill,1,gtc,0.0,1,stock,322.94000244140625,1.0,0.0
2020-01-08 12:30:00-05:00,MyStrategy,db5e39c028a34e38a1cd8b187350151f,SPY,buy,market,new,1,gtc,0.0,1,stock,,,
2020-01-08 12:30:00-05:00,MyStrategy,db5e39c028a34e38a1cd8b187350151f,SPY,buy,market,fill,1,gtc,0.0,1,stock,322.94000244140625,1.0,0.0
2020-01-08 15:30:00-05:00,MyStrategy,41639d4d48fb4d8ea4537951dcf788d2,SPY,buy,market,new,1,gtc,0.0,1,stock,,,
2020-01-08 15:30:00-05:00,MyStrategy,41639d4d48fb4d8ea4537951dcf788d2,SPY,buy,market,fill,1,gtc,0.0,1,stock,322.94000244140625,1.0,0.0
2020-01-09 09:30:00-05:00,MyStrategy,eed45d201b5d4cdda2b254c6c81d0a8e,SPY,buy,market,new,1,gtc,0.0,1,stock,,,
2020-01-09 09:30:00-05:00,MyStrategy,eed45d201b5d4cdda2b254c6c81d0a8e,SPY,buy,market,fill,1,gtc,0.0,1,stock,326.1600036621094,1.0,0.0
2020-01-09 12:30:00-05:00,MyStrategy,e93b833797d045759002184273f64387,SPY,buy,market,new,1,gtc,0.0,1,stock,,,
2020-01-09 12:30:00-05:00,MyStrategy,e93b833797d045759002184273f64387,SPY,buy,market,fill,1,gtc,0.0,1,stock,326.1600036621094,1.0,0.0
2020-01-09 15:30:00-05:00,MyStrategy,a4b5ba9f4e9d49e8856bc36194367dcb,SPY,buy,market,new,1,gtc,0.0,1,stock,,,
2020-01-09 15:30:00-05:00,MyStrategy,a4b5ba9f4e9d49e8856bc36194367dcb,SPY,buy,market,fill,1,gtc,0.0,1,stock,326.1600036621094,1.0,0.0
2020-01-10 09:30:00-05:00,MyStrategy,d83415c3f7b141378c4014b105c34a3e,SPY,buy,market,new,1,gtc,0.0,1,stock,,,
2020-01-10 09:30:00-05:00,MyStrategy,d83415c3f7b141378c4014b105c34a3e,SPY,buy,market,fill,1,gtc,0.0,1,stock,327.2900085449219,1.0,0.0
2020-01-10 12:30:00-05:00,MyStrategy,26d4826811e448b5abb59499f9049ac0,SPY,buy,market,new,1,gtc,0.0,1,stock,,,
2020-01-10 12:30:00-05:00,MyStrategy,26d4826811e448b5abb59499f9049ac0,SPY,buy,market,fill,1,gtc,0.0,1,stock,327.2900085449219,1.0,0.0
2020-01-10 15:30:00-05:00,MyStrategy,3446e8e588884f5aaef06582f9b0f01e,SPY,buy,market,new,1,gtc,0.0,1,stock,,,
2020-01-10 15:30:00-05:00,MyStrategy,3446e8e588884f5aaef06582f9b0f01e,SPY,buy,market,fill,1,gtc,0.0,1,stock,327.2900085449219,1.0,0.0
2020-01-13 09:30:00-05:00,MyStrategy,16053a9b207b40c2aa4230b077d39df7,SPY,buy,market,new,1,gtc,0.0,1,stock,,,
2020-01-13 09:30:00-05:00,MyStrategy,16053a9b207b40c2aa4230b077d39df7,SPY,buy,market,fill,1,gtc,0.0,1,stock,326.3900146484375,1.0,0.0
2020-01-13 12:30:00-05:00,MyStrategy,83c5704e3d564af3ae7d28a9d7aa0e9b,SPY,buy,market,new,1,gtc,0.0,1,stock,,,
2020-01-13 12:30:00-05:00,MyStrategy,83c5704e3d564af3ae7d28a9d7aa0e9b,SPY,buy,market,fill,1,gtc,0.0,1,stock,326.3900146484375,1.0,0.0
2020-01-13 15:30:00-05:00,MyStrategy,489b67720049460eb029f21aed6cc401,SPY,buy,market,new,1,gtc,0.0,1,stock,,,
2020-01-13 15:30:00-05:00,MyStrategy,489b67720049460eb029f21aed6cc401,SPY,buy,market,fill,1,gtc,0.0,1,stock,326.3900146484375,1.0,0.0
2020-01-14 09:30:00-05:00,MyStrategy,8749b0b7f2ef4401b97ead2dd09cd1c4,SPY,buy,market,new,1,gtc,0.0,1,stock,,,
2020-01-14 09:30:00-05:00,MyStrategy,8749b0b7f2ef4401b97ead2dd09cd1c4,SPY,buy,market,fill,1,gtc,0.0,1,stock,327.4700012207031,1.0,0.0
2020-01-14 12:30:00-05:00,MyStrategy,9239996f255f46c89fc3e3732aa594b6,SPY,buy,market,new,1,gtc,0.0,1,stock,,,
2020-01-14 12:30:00-05:00,MyStrategy,9239996f255f46c89fc3e3732aa594b6,SPY,buy,market,fill,1,gtc,0.0,1,stock,327.4700012207031,1.0,0.0
2020-01-14 15:30:00-05:00,MyStrategy,b68225f9795b4c179454388554a5b249,SPY,buy,market,new,1,gtc,0.0,1,stock,,,
2020-01-14 15:30:00-05:00,MyStrategy,b68225f9795b4c179454388554a5b249,SPY,buy,market,fill,1,gtc,0.0,1,stock,327.4700012207031,1.0,0.0
2020-01-15 09:30:00-05:00,MyStrategy,76f14629714344e6b1fd22fbd9d4ec0a,SPY,buy,market,new,1,gtc,0.0,1,stock,,,
2020-01-15 09:30:00-05:00,MyStrategy,76f14629714344e6b1fd22fbd9d4ec0a,SPY,buy,market,fill,1,gtc,0.0,1,stock,327.3500061035156,1.0,0.0
2020-01-15 12:30:00-05:00,MyStrategy,360ee6b353004490b87f44bfac6451d5,SPY,buy,market,new,1,gtc,0.0,1,stock,,,
2020-01-15 12:30:00-05:00,MyStrategy,360ee6b353004490b87f44bfac6451d5,SPY,buy,market,fill,1,gtc,0.0,1,stock,327.3500061035156,1.0,0.0
2020-01-15 15:30:00-05:00,MyStrategy,58967d42c9644665b598a03545f3168e,SPY,buy,market,new,1,gtc,0.0,1,stock,,,
2020-01-15 15:30:00-05:00,MyStrategy,58967d42c9644665b598a03545f3168e,SPY,buy,market,fill,1,gtc,0.0,1,stock,327.3500061035156,1.0,0.0
2020-01-16 09:30:00-05:00,MyStrategy,cbdfdbcfdf184c51b426c749dfae92c1,SPY,buy,market,new,1,gtc,0.0,1,stock,,,
2020-01-16 09:30:00-05:00,MyStrategy,cbdfdbcfdf184c51b426c749dfae92c1,SPY,buy,market,fill,1,gtc,0.0,1,stock,329.70001220703125,1.0,0.0
2020-01-16 12:30:00-05:00,MyStrategy,bca4cfa8f9f441dda4b6b2d349b6ea25,SPY,buy,market,new,1,gtc,0.0,1,stock,,,
2020-01-16 12:30:00-05:00,MyStrategy,bca4cfa8f9f441dda4b6b2d349b6ea25,SPY,buy,market,fill,1,gtc,0.0,1,stock,329.70001220703125,1.0,0.0
2020-01-16 15:30:00-05:00,MyStrategy,b0ddbb1dd5b74b858c571e8a83e59826,SPY,buy,market,new,1,gtc,0.0,1,stock,,,
2020-01-16 15:30:00-05:00,MyStrategy,b0ddbb1dd5b74b858c571e8a83e59826,SPY,buy,market,fill,1,gtc,0.0,1,stock,329.70001220703125,1.0,0.0
2020-01-17 09:30:00-05:00,MyStrategy,6e284c1916234fcca0416f2d9675c749,SPY,buy,market,new,1,gtc,0.0,1,stock,,,
2020-01-17 09:30:00-05:00,MyStrategy,6e284c1916234fcca0416f2d9675c749,SPY,buy,market,fill,1,gtc,0.0,1,stock,331.70001220703125,1.0,0.0
2020-01-17 12:30:00-05:00,MyStrategy,c30cb2dfd3fd4859828885ec95c3fe4a,SPY,buy,market,new,1,gtc,0.0,1,stock,,,
2020-01-17 12:30:00-05:00,MyStrategy,c30cb2dfd3fd4859828885ec95c3fe4a,SPY,buy,market,fill,1,gtc,0.0,1,stock,331.70001220703125,1.0,0.0
2020-01-17 15:30:00-05:00,MyStrategy,62ad6119be304394ac47ddcd7fea2ef8,SPY,buy,market,new,1,gtc,0.0,1,stock,,,
2020-01-17 15:30:00-05:00,MyStrategy,62ad6119be304394ac47ddcd7fea2ef8,SPY,buy,market,fill,1,gtc,0.0,1,stock,331.70001220703125,1.0,0.0
2020-01-21 09:30:00-05:00,MyStrategy,0b8a77a74cf14d6f9c6581d353dd244e,SPY,buy,market,new,1,gtc,0.0,1,stock,,,
2020-01-21 09:30:00-05:00,MyStrategy,0b8a77a74cf14d6f9c6581d353dd244e,SPY,buy,market,fill,1,gtc,0.0,1,stock,330.8999938964844,1.0,0.0
2020-01-21 12:30:00-05:00,MyStrategy,b8622bf04e3d436fa02f80ac6fc61773,SPY,buy,market,new,1,gtc,0.0,1,stock,,,
2020-01-21 12:30:00-05:00,MyStrategy,b8622bf04e3d436fa02f80ac6fc61773,SPY,buy,market,fill,1,gtc,0.0,1,stock,330.8999938964844,1.0,0.0
2020-01-21 15:30:00-05:00,MyStrategy,cf2342fe1c7641b5a5ec8794186dcc5a,SPY,buy,market,new,1,gtc,0.0,1,stock,,,
2020-01-21 15:30:00-05:00,MyStrategy,cf2342fe1c7641b5a5ec8794186dcc5a,SPY,buy,market,fill,1,gtc,0.0,1,stock,330.8999938964844,1.0,0.0
2020-01-22 09:30:00-05:00,MyStrategy,9fd12cf5e8f6446987bfd7db186a5884,SPY,buy,market,new,1,gtc,0.0,1,stock,,,
2020-01-22 09:30:00-05:00,MyStrategy,9fd12cf5e8f6446987bfd7db186a5884,SPY,buy,market,fill,1,gtc,0.0,1,stock,332.239990234375,1.0,0.0
2020-01-22 12:30:00-05:00,MyStrategy,3092441e8dee4f76bea12f0c99313cac,SPY,buy,market,new,1,gtc,0.0,1,stock,,,
2020-01-22 12:30:00-05:00,MyStrategy,3092441e8dee4f76bea12f0c99313cac,SPY,buy,market,fill,1,gtc,0.0,1,stock,332.239990234375,1.0,0.0
2020-01-22 15:30:00-05:00,MyStrategy,6af5608b64d14e8180216f39829cbb0a,SPY,buy,market,new,1,gtc,0.0,1,stock,,,
2020-01-22 15:30:00-05:00,MyStrategy,6af5608b64d14e8180216f39829cbb0a,SPY,buy,market,fill,1,gtc,0.0,1,stock,332.239990234375,1.0,0.0
2020-01-23 09:30:00-05:00,MyStrategy,87ea48dc82a24cb1a8903d4a1b02f0b9,SPY,buy,market,new,1,gtc,0.0,1,stock,,,
2020-01-23 09:30:00-05:00,MyStrategy,87ea48dc82a24cb1a8903d4a1b02f0b9,SPY,buy,market,fill,1,gtc,0.0,1,stock,330.6300048828125,1.0,0.0
2020-01-23 12:30:00-05:00,MyStrategy,a256d52ec75b4f1b92f495a9cb48c8ed,SPY,buy,market,new,1,gtc,0.0,1,stock,,,
2020-01-23 12:30:00-05:00,MyStrategy,a256d52ec75b4f1b92f495a9cb48c8ed,SPY,buy,market,fill,1,gtc,0.0,1,stock,330.6300048828125,1.0,0.0
2020-01-23 15:30:00-05:00,MyStrategy,6796033c66384809b1c5aa376bb931d9,SPY,buy,market,new,1,gtc,0.0,1,stock,,,
2020-01-23 15:30:00-05:00,MyStrategy,6796033c66384809b1c5aa376bb931d9,SPY,buy,market,fill,1,gtc,0.0,1,stock,330.6300048828125,1.0,0.0
2020-01-24 09:30:00-05:00,MyStrategy,563f744b01fd4426a6eb87db6ac104db,SPY,buy,market,new,1,gtc,0.0,1,stock,,,
2020-01-24 09:30:00-05:00,MyStrategy,563f744b01fd4426a6eb87db6ac104db,SPY,buy,market,fill,1,gtc,0.0,1,stock,332.44000244140625,1.0,0.0
2020-01-24 12:30:00-05:00,MyStrategy,343a061f07544e7da83355797f61cc6c,SPY,buy,market,new,1,gtc,0.0,1,stock,,,
2020-01-24 12:30:00-05:00,MyStrategy,343a061f07544e7da83355797f61cc6c,SPY,buy,market,fill,1,gtc,0.0,1,stock,332.44000244140625,1.0,0.0
2020-01-24 15:30:00-05:00,MyStrategy,cb5029db3f9c4ff2b05bd872feabc265,SPY,buy,market,new,1,gtc,0.0,1,stock,,,
2020-01-24 15:30:00-05:00,MyStrategy,cb5029db3f9c4ff2b05bd872feabc265,SPY,buy,market,fill,1,gtc,0.0,1,stock,332.44000244140625,1.0,0.0
2020-01-27 09:30:00-05:00,MyStrategy,f4c8b361575c43dca0b45b6f1fd63158,SPY,buy,market,new,1,gtc,0.0,1,stock,,,
2020-01-27 09:30:00-05:00,MyStrategy,f4c8b361575c43dca0b45b6f1fd63158,SPY,buy,market,fill,1,gtc,0.0,1,stock,323.0299987792969,1.0,0.0
2020-01-27 12:30:00-05:00,MyStrategy,8302b6c4d4b74905bc6edada57b3d7d2,SPY,buy,market,new,1,gtc,0.0,1,stock,,,
2020-01-27 12:30:00-05:00,MyStrategy,8302b6c4d4b74905bc6edada57b3d7d2,SPY,buy,market,fill,1,gtc,0.0,1,stock,323.0299987792969,1.0,0.0
2020-01-27 15:30:00-05:00,MyStrategy,5ede4d1bae844c2c89dc92da3ef63098,SPY,buy,market,new,1,gtc,0.0,1,stock,,,
2020-01-27 15:30:00-05:00,MyStrategy,5ede4d1bae844c2c89dc92da3ef63098,SPY,buy,market,fill,1,gtc,0.0,1,stock,323.0299987792969,1.0,0.0
2020-01-28 09:30:00-05:00,MyStrategy,981acdbf810d43059eea96c4b96cead6,SPY,buy,market,new,1,gtc,0.0,1,stock,,,
2020-01-28 09:30:00-05:00,MyStrategy,981acdbf810d43059eea96c4b96cead6,SPY,buy,market,fill,1,gtc,0.0,1,stock,325.05999755859375,1.0,0.0
2020-01-28 12:30:00-05:00,MyStrategy,7305c77ebd534c1893558e2258982775,SPY,buy,market,new,1,gtc,0.0,1,stock,,,
2020-01-28 12:30:00-05:00,MyStrategy,7305c77ebd534c1893558e2258982775,SPY,buy,market,fill,1,gtc,0.0,1,stock,325.05999755859375,1.0,0.0
2020-01-28 15:30:00-05:00,MyStrategy,cb1fdda154f144da93264f687f75db22,SPY,buy,market,new,1,gtc,0.0,1,stock,,,
2020-01-28 15:30:00-05:00,MyStrategy,cb1fdda154f144da93264f687f75db22,SPY,buy,market,fill,1,gtc,0.0,1,stock,325.05999755859375,1.0,0.0
2020-01-29 09:30:00-05:00,MyStrategy,7f46fe618b2a4f1f8ccefeb9ec3d782d,SPY,buy,market,new,1,gtc,0.0,1,stock,,,
2020-01-29 09:30:00-05:00,MyStrategy,7f46fe618b2a4f1f8ccefeb9ec3d782d,SPY,buy,market,fill,1,gtc,0.0,1,stock,328.3800048828125,1.0,0.0
2020-01-29 12:30:00-05:00,MyStrategy,6d4c622863a44de0825c9fc607f68bcf,SPY,buy,market,new,1,gtc,0.0,1,stock,,,
2020-01-29 12:30:00-05:00,MyStrategy,6d4c622863a44de0825c9fc607f68bcf,SPY,buy,market,fill,1,gtc,0.0,1,stock,328.3800048828125,1.0,0.0
2020-01-29 15:30:00-05:00,MyStrategy,2e3417c55fd14e6ba8d7bfe5498e0630,SPY,buy,market,new,1,gtc,0.0,1,stock,,,
2020-01-29 15:30:00-05:00,MyStrategy,2e3417c55fd14e6ba8d7bfe5498e0630,SPY,buy,market,fill,1,gtc,0.0,1,stock,328.3800048828125,1.0,0.0
2020-01-30 09:30:00-05:00,MyStrategy,63a327241b9b4e7fae95f527d3efb05b,SPY,buy,market,new,1,gtc,0.0,1,stock,,,
2020-01-30 09:30:00-05:00,MyStrategy,63a327241b9b4e7fae95f527d3efb05b,SPY,buy,market,fill,1,gtc,0.0,1,stock,324.3599853515625,1.0,0.0
2020-01-30 12:30:00-05:00,MyStrategy,f0a4ec95c4c247a4b1ff28e1ca722449,SPY,buy,market,new,1,gtc,0.0,1,stock,,,
2020-01-30 12:30:00-05:00,MyStrategy,f0a4ec95c4c247a4b1ff28e1ca722449,SPY,buy,market,fill,1,gtc,0.0,1,stock,324.3599853515625,1.0,0.0
2020-01-30 15:30:00-05:00,MyStrategy,4c38df1a908348d59d9bc3d32527a5bc,SPY,buy,market,new,1,gtc,0.0,1,stock,,,
2020-01-30 15:30:00-05:00,MyStrategy,4c38df1a908348d59d9bc3d32527a5bc,SPY,buy,market,fill,1,gtc,0.0,1,stock,324.3599853515625,1.0,0.0
2020-01-31 09:30:00-05:00,MyStrategy,69d1f757d79a4367964722634ff2bfa8,SPY,buy,market,new,1,gtc,0.0,1,stock,,,
2020-01-31 09:30:00-05:00,MyStrategy,69d1f757d79a4367964722634ff2bfa8,SPY,buy,market,fill,1,gtc,0.0,1,stock,327.0,1.0,0.0
2020-01-31 12:30:00-05:00,MyStrategy,c42ede069d894b8abac50c8db9761d83,SPY,buy,market,new,1,gtc,0.0,1,stock,,,
2020-01-31 12:30:00-05:00,MyStrategy,c42ede069d894b8abac50c8db9761d83,SPY,buy,market,fill,1,gtc,0.0,1,stock,327.0,1.0,0.0
2020-01-31 15:30:00-05:00,MyStrategy,394f96be6e3c47098d7b9dc390534c19,SPY,buy,market,new,1,gtc,0.0,1,stock,,,
2020-01-31 15:30:00-05:00,MyStrategy,394f96be6e3c47098d7b9dc390534c19,SPY,buy,market,fill,1,gtc,0.0,1,stock,327.0,1.0,0.0
2020-02-03 09:30:00-05:00,MyStrategy,19072f03037b4855a732f0a6454f7c1c,SPY,buy,market,new,1,gtc,0.0,1,stock,,,
2020-02-03 09:30:00-05:00,MyStrategy,19072f03037b4855a732f0a6454f7c1c,SPY,buy,market,fill,1,gtc,0.0,1,stock,323.3500061035156,1.0,0.0
2020-02-03 12:30:00-05:00,MyStrategy,b785a8b84a88487f99a64d631dd96a86,SPY,buy,market,new,1,gtc,0.0,1,stock,,,
2020-02-03 12:30:00-05:00,MyStrategy,b785a8b84a88487f99a64d631dd96a86,SPY,buy,market,fill,1,gtc,0.0,1,stock,323.3500061035156,1.0,0.0
2020-02-03 15:30:00-05:00,MyStrategy,d186dbc002414210a11143c43b8d7556,SPY,buy,market,new,1,gtc,0.0,1,stock,,,
2020-02-03 15:30:00-05:00,MyStrategy,d186dbc002414210a11143c43b8d7556,SPY,buy,market,fill,1,gtc,0.0,1,stock,323.3500061035156,1.0,0.0
2020-02-04 09:30:00-05:00,MyStrategy,de78e4be0a274f5c89e0111093047f7f,SPY,buy,market,new,1,gtc,0.0,1,stock,,,
2020-02-04 09:30:00-05:00,MyStrategy,de78e4be0a274f5c89e0111093047f7f,SPY,buy,market,fill,1,gtc,0.0,1,stock,328.07000732421875,1.0,0.0
2020-02-04 12:30:00-05:00,MyStrategy,ce20bbb858c344669d11f7146e6d4acd,SPY,buy,market,new,1,gtc,0.0,1,stock,,,
2020-02-04 12:30:00-05:00,MyStrategy,ce20bbb858c344669d11f7146e6d4acd,SPY,buy,market,fill,1,gtc,0.0,1,stock,328.07000732421875,1.0,0.0
2020-02-04 15:30:00-05:00,MyStrategy,9cb69d62d5da4d0790bf109e37286f4a,SPY,buy,market,new,1,gtc,0.0,1,stock,,,
2020-02-04 15:30:00-05:00,MyStrategy,9cb69d62d5da4d0790bf109e37286f4a,SPY,buy,market,fill,1,gtc,0.0,1,stock,328.07000732421875,1.0,0.0
2020-02-05 09:30:00-05:00,MyStrategy,953cca324aec4d53b40ff0aa4da33f8e,SPY,buy,market,new,1,gtc,0.0,1,stock,,,
2020-02-05 09:30:00-05:00,MyStrategy,953cca324aec4d53b40ff0aa4da33f8e,SPY,buy,market,fill,1,gtc,0.0,1,stock,332.2699890136719,1.0,0.0
2020-02-05 12:30:00-05:00,MyStrategy,53162d32b0d54d298744d2f3a33ad0f6,SPY,buy,market,new,1,gtc,0.0,1,stock,,,
2020-02-05 12:30:00-05:00,MyStrategy,53162d32b0d54d298744d2f3a33ad0f6,SPY,buy,market,fill,1,gtc,0.0,1,stock,332.2699890136719,1.0,0.0
2020-02-05 15:30:00-05:00,MyStrategy,cbfaeea44a8640d0930c923e3bc7e522,SPY,buy,market,new,1,gtc,0.0,1,stock,,,
2020-02-05 15:30:00-05:00,MyStrategy,cbfaeea44a8640d0930c923e3bc7e522,SPY,buy,market,fill,1,gtc,0.0,1,stock,332.2699890136719,1.0,0.0
2020-02-06 09:30:00-05:00,MyStrategy,3efd7d734b13482da204d0c64af6a413,SPY,buy,market,new,1,gtc,0.0,1,stock,,,
2020-02-06 09:30:00-05:00,MyStrategy,3efd7d734b13482da204d0c64af6a413,SPY,buy,market,fill,1,gtc,0.0,1,stock,333.9100036621094,1.0,0.0
2020-02-06 12:30:00-05:00,MyStrategy,5011dd6df4a94a188b6a356a2307e9ef,SPY,buy,market,new,1,gtc,0.0,1,stock,,,
2020-02-06 12:30:00-05:00,MyStrategy,5011dd6df4a94a188b6a356a2307e9ef,SPY,buy,market,fill,1,gtc,0.0,1,stock,333.9100036621094,1.0,0.0
2020-02-06 15:30:00-05:00,MyStrategy,2a4a718ff362467f9bf7e97ad3d843a3,SPY,buy,market,new,1,gtc,0.0,1,stock,,,
2020-02-06 15:30:00-05:00,MyStrategy,2a4a718ff362467f9bf7e97ad3d843a3,SPY,buy,market,fill,1,gtc,0.0,1,stock,333.9100036621094,1.0,0.0
2020-02-07 09:30:00-05:00,MyStrategy,98b1df9d44504303b81e7c8751719f31,SPY,buy,market,new,1,gtc,0.0,1,stock,,,
2020-02-07 09:30:00-05:00,MyStrategy,98b1df9d44504303b81e7c8751719f31,SPY,buy,market,fill,1,gtc,0.0,1,stock,332.82000732421875,1.0,0.0
2020-02-07 12:30:00-05:00,MyStrategy,6a2464408dea487c96460b9ae988dd9e,SPY,buy,market,new,1,gtc,0.0,1,stock,,,
2020-02-07 12:30:00-05:00,MyStrategy,6a2464408dea487c96460b9ae988dd9e,SPY,buy,market,fill,1,gtc,0.0,1,stock,332.82000732421875,1.0,0.0
2020-02-07 15:30:00-05:00,MyStrategy,16002bccc45d46aca3b2794d924729fb,SPY,buy,market,new,1,gtc,0.0,1,stock,,,
2020-02-07 15:30:00-05:00,MyStrategy,16002bccc45d46aca3b2794d924729fb,SPY,buy,market,fill,1,gtc,0.0,1,stock,332.82000732421875,1.0,0.0
2020-02-10 09:30:00-05:00,MyStrategy,315cc69ac94d43edb303ce0ef2c62768,SPY,buy,market,new,1,gtc,0.0,1,stock,,,
2020-02-10 09:30:00-05:00,MyStrategy,315cc69ac94d43edb303ce0ef2c62768,SPY,buy,market,fill,1,gtc,0.0,1,stock,331.2300109863281,1.0,0.0
2020-02-10 12:30:00-05:00,MyStrategy,9561e6eb1c8541edb56f113440c38d9e,SPY,buy,market,new,1,gtc,0.0,1,stock,,,
2020-02-10 12:30:00-05:00,MyStrategy,9561e6eb1c8541edb56f113440c38d9e,SPY,buy,market,fill,1,gtc,0.0,1,stock,331.2300109863281,1.0,0.0
2020-02-10 15:30:00-05:00,MyStrategy,e81d4884869d4ce38f56f55c52ae483b,SPY,buy,market,new,1,gtc,0.0,1,stock,,,
2020-02-10 15:30:00-05:00,MyStrategy,e81d4884869d4ce38f56f55c52ae483b,SPY,buy,market,fill,1,gtc,0.0,1,stock,331.2300109863281,1.0,0.0
2020-02-11 09:30:00-05:00,MyStrategy,c2b66608322e48ccba69b8c70a41be34,SPY,buy,market,new,1,gtc,0.0,1,stock,,,
2020-02-11 09:30:00-05:00,MyStrategy,c2b66608322e48ccba69b8c70a41be34,SPY,buy,market,fill,1,gtc,0.0,1,stock,336.1600036621094,1.0,0.0
2020-02-11 12:30:00-05:00,MyStrategy,f031b84efa5c412fb21ad1335e466944,SPY,buy,market,new,1,gtc,0.0,1,stock,,,
2020-02-11 12:30:00-05:00,MyStrategy,f031b84efa5c412fb21ad1335e466944,SPY,buy,market,fill,1,gtc,0.0,1,stock,336.1600036621094,1.0,0.0
2020-02-11 15:30:00-05:00,MyStrategy,fa389147300c4c3e96f0193643b69a32,SPY,buy,market,new,1,gtc,0.0,1,stock,,,
2020-02-11 15:30:00-05:00,MyStrategy,fa389147300c4c3e96f0193643b69a32,SPY,buy,market,fill,1,gtc,0.0,1,stock,336.1600036621094,1.0,0.0
2020-02-12 09:30:00-05:00,MyStrategy,4776dbae735048639900e829bbf44439,SPY,buy,market,new,1,gtc,0.0,1,stock,,,
2020-02-12 09:30:00-05:00,MyStrategy,4776dbae735048639900e829bbf44439,SPY,buy,market,fill,1,gtc,0.0,1,stock,336.8299865722656,1.0,0.0
2020-02-12 12:30:00-05:00,MyStrategy,e040753714a148a5a4a376dbff5c4889,SPY,buy,market,new,1,gtc,0.0,1,stock,,,
2020-02-12 12:30:00-05:00,MyStrategy,e040753714a148a5a4a376dbff5c4889,SPY,buy,market,fill,1,gtc,0.0,1,stock,336.8299865722656,1.0,0.0
2020-02-12 15:30:00-05:00,MyStrategy,9bc3a2a6252f48398ff5c3fa86b4dd38,SPY,buy,market,new,1,gtc,0.0,1,stock,,,
2020-02-12 15:30:00-05:00,MyStrategy,9bc3a2a6252f48398ff5c3fa86b4dd38,SPY,buy,market,fill,1,gtc,0.0,1,stock,336.8299865722656,1.0,0.0
2020-02-13 09:30:00-05:00,MyStrategy,128c6f6797aa46c58d14357925a5b27a,SPY,buy,market,new,1,gtc,0.0,1,stock,,,
2020-02-13 09:30:00-05:00,MyStrategy,128c6f6797aa46c58d14357925a5b27a,SPY,buy,market,fill,1,gtc,0.0,1,stock,335.8599853515625,1.0,0.0
2020-02-13 12:30:00-05:00,MyStrategy,441444dfeac141ca8bdf6886a19391fe,SPY,buy,market,new,1,gtc,0.0,1,stock,,,
2020-02-13 12:30:00-05:00,MyStrategy,441444dfeac141ca8bdf6886a19391fe,SPY,buy,market,fill,1,gtc,0.0,1,stock,335.8599853515625,1.0,0.0
2020-02-13 15:30:00-05:00,MyStrategy,5af06a4765194bec87769aae1b9a2eb2,SPY,buy,market,new,1,gtc,0.0,1,stock,,,
2020-02-13 15:30:00-05:00,MyStrategy,5af06a4765194bec87769aae1b9a2eb2,SPY,buy,market,fill,1,gtc,0.0,1,stock,335.8599853515625,1.0,0.0
2020-02-14 09:30:00-05:00,MyStrategy,aab8a89d1ec54a96a4cf69a186b2a98f,SPY,buy,market,new,1,gtc,0.0,1,stock,,,
2020-02-14 09:30:00-05:00,MyStrategy,aab8a89d1ec54a96a4cf69a186b2a98f,SPY,buy,market,fill,1,gtc,0.0,1,stock,337.510009765625,1.0,0.0
2020-02-14 12:30:00-05:00,MyStrategy,f54201916fff44689dfc08d23a600137,SPY,buy,market,new,1,gtc,0.0,1,stock,,,
2020-02-14 12:30:00-05:00,MyStrategy,f54201916fff44689dfc08d23a600137,SPY,buy,market,fill,1,gtc,0.0,1,stock,337.510009765625,1.0,0.0
2020-02-14 15:30:00-05:00,MyStrategy,1706c5af8cbd4a7fab46009148890b15,SPY,buy,market,new,1,gtc,0.0,1,stock,,,
2020-02-14 15:30:00-05:00,MyStrategy,1706c5af8cbd4a7fab46009148890b15,SPY,buy,market,fill,1,gtc,0.0,1,stock,337.510009765625,1.0,0.0
2020-02-18 09:30:00-05:00,MyStrategy,cecc01e873b9461aa0ffc97f67df83e7,SPY,buy,market,new,1,gtc,0.0,1,stock,,,
2020-02-18 09:30:00-05:00,MyStrategy,cecc01e873b9461aa0ffc97f67df83e7,SPY,buy,market,fill,1,gtc,0.0,1,stock,336.510009765625,1.0,0.0
2020-02-18 12:30:00-05:00,MyStrategy,41e7ac39af5a4a55970cbe97be4798f0,SPY,buy,market,new,1,gtc,0.0,1,stock,,,
2020-02-18 12:30:00-05:00,MyStrategy,41e7ac39af5a4a55970cbe97be4798f0,SPY,buy,market,fill,1,gtc,0.0,1,stock,336.510009765625,1.0,0.0
2020-02-18 15:30:00-05:00,MyStrategy,2061cf0213ce4a64b64c3106e0cda199,SPY,buy,market,new,1,gtc,0.0,1,stock,,,
2020-02-18 15:30:00-05:00,MyStrategy,2061cf0213ce4a64b64c3106e0cda199,SPY,buy,market,fill,1,gtc,0.0,1,stock,336.510009765625,1.0,0.0
2020-02-19 09:30:00-05:00,MyStrategy,4157cc4b85384ec78749fcb78db64bd4,SPY,buy,market,new,1,gtc,0.0,1,stock,,,
2020-02-19 09:30:00-05:00,MyStrategy,4157cc4b85384ec78749fcb78db64bd4,SPY,buy,market,fill,1,gtc,0.0,1,stock,337.7900085449219,1.0,0.0
2020-02-19 12:30:00-05:00,MyStrategy,3b9356fa9f36447996c219de51cd7815,SPY,buy,market,new,1,gtc,0.0,1,stock,,,
2020-02-19 12:30:00-05:00,MyStrategy,3b9356fa9f36447996c219de51cd7815,SPY,buy,market,fill,1,gtc,0.0,1,stock,337.7900085449219,1.0,0.0
2020-02-19 15:30:00-05:00,MyStrategy,213127f067f743cd9e1dc707e18822da,SPY,buy,market,new,1,gtc,0.0,1,stock,,,
2020-02-19 15:30:00-05:00,MyStrategy,213127f067f743cd9e1dc707e18822da,SPY,buy,market,fill,1,gtc,0.0,1,stock,337.7900085449219,1.0,0.0
2020-02-20 09:30:00-05:00,MyStrategy,556faa8b873e4521a5648dd9e7c5a1ca,SPY,buy,market,new,1,gtc,0.0,1,stock,,,
2020-02-20 09:30:00-05:00,MyStrategy,556faa8b873e4521a5648dd9e7c5a1ca,SPY,buy,market,fill,1,gtc,0.0,1,stock,337.739990234375,1.0,0.0
2020-02-20 12:30:00-05:00,MyStrategy,c2672f7532e4416da4df7b4c033526ee,SPY,buy,market,new,1,gtc,0.0,1,stock,,,
2020-02-20 12:30:00-05:00,MyStrategy,c2672f7532e4416da4df7b4c033526ee,SPY,buy,market,fill,1,gtc,0.0,1,stock,337.739990234375,1.0,0.0
2020-02-20 15:30:00-05:00,MyStrategy,cae5f35873064a42b394f832b8b10212,SPY,buy,market,new,1,gtc,0.0,1,stock,,,
2020-02-20 15:30:00-05:00,MyStrategy,cae5f35873064a42b394f832b8b10212,SPY,buy,market,fill,1,gtc,0.0,1,stock,337.739990234375,1.0,0.0
2020-02-21 09:30:00-05:00,MyStrategy,cbed2679be7d4caa90f7dba22afdd8f9,SPY,buy,market,new,1,gtc,0.0,1,stock,,,
2020-02-21 09:30:00-05:00,MyStrategy,cbed2679be7d4caa90f7dba22afdd8f9,SPY,buy,market,fill,1,gtc,0.0,1,stock,335.4700012207031,1.0,0.0
2020-02-21 12:30:00-05:00,MyStrategy,e39bb87c060944b197d2c8c4850bd8a3,SPY,buy,market,new,1,gtc,0.0,1,stock,,,
2020-02-21 12:30:00-05:00,MyStrategy,e39bb87c060944b197d2c8c4850bd8a3,SPY,buy,market,fill,1,gtc,0.0,1,stock,335.4700012207031,1.0,0.0
2020-02-21 15:30:00-05:00,MyStrategy,4755af92b8394532b004bcaba99d5244,SPY,buy,market,new,1,gtc,0.0,1,stock,,,
2020-02-21 15:30:00-05:00,MyStrategy,4755af92b8394532b004bcaba99d5244,SPY,buy,market,fill,1,gtc,0.0,1,stock,335.4700012207031,1.0,0.0
2020-02-24 09:30:00-05:00,MyStrategy,e3cb361e8c1648a4a472cb49b184c637,SPY,buy,market,new,1,gtc,0.0,1,stock,,,
2020-02-24 09:30:00-05:00,MyStrategy,e3cb361e8c1648a4a472cb49b184c637,SPY,buy,market,fill,1,gtc,0.0,1,stock,323.1400146484375,1.0,0.0
2020-02-24 12:30:00-05:00,MyStrategy,9e25d06215254e85880573c331a70bf2,SPY,buy,market,new,1,gtc,0.0,1,stock,,,
2020-02-24 12:30:00-05:00,MyStrategy,9e25d06215254e85880573c331a70bf2,SPY,buy,market,fill,1,gtc,0.0,1,stock,323.1400146484375,1.0,0.0
2020-02-24 15:30:00-05:00,MyStrategy,1eb509aea61b406aac5dc23022c11f1d,SPY,buy,market,new,1,gtc,0.0,1,stock,,,
2020-02-24 15:30:00-05:00,MyStrategy,1eb509aea61b406aac5dc23022c11f1d,SPY,buy,market,fill,1,gtc,0.0,1,stock,323.1400146484375,1.0,0.0
2020-02-25 09:30:00-05:00,MyStrategy,238e03ec1e274f9391a3284caf8ce5cb,SPY,buy,market,new,1,gtc,0.0,1,stock,,,
2020-02-25 09:30:00-05:00,MyStrategy,238e03ec1e274f9391a3284caf8ce5cb,SPY,buy,market,fill,1,gtc,0.0,1,stock,323.94000244140625,1.0,0.0
2020-02-25 12:30:00-05:00,MyStrategy,2094eff712b447f684decf77c320b3b0,SPY,buy,market,new,1,gtc,0.0,1,stock,,,
2020-02-25 12:30:00-05:00,MyStrategy,2094eff712b447f684decf77c320b3b0,SPY,buy,market,fill,1,gtc,0.0,1,stock,323.94000244140625,1.0,0.0
2020-02-25 15:30:00-05:00,MyStrategy,7b5192ecf4f546fab4e1c990fd0d0480,SPY,buy,market,new,1,gtc,0.0,1,stock,,,
2020-02-25 15:30:00-05:00,MyStrategy,7b5192ecf4f546fab4e1c990fd0d0480,SPY,buy,market,fill,1,gtc,0.0,1,stock,323.94000244140625,1.0,0.0
2020-02-26 09:30:00-05:00,MyStrategy,3e0db0e178334fb583c45106f1a7e8d2,SPY,buy,market,new,1,gtc,0.0,1,stock,,,
2020-02-26 09:30:00-05:00,MyStrategy,3e0db0e178334fb583c45106f1a7e8d2,SPY,buy,market,fill,1,gtc,0.0,1,stock,314.17999267578125,1.0,0.0
2020-02-26 12:30:00-05:00,MyStrategy,b0ed85e3a6834a638d5c7e6e55f5a8f4,SPY,buy,market,new,1,gtc,0.0,1,stock,,,
2020-02-26 12:30:00-05:00,MyStrategy,b0ed85e3a6834a638d5c7e6e55f5a8f4,SPY,buy,market,fill,1,gtc,0.0,1,stock,314.17999267578125,1.0,0.0
2020-02-26 15:30:00-05:00,MyStrategy,114f2720e5b84cefa47db6b400d862dd,SPY,buy,market,new,1,gtc,0.0,1,stock,,,
2020-02-26 15:30:00-05:00,MyStrategy,114f2720e5b84cefa47db6b400d862dd,SPY,buy,market,fill,1,gtc,0.0,1,stock,314.17999267578125,1.0,0.0
2020-02-27 09:30:00-05:00,MyStrategy,b8df756539be48938dbbfd3c423f4932,SPY,buy,market,new,1,gtc,0.0,1,stock,,,
2020-02-27 09:30:00-05:00,MyStrategy,b8df756539be48938dbbfd3c423f4932,SPY,buy,market,fill,1,gtc,0.0,1,stock,305.4599914550781,1.0,0.0
2020-02-27 12:30:00-05:00,MyStrategy,03bbc84d24494bfa8cbda49d8d04fecc,SPY,buy,market,new,1,gtc,0.0,1,stock,,,
2020-02-27 12:30:00-05:00,MyStrategy,03bbc84d24494bfa8cbda49d8d04fecc,SPY,buy,market,fill,1,gtc,0.0,1,stock,305.4599914550781,1.0,0.0
2020-02-27 15:30:00-05:00,MyStrategy,788385607c774b349c9e489bb2fdee9f,SPY,buy,market,new,1,gtc,0.0,1,stock,,,
2020-02-27 15:30:00-05:00,MyStrategy,788385607c774b349c9e489bb2fdee9f,SPY,buy,market,fill,1,gtc,0.0,1,stock,305.4599914550781,1.0,0.0
2020-02-28 09:30:00-05:00,MyStrategy,1329883ac8c94a5cb0d0a3cb957287bf,SPY,buy,market,new,1,gtc,0.0,1,stock,,,
2020-02-28 09:30:00-05:00,MyStrategy,1329883ac8c94a5cb0d0a3cb957287bf,SPY,buy,market,fill,1,gtc,0.0,1,stock,288.70001220703125,1.0,0.0
2020-02-28 12:30:00-05:00,MyStrategy,1f6440d502a5481a9a28088a4d67c2fe,SPY,buy,market,new,1,gtc,0.0,1,stock,,,
2020-02-28 12:30:00-05:00,MyStrategy,1f6440d502a5481a9a28088a4d67c2fe,SPY,buy,market,fill,1,gtc,0.0,1,stock,288.70001220703125,1.0,0.0
2020-02-28 15:30:00-05:00,MyStrategy,02ba9a8428394badb98d56a568db86db,SPY,buy,market,new,1,gtc,0.0,1,stock,,,
2020-02-28 15:30:00-05:00,MyStrategy,02ba9a8428394badb98d56a568db86db,SPY,buy,market,fill,1,gtc,0.0,1,stock,288.70001220703125,1.0,0.0
2020-03-02 09:30:00-05:00,MyStrategy,125cece01034407ca0fd6f2967ddea3c,SPY,buy,market,new,1,gtc,0.0,1,stock,,,
2020-03-02 09:30:00-05:00,MyStrategy,125cece01034407ca0fd6f2967ddea3c,SPY,buy,market,fill,1,gtc,0.0,1,stock,298.2099914550781,1.0,0.0
2020-03-02 12:30:00-05:00,MyStrategy,65cc7e173b3f46a08546f74b06dd7d3c,SPY,buy,market,new,1,gtc,0.0,1,stock,,,
2020-03-02 12:30:00-05:00,MyStrategy,65cc7e173b3f46a08546f74b06dd7d3c,SPY,buy,market,fill,1,gtc,0.0,1,stock,298.2099914550781,1.0,0.0
2020-03-02 15:30:00-05:00,MyStrategy,5b144ada8d5e4b5f8bb559f78b9924df,SPY,buy,market,new,1,gtc,0.0,1,stock,,,
2020-03-02 15:30:00-05:00,MyStrategy,5b144ada8d5e4b5f8bb559f78b9924df,SPY,buy,market,fill,1,gtc,0.0,1,stock,298.2099914550781,1.0,0.0
2020-03-03 09:30:00-05:00,MyStrategy,f78049b5db8446a1b2c9ae8e4892e054,SPY,buy,market,new,1,gtc,0.0,1,stock,,,
2020-03-03 09:30:00-05:00,MyStrategy,f78049b5db8446a1b2c9ae8e4892e054,SPY,buy,market,fill,1,gtc,0.0,1,stock,309.5,1.0,0.0
2020-03-03 12:30:00-05:00,MyStrategy,c5f162255c374ce2bad593a02b1cf43f,SPY,buy,market,new,1,gtc,0.0,1,stock,,,
2020-03-03 12:30:00-05:00,MyStrategy,c5f162255c374ce2bad593a02b1cf43f,SPY,buy,market,fill,1,gtc,0.0,1,stock,309.5,1.0,0.0
2020-03-03 15:30:00-05:00,MyStrategy,a58e885a16964372a42bf5239515b990,SPY,buy,market,new,1,gtc,0.0,1,stock,,,
2020-03-03 15:30:00-05:00,MyStrategy,a58e885a16964372a42bf5239515b990,SPY,buy,market,fill,1,gtc,0.0,1,stock,309.5,1.0,0.0
2020-03-04 09:30:00-05:00,MyStrategy,bb7af124347e499e8230cc1732d31aca,SPY,buy,market,new,1,gtc,0.0,1,stock,,,
2020-03-04 09:30:00-05:00,MyStrategy,bb7af124347e499e8230cc1732d31aca,SPY,buy,market,fill,1,gtc,0.0,1,stock,306.1199951171875,1.0,0.0
2020-03-04 12:30:00-05:00,MyStrategy,31ed0c1ce13844a9a33f169e1c794cb4,SPY,buy,market,new,1,gtc,0.0,1,stock,,,
2020-03-04 12:30:00-05:00,MyStrategy,31ed0c1ce13844a9a33f169e1c794cb4,SPY,buy,market,fill,1,gtc,0.0,1,stock,306.1199951171875,1.0,0.0
2020-03-04 15:30:00-05:00,MyStrategy,ec4bacff351e496aae18fef543674f65,SPY,buy,market,new,1,gtc,0.0,1,stock,,,
2020-03-04 15:30:00-05:00,MyStrategy,ec4bacff351e496aae18fef543674f65,SPY,buy,market,fill,1,gtc,0.0,1,stock,306.1199951171875,1.0,0.0
2020-03-05 09:30:00-05:00,MyStrategy,5959359f79b14c0d968673f1b6cdd55f,SPY,buy,market,new,1,gtc,0.0,1,stock,,,
2020-03-05 09:30:00-05:00,MyStrategy,5959359f79b14c0d968673f1b6cdd55f,SPY,buy,market,fill,1,gtc,0.0,1,stock,304.9800109863281,1.0,0.0
2020-03-05 12:30:00-05:00,MyStrategy,c5b469ad583e4ca09083b51693cddf94,SPY,buy,market,new,1,gtc,0.0,1,stock,,,
2020-03-05 12:30:00-05:00,MyStrategy,c5b469ad583e4ca09083b51693cddf94,SPY,buy,market,fill,1,gtc,0.0,1,stock,304.9800109863281,1.0,0.0
2020-03-05 15:30:00-05:00,MyStrategy,82c4d026561a44e0982c4dd1b17d2594,SPY,buy,market,new,1,gtc,0.0,1,stock,,,
2020-03-05 15:30:00-05:00,MyStrategy,82c4d026561a44e0982c4dd1b17d2594,SPY,buy,market,fill,1,gtc,0.0,1,stock,304.9800109863281,1.0,0.0
2020-03-06 09:30:00-05:00,MyStrategy,8a8e2711ebe54cd1bf45495f143650da,SPY,buy,market,new,1,gtc,0.0,1,stock,,,
2020-03-06 09:30:00-05:00,MyStrategy,8a8e2711ebe54cd1bf45495f143650da,SPY,buy,market,fill,1,gtc,0.0,1,stock,293.1499938964844,1.0,0.0
2020-03-06 12:30:00-05:00,MyStrategy,168526107b7247c783c220d2c31b6380,SPY,buy,market,new,1,gtc,0.0,1,stock,,,
2020-03-06 12:30:00-05:00,MyStrategy,168526107b7247c783c220d2c31b6380,SPY,buy,market,fill,1,gtc,0.0,1,stock,293.1499938964844,1.0,0.0
2020-03-06 15:30:00-05:00,MyStrategy,341599b7e136479faa91a05840ef31f5,SPY,buy,market,new,1,gtc,0.0,1,stock,,,
2020-03-06 15:30:00-05:00,MyStrategy,341599b7e136479faa91a05840ef31f5,SPY,buy,market,fill,1,gtc,0.0,1,stock,293.1499938964844,1.0,0.0
2020-03-09 09:30:00-04:00,MyStrategy,bdd1462f4d3b47e98536819c131dc9c9,SPY,buy,market,new,1,gtc,0.0,1,stock,,,
2020-03-09 09:30:00-04:00,MyStrategy,bdd1462f4d3b47e98536819c131dc9c9,SPY,buy,market,fill,1,gtc,0.0,1,stock,275.29998779296875,1.0,0.0
2020-03-09 12:30:00-04:00,MyStrategy,83ec111f10604061a82719abc09fba36,SPY,buy,market,new,1,gtc,0.0,1,stock,,,
2020-03-09 12:30:00-04:00,MyStrategy,83ec111f10604061a82719abc09fba36,SPY,buy,market,fill,1,gtc,0.0,1,stock,275.29998779296875,1.0,0.0
2020-03-09 15:30:00-04:00,MyStrategy,51a2536fb58a407088896084fa0d0a5d,SPY,buy,market,new,1,gtc,0.0,1,stock,,,
2020-03-09 15:30:00-04:00,MyStrategy,51a2536fb58a407088896084fa0d0a5d,SPY,buy,market,fill,1,gtc,0.0,1,stock,275.29998779296875,1.0,0.0
2020-03-10 09:30:00-04:00,MyStrategy,8d17d4030e204ae8b43cbf728ec8b346,SPY,buy,market,new,1,gtc,0.0,1,stock,,,
2020-03-10 09:30:00-04:00,MyStrategy,8d17d4030e204ae8b43cbf728ec8b346,SPY,buy,market,fill,1,gtc,0.0,1,stock,284.6400146484375,1.0,0.0
2020-03-10 12:30:00-04:00,MyStrategy,6319277b3db54b1b899520b6f5647bbd,SPY,buy,market,new,1,gtc,0.0,1,stock,,,
2020-03-10 12:30:00-04:00,MyStrategy,6319277b3db54b1b899520b6f5647bbd,SPY,buy,market,fill,1,gtc,0.0,1,stock,284.6400146484375,1.0,0.0
2020-03-10 15:30:00-04:00,MyStrategy,4a9e06698d864b5290f4d985aef713a4,SPY,buy,market,new,1,gtc,0.0,1,stock,,,
2020-03-10 15:30:00-04:00,MyStrategy,4a9e06698d864b5290f4d985aef713a4,SPY,buy,market,fill,1,gtc,0.0,1,stock,284.6400146484375,1.0,0.0
2020-03-11 09:30:00-04:00,MyStrategy,1edb2cf5424f4d6796b24d54b3acaf5e,SPY,buy,market,new,1,gtc,0.0,1,stock,,,
2020-03-11 09:30:00-04:00,MyStrategy,1edb2cf5424f4d6796b24d54b3acaf5e,SPY,buy,market,fill,1,gtc,0.0,1,stock,280.70001220703125,1.0,0.0
2020-03-11 12:30:00-04:00,MyStrategy,1f1f7054494843309eb5d67705a07b9d,SPY,buy,market,new,1,gtc,0.0,1,stock,,,
2020-03-11 12:30:00-04:00,MyStrategy,1f1f7054494843309eb5d67705a07b9d,SPY,buy,market,fill,1,gtc,0.0,1,stock,280.70001220703125,1.0,0.0
2020-03-11 15:30:00-04:00,MyStrategy,0331b733c1164265b8ae91be08fde3d3,SPY,buy,market,new,1,gtc,0.0,1,stock,,,
2020-03-11 15:30:00-04:00,MyStrategy,0331b733c1164265b8ae91be08fde3d3,SPY,buy,market,fill,1,gtc,0.0,1,stock,280.70001220703125,1.0,0.0
2020-03-12 09:30:00-04:00,MyStrategy,38e2dd8d7faa4f648f93448af8302554,SPY,buy,market,new,1,gtc,0.0,1,stock,,,
2020-03-12 09:30:00-04:00,MyStrategy,38e2dd8d7faa4f648f93448af8302554,SPY,buy,market,fill,1,gtc,0.0,1,stock,256.0,1.0,0.0
2020-03-12 12:30:00-04:00,MyStrategy,b1973ccfe9c84bbc8c25c11130a58da9,SPY,buy,market,new,1,gtc,0.0,1,stock,,,
2020-03-12 12:30:00-04:00,MyStrategy,b1973ccfe9c84bbc8c25c11130a58da9,SPY,buy,market,fill,1,gtc,0.0,1,stock,256.0,1.0,0.0
2020-03-12 15:30:00-04:00,MyStrategy,e4b99fbbdfeb4f3f8d59b29b56c4a36b,SPY,buy,market,new,1,gtc,0.0,1,stock,,,
2020-03-12 15:30:00-04:00,MyStrategy,e4b99fbbdfeb4f3f8d59b29b56c4a36b,SPY,buy,market,fill,1,gtc,0.0,1,stock,256.0,1.0,0.0
2020-03-13 09:30:00-04:00,MyStrategy,274f3205e8ae4e2e9211720791e5a17a,SPY,buy,market,new,1,gtc,0.0,1,stock,,,
2020-03-13 09:30:00-04:00,MyStrategy,274f3205e8ae4e2e9211720791e5a17a,SPY,buy,market,fill,1,gtc,0.0,1,stock,263.0899963378906,1.0,0.0
2020-03-13 12:30:00-04:00,MyStrategy,a3262bc142214c6cb7d16f8853c831c3,SPY,buy,market,new,1,gtc,0.0,1,stock,,,
2020-03-13 12:30:00-04:00,MyStrategy,a3262bc142214c6cb7d16f8853c831c3,SPY,buy,market,fill,1,gtc,0.0,1,stock,263.0899963378906,1.0,0.0
2020-03-13 15:30:00-04:00,MyStrategy,8725597a64d14331aa1a1f2600950ea0,SPY,buy,market,new,1,gtc,0.0,1,stock,,,
2020-03-13 15:30:00-04:00,MyStrategy,8725597a64d14331aa1a1f2600950ea0,SPY,buy,market,fill,1,gtc,0.0,1,stock,263.0899963378906,1.0,0.0
2020-03-16 09:30:00-04:00,MyStrategy,9543498eb00f4d59a878295546f41c5e,SPY,buy,market,new,1,gtc,0.0,1,stock,,,
2020-03-16 09:30:00-04:00,MyStrategy,9543498eb00f4d59a878295546f41c5e,SPY,buy,market,fill,1,gtc,0.0,1,stock,241.17999267578125,1.0,0.0
2020-03-16 12:30:00-04:00,MyStrategy,84f0a0090945438abaf00f0ef3af471a,SPY,buy,market,new,1,gtc,0.0,1,stock,,,
2020-03-16 12:30:00-04:00,MyStrategy,84f0a0090945438abaf00f0ef3af471a,SPY,buy,market,fill,1,gtc,0.0,1,stock,241.17999267578125,1.0,0.0
2020-03-16 15:30:00-04:00,MyStrategy,6717c8358a78458bb8d4762843986738,SPY,buy,market,new,1,gtc,0.0,1,stock,,,
2020-03-16 15:30:00-04:00,MyStrategy,6717c8358a78458bb8d4762843986738,SPY,buy,market,fill,1,gtc,0.0,1,stock,241.17999267578125,1.0,0.0
2020-03-17 09:30:00-04:00,MyStrategy,34340fb36d1b400c962664859e339047,SPY,buy,market,new,1,gtc,0.0,1,stock,,,
2020-03-17 09:30:00-04:00,MyStrategy,34340fb36d1b400c962664859e339047,SPY,buy,market,fill,1,gtc,0.0,1,stock,245.0399932861328,1.0,0.0
2020-03-17 12:30:00-04:00,MyStrategy,235b4a331152442795c2b981c48393ef,SPY,buy,market,new,1,gtc,0.0,1,stock,,,
2020-03-17 12:30:00-04:00,MyStrategy,235b4a331152442795c2b981c48393ef,SPY,buy,market,fill,1,gtc,0.0,1,stock,245.0399932861328,1.0,0.0
2020-03-17 15:30:00-04:00,MyStrategy,cdcf23707ba543ff9c4583cbd06dca34,SPY,buy,market,new,1,gtc,0.0,1,stock,,,
2020-03-17 15:30:00-04:00,MyStrategy,cdcf23707ba543ff9c4583cbd06dca34,SPY,buy,market,fill,1,gtc,0.0,1,stock,245.0399932861328,1.0,0.0
2020-03-18 09:30:00-04:00,MyStrategy,e88df8e334a34ee69f6be0055cfd0d5b,SPY,buy,market,new,1,gtc,0.0,1,stock,,,
2020-03-18 09:30:00-04:00,MyStrategy,e88df8e334a34ee69f6be0055cfd0d5b,SPY,buy,market,fill,1,gtc,0.0,1,stock,236.25,1.0,0.0
2020-03-18 12:30:00-04:00,MyStrategy,1f38637223574eecbe9d0b51e4621b5d,SPY,buy,market,new,1,gtc,0.0,1,stock,,,
2020-03-18 12:30:00-04:00,MyStrategy,1f38637223574eecbe9d0b51e4621b5d,SPY,buy,market,fill,1,gtc,0.0,1,stock,236.25,1.0,0.0
2020-03-18 15:30:00-04:00,MyStrategy,63905448e28444e59d00d5d8d60deef9,SPY,buy,market,new,1,gtc,0.0,1,stock,,,
2020-03-18 15:30:00-04:00,MyStrategy,63905448e28444e59d00d5d8d60deef9,SPY,buy,market,fill,1,gtc,0.0,1,stock,236.25,1.0,0.0
2020-03-19 09:30:00-04:00,MyStrategy,7eec02732b0c459193f5dca5075f81d7,SPY,buy,market,new,1,gtc,0.0,1,stock,,,
2020-03-19 09:30:00-04:00,MyStrategy,7eec02732b0c459193f5dca5075f81d7,SPY,buy,market,fill,1,gtc,0.0,1,stock,239.25,1.0,0.0
2020-03-19 12:30:00-04:00,MyStrategy,dbe79b9b1f3a449b92ba3d336cd5f3fc,SPY,buy,market,new,1,gtc,0.0,1,stock,,,
2020-03-19 12:30:00-04:00,MyStrategy,dbe79b9b1f3a449b92ba3d336cd5f3fc,SPY,buy,market,fill,1,gtc,0.0,1,stock,239.25,1.0,0.0
2020-03-19 15:30:00-04:00,MyStrategy,8f22b52292514bb693f46e261a413cf5,SPY,buy,market,new,1,gtc,0.0,1,stock,,,
2020-03-19 15:30:00-04:00,MyStrategy,8f22b52292514bb693f46e261a413cf5,SPY,buy,market,fill,1,gtc,0.0,1,stock,239.25,1.0,0.0
2020-03-20 09:30:00-04:00,MyStrategy,0d7d97713f2545ff8c0ef4ca1286f954,SPY,buy,market,new,1,gtc,0.0,1,stock,,,
2020-03-20 09:30:00-04:00,MyStrategy,0d7d97713f2545ff8c0ef4ca1286f954,SPY,buy,market,fill,1,gtc,0.0,1,stock,242.52999877929688,1.0,0.0
2020-03-20 12:30:00-04:00,MyStrategy,8e6fef2c19e8476eab62dacfc7ecf0df,SPY,buy,market,new,1,gtc,0.0,1,stock,,,
2020-03-20 12:30:00-04:00,MyStrategy,8e6fef2c19e8476eab62dacfc7ecf0df,SPY,buy,market,fill,1,gtc,0.0,1,stock,242.52999877929688,1.0,0.0
2020-03-20 15:30:00-04:00,MyStrategy,34b4e9d3662b4f358806b9aeac4e2402,SPY,buy,market,new,1,gtc,0.0,1,stock,,,
2020-03-20 15:30:00-04:00,MyStrategy,34b4e9d3662b4f358806b9aeac4e2402,SPY,buy,market,fill,1,gtc,0.0,1,stock,242.52999877929688,1.0,0.0
2020-03-23 09:30:00-04:00,MyStrategy,63acc777432f47b49c7d3418f57c4ff4,SPY,buy,market,new,1,gtc,0.0,1,stock,,,
2020-03-23 09:30:00-04:00,MyStrategy,63acc777432f47b49c7d3418f57c4ff4,SPY,buy,market,fill,1,gtc,0.0,1,stock,228.19000244140625,1.0,0.0
2020-03-23 12:30:00-04:00,MyStrategy,a367a53dc81c4d2db06dcebf990e5b87,SPY,buy,market,new,1,gtc,0.0,1,stock,,,
2020-03-23 12:30:00-04:00,MyStrategy,a367a53dc81c4d2db06dcebf990e5b87,SPY,buy,market,fill,1,gtc,0.0,1,stock,228.19000244140625,1.0,0.0
2020-03-23 15:30:00-04:00,MyStrategy,44b4357dc89544199ddd5aa33a3260ca,SPY,buy,market,new,1,gtc,0.0,1,stock,,,
2020-03-23 15:30:00-04:00,MyStrategy,44b4357dc89544199ddd5aa33a3260ca,SPY,buy,market,fill,1,gtc,0.0,1,stock,228.19000244140625,1.0,0.0
2020-03-24 09:30:00-04:00,MyStrategy,68143e89ebf5499b99abf1293692115b,SPY,buy,market,new,1,gtc,0.0,1,stock,,,
2020-03-24 09:30:00-04:00,MyStrategy,68143e89ebf5499b99abf1293692115b,SPY,buy,market,fill,1,gtc,0.0,1,stock,234.4199981689453,1.0,0.0
2020-03-24 12:30:00-04:00,MyStrategy,69c2c0e0819a4e38b751041c4a55fa13,SPY,buy,market,new,1,gtc,0.0,1,stock,,,
2020-03-24 12:30:00-04:00,MyStrategy,69c2c0e0819a4e38b751041c4a55fa13,SPY,buy,market,fill,1,gtc,0.0,1,stock,234.4199981689453,1.0,0.0
2020-03-24 15:30:00-04:00,MyStrategy,f77c784c4a2f4c1fa144039ea55a7e7a,SPY,buy,market,new,1,gtc,0.0,1,stock,,,
2020-03-24 15:30:00-04:00,MyStrategy,f77c784c4a2f4c1fa144039ea55a7e7a,SPY,buy,market,fill,1,gtc,0.0,1,stock,234.4199981689453,1.0,0.0
2020-03-25 09:30:00-04:00,MyStrategy,524803dedd19420aa9db51589a4a5114,SPY,buy,market,new,1,gtc,0.0,1,stock,,,
2020-03-25 09:30:00-04:00,MyStrategy,524803dedd19420aa9db51589a4a5114,SPY,buy,market,fill,1,gtc,0.0,1,stock,244.8699951171875,1.0,0.0
2020-03-25 12:30:00-04:00,MyStrategy,9e32add0de4b4961a79e6f1a6dedea3b,SPY,buy,market,new,1,gtc,0.0,1,stock,,,
2020-03-25 12:30:00-04:00,MyStrategy,9e32add0de4b4961a79e6f1a6dedea3b,SPY,buy,market,fill,1,gtc,0.0,1,stock,244.8699951171875,1.0,0.0
2020-03-25 15:30:00-04:00,MyStrategy,35209584471c4e1abe35a8993d10671a,SPY,buy,market,new,1,gtc,0.0,1,stock,,,
2020-03-25 15:30:00-04:00,MyStrategy,35209584471c4e1abe35a8993d10671a,SPY,buy,market,fill,1,gtc,0.0,1,stock,244.8699951171875,1.0,0.0
2020-03-26 09:30:00-04:00,MyStrategy,2f4dd6819e314eedacedf60337bd3ed9,SPY,buy,market,new,1,gtc,0.0,1,stock,,,
2020-03-26 09:30:00-04:00,MyStrategy,2f4dd6819e314eedacedf60337bd3ed9,SPY,buy,market,fill,1,gtc,0.0,1,stock,249.52000427246094,1.0,0.0
2020-03-26 12:30:00-04:00,MyStrategy,901ead65e14340ee9aba224388d4eff3,SPY,buy,market,new,1,gtc,0.0,1,stock,,,
2020-03-26 12:30:00-04:00,MyStrategy,901ead65e14340ee9aba224388d4eff3,SPY,buy,market,fill,1,gtc,0.0,1,stock,249.52000427246094,1.0,0.0
2020-03-26 15:30:00-04:00,MyStrategy,48052a969bcc4ef8bae7ebf8c097b83f,SPY,buy,market,new,1,gtc,0.0,1,stock,,,
2020-03-26 15:30:00-04:00,MyStrategy,48052a969bcc4ef8bae7ebf8c097b83f,SPY,buy,market,fill,1,gtc,0.0,1,stock,249.52000427246094,1.0,0.0
2020-03-27 09:30:00-04:00,MyStrategy,690e2c54047c4cc5be58204dcea56233,SPY,buy,market,new,1,gtc,0.0,1,stock,,,
2020-03-27 09:30:00-04:00,MyStrategy,690e2c54047c4cc5be58204dcea56233,SPY,buy,market,fill,1,gtc,0.0,1,stock,253.27000427246094,1.0,0.0
2020-03-27 12:30:00-04:00,MyStrategy,96e811ebfafd46af8b14129ed5667b8b,SPY,buy,market,new,1,gtc,0.0,1,stock,,,
2020-03-27 12:30:00-04:00,MyStrategy,96e811ebfafd46af8b14129ed5667b8b,SPY,buy,market,fill,1,gtc,0.0,1,stock,253.27000427246094,1.0,0.0
2020-03-27 15:30:00-04:00,MyStrategy,97115d89adbc43f296476aac49a0c079,SPY,buy,market,new,1,gtc,0.0,1,stock,,,
2020-03-27 15:30:00-04:00,MyStrategy,97115d89adbc43f296476aac49a0c079,SPY,buy,market,fill,1,gtc,0.0,1,stock,253.27000427246094,1.0,0.0
2020-03-30 09:30:00-04:00,MyStrategy,b457460a670c48288dab7edef5de3896,SPY,buy,market,new,1,gtc,0.0,1,stock,,,
2020-03-30 09:30:00-04:00,MyStrategy,b457460a670c48288dab7edef5de3896,SPY,buy,market,fill,1,gtc,0.0,1,stock,255.6999969482422,1.0,0.0
2020-03-30 12:30:00-04:00,MyStrategy,1ee73f82267243eba9a137f64a8cbf16,SPY,buy,market,new,1,gtc,0.0,1,stock,,,
2020-03-30 12:30:00-04:00,MyStrategy,1ee73f82267243eba9a137f64a8cbf16,SPY,buy,market,fill,1,gtc,0.0,1,stock,255.6999969482422,1.0,0.0
2020-03-30 15:30:00-04:00,MyStrategy,aef524d253204a01b31dc170e55be448,SPY,buy,market,new,1,gtc,0.0,1,stock,,,
2020-03-30 15:30:00-04:00,MyStrategy,aef524d253204a01b31dc170e55be448,SPY,buy,market,fill,1,gtc,0.0,1,stock,255.6999969482422,1.0,0.0
2020-03-31 09:30:00-04:00,MyStrategy,ca970f53c3c44b06bc8bb9b60097b95f,SPY,buy,market,new,1,gtc,0.0,1,stock,,,
2020-03-31 09:30:00-04:00,MyStrategy,ca970f53c3c44b06bc8bb9b60097b95f,SPY,buy,market,fill,1,gtc,0.0,1,stock,260.55999755859375,1.0,0.0
2020-03-31 12:30:00-04:00,MyStrategy,86528eaef778487ea35aff65fc1fc754,SPY,buy,market,new,1,gtc,0.0,1,stock,,,
2020-03-31 12:30:00-04:00,MyStrategy,86528eaef778487ea35aff65fc1fc754,SPY,buy,market,fill,1,gtc,0.0,1,stock,260.55999755859375,1.0,0.0
2020-03-31 15:30:00-04:00,MyStrategy,842931cebf4a4f13b420935994e02e1a,SPY,buy,market,new,1,gtc,0.0,1,stock,,,
2020-03-31 15:30:00-04:00,MyStrategy,842931cebf4a4f13b420935994e02e1a,SPY,buy,market,fill,1,gtc,0.0,1,stock,260.55999755859375,1.0,0.0
2020-04-01 09:30:00-04:00,MyStrategy,d11e00da5b034b229c81f8fb1ec0fdd7,SPY,buy,market,new,1,gtc,0.0,1,stock,,,
2020-04-01 09:30:00-04:00,MyStrategy,d11e00da5b034b229c81f8fb1ec0fdd7,SPY,buy,market,fill,1,gtc,0.0,1,stock,247.97999572753906,1.0,0.0
2020-04-01 12:30:00-04:00,MyStrategy,e8c4ba527bac48fc9f93c3203839f801,SPY,buy,market,new,1,gtc,0.0,1,stock,,,
2020-04-01 12:30:00-04:00,MyStrategy,e8c4ba527bac48fc9f93c3203839f801,SPY,buy,market,fill,1,gtc,0.0,1,stock,247.97999572753906,1.0,0.0
2020-04-01 15:30:00-04:00,MyStrategy,3beb54603d3d4e3cb88783d7a6db2ba8,SPY,buy,market,new,1,gtc,0.0,1,stock,,,
2020-04-01 15:30:00-04:00,MyStrategy,3beb54603d3d4e3cb88783d7a6db2ba8,SPY,buy,market,fill,1,gtc,0.0,1,stock,247.97999572753906,1.0,0.0
2020-04-02 09:30:00-04:00,MyStrategy,9b8d2aad9a654ed9824e2c050ed6a694,SPY,buy,market,new,1,gtc,0.0,1,stock,,,
2020-04-02 09:30:00-04:00,MyStrategy,9b8d2aad9a654ed9824e2c050ed6a694,SPY,buy,market,fill,1,gtc,0.0,1,stock,245.19000244140625,1.0,0.0
2020-04-02 12:30:00-04:00,MyStrategy,47db037c10e243c5ad3d6905b35c978b,SPY,buy,market,new,1,gtc,0.0,1,stock,,,
2020-04-02 12:30:00-04:00,MyStrategy,47db037c10e243c5ad3d6905b35c978b,SPY,buy,market,fill,1,gtc,0.0,1,stock,245.19000244140625,1.0,0.0
2020-04-02 15:30:00-04:00,MyStrategy,200ba5dbf30b48088dbb2b8217bde345,SPY,buy,market,new,1,gtc,0.0,1,stock,,,
2020-04-02 15:30:00-04:00,MyStrategy,200ba5dbf30b48088dbb2b8217bde345,SPY,buy,market,fill,1,gtc,0.0,1,stock,245.19000244140625,1.0,0.0
2020-04-03 09:30:00-04:00,MyStrategy,57b3aead5cef4fb9aaa6739c4eb2a5b8,SPY,buy,market,new,1,gtc,0.0,1,stock,,,
2020-04-03 09:30:00-04:00,MyStrategy,57b3aead5cef4fb9aaa6739c4eb2a5b8,SPY,buy,market,fill,1,gtc,0.0,1,stock,250.75999450683594,1.0,0.0
2020-04-03 12:30:00-04:00,MyStrategy,f20a56f2f6c44780b6c4ae34a491245b,SPY,buy,market,new,1,gtc,0.0,1,stock,,,
2020-04-03 12:30:00-04:00,MyStrategy,f20a56f2f6c44780b6c4ae34a491245b,SPY,buy,market,fill,1,gtc,0.0,1,stock,250.75999450683594,1.0,0.0
2020-04-03 15:30:00-04:00,MyStrategy,53f5f9bebc744729b984af559abab371,SPY,buy,market,new,1,gtc,0.0,1,stock,,,
2020-04-03 15:30:00-04:00,MyStrategy,53f5f9bebc744729b984af559abab371,SPY,buy,market,fill,1,gtc,0.0,1,stock,250.75999450683594,1.0,0.0
2020-04-06 09:30:00-04:00,MyStrategy,e9212315cb9046d3a19be843493087f6,SPY,buy,market,new,1,gtc,0.0,1,stock,,,
2020-04-06 09:30:00-04:00,MyStrategy,e9212315cb9046d3a19be843493087f6,SPY,buy,market,fill,1,gtc,0.0,1,stock,257.8399963378906,1.0,0.0
2020-04-06 12:30:00-04:00,MyStrategy,64169f3909b44fc0b90b9b8507d4e70e,SPY,buy,market,new,1,gtc,0.0,1,stock,,,
2020-04-06 12:30:00-04:00,MyStrategy,64169f3909b44fc0b90b9b8507d4e70e,SPY,buy,market,fill,1,gtc,0.0,1,stock,257.8399963378906,1.0,0.0
2020-04-06 15:30:00-04:00,MyStrategy,08c368c64bc74e68a5e80bc56f2418d3,SPY,buy,market,new,1,gtc,0.0,1,stock,,,
2020-04-06 15:30:00-04:00,MyStrategy,08c368c64bc74e68a5e80bc56f2418d3,SPY,buy,market,fill,1,gtc,0.0,1,stock,257.8399963378906,1.0,0.0
2020-04-07 09:30:00-04:00,MyStrategy,4018a2767be640b889433877540994d6,SPY,buy,market,new,1,gtc,0.0,1,stock,,,
2020-04-07 09:30:00-04:00,MyStrategy,4018a2767be640b889433877540994d6,SPY,buy,market,fill,1,gtc,0.0,1,stock,274.2099914550781,1.0,0.0
2020-04-07 12:30:00-04:00,MyStrategy,10987d14420d42b6b62f64b0c95f80e8,SPY,buy,market,new,1,gtc,0.0,1,stock,,,
2020-04-07 12:30:00-04:00,MyStrategy,10987d14420d42b6b62f64b0c95f80e8,SPY,buy,market,fill,1,gtc,0.0,1,stock,274.2099914550781,1.0,0.0
2020-04-07 15:30:00-04:00,MyStrategy,320fddc28b394bdd80ad912efc220a78,SPY,buy,market,new,1,gtc,0.0,1,stock,,,
2020-04-07 15:30:00-04:00,MyStrategy,320fddc28b394bdd80ad912efc220a78,SPY,buy,market,fill,1,gtc,0.0,1,stock,274.2099914550781,1.0,0.0
2020-04-08 09:30:00-04:00,MyStrategy,bf3cbf14b4654aabbe74935d391d18c8,SPY,buy,market,new,1,gtc,0.0,1,stock,,,
2020-04-08 09:30:00-04:00,MyStrategy,bf3cbf14b4654aabbe74935d391d18c8,SPY,buy,market,fill,1,gtc,0.0,1,stock,267.9599914550781,1.0,0.0
2020-04-08 12:30:00-04:00,MyStrategy,d30ce79c063c4b0c846ea6164b864977,SPY,buy,market,new,1,gtc,0.0,1,stock,,,
2020-04-08 12:30:00-04:00,MyStrategy,d30ce79c063c4b0c846ea6164b864977,SPY,buy,market,fill,1,gtc,0.0,1,stock,267.9599914550781,1.0,0.0
2020-04-08 15:30:00-04:00,MyStrategy,7cadf651919c4ecf8c307d02f216c5b2,SPY,buy,market,new,1,gtc,0.0,1,stock,,,
2020-04-08 15:30:00-04:00,MyStrategy,7cadf651919c4ecf8c307d02f216c5b2,SPY,buy,market,fill,1,gtc,0.0,1,stock,267.9599914550781,1.0,0.0
2020-04-09 09:30:00-04:00,MyStrategy,44cff3723754450a94b52bc5bf554a63,SPY,buy,market,new,1,gtc,0.0,1,stock,,,
2020-04-09 09:30:00-04:00,MyStrategy,44cff3723754450a94b52bc5bf554a63,SPY,buy,market,fill,1,gtc,0.0,1,stock,277.5799865722656,1.0,0.0
2020-04-09 12:30:00-04:00,MyStrategy,9467d559b6994fb0a9b463e3a880b2e9,SPY,buy,market,new,1,gtc,0.0,1,stock,,,
2020-04-09 12:30:00-04:00,MyStrategy,9467d559b6994fb0a9b463e3a880b2e9,SPY,buy,market,fill,1,gtc,0.0,1,stock,277.5799865722656,1.0,0.0
2020-04-09 15:30:00-04:00,MyStrategy,ce726c1efc984e66b3905af1e1065fd1,SPY,buy,market,new,1,gtc,0.0,1,stock,,,
2020-04-09 15:30:00-04:00,MyStrategy,ce726c1efc984e66b3905af1e1065fd1,SPY,buy,market,fill,1,gtc,0.0,1,stock,277.5799865722656,1.0,0.0
2020-04-13 09:30:00-04:00,MyStrategy,63fe41f9eb274afa8284ccce90b1fafa,SPY,buy,market,new,1,gtc,0.0,1,stock,,,
2020-04-13 09:30:00-04:00,MyStrategy,63fe41f9eb274afa8284ccce90b1fafa,SPY,buy,market,fill,1,gtc,0.0,1,stock,277.1400146484375,1.0,0.0
2020-04-13 12:30:00-04:00,MyStrategy,8c795f7912c44917bd2247073194c48b,SPY,buy,market,new,1,gtc,0.0,1,stock,,,
2020-04-13 12:30:00-04:00,MyStrategy,8c795f7912c44917bd2247073194c48b,SPY,buy,market,fill,1,gtc,0.0,1,stock,277.1400146484375,1.0,0.0
2020-04-13 15:30:00-04:00,MyStrategy,61f36e0549cb4774b8bbfb9f6269f556,SPY,buy,market,new,1,gtc,0.0,1,stock,,,
2020-04-13 15:30:00-04:00,MyStrategy,61f36e0549cb4774b8bbfb9f6269f556,SPY,buy,market,fill,1,gtc,0.0,1,stock,277.1400146484375,1.0,0.0
2020-04-14 09:30:00-04:00,MyStrategy,aaaa3efff83c400eaf072f6e81652f71,SPY,buy,market,new,1,gtc,0.0,1,stock,,,
2020-04-14 09:30:00-04:00,MyStrategy,aaaa3efff83c400eaf072f6e81652f71,SPY,buy,market,fill,1,gtc,0.0,1,stock,280.9800109863281,1.0,0.0
2020-04-14 12:30:00-04:00,MyStrategy,b2ba769a61224bd4aa402bf74307d156,SPY,buy,market,new,1,gtc,0.0,1,stock,,,
2020-04-14 12:30:00-04:00,MyStrategy,b2ba769a61224bd4aa402bf74307d156,SPY,buy,market,fill,1,gtc,0.0,1,stock,280.9800109863281,1.0,0.0
2020-04-14 15:30:00-04:00,MyStrategy,52f5d350c5314518ab61204c8fc78f81,SPY,buy,market,new,1,gtc,0.0,1,stock,,,
2020-04-14 15:30:00-04:00,MyStrategy,52f5d350c5314518ab61204c8fc78f81,SPY,buy,market,fill,1,gtc,0.0,1,stock,280.9800109863281,1.0,0.0
2020-04-15 09:30:00-04:00,MyStrategy,f8e7272b86c644219cfdb04a88bd7b3b,SPY,buy,market,new,1,gtc,0.0,1,stock,,,
2020-04-15 09:30:00-04:00,MyStrategy,f8e7272b86c644219cfdb04a88bd7b3b,SPY,buy,market,fill,1,gtc,0.0,1,stock,277.57000732421875,1.0,0.0
2020-04-15 12:30:00-04:00,MyStrategy,962b1db0977147aea8c3324833b35755,SPY,buy,market,new,1,gtc,0.0,1,stock,,,
2020-04-15 12:30:00-04:00,MyStrategy,962b1db0977147aea8c3324833b35755,SPY,buy,market,fill,1,gtc,0.0,1,stock,277.57000732421875,1.0,0.0
2020-04-15 15:30:00-04:00,MyStrategy,b56eeafff4f2476085f065f745e647f7,SPY,buy,market,new,1,gtc,0.0,1,stock,,,
2020-04-15 15:30:00-04:00,MyStrategy,b56eeafff4f2476085f065f745e647f7,SPY,buy,market,fill,1,gtc,0.0,1,stock,277.57000732421875,1.0,0.0
2020-04-16 09:30:00-04:00,MyStrategy,d55ee68519ba42729dc9a07de1627f46,SPY,buy,market,new,1,gtc,0.0,1,stock,,,
2020-04-16 09:30:00-04:00,MyStrategy,d55ee68519ba42729dc9a07de1627f46,SPY,buy,market,fill,1,gtc,0.0,1,stock,279.1499938964844,1.0,0.0
2020-04-16 12:30:00-04:00,MyStrategy,2d9492f2d2f94e5ea0d613539ddb436c,SPY,buy,market,new,1,gtc,0.0,1,stock,,,
2020-04-16 12:30:00-04:00,MyStrategy,2d9492f2d2f94e5ea0d613539ddb436c,SPY,buy,market,fill,1,gtc,0.0,1,stock,279.1499938964844,1.0,0.0
2020-04-16 15:30:00-04:00,MyStrategy,3e80bc0c1fc94c418b7ba3dc228fc752,SPY,buy,market,new,1,gtc,0.0,1,stock,,,
2020-04-16 15:30:00-04:00,MyStrategy,3e80bc0c1fc94c418b7ba3dc228fc752,SPY,buy,market,fill,1,gtc,0.0,1,stock,279.1499938964844,1.0,0.0
2020-04-17 09:30:00-04:00,MyStrategy,a15745017ca84048aeba8da603df82b6,SPY,buy,market,new,1,gtc,0.0,1,stock,,,
2020-04-17 09:30:00-04:00,MyStrategy,a15745017ca84048aeba8da603df82b6,SPY,buy,market,fill,1,gtc,0.0,1,stock,285.3800048828125,1.0,0.0
2020-04-17 12:30:00-04:00,MyStrategy,08cae29ea7b6407597fb81b3fbd2c929,SPY,buy,market,new,1,gtc,0.0,1,stock,,,
2020-04-17 12:30:00-04:00,MyStrategy,08cae29ea7b6407597fb81b3fbd2c929,SPY,buy,market,fill,1,gtc,0.0,1,stock,285.3800048828125,1.0,0.0
2020-04-17 15:30:00-04:00,MyStrategy,d2da051881834cb9999297bc1c93b6b0,SPY,buy,market,new,1,gtc,0.0,1,stock,,,
2020-04-17 15:30:00-04:00,MyStrategy,d2da051881834cb9999297bc1c93b6b0,SPY,buy,market,fill,1,gtc,0.0,1,stock,285.3800048828125,1.0,0.0
2020-04-20 09:30:00-04:00,MyStrategy,c45c144470c14a9a94bf0c94fd688cbe,SPY,buy,market,new,1,gtc,0.0,1,stock,,,
2020-04-20 09:30:00-04:00,MyStrategy,c45c144470c14a9a94bf0c94fd688cbe,SPY,buy,market,fill,1,gtc,0.0,1,stock,282.6099853515625,1.0,0.0
2020-04-20 12:30:00-04:00,MyStrategy,11fb4ccbe7a14f7b946fed6ac398b8de,SPY,buy,market,new,1,gtc,0.0,1,stock,,,
2020-04-20 12:30:00-04:00,MyStrategy,11fb4ccbe7a14f7b946fed6ac398b8de,SPY,buy,market,fill,1,gtc,0.0,1,stock,282.6099853515625,1.0,0.0
2020-04-20 15:30:00-04:00,MyStrategy,e94b55a22d754206a8ea132abc154ee4,SPY,buy,market,new,1,gtc,0.0,1,stock,,,
2020-04-20 15:30:00-04:00,MyStrategy,e94b55a22d754206a8ea132abc154ee4,SPY,buy,market,fill,1,gtc,0.0,1,stock,282.6099853515625,1.0,0.0
2020-04-21 09:30:00-04:00,MyStrategy,c5bd8cabacff488eb908510d0cd94e4d,SPY,buy,market,new,1,gtc,0.0,1,stock,,,
2020-04-21 09:30:00-04:00,MyStrategy,c5bd8cabacff488eb908510d0cd94e4d,SPY,buy,market,fill,1,gtc,0.0,1,stock,276.7300109863281,1.0,0.0
2020-04-21 12:30:00-04:00,MyStrategy,fcf16be92fb2434892e16f6ea3ae764e,SPY,buy,market,new,1,gtc,0.0,1,stock,,,
2020-04-21 12:30:00-04:00,MyStrategy,fcf16be92fb2434892e16f6ea3ae764e,SPY,buy,market,fill,1,gtc,0.0,1,stock,276.7300109863281,1.0,0.0
2020-04-21 15:30:00-04:00,MyStrategy,af8339117f6d4b91a8ed988f04035629,SPY,buy,market,new,1,gtc,0.0,1,stock,,,
2020-04-21 15:30:00-04:00,MyStrategy,af8339117f6d4b91a8ed988f04035629,SPY,buy,market,fill,1,gtc,0.0,1,stock,276.7300109863281,1.0,0.0
2020-04-22 09:30:00-04:00,MyStrategy,79d388df397a45518f1b631b3bc19b29,SPY,buy,market,new,1,gtc,0.0,1,stock,,,
2020-04-22 09:30:00-04:00,MyStrategy,79d388df397a45518f1b631b3bc19b29,SPY,buy,market,fill,1,gtc,0.0,1,stock,278.3500061035156,1.0,0.0
2020-04-22 12:30:00-04:00,MyStrategy,5e040749857d4383beaf91af53d4da3a,SPY,buy,market,new,1,gtc,0.0,1,stock,,,
2020-04-22 12:30:00-04:00,MyStrategy,5e040749857d4383beaf91af53d4da3a,SPY,buy,market,fill,1,gtc,0.0,1,stock,278.3500061035156,1.0,0.0
2020-04-22 15:30:00-04:00,MyStrategy,97468b4098f748cca17934a7ffd69cb2,SPY,buy,market,new,1,gtc,0.0,1,stock,,,
2020-04-22 15:30:00-04:00,MyStrategy,97468b4098f748cca17934a7ffd69cb2,SPY,buy,market,fill,1,gtc,0.0,1,stock,278.3500061035156,1.0,0.0
2020-04-23 09:30:00-04:00,MyStrategy,1e1a51d9c097498fa3efeabb7ef2d39f,SPY,buy,market,new,1,gtc,0.0,1,stock,,,
2020-04-23 09:30:00-04:00,MyStrategy,1e1a51d9c097498fa3efeabb7ef2d39f,SPY,buy,market,fill,1,gtc,0.0,1,stock,280.489990234375,1.0,0.0
2020-04-23 12:30:00-04:00,MyStrategy,486d79100d9a4cfda85dd145788f7eca,SPY,buy,market,new,1,gtc,0.0,1,stock,,,
2020-04-23 12:30:00-04:00,MyStrategy,486d79100d9a4cfda85dd145788f7eca,SPY,buy,market,fill,1,gtc,0.0,1,stock,280.489990234375,1.0,0.0
2020-04-23 15:30:00-04:00,MyStrategy,cc87290076dd40d29bf8b8052107145e,SPY,buy,market,new,1,gtc,0.0,1,stock,,,
2020-04-23 15:30:00-04:00,MyStrategy,cc87290076dd40d29bf8b8052107145e,SPY,buy,market,fill,1,gtc,0.0,1,stock,280.489990234375,1.0,0.0
2020-04-24 09:30:00-04:00,MyStrategy,2c139c2f427e42059f9c7dea18035c45,SPY,buy,market,new,1,gtc,0.0,1,stock,,,
2020-04-24 09:30:00-04:00,MyStrategy,2c139c2f427e42059f9c7dea18035c45,SPY,buy,market,fill,1,gtc,0.0,1,stock,280.7300109863281,1.0,0.0
2020-04-24 12:30:00-04:00,MyStrategy,b1a1d6afa0c94616883ce80e8cffa94e,SPY,buy,market,new,1,gtc,0.0,1,stock,,,
2020-04-24 12:30:00-04:00,MyStrategy,b1a1d6afa0c94616883ce80e8cffa94e,SPY,buy,market,fill,1,gtc,0.0,1,stock,280.7300109863281,1.0,0.0
2020-04-24 15:30:00-04:00,MyStrategy,567874dfd56741579f440615f18099f0,SPY,buy,market,new,1,gtc,0.0,1,stock,,,
2020-04-24 15:30:00-04:00,MyStrategy,567874dfd56741579f440615f18099f0,SPY,buy,market,fill,1,gtc,0.0,1,stock,280.7300109863281,1.0,0.0
2020-04-27 09:30:00-04:00,MyStrategy,63a8272b04cf43bc89788251a87342d5,SPY,buy,market,new,1,gtc,0.0,1,stock,,,
2020-04-27 09:30:00-04:00,MyStrategy,63a8272b04cf43bc89788251a87342d5,SPY,buy,market,fill,1,gtc,0.0,1,stock,285.1199951171875,1.0,0.0
2020-04-27 12:30:00-04:00,MyStrategy,3e732dcc4aae4a86aa6cfb6705b26c97,SPY,buy,market,new,1,gtc,0.0,1,stock,,,
2020-04-27 12:30:00-04:00,MyStrategy,3e732dcc4aae4a86aa6cfb6705b26c97,SPY,buy,market,fill,1,gtc,0.0,1,stock,285.1199951171875,1.0,0.0
2020-04-27 15:30:00-04:00,MyStrategy,8180cc05f48e4429b3cb6328988afb2b,SPY,buy,market,new,1,gtc,0.0,1,stock,,,
2020-04-27 15:30:00-04:00,MyStrategy,8180cc05f48e4429b3cb6328988afb2b,SPY,buy,market,fill,1,gtc,0.0,1,stock,285.1199951171875,1.0,0.0
2020-04-28 09:30:00-04:00,MyStrategy,f21828be2a8c410da7cd10d5fdb9406d,SPY,buy,market,new,1,gtc,0.0,1,stock,,,
2020-04-28 09:30:00-04:00,MyStrategy,f21828be2a8c410da7cd10d5fdb9406d,SPY,buy,market,fill,1,gtc,0.0,1,stock,291.0199890136719,1.0,0.0
2020-04-28 12:30:00-04:00,MyStrategy,ea209969121e480d94140df093d068d7,SPY,buy,market,new,1,gtc,0.0,1,stock,,,
2020-04-28 12:30:00-04:00,MyStrategy,ea209969121e480d94140df093d068d7,SPY,buy,market,fill,1,gtc,0.0,1,stock,291.0199890136719,1.0,0.0
2020-04-28 15:30:00-04:00,MyStrategy,ef95bb9d97c84c5faffab5913b3e9144,SPY,buy,market,new,1,gtc,0.0,1,stock,,,
2020-04-28 15:30:00-04:00,MyStrategy,ef95bb9d97c84c5faffab5913b3e9144,SPY,buy,market,fill,1,gtc,0.0,1,stock,291.0199890136719,1.0,0.0
2020-04-29 09:30:00-04:00,MyStrategy,e5deed8bb53d4e8580909ebcab6eb18f,SPY,buy,market,new,1,gtc,0.0,1,stock,,,
2020-04-29 09:30:00-04:00,MyStrategy,e5deed8bb53d4e8580909ebcab6eb18f,SPY,buy,market,fill,1,gtc,0.0,1,stock,291.5299987792969,1.0,0.0
2020-04-29 12:30:00-04:00,MyStrategy,4a981d09ea8243cb9ad3e655eb059ac5,SPY,buy,market,new,1,gtc,0.0,1,stock,,,
2020-04-29 12:30:00-04:00,MyStrategy,4a981d09ea8243cb9ad3e655eb059ac5,SPY,buy,market,fill,1,gtc,0.0,1,stock,291.5299987792969,1.0,0.0
2020-04-29 15:30:00-04:00,MyStrategy,c85c4cbbcfb643498f786c4899df2243,SPY,buy,market,new,1,gtc,0.0,1,stock,,,
2020-04-29 15:30:00-04:00,MyStrategy,c85c4cbbcfb643498f786c4899df2243,SPY,buy,market,fill,1,gtc,0.0,1,stock,291.5299987792969,1.0,0.0
2020-04-30 09:30:00-04:00,MyStrategy,5d0369fc3509437191ab32c74cd79cab,SPY,buy,market,new,1,gtc,0.0,1,stock,,,
2020-04-30 09:30:00-04:00,MyStrategy,5d0369fc3509437191ab32c74cd79cab,SPY,buy,market,fill,1,gtc,0.0,1,stock,291.7099914550781,1.0,0.0
2020-04-30 12:30:00-04:00,MyStrategy,e85f19f310934c7b9efe10cc40202ee2,SPY,buy,market,new,1,gtc,0.0,1,stock,,,
2020-04-30 12:30:00-04:00,MyStrategy,e85f19f310934c7b9efe10cc40202ee2,SPY,buy,market,fill,1,gtc,0.0,1,stock,291.7099914550781,1.0,0.0
2020-04-30 15:30:00-04:00,MyStrategy,1a0d2333a87f4e4791d5dd59e98b0751,SPY,buy,market,new,1,gtc,0.0,1,stock,,,
2020-04-30 15:30:00-04:00,MyStrategy,1a0d2333a87f4e4791d5dd59e98b0751,SPY,buy,market,fill,1,gtc,0.0,1,stock,291.7099914550781,1.0,0.0
2020-05-01 09:30:00-04:00,MyStrategy,8e693f3615494f7b90cfc75dcf815a47,SPY,buy,market,new,1,gtc,0.0,1,stock,,,
2020-05-01 09:30:00-04:00,MyStrategy,8e693f3615494f7b90cfc75dcf815a47,SPY,buy,market,fill,1,gtc,0.0,1,stock,285.30999755859375,1.0,0.0
2020-05-01 12:30:00-04:00,MyStrategy,9c759376eca84b8cb1cb91234fb08380,SPY,buy,market,new,1,gtc,0.0,1,stock,,,
2020-05-01 12:30:00-04:00,MyStrategy,9c759376eca84b8cb1cb91234fb08380,SPY,buy,market,fill,1,gtc,0.0,1,stock,285.30999755859375,1.0,0.0
2020-05-01 15:30:00-04:00,MyStrategy,dc7b3bdbc88b44148f1bedf957a517b6,SPY,buy,market,new,1,gtc,0.0,1,stock,,,
2020-05-01 15:30:00-04:00,MyStrategy,dc7b3bdbc88b44148f1bedf957a517b6,SPY,buy,market,fill,1,gtc,0.0,1,stock,285.30999755859375,1.0,0.0
2020-05-04 09:30:00-04:00,MyStrategy,b43d0a3fe4024d88b66857a6981d4e58,SPY,buy,market,new,1,gtc,0.0,1,stock,,,
2020-05-04 09:30:00-04:00,MyStrategy,b43d0a3fe4024d88b66857a6981d4e58,SPY,buy,market,fill,1,gtc,0.0,1,stock,280.739990234375,1.0,0.0
2020-05-04 12:30:00-04:00,MyStrategy,119f23bc2a754710b8271a80e5739ced,SPY,buy,market,new,1,gtc,0.0,1,stock,,,
2020-05-04 12:30:00-04:00,MyStrategy,119f23bc2a754710b8271a80e5739ced,SPY,buy,market,fill,1,gtc,0.0,1,stock,280.739990234375,1.0,0.0
2020-05-04 15:30:00-04:00,MyStrategy,7508da1598664ce6afeca73e016c3155,SPY,buy,market,new,1,gtc,0.0,1,stock,,,
2020-05-04 15:30:00-04:00,MyStrategy,7508da1598664ce6afeca73e016c3155,SPY,buy,market,fill,1,gtc,0.0,1,stock,280.739990234375,1.0,0.0
2020-05-05 09:30:00-04:00,MyStrategy,1152ef719a2241fb9284966c6fa9b259,SPY,buy,market,new,1,gtc,0.0,1,stock,,,
2020-05-05 09:30:00-04:00,MyStrategy,1152ef719a2241fb9284966c6fa9b259,SPY,buy,market,fill,1,gtc,0.0,1,stock,286.6400146484375,1.0,0.0
2020-05-05 12:30:00-04:00,MyStrategy,883cf34e8069499ea5ee7fd02e034071,SPY,buy,market,new,1,gtc,0.0,1,stock,,,
2020-05-05 12:30:00-04:00,MyStrategy,883cf34e8069499ea5ee7fd02e034071,SPY,buy,market,fill,1,gtc,0.0,1,stock,286.6400146484375,1.0,0.0
2020-05-05 15:30:00-04:00,MyStrategy,745c4fae635244548111128828f8c3eb,SPY,buy,market,new,1,gtc,0.0,1,stock,,,
2020-05-05 15:30:00-04:00,MyStrategy,745c4fae635244548111128828f8c3eb,SPY,buy,market,fill,1,gtc,0.0,1,stock,286.6400146484375,1.0,0.0
2020-05-06 09:30:00-04:00,MyStrategy,3d130a6e4cf340cf8d2619c9cd6e80b1,SPY,buy,market,new,1,gtc,0.0,1,stock,,,
2020-05-06 09:30:00-04:00,MyStrategy,3d130a6e4cf340cf8d2619c9cd6e80b1,SPY,buy,market,fill,1,gtc,0.0,1,stock,288.0400085449219,1.0,0.0
2020-05-06 12:30:00-04:00,MyStrategy,1113b3f327974b26b8da51e382722665,SPY,buy,market,new,1,gtc,0.0,1,stock,,,
2020-05-06 12:30:00-04:00,MyStrategy,1113b3f327974b26b8da51e382722665,SPY,buy,market,fill,1,gtc,0.0,1,stock,288.0400085449219,1.0,0.0
2020-05-06 15:30:00-04:00,MyStrategy,95994814da3643d1a4338f70dc7e59ad,SPY,buy,market,new,1,gtc,0.0,1,stock,,,
2020-05-06 15:30:00-04:00,MyStrategy,95994814da3643d1a4338f70dc7e59ad,SPY,buy,market,fill,1,gtc,0.0,1,stock,288.0400085449219,1.0,0.0
2020-05-07 09:30:00-04:00,MyStrategy,fbae50fcb4504669b09c4108dca2d87d,SPY,buy,market,new,1,gtc,0.0,1,stock,,,
2020-05-07 09:30:00-04:00,MyStrategy,fbae50fcb4504669b09c4108dca2d87d,SPY,buy,market,fill,1,gtc,0.0,1,stock,287.75,1.0,0.0
2020-05-07 12:30:00-04:00,MyStrategy,4484316b58ec41069af248004a3a0ed3,SPY,buy,market,new,1,gtc,0.0,1,stock,,,
2020-05-07 12:30:00-04:00,MyStrategy,4484316b58ec41069af248004a3a0ed3,SPY,buy,market,fill,1,gtc,0.0,1,stock,287.75,1.0,0.0
2020-05-07 15:30:00-04:00,MyStrategy,7ea668f41ce348b08813a4e749fd106d,SPY,buy,market,new,1,gtc,0.0,1,stock,,,
2020-05-07 15:30:00-04:00,MyStrategy,7ea668f41ce348b08813a4e749fd106d,SPY,buy,market,fill,1,gtc,0.0,1,stock,287.75,1.0,0.0
2020-05-08 09:30:00-04:00,MyStrategy,dc4ee4f04b3c43ccb08688d10173c01a,SPY,buy,market,new,1,gtc,0.0,1,stock,,,
2020-05-08 09:30:00-04:00,MyStrategy,dc4ee4f04b3c43ccb08688d10173c01a,SPY,buy,market,fill,1,gtc,0.0,1,stock,291.0899963378906,1.0,0.0
2020-05-08 12:30:00-04:00,MyStrategy,be319967717943979db2fe67684a8b29,SPY,buy,market,new,1,gtc,0.0,1,stock,,,
2020-05-08 12:30:00-04:00,MyStrategy,be319967717943979db2fe67684a8b29,SPY,buy,market,fill,1,gtc,0.0,1,stock,291.0899963378906,1.0,0.0
2020-05-08 15:30:00-04:00,MyStrategy,d81006cd3e9c475cac13c5fc21d93d86,SPY,buy,market,new,1,gtc,0.0,1,stock,,,
2020-05-08 15:30:00-04:00,MyStrategy,d81006cd3e9c475cac13c5fc21d93d86,SPY,buy,market,fill,1,gtc,0.0,1,stock,291.0899963378906,1.0,0.0
2020-05-11 09:30:00-04:00,MyStrategy,307b72b040cf47f28cfc0af138dc3bf3,SPY,buy,market,new,1,gtc,0.0,1,stock,,,
2020-05-11 09:30:00-04:00,MyStrategy,307b72b040cf47f28cfc0af138dc3bf3,SPY,buy,market,fill,1,gtc,0.0,1,stock,290.3399963378906,1.0,0.0
2020-05-11 12:30:00-04:00,MyStrategy,71c5d703f0e244b88275b409f55a16e9,SPY,buy,market,new,1,gtc,0.0,1,stock,,,
2020-05-11 12:30:00-04:00,MyStrategy,71c5d703f0e244b88275b409f55a16e9,SPY,buy,market,fill,1,gtc,0.0,1,stock,290.3399963378906,1.0,0.0
2020-05-11 15:30:00-04:00,MyStrategy,f04b13db170941ff8b4530c7db4f1dfe,SPY,buy,market,new,1,gtc,0.0,1,stock,,,
2020-05-11 15:30:00-04:00,MyStrategy,f04b13db170941ff8b4530c7db4f1dfe,SPY,buy,market,fill,1,gtc,0.0,1,stock,290.3399963378906,1.0,0.0
2020-05-12 09:30:00-04:00,MyStrategy,049fd9bc9955428ea7fda2edae878a01,SPY,buy,market,new,1,gtc,0.0,1,stock,,,
2020-05-12 09:30:00-04:00,MyStrategy,049fd9bc9955428ea7fda2edae878a01,SPY,buy,market,fill,1,gtc,0.0,1,stock,293.7900085449219,1.0,0.0
2020-05-12 12:30:00-04:00,MyStrategy,dc79b25eae9542668087b20aff509bec,SPY,buy,market,new,1,gtc,0.0,1,stock,,,
2020-05-12 12:30:00-04:00,MyStrategy,dc79b25eae9542668087b20aff509bec,SPY,buy,market,fill,1,gtc,0.0,1,stock,293.7900085449219,1.0,0.0
2020-05-12 15:30:00-04:00,MyStrategy,08691ec82f63441aacdef052c3d66c4d,SPY,buy,market,new,1,gtc,0.0,1,stock,,,
2020-05-12 15:30:00-04:00,MyStrategy,08691ec82f63441aacdef052c3d66c4d,SPY,buy,market,fill,1,gtc,0.0,1,stock,293.7900085449219,1.0,0.0
2020-05-13 09:30:00-04:00,MyStrategy,101668f7aee043e89f786cb102688bc2,SPY,buy,market,new,1,gtc,0.0,1,stock,,,
2020-05-13 09:30:00-04:00,MyStrategy,101668f7aee043e89f786cb102688bc2,SPY,buy,market,fill,1,gtc,0.0,1,stock,286.05999755859375,1.0,0.0
2020-05-13 12:30:00-04:00,MyStrategy,aac36f3f43bc440ba9b74e478ea98dc6,SPY,buy,market,new,1,gtc,0.0,1,stock,,,
2020-05-13 12:30:00-04:00,MyStrategy,aac36f3f43bc440ba9b74e478ea98dc6,SPY,buy,market,fill,1,gtc,0.0,1,stock,286.05999755859375,1.0,0.0
2020-05-13 15:30:00-04:00,MyStrategy,2eb80ac9ad0a4d6389ad89f4ff2eab29,SPY,buy,market,new,1,gtc,0.0,1,stock,,,
2020-05-13 15:30:00-04:00,MyStrategy,2eb80ac9ad0a4d6389ad89f4ff2eab29,SPY,buy,market,fill,1,gtc,0.0,1,stock,286.05999755859375,1.0,0.0
2020-05-14 09:30:00-04:00,MyStrategy,78169a2986b14b418abae3b8d7624fb4,SPY,buy,market,new,1,gtc,0.0,1,stock,,,
2020-05-14 09:30:00-04:00,MyStrategy,78169a2986b14b418abae3b8d7624fb4,SPY,buy,market,fill,1,gtc,0.0,1,stock,278.95001220703125,1.0,0.0
2020-05-14 12:30:00-04:00,MyStrategy,0171e65d8236491da69cba6bf20cd645,SPY,buy,market,new,1,gtc,0.0,1,stock,,,
2020-05-14 12:30:00-04:00,MyStrategy,0171e65d8236491da69cba6bf20cd645,SPY,buy,market,fill,1,gtc,0.0,1,stock,278.95001220703125,1.0,0.0
2020-05-14 15:30:00-04:00,MyStrategy,7e845ad5985240e982e2cfb7390f9c2a,SPY,buy,market,new,1,gtc,0.0,1,stock,,,
2020-05-14 15:30:00-04:00,MyStrategy,7e845ad5985240e982e2cfb7390f9c2a,SPY,buy,market,fill,1,gtc,0.0,1,stock,278.95001220703125,1.0,0.0
2020-05-15 09:30:00-04:00,MyStrategy,04ab69d17e58495ca1164d9cacab2181,SPY,buy,market,new,1,gtc,0.0,1,stock,,,
2020-05-15 09:30:00-04:00,MyStrategy,04ab69d17e58495ca1164d9cacab2181,SPY,buy,market,fill,1,gtc,0.0,1,stock,282.3699951171875,1.0,0.0
2020-05-15 12:30:00-04:00,MyStrategy,5e45a5adedaf48e799f9c488c68c6e92,SPY,buy,market,new,1,gtc,0.0,1,stock,,,
2020-05-15 12:30:00-04:00,MyStrategy,5e45a5adedaf48e799f9c488c68c6e92,SPY,buy,market,fill,1,gtc,0.0,1,stock,282.3699951171875,1.0,0.0
2020-05-15 15:30:00-04:00,MyStrategy,fe448c29b502425dad2300b3e5dfd53c,SPY,buy,market,new,1,gtc,0.0,1,stock,,,
2020-05-15 15:30:00-04:00,MyStrategy,fe448c29b502425dad2300b3e5dfd53c,SPY,buy,market,fill,1,gtc,0.0,1,stock,282.3699951171875,1.0,0.0
2020-05-18 09:30:00-04:00,MyStrategy,ca99fbc30aa048d9ad26542365507f54,SPY,buy,market,new,1,gtc,0.0,1,stock,,,
2020-05-18 09:30:00-04:00,MyStrategy,ca99fbc30aa048d9ad26542365507f54,SPY,buy,market,fill,1,gtc,0.0,1,stock,293.04998779296875,1.0,0.0
2020-05-18 12:30:00-04:00,MyStrategy,414465c342354de68de60e1f2b70ba9f,SPY,buy,market,new,1,gtc,0.0,1,stock,,,
2020-05-18 12:30:00-04:00,MyStrategy,414465c342354de68de60e1f2b70ba9f,SPY,buy,market,fill,1,gtc,0.0,1,stock,293.04998779296875,1.0,0.0
2020-05-18 15:30:00-04:00,MyStrategy,60c01983a36546708d8e73d2f1932349,SPY,buy,market,new,1,gtc,0.0,1,stock,,,
2020-05-18 15:30:00-04:00,MyStrategy,60c01983a36546708d8e73d2f1932349,SPY,buy,market,fill,1,gtc,0.0,1,stock,293.04998779296875,1.0,0.0
2020-05-19 09:30:00-04:00,MyStrategy,8fc65c0b4a824a0c9359bd7301e1b4e6,SPY,buy,market,new,1,gtc,0.0,1,stock,,,
2020-05-19 09:30:00-04:00,MyStrategy,8fc65c0b4a824a0c9359bd7301e1b4e6,SPY,buy,market,fill,1,gtc,0.0,1,stock,294.3500061035156,1.0,0.0
2020-05-19 12:30:00-04:00,MyStrategy,da2ce6807a0f406f95c42b07cd64aef8,SPY,buy,market,new,1,gtc,0.0,1,stock,,,
2020-05-19 12:30:00-04:00,MyStrategy,da2ce6807a0f406f95c42b07cd64aef8,SPY,buy,market,fill,1,gtc,0.0,1,stock,294.3500061035156,1.0,0.0
2020-05-19 15:30:00-04:00,MyStrategy,ac902088655a4798a1dfa1ae96fab5de,SPY,buy,market,new,1,gtc,0.0,1,stock,,,
2020-05-19 15:30:00-04:00,MyStrategy,ac902088655a4798a1dfa1ae96fab5de,SPY,buy,market,fill,1,gtc,0.0,1,stock,294.3500061035156,1.0,0.0
2020-05-20 09:30:00-04:00,MyStrategy,e38fc13ce8ca4bd5853bb3c3c427c588,SPY,buy,market,new,1,gtc,0.0,1,stock,,,
2020-05-20 09:30:00-04:00,MyStrategy,e38fc13ce8ca4bd5853bb3c3c427c588,SPY,buy,market,fill,1,gtc,0.0,1,stock,295.82000732421875,1.0,0.0
2020-05-20 12:30:00-04:00,MyStrategy,c24ed21c5ff6461eb0cd41924dc07517,SPY,buy,market,new,1,gtc,0.0,1,stock,,,
2020-05-20 12:30:00-04:00,MyStrategy,c24ed21c5ff6461eb0cd41924dc07517,SPY,buy,market,fill,1,gtc,0.0,1,stock,295.82000732421875,1.0,0.0
2020-05-20 15:30:00-04:00,MyStrategy,f09ae4f2f0e2480c9cfcf73165a9b5c3,SPY,buy,market,new,1,gtc,0.0,1,stock,,,
2020-05-20 15:30:00-04:00,MyStrategy,f09ae4f2f0e2480c9cfcf73165a9b5c3,SPY,buy,market,fill,1,gtc,0.0,1,stock,295.82000732421875,1.0,0.0
2020-05-21 09:30:00-04:00,MyStrategy,ba80b52798a742bfbf87fd06c445db88,SPY,buy,market,new,1,gtc,0.0,1,stock,,,
2020-05-21 09:30:00-04:00,MyStrategy,ba80b52798a742bfbf87fd06c445db88,SPY,buy,market,fill,1,gtc,0.0,1,stock,296.7900085449219,1.0,0.0
2020-05-21 12:30:00-04:00,MyStrategy,19ac08353d2a450a9046c111830f6710,SPY,buy,market,new,1,gtc,0.0,1,stock,,,
2020-05-21 12:30:00-04:00,MyStrategy,19ac08353d2a450a9046c111830f6710,SPY,buy,market,fill,1,gtc,0.0,1,stock,296.7900085449219,1.0,0.0
2020-05-21 15:30:00-04:00,MyStrategy,2f3416ddecaa49f8a51390c95ba1a811,SPY,buy,market,new,1,gtc,0.0,1,stock,,,
2020-05-21 15:30:00-04:00,MyStrategy,2f3416ddecaa49f8a51390c95ba1a811,SPY,buy,market,fill,1,gtc,0.0,1,stock,296.7900085449219,1.0,0.0
2020-05-22 09:30:00-04:00,MyStrategy,d061e16539e949af8b19c723f7593092,SPY,buy,market,new,1,gtc,0.0,1,stock,,,
2020-05-22 09:30:00-04:00,MyStrategy,d061e16539e949af8b19c723f7593092,SPY,buy,market,fill,1,gtc,0.0,1,stock,294.57000732421875,1.0,0.0
2020-05-22 12:30:00-04:00,MyStrategy,2ebcac6300454d80b401a5e79be57232,SPY,buy,market,new,1,gtc,0.0,1,stock,,,
2020-05-22 12:30:00-04:00,MyStrategy,2ebcac6300454d80b401a5e79be57232,SPY,buy,market,fill,1,gtc,0.0,1,stock,294.57000732421875,1.0,0.0
2020-05-22 15:30:00-04:00,MyStrategy,ad372b29449e406bae4146f695822637,SPY,buy,market,new,1,gtc,0.0,1,stock,,,
2020-05-22 15:30:00-04:00,MyStrategy,ad372b29449e406bae4146f695822637,SPY,buy,market,fill,1,gtc,0.0,1,stock,294.57000732421875,1.0,0.0
2020-05-26 09:30:00-04:00,MyStrategy,acb7d192bab945da860f321945076958,SPY,buy,market,new,1,gtc,0.0,1,stock,,,
2020-05-26 09:30:00-04:00,MyStrategy,acb7d192bab945da860f321945076958,SPY,buy,market,fill,1,gtc,0.0,1,stock,301.92999267578125,1.0,0.0
2020-05-26 12:30:00-04:00,MyStrategy,c08fbc18f2e0404c94bc006ef2c8b011,SPY,buy,market,new,1,gtc,0.0,1,stock,,,
2020-05-26 12:30:00-04:00,MyStrategy,c08fbc18f2e0404c94bc006ef2c8b011,SPY,buy,market,fill,1,gtc,0.0,1,stock,301.92999267578125,1.0,0.0
2020-05-26 15:30:00-04:00,MyStrategy,d2ab5ad096a0465884ce4cc8dfe14716,SPY,buy,market,new,1,gtc,0.0,1,stock,,,
2020-05-26 15:30:00-04:00,MyStrategy,d2ab5ad096a0465884ce4cc8dfe14716,SPY,buy,market,fill,1,gtc,0.0,1,stock,301.92999267578125,1.0,0.0
2020-05-27 09:30:00-04:00,MyStrategy,0d1bbe7bf4814d8a999db9d92dd23cce,SPY,buy,market,new,1,gtc,0.0,1,stock,,,
2020-05-27 09:30:00-04:00,MyStrategy,0d1bbe7bf4814d8a999db9d92dd23cce,SPY,buy,market,fill,1,gtc,0.0,1,stock,302.1199951171875,1.0,0.0
2020-05-27 12:30:00-04:00,MyStrategy,8bd6ba4ffbf94e96a69997c8fd96c415,SPY,buy,market,new,1,gtc,0.0,1,stock,,,
2020-05-27 12:30:00-04:00,MyStrategy,8bd6ba4ffbf94e96a69997c8fd96c415,SPY,buy,market,fill,1,gtc,0.0,1,stock,302.1199951171875,1.0,0.0
2020-05-27 15:30:00-04:00,MyStrategy,1224f7465be246609cbedc98da6eda09,SPY,buy,market,new,1,gtc,0.0,1,stock,,,
2020-05-27 15:30:00-04:00,MyStrategy,1224f7465be246609cbedc98da6eda09,SPY,buy,market,fill,1,gtc,0.0,1,stock,302.1199951171875,1.0,0.0
2020-05-28 09:30:00-04:00,MyStrategy,31ab3b7540bd4e30bdd1e679fb7bf3e7,SPY,buy,market,new,1,gtc,0.0,1,stock,,,
2020-05-28 09:30:00-04:00,MyStrategy,31ab3b7540bd4e30bdd1e679fb7bf3e7,SPY,buy,market,fill,1,gtc,0.0,1,stock,304.6499938964844,1.0,0.0
2020-05-28 12:30:00-04:00,MyStrategy,2675399f4dc341ffa7d90f503bd6e0ab,SPY,buy,market,new,1,gtc,0.0,1,stock,,,
2020-05-28 12:30:00-04:00,MyStrategy,2675399f4dc341ffa7d90f503bd6e0ab,SPY,buy,market,fill,1,gtc,0.0,1,stock,304.6499938964844,1.0,0.0
2020-05-28 15:30:00-04:00,MyStrategy,27db28b3dacf499d8b0700200ba7ef25,SPY,buy,market,new,1,gtc,0.0,1,stock,,,
2020-05-28 15:30:00-04:00,MyStrategy,27db28b3dacf499d8b0700200ba7ef25,SPY,buy,market,fill,1,gtc,0.0,1,stock,304.6499938964844,1.0,0.0
2020-05-29 09:30:00-04:00,MyStrategy,406dee05df944033af87042b9f89615c,SPY,buy,market,new,1,gtc,0.0,1,stock,,,
2020-05-29 09:30:00-04:00,MyStrategy,406dee05df944033af87042b9f89615c,SPY,buy,market,fill,1,gtc,0.0,1,stock,302.4599914550781,1.0,0.0
2020-05-29 12:30:00-04:00,MyStrategy,16c84d9528da4f0ca042a150cb842269,SPY,buy,market,new,1,gtc,0.0,1,stock,,,
2020-05-29 12:30:00-04:00,MyStrategy,16c84d9528da4f0ca042a150cb842269,SPY,buy,market,fill,1,gtc,0.0,1,stock,302.4599914550781,1.0,0.0
2020-05-29 15:30:00-04:00,MyStrategy,30660c75b350402b8e2a2845fdc230ae,SPY,buy,market,new,1,gtc,0.0,1,stock,,,
2020-05-29 15:30:00-04:00,MyStrategy,30660c75b350402b8e2a2845fdc230ae,SPY,buy,market,fill,1,gtc,0.0,1,stock,302.4599914550781,1.0,0.0
2020-06-01 09:30:00-04:00,MyStrategy,ab4fe6c3d76f4b83945aa2b383e5d3f5,SPY,buy,market,new,1,gtc,0.0,1,stock,,,
2020-06-01 09:30:00-04:00,MyStrategy,ab4fe6c3d76f4b83945aa2b383e5d3f5,SPY,buy,market,fill,1,gtc,0.0,1,stock,303.6199951171875,1.0,0.0
2020-06-01 12:30:00-04:00,MyStrategy,602bd45fc73b4c21b6c87744d0974603,SPY,buy,market,new,1,gtc,0.0,1,stock,,,
2020-06-01 12:30:00-04:00,MyStrategy,602bd45fc73b4c21b6c87744d0974603,SPY,buy,market,fill,1,gtc,0.0,1,stock,303.6199951171875,1.0,0.0
2020-06-01 15:30:00-04:00,MyStrategy,b0ad7ee400ff4fe69075622fc08d254c,SPY,buy,market,new,1,gtc,0.0,1,stock,,,
2020-06-01 15:30:00-04:00,MyStrategy,b0ad7ee400ff4fe69075622fc08d254c,SPY,buy,market,fill,1,gtc,0.0,1,stock,303.6199951171875,1.0,0.0
2020-06-02 09:30:00-04:00,MyStrategy,1f43477d8673403d947c2572227a08f4,SPY,buy,market,new,1,gtc,0.0,1,stock,,,
2020-06-02 09:30:00-04:00,MyStrategy,1f43477d8673403d947c2572227a08f4,SPY,buy,market,fill,1,gtc,0.0,1,stock,306.54998779296875,1.0,0.0
2020-06-02 12:30:00-04:00,MyStrategy,e00c11ebecc5436dac5e55a42bc0c192,SPY,buy,market,new,1,gtc,0.0,1,stock,,,
2020-06-02 12:30:00-04:00,MyStrategy,e00c11ebecc5436dac5e55a42bc0c192,SPY,buy,market,fill,1,gtc,0.0,1,stock,306.54998779296875,1.0,0.0
2020-06-02 15:30:00-04:00,MyStrategy,16fbed4d54dd4f5c9f3094b992604f92,SPY,buy,market,new,1,gtc,0.0,1,stock,,,
2020-06-02 15:30:00-04:00,MyStrategy,16fbed4d54dd4f5c9f3094b992604f92,SPY,buy,market,fill,1,gtc,0.0,1,stock,306.54998779296875,1.0,0.0
2020-06-03 09:30:00-04:00,MyStrategy,bbbcfb5fdc6341fe93788eefda7ba1ed,SPY,buy,market,new,1,gtc,0.0,1,stock,,,
2020-06-03 09:30:00-04:00,MyStrategy,bbbcfb5fdc6341fe93788eefda7ba1ed,SPY,buy,market,fill,1,gtc,0.0,1,stock,310.239990234375,1.0,0.0
2020-06-03 12:30:00-04:00,MyStrategy,4730644b76854f65897c236a6461f4e4,SPY,buy,market,new,1,gtc,0.0,1,stock,,,
2020-06-03 12:30:00-04:00,MyStrategy,4730644b76854f65897c236a6461f4e4,SPY,buy,market,fill,1,gtc,0.0,1,stock,310.239990234375,1.0,0.0
2020-06-03 15:30:00-04:00,MyStrategy,2059e0818c77402787c3b7dbbe5bbdd4,SPY,buy,market,new,1,gtc,0.0,1,stock,,,
2020-06-03 15:30:00-04:00,MyStrategy,2059e0818c77402787c3b7dbbe5bbdd4,SPY,buy,market,fill,1,gtc,0.0,1,stock,310.239990234375,1.0,0.0
2020-06-04 09:30:00-04:00,MyStrategy,55899082701c45419fa0977ed3f64310,SPY,buy,market,new,1,gtc,0.0,1,stock,,,
2020-06-04 09:30:00-04:00,MyStrategy,55899082701c45419fa0977ed3f64310,SPY,buy,market,fill,1,gtc,0.0,1,stock,311.1099853515625,1.0,0.0
2020-06-04 12:30:00-04:00,MyStrategy,ce9ef4f8fe54491a91bd1e1e843402e3,SPY,buy,market,new,1,gtc,0.0,1,stock,,,
2020-06-04 12:30:00-04:00,MyStrategy,ce9ef4f8fe54491a91bd1e1e843402e3,SPY,buy,market,fill,1,gtc,0.0,1,stock,311.1099853515625,1.0,0.0
2020-06-04 15:30:00-04:00,MyStrategy,a8ed41fd352942a7a61c9109f00f7825,SPY,buy,market,new,1,gtc,0.0,1,stock,,,
2020-06-04 15:30:00-04:00,MyStrategy,a8ed41fd352942a7a61c9109f00f7825,SPY,buy,market,fill,1,gtc,0.0,1,stock,311.1099853515625,1.0,0.0
2020-06-05 09:30:00-04:00,MyStrategy,45321475d3314c699e24b8a0eb5d7500,SPY,buy,market,new,1,gtc,0.0,1,stock,,,
2020-06-05 09:30:00-04:00,MyStrategy,45321475d3314c699e24b8a0eb5d7500,SPY,buy,market,fill,1,gtc,0.0,1,stock,317.2300109863281,1.0,0.0
2020-06-05 12:30:00-04:00,MyStrategy,d7560eb6e6054382ae4d47efe25291e1,SPY,buy,market,new,1,gtc,0.0,1,stock,,,
2020-06-05 12:30:00-04:00,MyStrategy,d7560eb6e6054382ae4d47efe25291e1,SPY,buy,market,fill,1,gtc,0.0,1,stock,317.2300109863281,1.0,0.0
2020-06-05 15:30:00-04:00,MyStrategy,e8235d48ba7b48e8a3d8870d4b3963eb,SPY,buy,market,new,1,gtc,0.0,1,stock,,,
2020-06-05 15:30:00-04:00,MyStrategy,e8235d48ba7b48e8a3d8870d4b3963eb,SPY,buy,market,fill,1,gtc,0.0,1,stock,317.2300109863281,1.0,0.0
2020-06-08 09:30:00-04:00,MyStrategy,f91b4ddace7e4553b26985705f458032,SPY,buy,market,new,1,gtc,0.0,1,stock,,,
2020-06-08 09:30:00-04:00,MyStrategy,f91b4ddace7e4553b26985705f458032,SPY,buy,market,fill,1,gtc,0.0,1,stock,320.2200012207031,1.0,0.0
2020-06-08 12:30:00-04:00,MyStrategy,786fdfe394f54e00b5d9efd9fa3673f8,SPY,buy,market,new,1,gtc,0.0,1,stock,,,
2020-06-08 12:30:00-04:00,MyStrategy,786fdfe394f54e00b5d9efd9fa3673f8,SPY,buy,market,fill,1,gtc,0.0,1,stock,320.2200012207031,1.0,0.0
2020-06-08 15:30:00-04:00,MyStrategy,3d79a573f1f44ceb9ed2f9e91ed76774,SPY,buy,market,new,1,gtc,0.0,1,stock,,,
2020-06-08 15:30:00-04:00,MyStrategy,3d79a573f1f44ceb9ed2f9e91ed76774,SPY,buy,market,fill,1,gtc,0.0,1,stock,320.2200012207031,1.0,0.0
2020-06-09 09:30:00-04:00,MyStrategy,ce99deeebba24437b2957f938f73fc56,SPY,buy,market,new,1,gtc,0.0,1,stock,,,
2020-06-09 09:30:00-04:00,MyStrategy,ce99deeebba24437b2957f938f73fc56,SPY,buy,market,fill,1,gtc,0.0,1,stock,320.29998779296875,1.0,0.0
2020-06-09 12:30:00-04:00,MyStrategy,4ad71bf9a5a3434ba01113a61fac85c9,SPY,buy,market,new,1,gtc,0.0,1,stock,,,
2020-06-09 12:30:00-04:00,MyStrategy,4ad71bf9a5a3434ba01113a61fac85c9,SPY,buy,market,fill,1,gtc,0.0,1,stock,320.29998779296875,1.0,0.0
2020-06-09 15:30:00-04:00,MyStrategy,09835852a8064e999cc3fde4c3e07aa4,SPY,buy,market,new,1,gtc,0.0,1,stock,,,
2020-06-09 15:30:00-04:00,MyStrategy,09835852a8064e999cc3fde4c3e07aa4,SPY,buy,market,fill,1,gtc,0.0,1,stock,320.29998779296875,1.0,0.0
2020-06-10 09:30:00-04:00,MyStrategy,dac2c3108d084ce9a3bd9f46f85310dc,SPY,buy,market,new,1,gtc,0.0,1,stock,,,
2020-06-10 09:30:00-04:00,MyStrategy,dac2c3108d084ce9a3bd9f46f85310dc,SPY,buy,market,fill,1,gtc,0.0,1,stock,321.4200134277344,1.0,0.0
2020-06-10 12:30:00-04:00,MyStrategy,3a13d4d365be42738b911d864c2097d5,SPY,buy,market,new,1,gtc,0.0,1,stock,,,
2020-06-10 12:30:00-04:00,MyStrategy,3a13d4d365be42738b911d864c2097d5,SPY,buy,market,fill,1,gtc,0.0,1,stock,321.4200134277344,1.0,0.0
2020-06-10 15:30:00-04:00,MyStrategy,686f0a492b38421a827a32d4c209fdf0,SPY,buy,market,new,1,gtc,0.0,1,stock,,,
2020-06-10 15:30:00-04:00,MyStrategy,686f0a492b38421a827a32d4c209fdf0,SPY,buy,market,fill,1,gtc,0.0,1,stock,321.4200134277344,1.0,0.0
2020-06-11 09:30:00-04:00,MyStrategy,5222e498b06b40e99ca21b41ed0e437a,SPY,buy,market,new,1,gtc,0.0,1,stock,,,
2020-06-11 09:30:00-04:00,MyStrategy,5222e498b06b40e99ca21b41ed0e437a,SPY,buy,market,fill,1,gtc,0.0,1,stock,311.4599914550781,1.0,0.0
2020-06-11 12:30:00-04:00,MyStrategy,8c2b7b8cc4354d45b9a08031fca2d6cc,SPY,buy,market,new,1,gtc,0.0,1,stock,,,
2020-06-11 12:30:00-04:00,MyStrategy,8c2b7b8cc4354d45b9a08031fca2d6cc,SPY,buy,market,fill,1,gtc,0.0,1,stock,311.4599914550781,1.0,0.0
2020-06-11 15:30:00-04:00,MyStrategy,71a9baf0b6c54f768b2d0af48809eb0c,SPY,buy,market,new,1,gtc,0.0,1,stock,,,
2020-06-11 15:30:00-04:00,MyStrategy,71a9baf0b6c54f768b2d0af48809eb0c,SPY,buy,market,fill,1,gtc,0.0,1,stock,311.4599914550781,1.0,0.0
2020-06-12 09:30:00-04:00,MyStrategy,93d361a2ce794029bf5d4ae9dbd2e465,SPY,buy,market,new,1,gtc,0.0,1,stock,,,
2020-06-12 09:30:00-04:00,MyStrategy,93d361a2ce794029bf5d4ae9dbd2e465,SPY,buy,market,fill,1,gtc,0.0,1,stock,308.239990234375,1.0,0.0
2020-06-12 12:30:00-04:00,MyStrategy,e94e2cd22f1947d48ac2bc82da19690a,SPY,buy,market,new,1,gtc,0.0,1,stock,,,
2020-06-12 12:30:00-04:00,MyStrategy,e94e2cd22f1947d48ac2bc82da19690a,SPY,buy,market,fill,1,gtc,0.0,1,stock,308.239990234375,1.0,0.0
2020-06-12 15:30:00-04:00,MyStrategy,1281ad23e75a4bbfb6a199cc72f62489,SPY,buy,market,new,1,gtc,0.0,1,stock,,,
2020-06-12 15:30:00-04:00,MyStrategy,1281ad23e75a4bbfb6a199cc72f62489,SPY,buy,market,fill,1,gtc,0.0,1,stock,308.239990234375,1.0,0.0
2020-06-15 09:30:00-04:00,MyStrategy,9ad918b13abb410eb2de72e78f43f65f,SPY,buy,market,new,1,gtc,0.0,1,stock,,,
2020-06-15 09:30:00-04:00,MyStrategy,9ad918b13abb410eb2de72e78f43f65f,SPY,buy,market,fill,1,gtc,0.0,1,stock,298.0199890136719,1.0,0.0
2020-06-15 12:30:00-04:00,MyStrategy,57935eaa019c404c86f0b91ae31da90b,SPY,buy,market,new,1,gtc,0.0,1,stock,,,
2020-06-15 12:30:00-04:00,MyStrategy,57935eaa019c404c86f0b91ae31da90b,SPY,buy,market,fill,1,gtc,0.0,1,stock,298.0199890136719,1.0,0.0
2020-06-15 15:30:00-04:00,MyStrategy,9314a15664c84a008ecd1403a0e8f9f0,SPY,buy,market,new,1,gtc,0.0,1,stock,,,
2020-06-15 15:30:00-04:00,MyStrategy,9314a15664c84a008ecd1403a0e8f9f0,SPY,buy,market,fill,1,gtc,0.0,1,stock,298.0199890136719,1.0,0.0
2020-06-16 09:30:00-04:00,MyStrategy,2bcb5ae463604ad6b76b2d56a714fc25,SPY,buy,market,new,1,gtc,0.0,1,stock,,,
2020-06-16 09:30:00-04:00,MyStrategy,2bcb5ae463604ad6b76b2d56a714fc25,SPY,buy,market,fill,1,gtc,0.0,1,stock,315.4800109863281,1.0,0.0
2020-06-16 12:30:00-04:00,MyStrategy,a9c1927dd58749b2999d7d2d84c71f30,SPY,buy,market,new,1,gtc,0.0,1,stock,,,
2020-06-16 12:30:00-04:00,MyStrategy,a9c1927dd58749b2999d7d2d84c71f30,SPY,buy,market,fill,1,gtc,0.0,1,stock,315.4800109863281,1.0,0.0
2020-06-16 15:30:00-04:00,MyStrategy,745109a1811446ab922ea3c89ee13910,SPY,buy,market,new,1,gtc,0.0,1,stock,,,
2020-06-16 15:30:00-04:00,MyStrategy,745109a1811446ab922ea3c89ee13910,SPY,buy,market,fill,1,gtc,0.0,1,stock,315.4800109863281,1.0,0.0
2020-06-17 09:30:00-04:00,MyStrategy,4d2ef45cdbaf446da4fe8dd1b4dd3514,SPY,buy,market,new,1,gtc,0.0,1,stock,,,
2020-06-17 09:30:00-04:00,MyStrategy,4d2ef45cdbaf446da4fe8dd1b4dd3514,SPY,buy,market,fill,1,gtc,0.0,1,stock,314.07000732421875,1.0,0.0
2020-06-17 12:30:00-04:00,MyStrategy,266061165098435b89681368ecd3a522,SPY,buy,market,new,1,gtc,0.0,1,stock,,,
2020-06-17 12:30:00-04:00,MyStrategy,266061165098435b89681368ecd3a522,SPY,buy,market,fill,1,gtc,0.0,1,stock,314.07000732421875,1.0,0.0
2020-06-17 15:30:00-04:00,MyStrategy,f0c15ddc5d0c4ba691828fa2979cec66,SPY,buy,market,new,1,gtc,0.0,1,stock,,,
2020-06-17 15:30:00-04:00,MyStrategy,f0c15ddc5d0c4ba691828fa2979cec66,SPY,buy,market,fill,1,gtc,0.0,1,stock,314.07000732421875,1.0,0.0
2020-06-18 09:30:00-04:00,MyStrategy,aff6d132217845d98280eebedde528f2,SPY,buy,market,new,1,gtc,0.0,1,stock,,,
2020-06-18 09:30:00-04:00,MyStrategy,aff6d132217845d98280eebedde528f2,SPY,buy,market,fill,1,gtc,0.0,1,stock,310.010009765625,1.0,0.0
2020-06-18 12:30:00-04:00,MyStrategy,e8f1a1bf654443f391f2a383e2bfbf87,SPY,buy,market,new,1,gtc,0.0,1,stock,,,
2020-06-18 12:30:00-04:00,MyStrategy,e8f1a1bf654443f391f2a383e2bfbf87,SPY,buy,market,fill,1,gtc,0.0,1,stock,310.010009765625,1.0,0.0
2020-06-18 15:30:00-04:00,MyStrategy,5f473dffda0f4158af6a27356b9fef83,SPY,buy,market,new,1,gtc,0.0,1,stock,,,
2020-06-18 15:30:00-04:00,MyStrategy,5f473dffda0f4158af6a27356b9fef83,SPY,buy,market,fill,1,gtc,0.0,1,stock,310.010009765625,1.0,0.0
2020-06-19 09:30:00-04:00,MyStrategy,79079e0e4b4e4f8498a97d45e8d90db8,SPY,buy,market,new,1,gtc,0.0,1,stock,,,
2020-06-19 09:30:00-04:00,MyStrategy,79079e0e4b4e4f8498a97d45e8d90db8,SPY,buy,market,fill,1,gtc,0.0,1,stock,314.1700134277344,1.0,0.0
2020-06-19 12:30:00-04:00,MyStrategy,f82269c800e94e1eac784918d7aa5002,SPY,buy,market,new,1,gtc,0.0,1,stock,,,
2020-06-19 12:30:00-04:00,MyStrategy,f82269c800e94e1eac784918d7aa5002,SPY,buy,market,fill,1,gtc,0.0,1,stock,314.1700134277344,1.0,0.0
2020-06-19 15:30:00-04:00,MyStrategy,165311162dc745a6a555c6b252c46fb0,SPY,buy,market,new,1,gtc,0.0,1,stock,,,
2020-06-19 15:30:00-04:00,MyStrategy,165311162dc745a6a555c6b252c46fb0,SPY,buy,market,fill,1,gtc,0.0,1,stock,314.1700134277344,1.0,0.0
2020-06-22 09:30:00-04:00,MyStrategy,98fcf62602a84f388a7c24f96f6f3431,SPY,buy,market,new,1,gtc,0.0,1,stock,,,
2020-06-22 09:30:00-04:00,MyStrategy,98fcf62602a84f388a7c24f96f6f3431,SPY,buy,market,fill,1,gtc,0.0,1,stock,307.989990234375,1.0,0.0
2020-06-22 12:30:00-04:00,MyStrategy,7306ff725a04447e916c9c8e5ecd8da9,SPY,buy,market,new,1,gtc,0.0,1,stock,,,
2020-06-22 12:30:00-04:00,MyStrategy,7306ff725a04447e916c9c8e5ecd8da9,SPY,buy,market,fill,1,gtc,0.0,1,stock,307.989990234375,1.0,0.0
2020-06-22 15:30:00-04:00,MyStrategy,41ccb11ff4d147458999cf2ae76de3ea,SPY,buy,market,new,1,gtc,0.0,1,stock,,,
2020-06-22 15:30:00-04:00,MyStrategy,41ccb11ff4d147458999cf2ae76de3ea,SPY,buy,market,fill,1,gtc,0.0,1,stock,307.989990234375,1.0,0.0
2020-06-23 09:30:00-04:00,MyStrategy,703e872568bb45a1950af363a7f32031,SPY,buy,market,new,1,gtc,0.0,1,stock,,,
2020-06-23 09:30:00-04:00,MyStrategy,703e872568bb45a1950af363a7f32031,SPY,buy,market,fill,1,gtc,0.0,1,stock,313.489990234375,1.0,0.0
2020-06-23 12:30:00-04:00,MyStrategy,1ac3c89da3804dcfaefa27595f2730fc,SPY,buy,market,new,1,gtc,0.0,1,stock,,,
2020-06-23 12:30:00-04:00,MyStrategy,1ac3c89da3804dcfaefa27595f2730fc,SPY,buy,market,fill,1,gtc,0.0,1,stock,313.489990234375,1.0,0.0
2020-06-23 15:30:00-04:00,MyStrategy,badcaf7d0cb1473fa2effd62ae6d77e6,SPY,buy,market,new,1,gtc,0.0,1,stock,,,
2020-06-23 15:30:00-04:00,MyStrategy,badcaf7d0cb1473fa2effd62ae6d77e6,SPY,buy,market,fill,1,gtc,0.0,1,stock,313.489990234375,1.0,0.0
2020-06-24 09:30:00-04:00,MyStrategy,a52674fae90f4ae1b6ca3cde755e4e36,SPY,buy,market,new,1,gtc,0.0,1,stock,,,
2020-06-24 09:30:00-04:00,MyStrategy,a52674fae90f4ae1b6ca3cde755e4e36,SPY,buy,market,fill,1,gtc,0.0,1,stock,309.8399963378906,1.0,0.0
2020-06-24 12:30:00-04:00,MyStrategy,0ffc2675fa6242759b8b61062c18663a,SPY,buy,market,new,1,gtc,0.0,1,stock,,,
2020-06-24 12:30:00-04:00,MyStrategy,0ffc2675fa6242759b8b61062c18663a,SPY,buy,market,fill,1,gtc,0.0,1,stock,309.8399963378906,1.0,0.0
2020-06-24 15:30:00-04:00,MyStrategy,78090f99d10c4f78bd5144fa3a2c0b6c,SPY,buy,market,new,1,gtc,0.0,1,stock,,,
2020-06-24 15:30:00-04:00,MyStrategy,78090f99d10c4f78bd5144fa3a2c0b6c,SPY,buy,market,fill,1,gtc,0.0,1,stock,309.8399963378906,1.0,0.0
2020-06-25 09:30:00-04:00,MyStrategy,f25d936566d54c529c600271bec6621b,SPY,buy,market,new,1,gtc,0.0,1,stock,,,
2020-06-25 09:30:00-04:00,MyStrategy,f25d936566d54c529c600271bec6621b,SPY,buy,market,fill,1,gtc,0.0,1,stock,303.4700012207031,1.0,0.0
2020-06-25 12:30:00-04:00,MyStrategy,3ad3e63d157d4acf9a0516336767284e,SPY,buy,market,new,1,gtc,0.0,1,stock,,,
2020-06-25 12:30:00-04:00,MyStrategy,3ad3e63d157d4acf9a0516336767284e,SPY,buy,market,fill,1,gtc,0.0,1,stock,303.4700012207031,1.0,0.0
2020-06-25 15:30:00-04:00,MyStrategy,0fe065e5004948fd806df9d8ba6f0276,SPY,buy,market,new,1,gtc,0.0,1,stock,,,
2020-06-25 15:30:00-04:00,MyStrategy,0fe065e5004948fd806df9d8ba6f0276,SPY,buy,market,fill,1,gtc,0.0,1,stock,303.4700012207031,1.0,0.0
2020-06-26 09:30:00-04:00,MyStrategy,c350feee76d74d93bdfcb38eff4a9a9a,SPY,buy,market,new,1,gtc,0.0,1,stock,,,
2020-06-26 09:30:00-04:00,MyStrategy,c350feee76d74d93bdfcb38eff4a9a9a,SPY,buy,market,fill,1,gtc,0.0,1,stock,306.1600036621094,1.0,0.0
2020-06-26 12:30:00-04:00,MyStrategy,d4b4191e96674e41b7ac05b7b13f8704,SPY,buy,market,new,1,gtc,0.0,1,stock,,,
2020-06-26 12:30:00-04:00,MyStrategy,d4b4191e96674e41b7ac05b7b13f8704,SPY,buy,market,fill,1,gtc,0.0,1,stock,306.1600036621094,1.0,0.0
2020-06-26 15:30:00-04:00,MyStrategy,e2b82492eda94e17b1c56318736aa1ac,SPY,buy,market,new,1,gtc,0.0,1,stock,,,
2020-06-26 15:30:00-04:00,MyStrategy,e2b82492eda94e17b1c56318736aa1ac,SPY,buy,market,fill,1,gtc,0.0,1,stock,306.1600036621094,1.0,0.0
2020-06-29 09:30:00-04:00,MyStrategy,b4c6f90e01914355a34a87cbe0614efb,SPY,buy,market,new,1,gtc,0.0,1,stock,,,
2020-06-29 09:30:00-04:00,MyStrategy,b4c6f90e01914355a34a87cbe0614efb,SPY,buy,market,fill,1,gtc,0.0,1,stock,301.4100036621094,1.0,0.0
2020-06-29 12:30:00-04:00,MyStrategy,2540a92251994bac9d39427edb4083b1,SPY,buy,market,new,1,gtc,0.0,1,stock,,,
2020-06-29 12:30:00-04:00,MyStrategy,2540a92251994bac9d39427edb4083b1,SPY,buy,market,fill,1,gtc,0.0,1,stock,301.4100036621094,1.0,0.0
2020-06-29 15:30:00-04:00,MyStrategy,d037474e7fde41e7aeae86d42ce83811,SPY,buy,market,new,1,gtc,0.0,1,stock,,,
2020-06-29 15:30:00-04:00,MyStrategy,d037474e7fde41e7aeae86d42ce83811,SPY,buy,market,fill,1,gtc,0.0,1,stock,301.4100036621094,1.0,0.0
2020-06-30 09:30:00-04:00,MyStrategy,ef1e142f83df485c84ebec473a65cd59,SPY,buy,market,new,1,gtc,0.0,1,stock,,,
2020-06-30 09:30:00-04:00,MyStrategy,ef1e142f83df485c84ebec473a65cd59,SPY,buy,market,fill,1,gtc,0.0,1,stock,303.989990234375,1.0,0.0
2020-06-30 12:30:00-04:00,MyStrategy,28d8a0ec9dd54ac1bb88ea55170cb25a,SPY,buy,market,new,1,gtc,0.0,1,stock,,,
2020-06-30 12:30:00-04:00,MyStrategy,28d8a0ec9dd54ac1bb88ea55170cb25a,SPY,buy,market,fill,1,gtc,0.0,1,stock,303.989990234375,1.0,0.0
2020-06-30 15:30:00-04:00,MyStrategy,d4bac1cfe20a43c0a834bbfcf7b21988,SPY,buy,market,new,1,gtc,0.0,1,stock,,,
2020-06-30 15:30:00-04:00,MyStrategy,d4bac1cfe20a43c0a834bbfcf7b21988,SPY,buy,market,fill,1,gtc,0.0,1,stock,303.989990234375,1.0,0.0
2020-07-01 09:30:00-04:00,MyStrategy,5644b810417142e698f3188168810096,SPY,buy,market,new,1,gtc,0.0,1,stock,,,
2020-07-01 09:30:00-04:00,MyStrategy,5644b810417142e698f3188168810096,SPY,buy,market,fill,1,gtc,0.0,1,stock,309.57000732421875,1.0,0.0
2020-07-01 12:30:00-04:00,MyStrategy,85152805d4f740e293f3539f3f427c57,SPY,buy,market,new,1,gtc,0.0,1,stock,,,
2020-07-01 12:30:00-04:00,MyStrategy,85152805d4f740e293f3539f3f427c57,SPY,buy,market,fill,1,gtc,0.0,1,stock,309.57000732421875,1.0,0.0
2020-07-01 15:30:00-04:00,MyStrategy,ef71a55b0b664b57b6c5da4a9b848708,SPY,buy,market,new,1,gtc,0.0,1,stock,,,
2020-07-01 15:30:00-04:00,MyStrategy,ef71a55b0b664b57b6c5da4a9b848708,SPY,buy,market,fill,1,gtc,0.0,1,stock,309.57000732421875,1.0,0.0
2020-07-02 09:30:00-04:00,MyStrategy,299be0ea90824aeb92ed32e2031e7506,SPY,buy,market,new,1,gtc,0.0,1,stock,,,
2020-07-02 09:30:00-04:00,MyStrategy,299be0ea90824aeb92ed32e2031e7506,SPY,buy,market,fill,1,gtc,0.0,1,stock,314.239990234375,1.0,0.0
2020-07-02 12:30:00-04:00,MyStrategy,09f7f13e6b3140b19b8dd5367719c4b6,SPY,buy,market,new,1,gtc,0.0,1,stock,,,
2020-07-02 12:30:00-04:00,MyStrategy,09f7f13e6b3140b19b8dd5367719c4b6,SPY,buy,market,fill,1,gtc,0.0,1,stock,314.239990234375,1.0,0.0
2020-07-02 15:30:00-04:00,MyStrategy,e08fd43ceed74330b204ba90cbb0bf7d,SPY,buy,market,new,1,gtc,0.0,1,stock,,,
2020-07-02 15:30:00-04:00,MyStrategy,e08fd43ceed74330b204ba90cbb0bf7d,SPY,buy,market,fill,1,gtc,0.0,1,stock,314.239990234375,1.0,0.0
2020-07-06 09:30:00-04:00,MyStrategy,56a12fb47c734390b9953aff7e22c3da,SPY,buy,market,new,1,gtc,0.0,1,stock,,,
2020-07-06 09:30:00-04:00,MyStrategy,56a12fb47c734390b9953aff7e22c3da,SPY,buy,market,fill,1,gtc,0.0,1,stock,316.3699951171875,1.0,0.0
2020-07-06 12:30:00-04:00,MyStrategy,3c4c66047cd54c7a8cbd5ae416f1b9da,SPY,buy,market,new,1,gtc,0.0,1,stock,,,
2020-07-06 12:30:00-04:00,MyStrategy,3c4c66047cd54c7a8cbd5ae416f1b9da,SPY,buy,market,fill,1,gtc,0.0,1,stock,316.3699951171875,1.0,0.0
2020-07-06 15:30:00-04:00,MyStrategy,fccc7867e8d54c06953c6259732c5cd7,SPY,buy,market,new,1,gtc,0.0,1,stock,,,
2020-07-06 15:30:00-04:00,MyStrategy,fccc7867e8d54c06953c6259732c5cd7,SPY,buy,market,fill,1,gtc,0.0,1,stock,316.3699951171875,1.0,0.0
2020-07-07 09:30:00-04:00,MyStrategy,ebffe529a36542b59118d8cf0eb780dd,SPY,buy,market,new,1,gtc,0.0,1,stock,,,
2020-07-07 09:30:00-04:00,MyStrategy,ebffe529a36542b59118d8cf0eb780dd,SPY,buy,market,fill,1,gtc,0.0,1,stock,315.3800048828125,1.0,0.0
2020-07-07 12:30:00-04:00,MyStrategy,0f2cdb6093974c579a0cc8742ca8e292,SPY,buy,market,new,1,gtc,0.0,1,stock,,,
2020-07-07 12:30:00-04:00,MyStrategy,0f2cdb6093974c579a0cc8742ca8e292,SPY,buy,market,fill,1,gtc,0.0,1,stock,315.3800048828125,1.0,0.0
2020-07-07 15:30:00-04:00,MyStrategy,5a3e405cfd984c98808bef87645145be,SPY,buy,market,new,1,gtc,0.0,1,stock,,,
2020-07-07 15:30:00-04:00,MyStrategy,5a3e405cfd984c98808bef87645145be,SPY,buy,market,fill,1,gtc,0.0,1,stock,315.3800048828125,1.0,0.0
2020-07-08 09:30:00-04:00,MyStrategy,e96cb986cb634f2bb7895226d52fc013,SPY,buy,market,new,1,gtc,0.0,1,stock,,,
2020-07-08 09:30:00-04:00,MyStrategy,e96cb986cb634f2bb7895226d52fc013,SPY,buy,market,fill,1,gtc,0.0,1,stock,314.6099853515625,1.0,0.0
2020-07-08 12:30:00-04:00,MyStrategy,a47240d6c6a44e2bada76fa461edd252,SPY,buy,market,new,1,gtc,0.0,1,stock,,,
2020-07-08 12:30:00-04:00,MyStrategy,a47240d6c6a44e2bada76fa461edd252,SPY,buy,market,fill,1,gtc,0.0,1,stock,314.6099853515625,1.0,0.0
2020-07-08 15:30:00-04:00,MyStrategy,ae0f3ebb35894026b012e865ed9f3176,SPY,buy,market,new,1,gtc,0.0,1,stock,,,
2020-07-08 15:30:00-04:00,MyStrategy,ae0f3ebb35894026b012e865ed9f3176,SPY,buy,market,fill,1,gtc,0.0,1,stock,314.6099853515625,1.0,0.0
2020-07-09 09:30:00-04:00,MyStrategy,027a124992a444ef952cdef35ca8f62b,SPY,buy,market,new,1,gtc,0.0,1,stock,,,
2020-07-09 09:30:00-04:00,MyStrategy,027a124992a444ef952cdef35ca8f62b,SPY,buy,market,fill,1,gtc,0.0,1,stock,316.8399963378906,1.0,0.0
2020-07-09 12:30:00-04:00,MyStrategy,b0bb766512f94311b85ef91c9edf8d22,SPY,buy,market,new,1,gtc,0.0,1,stock,,,
2020-07-09 12:30:00-04:00,MyStrategy,b0bb766512f94311b85ef91c9edf8d22,SPY,buy,market,fill,1,gtc,0.0,1,stock,316.8399963378906,1.0,0.0
2020-07-09 15:30:00-04:00,MyStrategy,6b835589622248c09dfd80993328b333,SPY,buy,market,new,1,gtc,0.0,1,stock,,,
2020-07-09 15:30:00-04:00,MyStrategy,6b835589622248c09dfd80993328b333,SPY,buy,market,fill,1,gtc,0.0,1,stock,316.8399963378906,1.0,0.0
2020-07-10 09:30:00-04:00,MyStrategy,b29e9f03edc64a99afc514302d129a5a,SPY,buy,market,new,1,gtc,0.0,1,stock,,,
2020-07-10 09:30:00-04:00,MyStrategy,b29e9f03edc64a99afc514302d129a5a,SPY,buy,market,fill,1,gtc,0.0,1,stock,314.30999755859375,1.0,0.0
2020-07-10 12:30:00-04:00,MyStrategy,1e2b3bcd9b6c4fb09ad71d6cbed6293d,SPY,buy,market,new,1,gtc,0.0,1,stock,,,
2020-07-10 12:30:00-04:00,MyStrategy,1e2b3bcd9b6c4fb09ad71d6cbed6293d,SPY,buy,market,fill,1,gtc,0.0,1,stock,314.30999755859375,1.0,0.0
2020-07-10 15:30:00-04:00,MyStrategy,f2002a3810dc445b9b95bb5231d1b8e7,SPY,buy,market,new,1,gtc,0.0,1,stock,,,
2020-07-10 15:30:00-04:00,MyStrategy,f2002a3810dc445b9b95bb5231d1b8e7,SPY,buy,market,fill,1,gtc,0.0,1,stock,314.30999755859375,1.0,0.0
2020-07-13 09:30:00-04:00,MyStrategy,9b147f775176430c8dc567d9e2838ce0,SPY,buy,market,new,1,gtc,0.0,1,stock,,,
2020-07-13 09:30:00-04:00,MyStrategy,9b147f775176430c8dc567d9e2838ce0,SPY,buy,market,fill,1,gtc,0.0,1,stock,320.1300048828125,1.0,0.0
2020-07-13 12:30:00-04:00,MyStrategy,7a4c7bb1b58f49de861bc858faf35c9a,SPY,buy,market,new,1,gtc,0.0,1,stock,,,
2020-07-13 12:30:00-04:00,MyStrategy,7a4c7bb1b58f49de861bc858faf35c9a,SPY,buy,market,fill,1,gtc,0.0,1,stock,320.1300048828125,1.0,0.0
2020-07-13 15:30:00-04:00,MyStrategy,2e23c8f3134f42569694744b6ada2329,SPY,buy,market,new,1,gtc,0.0,1,stock,,,
2020-07-13 15:30:00-04:00,MyStrategy,2e23c8f3134f42569694744b6ada2329,SPY,buy,market,fill,1,gtc,0.0,1,stock,320.1300048828125,1.0,0.0
2020-07-14 09:30:00-04:00,MyStrategy,25ea71b6db9b4cd3b04ee7f05d577b2c,SPY,buy,market,new,1,gtc,0.0,1,stock,,,
2020-07-14 09:30:00-04:00,MyStrategy,25ea71b6db9b4cd3b04ee7f05d577b2c,SPY,buy,market,fill,1,gtc,0.0,1,stock,313.29998779296875,1.0,0.0
2020-07-14 12:30:00-04:00,MyStrategy,5ab5e102cc7742c9b65b66149150779d,SPY,buy,market,new,1,gtc,0.0,1,stock,,,
2020-07-14 12:30:00-04:00,MyStrategy,5ab5e102cc7742c9b65b66149150779d,SPY,buy,market,fill,1,gtc,0.0,1,stock,313.29998779296875,1.0,0.0
2020-07-14 15:30:00-04:00,MyStrategy,448d6c9494b64d968e998d7db42eeaa1,SPY,buy,market,new,1,gtc,0.0,1,stock,,,
2020-07-14 15:30:00-04:00,MyStrategy,448d6c9494b64d968e998d7db42eeaa1,SPY,buy,market,fill,1,gtc,0.0,1,stock,313.29998779296875,1.0,0.0
2020-07-15 09:30:00-04:00,MyStrategy,8118ab86a05d4d9fa529ddf057801447,SPY,buy,market,new,1,gtc,0.0,1,stock,,,
2020-07-15 09:30:00-04:00,MyStrategy,8118ab86a05d4d9fa529ddf057801447,SPY,buy,market,fill,1,gtc,0.0,1,stock,322.4100036621094,1.0,0.0
2020-07-15 12:30:00-04:00,MyStrategy,a2ccb03dffa445c9a121a1483cc6cb35,SPY,buy,market,new,1,gtc,0.0,1,stock,,,
2020-07-15 12:30:00-04:00,MyStrategy,a2ccb03dffa445c9a121a1483cc6cb35,SPY,buy,market,fill,1,gtc,0.0,1,stock,322.4100036621094,1.0,0.0
2020-07-15 15:30:00-04:00,MyStrategy,73acf1051e0b434293043ba4829ea134,SPY,buy,market,new,1,gtc,0.0,1,stock,,,
2020-07-15 15:30:00-04:00,MyStrategy,73acf1051e0b434293043ba4829ea134,SPY,buy,market,fill,1,gtc,0.0,1,stock,322.4100036621094,1.0,0.0
2020-07-16 09:30:00-04:00,MyStrategy,8b62863a105f460d96b6fd971503a5c8,SPY,buy,market,new,1,gtc,0.0,1,stock,,,
2020-07-16 09:30:00-04:00,MyStrategy,8b62863a105f460d96b6fd971503a5c8,SPY,buy,market,fill,1,gtc,0.0,1,stock,319.7900085449219,1.0,0.0
2020-07-16 12:30:00-04:00,MyStrategy,fd29a48a25654515b3776f2feb9a74d9,SPY,buy,market,new,1,gtc,0.0,1,stock,,,
2020-07-16 12:30:00-04:00,MyStrategy,fd29a48a25654515b3776f2feb9a74d9,SPY,buy,market,fill,1,gtc,0.0,1,stock,319.7900085449219,1.0,0.0
2020-07-16 15:30:00-04:00,MyStrategy,e5715281740c4ebe8ef61bb11c678a62,SPY,buy,market,new,1,gtc,0.0,1,stock,,,
2020-07-16 15:30:00-04:00,MyStrategy,e5715281740c4ebe8ef61bb11c678a62,SPY,buy,market,fill,1,gtc,0.0,1,stock,319.7900085449219,1.0,0.0
2020-07-17 09:30:00-04:00,MyStrategy,68df1a1e659d4ff1b1aad23bd72e5fc2,SPY,buy,market,new,1,gtc,0.0,1,stock,,,
2020-07-17 09:30:00-04:00,MyStrategy,68df1a1e659d4ff1b1aad23bd72e5fc2,SPY,buy,market,fill,1,gtc,0.0,1,stock,321.8800048828125,1.0,0.0
2020-07-17 12:30:00-04:00,MyStrategy,fef6b1db5459478fa545d06af3ddde6e,SPY,buy,market,new,1,gtc,0.0,1,stock,,,
2020-07-17 12:30:00-04:00,MyStrategy,fef6b1db5459478fa545d06af3ddde6e,SPY,buy,market,fill,1,gtc,0.0,1,stock,321.8800048828125,1.0,0.0
2020-07-17 15:30:00-04:00,MyStrategy,fa199ed4fad54f25a1e600b5a1f3224e,SPY,buy,market,new,1,gtc,0.0,1,stock,,,
2020-07-17 15:30:00-04:00,MyStrategy,fa199ed4fad54f25a1e600b5a1f3224e,SPY,buy,market,fill,1,gtc,0.0,1,stock,321.8800048828125,1.0,0.0
2020-07-20 09:30:00-04:00,MyStrategy,460647aa9fdd4efd926459da676ff97a,SPY,buy,market,new,1,gtc,0.0,1,stock,,,
2020-07-20 09:30:00-04:00,MyStrategy,460647aa9fdd4efd926459da676ff97a,SPY,buy,market,fill,1,gtc,0.0,1,stock,321.42999267578125,1.0,0.0
2020-07-20 12:30:00-04:00,MyStrategy,381d256d3a994b638780a18e6fe4744f,SPY,buy,market,new,1,gtc,0.0,1,stock,,,
2020-07-20 12:30:00-04:00,MyStrategy,381d256d3a994b638780a18e6fe4744f,SPY,buy,market,fill,1,gtc,0.0,1,stock,321.42999267578125,1.0,0.0
2020-07-20 15:30:00-04:00,MyStrategy,40404166d42a42729577383f4fc63ec2,SPY,buy,market,new,1,gtc,0.0,1,stock,,,
2020-07-20 15:30:00-04:00,MyStrategy,40404166d42a42729577383f4fc63ec2,SPY,buy,market,fill,1,gtc,0.0,1,stock,321.42999267578125,1.0,0.0
2020-07-21 09:30:00-04:00,MyStrategy,c021eeaf949340ccb981468541a97f09,SPY,buy,market,new,1,gtc,0.0,1,stock,,,
2020-07-21 09:30:00-04:00,MyStrategy,c021eeaf949340ccb981468541a97f09,SPY,buy,market,fill,1,gtc,0.0,1,stock,326.45001220703125,1.0,0.0
2020-07-21 12:30:00-04:00,MyStrategy,a4b709d9952141bb890f374aff82e070,SPY,buy,market,new,1,gtc,0.0,1,stock,,,
2020-07-21 12:30:00-04:00,MyStrategy,a4b709d9952141bb890f374aff82e070,SPY,buy,market,fill,1,gtc,0.0,1,stock,326.45001220703125,1.0,0.0
2020-07-21 15:30:00-04:00,MyStrategy,4ac521f0720e4dcca8dbac974c9628cd,SPY,buy,market,new,1,gtc,0.0,1,stock,,,
2020-07-21 15:30:00-04:00,MyStrategy,4ac521f0720e4dcca8dbac974c9628cd,SPY,buy,market,fill,1,gtc,0.0,1,stock,326.45001220703125,1.0,0.0
2020-07-22 09:30:00-04:00,MyStrategy,eb0c917c698944f7a0bbb71898e976b0,SPY,buy,market,new,1,gtc,0.0,1,stock,,,
2020-07-22 09:30:00-04:00,MyStrategy,eb0c917c698944f7a0bbb71898e976b0,SPY,buy,market,fill,1,gtc,0.0,1,stock,324.6199951171875,1.0,0.0
2020-07-22 12:30:00-04:00,MyStrategy,7b86c9c794c34781b53e463e96b85fae,SPY,buy,market,new,1,gtc,0.0,1,stock,,,
2020-07-22 12:30:00-04:00,MyStrategy,7b86c9c794c34781b53e463e96b85fae,SPY,buy,market,fill,1,gtc,0.0,1,stock,324.6199951171875,1.0,0.0
2020-07-22 15:30:00-04:00,MyStrategy,83d8a37108064bb3ab122038f701a324,SPY,buy,market,new,1,gtc,0.0,1,stock,,,
2020-07-22 15:30:00-04:00,MyStrategy,83d8a37108064bb3ab122038f701a324,SPY,buy,market,fill,1,gtc,0.0,1,stock,324.6199951171875,1.0,0.0
2020-07-23 09:30:00-04:00,MyStrategy,761f03e5ad0a4eec9d677939744b0f1d,SPY,buy,market,new,1,gtc,0.0,1,stock,,,
2020-07-23 09:30:00-04:00,MyStrategy,761f03e5ad0a4eec9d677939744b0f1d,SPY,buy,market,fill,1,gtc,0.0,1,stock,326.4700012207031,1.0,0.0
2020-07-23 12:30:00-04:00,MyStrategy,f22911b3d1ac488d9d5573d8ab861a17,SPY,buy,market,new,1,gtc,0.0,1,stock,,,
2020-07-23 12:30:00-04:00,MyStrategy,f22911b3d1ac488d9d5573d8ab861a17,SPY,buy,market,fill,1,gtc,0.0,1,stock,326.4700012207031,1.0,0.0
2020-07-23 15:30:00-04:00,MyStrategy,9f30c1730e124fb4adbac6862998537e,SPY,buy,market,new,1,gtc,0.0,1,stock,,,
2020-07-23 15:30:00-04:00,MyStrategy,9f30c1730e124fb4adbac6862998537e,SPY,buy,market,fill,1,gtc,0.0,1,stock,326.4700012207031,1.0,0.0
2020-07-24 09:30:00-04:00,MyStrategy,bcacc36f7c9742b4ab3c02a53ad6ad36,SPY,buy,market,new,1,gtc,0.0,1,stock,,,
2020-07-24 09:30:00-04:00,MyStrategy,bcacc36f7c9742b4ab3c02a53ad6ad36,SPY,buy,market,fill,1,gtc,0.0,1,stock,320.95001220703125,1.0,0.0
2020-07-24 12:30:00-04:00,MyStrategy,20cc65ef2cac415ebead986284e15c27,SPY,buy,market,new,1,gtc,0.0,1,stock,,,
2020-07-24 12:30:00-04:00,MyStrategy,20cc65ef2cac415ebead986284e15c27,SPY,buy,market,fill,1,gtc,0.0,1,stock,320.95001220703125,1.0,0.0
2020-07-24 15:30:00-04:00,MyStrategy,79e0f084edc64f8aad598776309c3481,SPY,buy,market,new,1,gtc,0.0,1,stock,,,
2020-07-24 15:30:00-04:00,MyStrategy,79e0f084edc64f8aad598776309c3481,SPY,buy,market,fill,1,gtc,0.0,1,stock,320.95001220703125,1.0,0.0
2020-07-27 09:30:00-04:00,MyStrategy,c439becf01614247854e316320068b75,SPY,buy,market,new,1,gtc,0.0,1,stock,,,
2020-07-27 09:30:00-04:00,MyStrategy,c439becf01614247854e316320068b75,SPY,buy,market,fill,1,gtc,0.0,1,stock,321.6300048828125,1.0,0.0
2020-07-27 12:30:00-04:00,MyStrategy,376b066aa637498d85a85173c89e42e2,SPY,buy,market,new,1,gtc,0.0,1,stock,,,
2020-07-27 12:30:00-04:00,MyStrategy,376b066aa637498d85a85173c89e42e2,SPY,buy,market,fill,1,gtc,0.0,1,stock,321.6300048828125,1.0,0.0
2020-07-27 15:30:00-04:00,MyStrategy,1b29ee2e9d7444b394d026c08e6bf1ae,SPY,buy,market,new,1,gtc,0.0,1,stock,,,
2020-07-27 15:30:00-04:00,MyStrategy,1b29ee2e9d7444b394d026c08e6bf1ae,SPY,buy,market,fill,1,gtc,0.0,1,stock,321.6300048828125,1.0,0.0
2020-07-28 09:30:00-04:00,MyStrategy,0063e750bbbf4884b76a1e02e95d7306,SPY,buy,market,new,1,gtc,0.0,1,stock,,,
2020-07-28 09:30:00-04:00,MyStrategy,0063e750bbbf4884b76a1e02e95d7306,SPY,buy,market,fill,1,gtc,0.0,1,stock,322.42999267578125,1.0,0.0
2020-07-28 12:30:00-04:00,MyStrategy,fc0704b3f6274f5190f25d4e63f06bc0,SPY,buy,market,new,1,gtc,0.0,1,stock,,,
2020-07-28 12:30:00-04:00,MyStrategy,fc0704b3f6274f5190f25d4e63f06bc0,SPY,buy,market,fill,1,gtc,0.0,1,stock,322.42999267578125,1.0,0.0
2020-07-28 15:30:00-04:00,MyStrategy,b64d826050994e91ae805fc86946a7ca,SPY,buy,market,new,1,gtc,0.0,1,stock,,,
2020-07-28 15:30:00-04:00,MyStrategy,b64d826050994e91ae805fc86946a7ca,SPY,buy,market,fill,1,gtc,0.0,1,stock,322.42999267578125,1.0,0.0
2020-07-29 09:30:00-04:00,MyStrategy,f8a17943995e4d36b579980cca4cbdc5,SPY,buy,market,new,1,gtc,0.0,1,stock,,,
2020-07-29 09:30:00-04:00,MyStrategy,f8a17943995e4d36b579980cca4cbdc5,SPY,buy,market,fill,1,gtc,0.0,1,stock,322.1199951171875,1.0,0.0
2020-07-29 12:30:00-04:00,MyStrategy,55cbb70574974338a6480cea45861ab2,SPY,buy,market,new,1,gtc,0.0,1,stock,,,
2020-07-29 12:30:00-04:00,MyStrategy,55cbb70574974338a6480cea45861ab2,SPY,buy,market,fill,1,gtc,0.0,1,stock,322.1199951171875,1.0,0.0
2020-07-29 15:30:00-04:00,MyStrategy,e7142a213f9a4f34a1a495dff66ffc9b,SPY,buy,market,new,1,gtc,0.0,1,stock,,,
2020-07-29 15:30:00-04:00,MyStrategy,e7142a213f9a4f34a1a495dff66ffc9b,SPY,buy,market,fill,1,gtc,0.0,1,stock,322.1199951171875,1.0,0.0
2020-07-30 09:30:00-04:00,MyStrategy,986bcc6332c0412f9b8b1c9437908708,SPY,buy,market,new,1,gtc,0.0,1,stock,,,
2020-07-30 09:30:00-04:00,MyStrategy,986bcc6332c0412f9b8b1c9437908708,SPY,buy,market,fill,1,gtc,0.0,1,stock,321.8999938964844,1.0,0.0
2020-07-30 12:30:00-04:00,MyStrategy,1680558411964cc9ba3b8990ffe60fcb,SPY,buy,market,new,1,gtc,0.0,1,stock,,,
2020-07-30 12:30:00-04:00,MyStrategy,1680558411964cc9ba3b8990ffe60fcb,SPY,buy,market,fill,1,gtc,0.0,1,stock,321.8999938964844,1.0,0.0
2020-07-30 15:30:00-04:00,MyStrategy,c56cbc3ee7f34b96b723d7693a8eefed,SPY,buy,market,new,1,gtc,0.0,1,stock,,,
2020-07-30 15:30:00-04:00,MyStrategy,c56cbc3ee7f34b96b723d7693a8eefed,SPY,buy,market,fill,1,gtc,0.0,1,stock,321.8999938964844,1.0,0.0
2020-07-31 09:30:00-04:00,MyStrategy,845b3e9c07654269a82f95b2f2f934b0,SPY,buy,market,new,1,gtc,0.0,1,stock,,,
2020-07-31 09:30:00-04:00,MyStrategy,845b3e9c07654269a82f95b2f2f934b0,SPY,buy,market,fill,1,gtc,0.0,1,stock,325.8999938964844,1.0,0.0
2020-07-31 12:30:00-04:00,MyStrategy,9fb46647e1834771bcc054ae93eb33f4,SPY,buy,market,new,1,gtc,0.0,1,stock,,,
2020-07-31 12:30:00-04:00,MyStrategy,9fb46647e1834771bcc054ae93eb33f4,SPY,buy,market,fill,1,gtc,0.0,1,stock,325.8999938964844,1.0,0.0
2020-07-31 15:30:00-04:00,MyStrategy,e6d87e1d561e45c484c85e86bf72cd30,SPY,buy,market,new,1,gtc,0.0,1,stock,,,
2020-07-31 15:30:00-04:00,MyStrategy,e6d87e1d561e45c484c85e86bf72cd30,SPY,buy,market,fill,1,gtc,0.0,1,stock,325.8999938964844,1.0,0.0
2020-08-03 09:30:00-04:00,MyStrategy,8c44a42e07be46f2952fc7a5595195e0,SPY,buy,market,new,1,gtc,0.0,1,stock,,,
2020-08-03 09:30:00-04:00,MyStrategy,8c44a42e07be46f2952fc7a5595195e0,SPY,buy,market,fill,1,gtc,0.0,1,stock,328.32000732421875,1.0,0.0
2020-08-03 12:30:00-04:00,MyStrategy,6c2973f7d81f48f8b469febde8c14418,SPY,buy,market,new,1,gtc,0.0,1,stock,,,
2020-08-03 12:30:00-04:00,MyStrategy,6c2973f7d81f48f8b469febde8c14418,SPY,buy,market,fill,1,gtc,0.0,1,stock,328.32000732421875,1.0,0.0
2020-08-03 15:30:00-04:00,MyStrategy,85925142c918492187a689617fab3ae4,SPY,buy,market,new,1,gtc,0.0,1,stock,,,
2020-08-03 15:30:00-04:00,MyStrategy,85925142c918492187a689617fab3ae4,SPY,buy,market,fill,1,gtc,0.0,1,stock,328.32000732421875,1.0,0.0
2020-08-04 09:30:00-04:00,MyStrategy,f1052c93ec0f434883a14bac6120e988,SPY,buy,market,new,1,gtc,0.0,1,stock,,,
2020-08-04 09:30:00-04:00,MyStrategy,f1052c93ec0f434883a14bac6120e988,SPY,buy,market,fill,1,gtc,0.0,1,stock,327.8599853515625,1.0,0.0
2020-08-04 12:30:00-04:00,MyStrategy,68ff34e76c7b472fa6bde5c6cfbcb0b2,SPY,buy,market,new,1,gtc,0.0,1,stock,,,
2020-08-04 12:30:00-04:00,MyStrategy,68ff34e76c7b472fa6bde5c6cfbcb0b2,SPY,buy,market,fill,1,gtc,0.0,1,stock,327.8599853515625,1.0,0.0
2020-08-04 15:30:00-04:00,MyStrategy,8b391492ce4a41be88e0ec99071065e1,SPY,buy,market,new,1,gtc,0.0,1,stock,,,
2020-08-04 15:30:00-04:00,MyStrategy,8b391492ce4a41be88e0ec99071065e1,SPY,buy,market,fill,1,gtc,0.0,1,stock,327.8599853515625,1.0,0.0
2020-08-05 09:30:00-04:00,MyStrategy,95e48ab24adf4eb691c87d6816032b61,SPY,buy,market,new,1,gtc,0.0,1,stock,,,
2020-08-05 09:30:00-04:00,MyStrategy,95e48ab24adf4eb691c87d6816032b61,SPY,buy,market,fill,1,gtc,0.0,1,stock,331.4700012207031,1.0,0.0
2020-08-05 12:30:00-04:00,MyStrategy,55309a81edd04df281030da827f5b866,SPY,buy,market,new,1,gtc,0.0,1,stock,,,
2020-08-05 12:30:00-04:00,MyStrategy,55309a81edd04df281030da827f5b866,SPY,buy,market,fill,1,gtc,0.0,1,stock,331.4700012207031,1.0,0.0
2020-08-05 15:30:00-04:00,MyStrategy,e688e26ea1ab4a29952e35f626c689dd,SPY,buy,market,new,1,gtc,0.0,1,stock,,,
2020-08-05 15:30:00-04:00,MyStrategy,e688e26ea1ab4a29952e35f626c689dd,SPY,buy,market,fill,1,gtc,0.0,1,stock,331.4700012207031,1.0,0.0
2020-08-06 09:30:00-04:00,MyStrategy,e36d22bd2cb54ca5afc5dd939159b760,SPY,buy,market,new,1,gtc,0.0,1,stock,,,
2020-08-06 09:30:00-04:00,MyStrategy,e36d22bd2cb54ca5afc5dd939159b760,SPY,buy,market,fill,1,gtc,0.0,1,stock,331.4800109863281,1.0,0.0
2020-08-06 12:30:00-04:00,MyStrategy,7d3f9f9274d7409ab2d1a110f1320579,SPY,buy,market,new,1,gtc,0.0,1,stock,,,
2020-08-06 12:30:00-04:00,MyStrategy,7d3f9f9274d7409ab2d1a110f1320579,SPY,buy,market,fill,1,gtc,0.0,1,stock,331.4800109863281,1.0,0.0
2020-08-06 15:30:00-04:00,MyStrategy,cd639d2c9f8544d7bf98abc946b37754,SPY,buy,market,new,1,gtc,0.0,1,stock,,,
2020-08-06 15:30:00-04:00,MyStrategy,cd639d2c9f8544d7bf98abc946b37754,SPY,buy,market,fill,1,gtc,0.0,1,stock,331.4800109863281,1.0,0.0
2020-08-07 09:30:00-04:00,MyStrategy,33d2fbafd28448669f5b34e1bc46d262,SPY,buy,market,new,1,gtc,0.0,1,stock,,,
2020-08-07 09:30:00-04:00,MyStrategy,33d2fbafd28448669f5b34e1bc46d262,SPY,buy,market,fill,1,gtc,0.0,1,stock,333.2799987792969,1.0,0.0
2020-08-07 12:30:00-04:00,MyStrategy,0cc13a7fd9a745bb8e8ece311430b0bf,SPY,buy,market,new,1,gtc,0.0,1,stock,,,
2020-08-07 12:30:00-04:00,MyStrategy,0cc13a7fd9a745bb8e8ece311430b0bf,SPY,buy,market,fill,1,gtc,0.0,1,stock,333.2799987792969,1.0,0.0
2020-08-07 15:30:00-04:00,MyStrategy,ffd6f84cca01483b898018a0b9b80b40,SPY,buy,market,new,1,gtc,0.0,1,stock,,,
2020-08-07 15:30:00-04:00,MyStrategy,ffd6f84cca01483b898018a0b9b80b40,SPY,buy,market,fill,1,gtc,0.0,1,stock,333.2799987792969,1.0,0.0
2020-08-10 09:30:00-04:00,MyStrategy,fe7d5f765e5949faae3f13d8d5ef0c18,SPY,buy,market,new,1,gtc,0.0,1,stock,,,
2020-08-10 09:30:00-04:00,MyStrategy,fe7d5f765e5949faae3f13d8d5ef0c18,SPY,buy,market,fill,1,gtc,0.0,1,stock,335.05999755859375,1.0,0.0
2020-08-10 12:30:00-04:00,MyStrategy,eac1c3363dcf4fedb6a2b3c2158f6ebd,SPY,buy,market,new,1,gtc,0.0,1,stock,,,
2020-08-10 12:30:00-04:00,MyStrategy,eac1c3363dcf4fedb6a2b3c2158f6ebd,SPY,buy,market,fill,1,gtc,0.0,1,stock,335.05999755859375,1.0,0.0
2020-08-10 15:30:00-04:00,MyStrategy,59e52aa59e8649a3957c1c8c2fc9a2c8,SPY,buy,market,new,1,gtc,0.0,1,stock,,,
2020-08-10 15:30:00-04:00,MyStrategy,59e52aa59e8649a3957c1c8c2fc9a2c8,SPY,buy,market,fill,1,gtc,0.0,1,stock,335.05999755859375,1.0,0.0
2020-08-11 09:30:00-04:00,MyStrategy,fb1879e8e8604a5a9bf23ade932ca832,SPY,buy,market,new,1,gtc,0.0,1,stock,,,
2020-08-11 09:30:00-04:00,MyStrategy,fb1879e8e8604a5a9bf23ade932ca832,SPY,buy,market,fill,1,gtc,0.0,1,stock,336.8500061035156,1.0,0.0
2020-08-11 12:30:00-04:00,MyStrategy,d9be7e67291a453ea4e3acadfb4e7c21,SPY,buy,market,new,1,gtc,0.0,1,stock,,,
2020-08-11 12:30:00-04:00,MyStrategy,d9be7e67291a453ea4e3acadfb4e7c21,SPY,buy,market,fill,1,gtc,0.0,1,stock,336.8500061035156,1.0,0.0
2020-08-11 15:30:00-04:00,MyStrategy,1cedb0d8a50c43fe92b4fd79389fd945,SPY,buy,market,new,1,gtc,0.0,1,stock,,,
2020-08-11 15:30:00-04:00,MyStrategy,1cedb0d8a50c43fe92b4fd79389fd945,SPY,buy,market,fill,1,gtc,0.0,1,stock,336.8500061035156,1.0,0.0
2020-08-12 09:30:00-04:00,MyStrategy,43c2dec771204a7cb476b77566824c54,SPY,buy,market,new,1,gtc,0.0,1,stock,,,
2020-08-12 09:30:00-04:00,MyStrategy,43c2dec771204a7cb476b77566824c54,SPY,buy,market,fill,1,gtc,0.0,1,stock,335.44000244140625,1.0,0.0
2020-08-12 12:30:00-04:00,MyStrategy,8177e00b7e064b2c80941410313219fc,SPY,buy,market,new,1,gtc,0.0,1,stock,,,
2020-08-12 12:30:00-04:00,MyStrategy,8177e00b7e064b2c80941410313219fc,SPY,buy,market,fill,1,gtc,0.0,1,stock,335.44000244140625,1.0,0.0
2020-08-12 15:30:00-04:00,MyStrategy,ebb3c16fb379459aa3cf75bf77611ca1,SPY,buy,market,new,1,gtc,0.0,1,stock,,,
2020-08-12 15:30:00-04:00,MyStrategy,ebb3c16fb379459aa3cf75bf77611ca1,SPY,buy,market,fill,1,gtc,0.0,1,stock,335.44000244140625,1.0,0.0
2020-08-13 09:30:00-04:00,MyStrategy,a88a27ee568b4f2c8288db7a32c4ff63,SPY,buy,market,new,1,gtc,0.0,1,stock,,,
2020-08-13 09:30:00-04:00,MyStrategy,a88a27ee568b4f2c8288db7a32c4ff63,SPY,buy,market,fill,1,gtc,0.0,1,stock,336.6099853515625,1.0,0.0
2020-08-13 12:30:00-04:00,MyStrategy,85809828cb6f4780b7c7b387eb8967de,SPY,buy,market,new,1,gtc,0.0,1,stock,,,
2020-08-13 12:30:00-04:00,MyStrategy,85809828cb6f4780b7c7b387eb8967de,SPY,buy,market,fill,1,gtc,0.0,1,stock,336.6099853515625,1.0,0.0
2020-08-13 15:30:00-04:00,MyStrategy,cab56eebe11e4098b78549c4098e3828,SPY,buy,market,new,1,gtc,0.0,1,stock,,,
2020-08-13 15:30:00-04:00,MyStrategy,cab56eebe11e4098b78549c4098e3828,SPY,buy,market,fill,1,gtc,0.0,1,stock,336.6099853515625,1.0,0.0
2020-08-14 09:30:00-04:00,MyStrategy,e57029f08e2847fbac49b5b98191d77e,SPY,buy,market,new,1,gtc,0.0,1,stock,,,
2020-08-14 09:30:00-04:00,MyStrategy,e57029f08e2847fbac49b5b98191d77e,SPY,buy,market,fill,1,gtc,0.0,1,stock,336.4100036621094,1.0,0.0
2020-08-14 12:30:00-04:00,MyStrategy,845f82585e924af7aa41a711535de2ae,SPY,buy,market,new,1,gtc,0.0,1,stock,,,
2020-08-14 12:30:00-04:00,MyStrategy,845f82585e924af7aa41a711535de2ae,SPY,buy,market,fill,1,gtc,0.0,1,stock,336.4100036621094,1.0,0.0
2020-08-14 15:30:00-04:00,MyStrategy,5db668e1f0ce4f1ca4dc21b1d8cd6618,SPY,buy,market,new,1,gtc,0.0,1,stock,,,
2020-08-14 15:30:00-04:00,MyStrategy,5db668e1f0ce4f1ca4dc21b1d8cd6618,SPY,buy,market,fill,1,gtc,0.0,1,stock,336.4100036621094,1.0,0.0
2020-08-17 09:30:00-04:00,MyStrategy,c819e77d487941b0b7c516029710e915,SPY,buy,market,new,1,gtc,0.0,1,stock,,,
2020-08-17 09:30:00-04:00,MyStrategy,c819e77d487941b0b7c516029710e915,SPY,buy,market,fill,1,gtc,0.0,1,stock,337.94000244140625,1.0,0.0
2020-08-17 12:30:00-04:00,MyStrategy,4570538233a741428033fe7ffd4920c6,SPY,buy,market,new,1,gtc,0.0,1,stock,,,
2020-08-17 12:30:00-04:00,MyStrategy,4570538233a741428033fe7ffd4920c6,SPY,buy,market,fill,1,gtc,0.0,1,stock,337.94000244140625,1.0,0.0
2020-08-17 15:30:00-04:00,MyStrategy,42b303338d8b4979a203033099d8d290,SPY,buy,market,new,1,gtc,0.0,1,stock,,,
2020-08-17 15:30:00-04:00,MyStrategy,42b303338d8b4979a203033099d8d290,SPY,buy,market,fill,1,gtc,0.0,1,stock,337.94000244140625,1.0,0.0
2020-08-18 09:30:00-04:00,MyStrategy,0cf4e3ffda244a19b54d0b5cc4250606,SPY,buy,market,new,1,gtc,0.0,1,stock,,,
2020-08-18 09:30:00-04:00,MyStrategy,0cf4e3ffda244a19b54d0b5cc4250606,SPY,buy,market,fill,1,gtc,0.0,1,stock,338.3399963378906,1.0,0.0
2020-08-18 12:30:00-04:00,MyStrategy,ef0db97adda54588a2dcddecc89571b0,SPY,buy,market,new,1,gtc,0.0,1,stock,,,
2020-08-18 12:30:00-04:00,MyStrategy,ef0db97adda54588a2dcddecc89571b0,SPY,buy,market,fill,1,gtc,0.0,1,stock,338.3399963378906,1.0,0.0
2020-08-18 15:30:00-04:00,MyStrategy,54005fab28744fec85bb79deb2650eb7,SPY,buy,market,new,1,gtc,0.0,1,stock,,,
2020-08-18 15:30:00-04:00,MyStrategy,54005fab28744fec85bb79deb2650eb7,SPY,buy,market,fill,1,gtc,0.0,1,stock,338.3399963378906,1.0,0.0
2020-08-19 09:30:00-04:00,MyStrategy,ac6fed073543486c9fcd73c383cbfea0,SPY,buy,market,new,1,gtc,0.0,1,stock,,,
2020-08-19 09:30:00-04:00,MyStrategy,ac6fed073543486c9fcd73c383cbfea0,SPY,buy,market,fill,1,gtc,0.0,1,stock,339.04998779296875,1.0,0.0
2020-08-19 12:30:00-04:00,MyStrategy,c0c881930deb40829cb3baacf464b38e,SPY,buy,market,new,1,gtc,0.0,1,stock,,,
2020-08-19 12:30:00-04:00,MyStrategy,c0c881930deb40829cb3baacf464b38e,SPY,buy,market,fill,1,gtc,0.0,1,stock,339.04998779296875,1.0,0.0
2020-08-19 15:30:00-04:00,MyStrategy,d192f6235aee48af85cb0d8e6526c7fd,SPY,buy,market,new,1,gtc,0.0,1,stock,,,
2020-08-19 15:30:00-04:00,MyStrategy,d192f6235aee48af85cb0d8e6526c7fd,SPY,buy,market,fill,1,gtc,0.0,1,stock,339.04998779296875,1.0,0.0
2020-08-20 09:30:00-04:00,MyStrategy,2f75cfd149cc4fab937e5cb8ceef085e,SPY,buy,market,new,1,gtc,0.0,1,stock,,,
2020-08-20 09:30:00-04:00,MyStrategy,2f75cfd149cc4fab937e5cb8ceef085e,SPY,buy,market,fill,1,gtc,0.0,1,stock,335.3599853515625,1.0,0.0
2020-08-20 12:30:00-04:00,MyStrategy,6f4e5706a6394f4aa58ec8d442812cde,SPY,buy,market,new,1,gtc,0.0,1,stock,,,
2020-08-20 12:30:00-04:00,MyStrategy,6f4e5706a6394f4aa58ec8d442812cde,SPY,buy,market,fill,1,gtc,0.0,1,stock,335.3599853515625,1.0,0.0
2020-08-20 15:30:00-04:00,MyStrategy,1054d6ec16d6495b8ca4565400dac5ee,SPY,buy,market,new,1,gtc,0.0,1,stock,,,
2020-08-20 15:30:00-04:00,MyStrategy,1054d6ec16d6495b8ca4565400dac5ee,SPY,buy,market,fill,1,gtc,0.0,1,stock,335.3599853515625,1.0,0.0
2020-08-21 09:30:00-04:00,MyStrategy,7f4bf01ab42c4b76a48582da0cb3ea24,SPY,buy,market,new,1,gtc,0.0,1,stock,,,
2020-08-21 09:30:00-04:00,MyStrategy,7f4bf01ab42c4b76a48582da0cb3ea24,SPY,buy,market,fill,1,gtc,0.0,1,stock,337.9200134277344,1.0,0.0
2020-08-21 12:30:00-04:00,MyStrategy,4db711f31315498ab2479a74ecf0b0bd,SPY,buy,market,new,1,gtc,0.0,1,stock,,,
2020-08-21 12:30:00-04:00,MyStrategy,4db711f31315498ab2479a74ecf0b0bd,SPY,buy,market,fill,1,gtc,0.0,1,stock,337.9200134277344,1.0,0.0
2020-08-21 15:30:00-04:00,MyStrategy,21b90c5ae86b4ec19d79ee62e3e9d823,SPY,buy,market,new,1,gtc,0.0,1,stock,,,
2020-08-21 15:30:00-04:00,MyStrategy,21b90c5ae86b4ec19d79ee62e3e9d823,SPY,buy,market,fill,1,gtc,0.0,1,stock,337.9200134277344,1.0,0.0
2020-08-24 09:30:00-04:00,MyStrategy,23bd62b4e83b4d4aa5ae2d928bdecbd4,SPY,buy,market,new,1,gtc,0.0,1,stock,,,
2020-08-24 09:30:00-04:00,MyStrategy,23bd62b4e83b4d4aa5ae2d928bdecbd4,SPY,buy,market,fill,1,gtc,0.0,1,stock,342.1199951171875,1.0,0.0
2020-08-24 12:30:00-04:00,MyStrategy,619994ffd9de4962b68b665678922fbc,SPY,buy,market,new,1,gtc,0.0,1,stock,,,
2020-08-24 12:30:00-04:00,MyStrategy,619994ffd9de4962b68b665678922fbc,SPY,buy,market,fill,1,gtc,0.0,1,stock,342.1199951171875,1.0,0.0
2020-08-24 15:30:00-04:00,MyStrategy,a839dda54147412d999a39bd11cc6d71,SPY,buy,market,new,1,gtc,0.0,1,stock,,,
2020-08-24 15:30:00-04:00,MyStrategy,a839dda54147412d999a39bd11cc6d71,SPY,buy,market,fill,1,gtc,0.0,1,stock,342.1199951171875,1.0,0.0
2020-08-25 09:30:00-04:00,MyStrategy,d8d5f914e4784f609303cd16e615a25a,SPY,buy,market,new,1,gtc,0.0,1,stock,,,
2020-08-25 09:30:00-04:00,MyStrategy,d8d5f914e4784f609303cd16e615a25a,SPY,buy,market,fill,1,gtc,0.0,1,stock,343.5299987792969,1.0,0.0
2020-08-25 12:30:00-04:00,MyStrategy,de712e5bb73b49bab0877fec3940f68c,SPY,buy,market,new,1,gtc,0.0,1,stock,,,
2020-08-25 12:30:00-04:00,MyStrategy,de712e5bb73b49bab0877fec3940f68c,SPY,buy,market,fill,1,gtc,0.0,1,stock,343.5299987792969,1.0,0.0
2020-08-25 15:30:00-04:00,MyStrategy,86b104201d9a4fd59b43c819b3f61b34,SPY,buy,market,new,1,gtc,0.0,1,stock,,,
2020-08-25 15:30:00-04:00,MyStrategy,86b104201d9a4fd59b43c819b3f61b34,SPY,buy,market,fill,1,gtc,0.0,1,stock,343.5299987792969,1.0,0.0
2020-08-26 09:30:00-04:00,MyStrategy,ecef8ef2948d418fb72accd466700284,SPY,buy,market,new,1,gtc,0.0,1,stock,,,
2020-08-26 09:30:00-04:00,MyStrategy,ecef8ef2948d418fb72accd466700284,SPY,buy,market,fill,1,gtc,0.0,1,stock,344.760009765625,1.0,0.0
2020-08-26 12:30:00-04:00,MyStrategy,04e1d8d74fc04e85ac80e9ae2f303a9d,SPY,buy,market,new,1,gtc,0.0,1,stock,,,
2020-08-26 12:30:00-04:00,MyStrategy,04e1d8d74fc04e85ac80e9ae2f303a9d,SPY,buy,market,fill,1,gtc,0.0,1,stock,344.760009765625,1.0,0.0
2020-08-26 15:30:00-04:00,MyStrategy,90229627bd5c4904b3747a5e2935190c,SPY,buy,market,new,1,gtc,0.0,1,stock,,,
2020-08-26 15:30:00-04:00,MyStrategy,90229627bd5c4904b3747a5e2935190c,SPY,buy,market,fill,1,gtc,0.0,1,stock,344.760009765625,1.0,0.0
2020-08-27 09:30:00-04:00,MyStrategy,8e411eb9c6e1493caf09da0d5968e02a,SPY,buy,market,new,1,gtc,0.0,1,stock,,,
2020-08-27 09:30:00-04:00,MyStrategy,8e411eb9c6e1493caf09da0d5968e02a,SPY,buy,market,fill,1,gtc,0.0,1,stock,348.510009765625,1.0,0.0
2020-08-27 12:30:00-04:00,MyStrategy,13355e85e4604ca0a2cce579f13df017,SPY,buy,market,new,1,gtc,0.0,1,stock,,,
2020-08-27 12:30:00-04:00,MyStrategy,13355e85e4604ca0a2cce579f13df017,SPY,buy,market,fill,1,gtc,0.0,1,stock,348.510009765625,1.0,0.0
2020-08-27 15:30:00-04:00,MyStrategy,25e086aa420341e9a393317857187979,SPY,buy,market,new,1,gtc,0.0,1,stock,,,
2020-08-27 15:30:00-04:00,MyStrategy,25e086aa420341e9a393317857187979,SPY,buy,market,fill,1,gtc,0.0,1,stock,348.510009765625,1.0,0.0
2020-08-28 09:30:00-04:00,MyStrategy,558058e5f1fa4da39cfe9b71a47d6edc,SPY,buy,market,new,1,gtc,0.0,1,stock,,,
2020-08-28 09:30:00-04:00,MyStrategy,558058e5f1fa4da39cfe9b71a47d6edc,SPY,buy,market,fill,1,gtc,0.0,1,stock,349.44000244140625,1.0,0.0
2020-08-28 12:30:00-04:00,MyStrategy,b92dbb927873439aaab63ebf85d972a2,SPY,buy,market,new,1,gtc,0.0,1,stock,,,
2020-08-28 12:30:00-04:00,MyStrategy,b92dbb927873439aaab63ebf85d972a2,SPY,buy,market,fill,1,gtc,0.0,1,stock,349.44000244140625,1.0,0.0
2020-08-28 15:30:00-04:00,MyStrategy,72e42277f47f42bea12b249e637deacb,SPY,buy,market,new,1,gtc,0.0,1,stock,,,
2020-08-28 15:30:00-04:00,MyStrategy,72e42277f47f42bea12b249e637deacb,SPY,buy,market,fill,1,gtc,0.0,1,stock,349.44000244140625,1.0,0.0
2020-08-31 09:30:00-04:00,MyStrategy,83cc1c0f78204304a5f6b28ecc691acb,SPY,buy,market,new,1,gtc,0.0,1,stock,,,
2020-08-31 09:30:00-04:00,MyStrategy,83cc1c0f78204304a5f6b28ecc691acb,SPY,buy,market,fill,1,gtc,0.0,1,stock,350.3500061035156,1.0,0.0
2020-08-31 12:30:00-04:00,MyStrategy,3fbcde702d594f7b89fdcae2c1a9ba19,SPY,buy,market,new,1,gtc,0.0,1,stock,,,
2020-08-31 12:30:00-04:00,MyStrategy,3fbcde702d594f7b89fdcae2c1a9ba19,SPY,buy,market,fill,1,gtc,0.0,1,stock,350.3500061035156,1.0,0.0
2020-08-31 15:30:00-04:00,MyStrategy,cf2c8a77deb0405eb5d0691fd64b52ec,SPY,buy,market,new,1,gtc,0.0,1,stock,,,
2020-08-31 15:30:00-04:00,MyStrategy,cf2c8a77deb0405eb5d0691fd64b52ec,SPY,buy,market,fill,1,gtc,0.0,1,stock,350.3500061035156,1.0,0.0
2020-09-01 09:30:00-04:00,MyStrategy,15ba86e8f771456992dd8b44460681b6,SPY,buy,market,new,1,gtc,0.0,1,stock,,,
2020-09-01 09:30:00-04:00,MyStrategy,15ba86e8f771456992dd8b44460681b6,SPY,buy,market,fill,1,gtc,0.0,1,stock,350.2099914550781,1.0,0.0
2020-09-01 12:30:00-04:00,MyStrategy,531f58effa264a2aa25d5fc4ded71224,SPY,buy,market,new,1,gtc,0.0,1,stock,,,
2020-09-01 12:30:00-04:00,MyStrategy,531f58effa264a2aa25d5fc4ded71224,SPY,buy,market,fill,1,gtc,0.0,1,stock,350.2099914550781,1.0,0.0
2020-09-01 15:30:00-04:00,MyStrategy,52d6389453a24134b4f988d70f4d0ed3,SPY,buy,market,new,1,gtc,0.0,1,stock,,,
2020-09-01 15:30:00-04:00,MyStrategy,52d6389453a24134b4f988d70f4d0ed3,SPY,buy,market,fill,1,gtc,0.0,1,stock,350.2099914550781,1.0,0.0
2020-09-02 09:30:00-04:00,MyStrategy,1ce4cb6ee2cf4dd18c483a6e8402b9f2,SPY,buy,market,new,1,gtc,0.0,1,stock,,,
2020-09-02 09:30:00-04:00,MyStrategy,1ce4cb6ee2cf4dd18c483a6e8402b9f2,SPY,buy,market,fill,1,gtc,0.0,1,stock,354.6700134277344,1.0,0.0
2020-09-02 12:30:00-04:00,MyStrategy,17a9fdfb954a4872b36e0928d1e7e7bd,SPY,buy,market,new,1,gtc,0.0,1,stock,,,
2020-09-02 12:30:00-04:00,MyStrategy,17a9fdfb954a4872b36e0928d1e7e7bd,SPY,buy,market,fill,1,gtc,0.0,1,stock,354.6700134277344,1.0,0.0
2020-09-02 15:30:00-04:00,MyStrategy,1d04ec703bcd4a0ca8a6c605bae62ac8,SPY,buy,market,new,1,gtc,0.0,1,stock,,,
2020-09-02 15:30:00-04:00,MyStrategy,1d04ec703bcd4a0ca8a6c605bae62ac8,SPY,buy,market,fill,1,gtc,0.0,1,stock,354.6700134277344,1.0,0.0
2020-09-03 09:30:00-04:00,MyStrategy,a11a39f9db3b4cb6a82dc2a783eb5702,SPY,buy,market,new,1,gtc,0.0,1,stock,,,
2020-09-03 09:30:00-04:00,MyStrategy,a11a39f9db3b4cb6a82dc2a783eb5702,SPY,buy,market,fill,1,gtc,0.0,1,stock,355.8699951171875,1.0,0.0
2020-09-03 12:30:00-04:00,MyStrategy,b174f04fea844b178c2f1dcb040161c2,SPY,buy,market,new,1,gtc,0.0,1,stock,,,
2020-09-03 12:30:00-04:00,MyStrategy,b174f04fea844b178c2f1dcb040161c2,SPY,buy,market,fill,1,gtc,0.0,1,stock,355.8699951171875,1.0,0.0
2020-09-03 15:30:00-04:00,MyStrategy,46bf644ffe484117b3ef218f232a8a50,SPY,buy,market,new,1,gtc,0.0,1,stock,,,
2020-09-03 15:30:00-04:00,MyStrategy,46bf644ffe484117b3ef218f232a8a50,SPY,buy,market,fill,1,gtc,0.0,1,stock,355.8699951171875,1.0,0.0
2020-09-04 09:30:00-04:00,MyStrategy,33db1c51450b4bc58fab37e66efd610e,SPY,buy,market,new,1,gtc,0.0,1,stock,,,
2020-09-04 09:30:00-04:00,MyStrategy,33db1c51450b4bc58fab37e66efd610e,SPY,buy,market,fill,1,gtc,0.0,1,stock,346.1300048828125,1.0,0.0
2020-09-04 12:30:00-04:00,MyStrategy,0fd5183fc9544970a24811941c3b7d67,SPY,buy,market,new,1,gtc,0.0,1,stock,,,
2020-09-04 12:30:00-04:00,MyStrategy,0fd5183fc9544970a24811941c3b7d67,SPY,buy,market,fill,1,gtc,0.0,1,stock,346.1300048828125,1.0,0.0
2020-09-04 15:30:00-04:00,MyStrategy,36e4234ef5014d75ac4fdd4483e769ee,SPY,buy,market,new,1,gtc,0.0,1,stock,,,
2020-09-04 15:30:00-04:00,MyStrategy,36e4234ef5014d75ac4fdd4483e769ee,SPY,buy,market,fill,1,gtc,0.0,1,stock,346.1300048828125,1.0,0.0
2020-09-08 09:30:00-04:00,MyStrategy,bed57c9c8e344a9d959a4ab322050274,SPY,buy,market,new,1,gtc,0.0,1,stock,,,
2020-09-08 09:30:00-04:00,MyStrategy,bed57c9c8e344a9d959a4ab322050274,SPY,buy,market,fill,1,gtc,0.0,1,stock,336.7099914550781,1.0,0.0
2020-09-08 12:30:00-04:00,MyStrategy,9548aca482804b38a16503d148cfc6ca,SPY,buy,market,new,1,gtc,0.0,1,stock,,,
2020-09-08 12:30:00-04:00,MyStrategy,9548aca482804b38a16503d148cfc6ca,SPY,buy,market,fill,1,gtc,0.0,1,stock,336.7099914550781,1.0,0.0
2020-09-08 15:30:00-04:00,MyStrategy,8dab2770a5024c018b10bcb62e51bf5f,SPY,buy,market,new,1,gtc,0.0,1,stock,,,
2020-09-08 15:30:00-04:00,MyStrategy,8dab2770a5024c018b10bcb62e51bf5f,SPY,buy,market,fill,1,gtc,0.0,1,stock,336.7099914550781,1.0,0.0
2020-09-09 09:30:00-04:00,MyStrategy,a78e375673654ad795508a5e4beb8db6,SPY,buy,market,new,1,gtc,0.0,1,stock,,,
2020-09-09 09:30:00-04:00,MyStrategy,a78e375673654ad795508a5e4beb8db6,SPY,buy,market,fill,1,gtc,0.0,1,stock,337.54998779296875,1.0,0.0
2020-09-09 12:30:00-04:00,MyStrategy,d956a69132374017858a30163f69acd4,SPY,buy,market,new,1,gtc,0.0,1,stock,,,
2020-09-09 12:30:00-04:00,MyStrategy,d956a69132374017858a30163f69acd4,SPY,buy,market,fill,1,gtc,0.0,1,stock,337.54998779296875,1.0,0.0
2020-09-09 15:30:00-04:00,MyStrategy,34f77f84b4a048ec95cbd39161fafa52,SPY,buy,market,new,1,gtc,0.0,1,stock,,,
2020-09-09 15:30:00-04:00,MyStrategy,34f77f84b4a048ec95cbd39161fafa52,SPY,buy,market,fill,1,gtc,0.0,1,stock,337.54998779296875,1.0,0.0
2020-09-10 09:30:00-04:00,MyStrategy,76a9baecdcc54ef9861b2629373ce536,SPY,buy,market,new,1,gtc,0.0,1,stock,,,
2020-09-10 09:30:00-04:00,MyStrategy,76a9baecdcc54ef9861b2629373ce536,SPY,buy,market,fill,1,gtc,0.0,1,stock,341.82000732421875,1.0,0.0
2020-09-10 12:30:00-04:00,MyStrategy,35e9db8560ca4675805f816f4a2a37c9,SPY,buy,market,new,1,gtc,0.0,1,stock,,,
2020-09-10 12:30:00-04:00,MyStrategy,35e9db8560ca4675805f816f4a2a37c9,SPY,buy,market,fill,1,gtc,0.0,1,stock,341.82000732421875,1.0,0.0
2020-09-10 15:30:00-04:00,MyStrategy,0b8cf7a48e6045819c699256d0842873,SPY,buy,market,new,1,gtc,0.0,1,stock,,,
2020-09-10 15:30:00-04:00,MyStrategy,0b8cf7a48e6045819c699256d0842873,SPY,buy,market,fill,1,gtc,0.0,1,stock,341.82000732421875,1.0,0.0
2020-09-11 09:30:00-04:00,MyStrategy,e50c30deb3a542fc85ae527560b1bf93,SPY,buy,market,new,1,gtc,0.0,1,stock,,,
2020-09-11 09:30:00-04:00,MyStrategy,e50c30deb3a542fc85ae527560b1bf93,SPY,buy,market,fill,1,gtc,0.0,1,stock,335.82000732421875,1.0,0.0
2020-09-11 12:30:00-04:00,MyStrategy,50adbf66f3de4cd78b393ca0a04e35b7,SPY,buy,market,new,1,gtc,0.0,1,stock,,,
2020-09-11 12:30:00-04:00,MyStrategy,50adbf66f3de4cd78b393ca0a04e35b7,SPY,buy,market,fill,1,gtc,0.0,1,stock,335.82000732421875,1.0,0.0
2020-09-11 15:30:00-04:00,MyStrategy,6129ca072ed6409b8e01bd95b9b73230,SPY,buy,market,new,1,gtc,0.0,1,stock,,,
2020-09-11 15:30:00-04:00,MyStrategy,6129ca072ed6409b8e01bd95b9b73230,SPY,buy,market,fill,1,gtc,0.0,1,stock,335.82000732421875,1.0,0.0
2020-09-14 09:30:00-04:00,MyStrategy,88c87a04a31841c99579c60b9cba031a,SPY,buy,market,new,1,gtc,0.0,1,stock,,,
2020-09-14 09:30:00-04:00,MyStrategy,88c87a04a31841c99579c60b9cba031a,SPY,buy,market,fill,1,gtc,0.0,1,stock,337.489990234375,1.0,0.0
2020-09-14 12:30:00-04:00,MyStrategy,f40200fbe0f2405b809bb83de96848f4,SPY,buy,market,new,1,gtc,0.0,1,stock,,,
2020-09-14 12:30:00-04:00,MyStrategy,f40200fbe0f2405b809bb83de96848f4,SPY,buy,market,fill,1,gtc,0.0,1,stock,337.489990234375,1.0,0.0
2020-09-14 15:30:00-04:00,MyStrategy,825c5eefa6564c49ba55a54f67a8746b,SPY,buy,market,new,1,gtc,0.0,1,stock,,,
2020-09-14 15:30:00-04:00,MyStrategy,825c5eefa6564c49ba55a54f67a8746b,SPY,buy,market,fill,1,gtc,0.0,1,stock,337.489990234375,1.0,0.0
2020-09-15 09:30:00-04:00,MyStrategy,c03b0562187c4864ac730b3ff3ec09e4,SPY,buy,market,new,1,gtc,0.0,1,stock,,,
2020-09-15 09:30:00-04:00,MyStrategy,c03b0562187c4864ac730b3ff3ec09e4,SPY,buy,market,fill,1,gtc,0.0,1,stock,341.1199951171875,1.0,0.0
2020-09-15 12:30:00-04:00,MyStrategy,117c3f4bc81e4864a8820dd058a19c5d,SPY,buy,market,new,1,gtc,0.0,1,stock,,,
2020-09-15 12:30:00-04:00,MyStrategy,117c3f4bc81e4864a8820dd058a19c5d,SPY,buy,market,fill,1,gtc,0.0,1,stock,341.1199951171875,1.0,0.0
2020-09-15 15:30:00-04:00,MyStrategy,e9a6e1f52a844e248c141331258eeee8,SPY,buy,market,new,1,gtc,0.0,1,stock,,,
2020-09-15 15:30:00-04:00,MyStrategy,e9a6e1f52a844e248c141331258eeee8,SPY,buy,market,fill,1,gtc,0.0,1,stock,341.1199951171875,1.0,0.0
2020-09-16 09:30:00-04:00,MyStrategy,8ecb229f45e64ca5bd654a8f309fb201,SPY,buy,market,new,1,gtc,0.0,1,stock,,,
2020-09-16 09:30:00-04:00,MyStrategy,8ecb229f45e64ca5bd654a8f309fb201,SPY,buy,market,fill,1,gtc,0.0,1,stock,341.510009765625,1.0,0.0
2020-09-16 12:30:00-04:00,MyStrategy,01fdce841f5a47ba98362edf090d1258,SPY,buy,market,new,1,gtc,0.0,1,stock,,,
2020-09-16 12:30:00-04:00,MyStrategy,01fdce841f5a47ba98362edf090d1258,SPY,buy,market,fill,1,gtc,0.0,1,stock,341.510009765625,1.0,0.0
2020-09-16 15:30:00-04:00,MyStrategy,365f4538ce70427b854d5b25b28c35c5,SPY,buy,market,new,1,gtc,0.0,1,stock,,,
2020-09-16 15:30:00-04:00,MyStrategy,365f4538ce70427b854d5b25b28c35c5,SPY,buy,market,fill,1,gtc,0.0,1,stock,341.510009765625,1.0,0.0
2020-09-17 09:30:00-04:00,MyStrategy,aae4373b07a74982a3410c6bcbf33a21,SPY,buy,market,new,1,gtc,0.0,1,stock,,,
2020-09-17 09:30:00-04:00,MyStrategy,aae4373b07a74982a3410c6bcbf33a21,SPY,buy,market,fill,1,gtc,0.0,1,stock,333.55999755859375,1.0,0.0
2020-09-17 12:30:00-04:00,MyStrategy,e63b12cc2ebe4824b644fb706c5461ed,SPY,buy,market,new,1,gtc,0.0,1,stock,,,
2020-09-17 12:30:00-04:00,MyStrategy,e63b12cc2ebe4824b644fb706c5461ed,SPY,buy,market,fill,1,gtc,0.0,1,stock,333.55999755859375,1.0,0.0
2020-09-17 15:30:00-04:00,MyStrategy,09477f8b63e04998868e24afe37bda34,SPY,buy,market,new,1,gtc,0.0,1,stock,,,
2020-09-17 15:30:00-04:00,MyStrategy,09477f8b63e04998868e24afe37bda34,SPY,buy,market,fill,1,gtc,0.0,1,stock,333.55999755859375,1.0,0.0
2020-09-18 09:30:00-04:00,MyStrategy,4b041ba6408948b7bb2eb201ce744513,SPY,buy,market,new,1,gtc,0.0,1,stock,,,
2020-09-18 09:30:00-04:00,MyStrategy,4b041ba6408948b7bb2eb201ce744513,SPY,buy,market,fill,1,gtc,0.0,1,stock,335.3699951171875,1.0,0.0
2020-09-18 12:30:00-04:00,MyStrategy,ee42160eb7f44523934d89c856c0ab86,SPY,buy,market,new,1,gtc,0.0,1,stock,,,
2020-09-18 12:30:00-04:00,MyStrategy,ee42160eb7f44523934d89c856c0ab86,SPY,buy,market,fill,1,gtc,0.0,1,stock,335.3699951171875,1.0,0.0
2020-09-18 15:30:00-04:00,MyStrategy,8ac9a2d0e09345eabc65157bede86f76,SPY,buy,market,new,1,gtc,0.0,1,stock,,,
2020-09-18 15:30:00-04:00,MyStrategy,8ac9a2d0e09345eabc65157bede86f76,SPY,buy,market,fill,1,gtc,0.0,1,stock,335.3699951171875,1.0,0.0
2020-09-21 09:30:00-04:00,MyStrategy,7496e311ecc94d3a8fbba65fc80533e1,SPY,buy,market,new,1,gtc,0.0,1,stock,,,
2020-09-21 09:30:00-04:00,MyStrategy,7496e311ecc94d3a8fbba65fc80533e1,SPY,buy,market,fill,1,gtc,0.0,1,stock,325.70001220703125,1.0,0.0
2020-09-21 12:30:00-04:00,MyStrategy,13057517c77c4b93a59b80f61b7db08a,SPY,buy,market,new,1,gtc,0.0,1,stock,,,
2020-09-21 12:30:00-04:00,MyStrategy,13057517c77c4b93a59b80f61b7db08a,SPY,buy,market,fill,1,gtc,0.0,1,stock,325.70001220703125,1.0,0.0
2020-09-21 15:30:00-04:00,MyStrategy,a8ef01dc798c4be4a514897bdca0d45d,SPY,buy,market,new,1,gtc,0.0,1,stock,,,
2020-09-21 15:30:00-04:00,MyStrategy,a8ef01dc798c4be4a514897bdca0d45d,SPY,buy,market,fill,1,gtc,0.0,1,stock,325.70001220703125,1.0,0.0
2020-09-22 09:30:00-04:00,MyStrategy,56125737039b408aa152a4e938ced605,SPY,buy,market,new,1,gtc,0.0,1,stock,,,
2020-09-22 09:30:00-04:00,MyStrategy,56125737039b408aa152a4e938ced605,SPY,buy,market,fill,1,gtc,0.0,1,stock,328.57000732421875,1.0,0.0
2020-09-22 12:30:00-04:00,MyStrategy,229c6a146ef84d1a95a33b6c585f7f31,SPY,buy,market,new,1,gtc,0.0,1,stock,,,
2020-09-22 12:30:00-04:00,MyStrategy,229c6a146ef84d1a95a33b6c585f7f31,SPY,buy,market,fill,1,gtc,0.0,1,stock,328.57000732421875,1.0,0.0
2020-09-22 15:30:00-04:00,MyStrategy,ce2c21e7975a44fd8c0f70d1e45f9c16,SPY,buy,market,new,1,gtc,0.0,1,stock,,,
2020-09-22 15:30:00-04:00,MyStrategy,ce2c21e7975a44fd8c0f70d1e45f9c16,SPY,buy,market,fill,1,gtc,0.0,1,stock,328.57000732421875,1.0,0.0
2020-09-23 09:30:00-04:00,MyStrategy,8950607769b84499b76fafb7bd6f3afe,SPY,buy,market,new,1,gtc,0.0,1,stock,,,
2020-09-23 09:30:00-04:00,MyStrategy,8950607769b84499b76fafb7bd6f3afe,SPY,buy,market,fill,1,gtc,0.0,1,stock,330.8999938964844,1.0,0.0
2020-09-23 12:30:00-04:00,MyStrategy,5f12c6da496f49388c63a70edcff695f,SPY,buy,market,new,1,gtc,0.0,1,stock,,,
2020-09-23 12:30:00-04:00,MyStrategy,5f12c6da496f49388c63a70edcff695f,SPY,buy,market,fill,1,gtc,0.0,1,stock,330.8999938964844,1.0,0.0
2020-09-23 15:30:00-04:00,MyStrategy,593d9d70e0db4cd0a142894f37888a72,SPY,buy,market,new,1,gtc,0.0,1,stock,,,
2020-09-23 15:30:00-04:00,MyStrategy,593d9d70e0db4cd0a142894f37888a72,SPY,buy,market,fill,1,gtc,0.0,1,stock,330.8999938964844,1.0,0.0
2020-09-24 09:30:00-04:00,MyStrategy,74ad10dc76b64f6a84b417cf77536710,SPY,buy,market,new,1,gtc,0.0,1,stock,,,
2020-09-24 09:30:00-04:00,MyStrategy,74ad10dc76b64f6a84b417cf77536710,SPY,buy,market,fill,1,gtc,0.0,1,stock,321.2200012207031,1.0,0.0
2020-09-24 12:30:00-04:00,MyStrategy,e5fa4b4139a84118a31b2a8e29424625,SPY,buy,market,new,1,gtc,0.0,1,stock,,,
2020-09-24 12:30:00-04:00,MyStrategy,e5fa4b4139a84118a31b2a8e29424625,SPY,buy,market,fill,1,gtc,0.0,1,stock,321.2200012207031,1.0,0.0
2020-09-24 15:30:00-04:00,MyStrategy,388a33e4ba0e445e954fca6dba1bd70c,SPY,buy,market,new,1,gtc,0.0,1,stock,,,
2020-09-24 15:30:00-04:00,MyStrategy,388a33e4ba0e445e954fca6dba1bd70c,SPY,buy,market,fill,1,gtc,0.0,1,stock,321.2200012207031,1.0,0.0
2020-09-25 09:30:00-04:00,MyStrategy,3e5a226b98484bb6b4416f373abf1669,SPY,buy,market,new,1,gtc,0.0,1,stock,,,
2020-09-25 09:30:00-04:00,MyStrategy,3e5a226b98484bb6b4416f373abf1669,SPY,buy,market,fill,1,gtc,0.0,1,stock,322.5799865722656,1.0,0.0
2020-09-25 12:30:00-04:00,MyStrategy,b374f006ef494ad9a26533e35c5904fb,SPY,buy,market,new,1,gtc,0.0,1,stock,,,
2020-09-25 12:30:00-04:00,MyStrategy,b374f006ef494ad9a26533e35c5904fb,SPY,buy,market,fill,1,gtc,0.0,1,stock,322.5799865722656,1.0,0.0
2020-09-25 15:30:00-04:00,MyStrategy,eaeea926503a42d49d482a6a48e8a1c1,SPY,buy,market,new,1,gtc,0.0,1,stock,,,
2020-09-25 15:30:00-04:00,MyStrategy,eaeea926503a42d49d482a6a48e8a1c1,SPY,buy,market,fill,1,gtc,0.0,1,stock,322.5799865722656,1.0,0.0
2020-09-28 09:30:00-04:00,MyStrategy,dc09e2c723514ce29d388c3727dc41c2,SPY,buy,market,new,1,gtc,0.0,1,stock,,,
2020-09-28 09:30:00-04:00,MyStrategy,dc09e2c723514ce29d388c3727dc41c2,SPY,buy,market,fill,1,gtc,0.0,1,stock,333.2200012207031,1.0,0.0
2020-09-28 12:30:00-04:00,MyStrategy,f370873e8f524cacb9ba7de060ee3e2f,SPY,buy,market,new,1,gtc,0.0,1,stock,,,
2020-09-28 12:30:00-04:00,MyStrategy,f370873e8f524cacb9ba7de060ee3e2f,SPY,buy,market,fill,1,gtc,0.0,1,stock,333.2200012207031,1.0,0.0
2020-09-28 15:30:00-04:00,MyStrategy,b54f647a78c6467d882b737c4b0bf01e,SPY,buy,market,new,1,gtc,0.0,1,stock,,,
2020-09-28 15:30:00-04:00,MyStrategy,b54f647a78c6467d882b737c4b0bf01e,SPY,buy,market,fill,1,gtc,0.0,1,stock,333.2200012207031,1.0,0.0
2020-09-29 09:30:00-04:00,MyStrategy,40aa35aa93604c87a8f09e9fafb92910,SPY,buy,market,new,1,gtc,0.0,1,stock,,,
2020-09-29 09:30:00-04:00,MyStrategy,40aa35aa93604c87a8f09e9fafb92910,SPY,buy,market,fill,1,gtc,0.0,1,stock,333.9700012207031,1.0,0.0
2020-09-29 12:30:00-04:00,MyStrategy,80346b72816743a2ba6c9b0d8857e7cf,SPY,buy,market,new,1,gtc,0.0,1,stock,,,
2020-09-29 12:30:00-04:00,MyStrategy,80346b72816743a2ba6c9b0d8857e7cf,SPY,buy,market,fill,1,gtc,0.0,1,stock,333.9700012207031,1.0,0.0
2020-09-29 15:30:00-04:00,MyStrategy,5e4cb2cc6e074fc195e6d06f10330934,SPY,buy,market,new,1,gtc,0.0,1,stock,,,
2020-09-29 15:30:00-04:00,MyStrategy,5e4cb2cc6e074fc195e6d06f10330934,SPY,buy,market,fill,1,gtc,0.0,1,stock,333.9700012207031,1.0,0.0
2020-09-30 09:30:00-04:00,MyStrategy,6f4cba7e7d0f4a8cb0331df792ccc6c8,SPY,buy,market,new,1,gtc,0.0,1,stock,,,
2020-09-30 09:30:00-04:00,MyStrategy,6f4cba7e7d0f4a8cb0331df792ccc6c8,SPY,buy,market,fill,1,gtc,0.0,1,stock,333.0899963378906,1.0,0.0
2020-09-30 12:30:00-04:00,MyStrategy,6b961ef23ee2445c8584084c7f34b40f,SPY,buy,market,new,1,gtc,0.0,1,stock,,,
2020-09-30 12:30:00-04:00,MyStrategy,6b961ef23ee2445c8584084c7f34b40f,SPY,buy,market,fill,1,gtc,0.0,1,stock,333.0899963378906,1.0,0.0
2020-09-30 15:30:00-04:00,MyStrategy,bd797d93a8af4bfc9aa90f579763bc08,SPY,buy,market,new,1,gtc,0.0,1,stock,,,
2020-09-30 15:30:00-04:00,MyStrategy,bd797d93a8af4bfc9aa90f579763bc08,SPY,buy,market,fill,1,gtc,0.0,1,stock,333.0899963378906,1.0,0.0
2020-10-01 09:30:00-04:00,MyStrategy,ad17169d110248bda122ff1af348c99c,SPY,buy,market,new,1,gtc,0.0,1,stock,,,
2020-10-01 09:30:00-04:00,MyStrategy,ad17169d110248bda122ff1af348c99c,SPY,buy,market,fill,1,gtc,0.0,1,stock,337.69000244140625,1.0,0.0
2020-10-01 12:30:00-04:00,MyStrategy,5e381ec58d8246e4b6366e6b041b0af0,SPY,buy,market,new,1,gtc,0.0,1,stock,,,
2020-10-01 12:30:00-04:00,MyStrategy,5e381ec58d8246e4b6366e6b041b0af0,SPY,buy,market,fill,1,gtc,0.0,1,stock,337.69000244140625,1.0,0.0
2020-10-01 15:30:00-04:00,MyStrategy,ea2c7bc01bdb4800bdd6c3a61fe256a6,SPY,buy,market,new,1,gtc,0.0,1,stock,,,
2020-10-01 15:30:00-04:00,MyStrategy,ea2c7bc01bdb4800bdd6c3a61fe256a6,SPY,buy,market,fill,1,gtc,0.0,1,stock,337.69000244140625,1.0,0.0
2020-10-02 09:30:00-04:00,MyStrategy,8a1c21efa3494e20b2ae483c6c8e23f5,SPY,buy,market,new,1,gtc,0.0,1,stock,,,
2020-10-02 09:30:00-04:00,MyStrategy,8a1c21efa3494e20b2ae483c6c8e23f5,SPY,buy,market,fill,1,gtc,0.0,1,stock,331.70001220703125,1.0,0.0
2020-10-02 12:30:00-04:00,MyStrategy,a424dfcfaa87454bb54b3bba84829314,SPY,buy,market,new,1,gtc,0.0,1,stock,,,
2020-10-02 12:30:00-04:00,MyStrategy,a424dfcfaa87454bb54b3bba84829314,SPY,buy,market,fill,1,gtc,0.0,1,stock,331.70001220703125,1.0,0.0
2020-10-02 15:30:00-04:00,MyStrategy,658ebac4f69a4f95899f562ba2b90b7c,SPY,buy,market,new,1,gtc,0.0,1,stock,,,
2020-10-02 15:30:00-04:00,MyStrategy,658ebac4f69a4f95899f562ba2b90b7c,SPY,buy,market,fill,1,gtc,0.0,1,stock,331.70001220703125,1.0,0.0
2020-10-05 09:30:00-04:00,MyStrategy,bcfc85660f384526ab43500ca939bf0f,SPY,buy,market,new,1,gtc,0.0,1,stock,,,
2020-10-05 09:30:00-04:00,MyStrategy,bcfc85660f384526ab43500ca939bf0f,SPY,buy,market,fill,1,gtc,0.0,1,stock,336.05999755859375,1.0,0.0
2020-10-05 12:30:00-04:00,MyStrategy,65f65bb23d5245f3b4a83f892b2edd2e,SPY,buy,market,new,1,gtc,0.0,1,stock,,,
2020-10-05 12:30:00-04:00,MyStrategy,65f65bb23d5245f3b4a83f892b2edd2e,SPY,buy,market,fill,1,gtc,0.0,1,stock,336.05999755859375,1.0,0.0
2020-10-05 15:30:00-04:00,MyStrategy,d3417e046bf54dc4af77dd094c344157,SPY,buy,market,new,1,gtc,0.0,1,stock,,,
2020-10-05 15:30:00-04:00,MyStrategy,d3417e046bf54dc4af77dd094c344157,SPY,buy,market,fill,1,gtc,0.0,1,stock,336.05999755859375,1.0,0.0
2020-10-06 09:30:00-04:00,MyStrategy,597f642e12d745eabc42c1ca75d43366,SPY,buy,market,new,1,gtc,0.0,1,stock,,,
2020-10-06 09:30:00-04:00,MyStrategy,597f642e12d745eabc42c1ca75d43366,SPY,buy,market,fill,1,gtc,0.0,1,stock,339.9100036621094,1.0,0.0
2020-10-06 12:30:00-04:00,MyStrategy,d828cd1f051d4d81a7590481cb3e0c5a,SPY,buy,market,new,1,gtc,0.0,1,stock,,,
2020-10-06 12:30:00-04:00,MyStrategy,d828cd1f051d4d81a7590481cb3e0c5a,SPY,buy,market,fill,1,gtc,0.0,1,stock,339.9100036621094,1.0,0.0
2020-10-06 15:30:00-04:00,MyStrategy,e0b13bc811dc4f7babc49e3c4c094f1c,SPY,buy,market,new,1,gtc,0.0,1,stock,,,
2020-10-06 15:30:00-04:00,MyStrategy,e0b13bc811dc4f7babc49e3c4c094f1c,SPY,buy,market,fill,1,gtc,0.0,1,stock,339.9100036621094,1.0,0.0
2020-10-07 09:30:00-04:00,MyStrategy,6277723af27f4b3f944521fdcf057ff8,SPY,buy,market,new,1,gtc,0.0,1,stock,,,
2020-10-07 09:30:00-04:00,MyStrategy,6277723af27f4b3f944521fdcf057ff8,SPY,buy,market,fill,1,gtc,0.0,1,stock,338.1199951171875,1.0,0.0
2020-10-07 12:30:00-04:00,MyStrategy,52938a890bb74c989871029e176be61e,SPY,buy,market,new,1,gtc,0.0,1,stock,,,
2020-10-07 12:30:00-04:00,MyStrategy,52938a890bb74c989871029e176be61e,SPY,buy,market,fill,1,gtc,0.0,1,stock,338.1199951171875,1.0,0.0
2020-10-07 15:30:00-04:00,MyStrategy,c8002adcef27430db96a0fbcd04e07f5,SPY,buy,market,new,1,gtc,0.0,1,stock,,,
2020-10-07 15:30:00-04:00,MyStrategy,c8002adcef27430db96a0fbcd04e07f5,SPY,buy,market,fill,1,gtc,0.0,1,stock,338.1199951171875,1.0,0.0
2020-10-08 09:30:00-04:00,MyStrategy,e206342d69ec463d9c503c0aab505f9a,SPY,buy,market,new,1,gtc,0.0,1,stock,,,
2020-10-08 09:30:00-04:00,MyStrategy,e206342d69ec463d9c503c0aab505f9a,SPY,buy,market,fill,1,gtc,0.0,1,stock,342.8500061035156,1.0,0.0
2020-10-08 12:30:00-04:00,MyStrategy,979bdc1f718e4c5fb685acfd8ba1ff49,SPY,buy,market,new,1,gtc,0.0,1,stock,,,
2020-10-08 12:30:00-04:00,MyStrategy,979bdc1f718e4c5fb685acfd8ba1ff49,SPY,buy,market,fill,1,gtc,0.0,1,stock,342.8500061035156,1.0,0.0
2020-10-08 15:30:00-04:00,MyStrategy,5e66eaa5a37940cfab0454e1df852cf4,SPY,buy,market,new,1,gtc,0.0,1,stock,,,
2020-10-08 15:30:00-04:00,MyStrategy,5e66eaa5a37940cfab0454e1df852cf4,SPY,buy,market,fill,1,gtc,0.0,1,stock,342.8500061035156,1.0,0.0
2020-10-09 09:30:00-04:00,MyStrategy,be2a4ad98fdb4845b6198a2c5b276c79,SPY,buy,market,new,1,gtc,0.0,1,stock,,,
2020-10-09 09:30:00-04:00,MyStrategy,be2a4ad98fdb4845b6198a2c5b276c79,SPY,buy,market,fill,1,gtc,0.0,1,stock,345.55999755859375,1.0,0.0
2020-10-09 12:30:00-04:00,MyStrategy,5ddc71f2a0c34b418a3fff7b6d6b1148,SPY,buy,market,new,1,gtc,0.0,1,stock,,,
2020-10-09 12:30:00-04:00,MyStrategy,5ddc71f2a0c34b418a3fff7b6d6b1148,SPY,buy,market,fill,1,gtc,0.0,1,stock,345.55999755859375,1.0,0.0
2020-10-09 15:30:00-04:00,MyStrategy,da4ab853b0104f7eb43c55ec547a78c4,SPY,buy,market,new,1,gtc,0.0,1,stock,,,
2020-10-09 15:30:00-04:00,MyStrategy,da4ab853b0104f7eb43c55ec547a78c4,SPY,buy,market,fill,1,gtc,0.0,1,stock,345.55999755859375,1.0,0.0
2020-10-12 09:30:00-04:00,MyStrategy,476a5c6812504a84b678ad7be4c8f3d0,SPY,buy,market,new,1,gtc,0.0,1,stock,,,
2020-10-12 09:30:00-04:00,MyStrategy,476a5c6812504a84b678ad7be4c8f3d0,SPY,buy,market,fill,1,gtc,0.0,1,stock,349.5899963378906,1.0,0.0
2020-10-12 12:30:00-04:00,MyStrategy,4d483f242ce949259c14e89aacf55991,SPY,buy,market,new,1,gtc,0.0,1,stock,,,
2020-10-12 12:30:00-04:00,MyStrategy,4d483f242ce949259c14e89aacf55991,SPY,buy,market,fill,1,gtc,0.0,1,stock,349.5899963378906,1.0,0.0
2020-10-12 15:30:00-04:00,MyStrategy,3a074f33b01045c5bd94afa183c6ad48,SPY,buy,market,new,1,gtc,0.0,1,stock,,,
2020-10-12 15:30:00-04:00,MyStrategy,3a074f33b01045c5bd94afa183c6ad48,SPY,buy,market,fill,1,gtc,0.0,1,stock,349.5899963378906,1.0,0.0
2020-10-13 09:30:00-04:00,MyStrategy,9a9afb00af7348f8b525418ab05a1c72,SPY,buy,market,new,1,gtc,0.0,1,stock,,,
2020-10-13 09:30:00-04:00,MyStrategy,9a9afb00af7348f8b525418ab05a1c72,SPY,buy,market,fill,1,gtc,0.0,1,stock,352.2799987792969,1.0,0.0
2020-10-13 12:30:00-04:00,MyStrategy,c67cecbb09d94171b5b319b7c1828417,SPY,buy,market,new,1,gtc,0.0,1,stock,,,
2020-10-13 12:30:00-04:00,MyStrategy,c67cecbb09d94171b5b319b7c1828417,SPY,buy,market,fill,1,gtc,0.0,1,stock,352.2799987792969,1.0,0.0
2020-10-13 15:30:00-04:00,MyStrategy,31116e75fc664f7cb40dd2eca4666b91,SPY,buy,market,new,1,gtc,0.0,1,stock,,,
2020-10-13 15:30:00-04:00,MyStrategy,31116e75fc664f7cb40dd2eca4666b91,SPY,buy,market,fill,1,gtc,0.0,1,stock,352.2799987792969,1.0,0.0
2020-10-14 09:30:00-04:00,MyStrategy,d97c25abdefc4a1087129c9f4db036d9,SPY,buy,market,new,1,gtc,0.0,1,stock,,,
2020-10-14 09:30:00-04:00,MyStrategy,d97c25abdefc4a1087129c9f4db036d9,SPY,buy,market,fill,1,gtc,0.0,1,stock,350.75,1.0,0.0
2020-10-14 12:30:00-04:00,MyStrategy,70c2abc8617142fb828eac1113ee64a4,SPY,buy,market,new,1,gtc,0.0,1,stock,,,
2020-10-14 12:30:00-04:00,MyStrategy,70c2abc8617142fb828eac1113ee64a4,SPY,buy,market,fill,1,gtc,0.0,1,stock,350.75,1.0,0.0
2020-10-14 15:30:00-04:00,MyStrategy,0f1c81c87031431ea81bc7a93ff6a21e,SPY,buy,market,new,1,gtc,0.0,1,stock,,,
2020-10-14 15:30:00-04:00,MyStrategy,0f1c81c87031431ea81bc7a93ff6a21e,SPY,buy,market,fill,1,gtc,0.0,1,stock,350.75,1.0,0.0
2020-10-15 09:30:00-04:00,MyStrategy,2c7cf22db1094adc87a8f768a08913f3,SPY,buy,market,new,1,gtc,0.0,1,stock,,,
2020-10-15 09:30:00-04:00,MyStrategy,2c7cf22db1094adc87a8f768a08913f3,SPY,buy,market,fill,1,gtc,0.0,1,stock,343.7099914550781,1.0,0.0
2020-10-15 12:30:00-04:00,MyStrategy,a437b244c30943f1addd02bf0596353c,SPY,buy,market,new,1,gtc,0.0,1,stock,,,
2020-10-15 12:30:00-04:00,MyStrategy,a437b244c30943f1addd02bf0596353c,SPY,buy,market,fill,1,gtc,0.0,1,stock,343.7099914550781,1.0,0.0
2020-10-15 15:30:00-04:00,MyStrategy,129d33d1be4e4a7fa26d0cb249cc1407,SPY,buy,market,new,1,gtc,0.0,1,stock,,,
2020-10-15 15:30:00-04:00,MyStrategy,129d33d1be4e4a7fa26d0cb249cc1407,SPY,buy,market,fill,1,gtc,0.0,1,stock,343.7099914550781,1.0,0.0
2020-10-16 09:30:00-04:00,MyStrategy,52d9570f736844b68c7dc5cd8c4211dc,SPY,buy,market,new,1,gtc,0.0,1,stock,,,
2020-10-16 09:30:00-04:00,MyStrategy,52d9570f736844b68c7dc5cd8c4211dc,SPY,buy,market,fill,1,gtc,0.0,1,stock,348.9599914550781,1.0,0.0
2020-10-16 12:30:00-04:00,MyStrategy,3cf4ec526f7747ba8f6f87af4a5ed4ac,SPY,buy,market,new,1,gtc,0.0,1,stock,,,
2020-10-16 12:30:00-04:00,MyStrategy,3cf4ec526f7747ba8f6f87af4a5ed4ac,SPY,buy,market,fill,1,gtc,0.0,1,stock,348.9599914550781,1.0,0.0
2020-10-16 15:30:00-04:00,MyStrategy,4480bd81ac894ee2907c9de2a517ae1a,SPY,buy,market,new,1,gtc,0.0,1,stock,,,
2020-10-16 15:30:00-04:00,MyStrategy,4480bd81ac894ee2907c9de2a517ae1a,SPY,buy,market,fill,1,gtc,0.0,1,stock,348.9599914550781,1.0,0.0
2020-10-19 09:30:00-04:00,MyStrategy,9dc551b1d65e4b9ab0c5046ddd2e7a90,SPY,buy,market,new,1,gtc,0.0,1,stock,,,
2020-10-19 09:30:00-04:00,MyStrategy,9dc551b1d65e4b9ab0c5046ddd2e7a90,SPY,buy,market,fill,1,gtc,0.0,1,stock,348.6499938964844,1.0,0.0
2020-10-19 12:30:00-04:00,MyStrategy,020467096af544d19433c855a8b41831,SPY,buy,market,new,1,gtc,0.0,1,stock,,,
2020-10-19 12:30:00-04:00,MyStrategy,020467096af544d19433c855a8b41831,SPY,buy,market,fill,1,gtc,0.0,1,stock,348.6499938964844,1.0,0.0
2020-10-19 15:30:00-04:00,MyStrategy,abe68d3a11124731a77234d8016df02a,SPY,buy,market,new,1,gtc,0.0,1,stock,,,
2020-10-19 15:30:00-04:00,MyStrategy,abe68d3a11124731a77234d8016df02a,SPY,buy,market,fill,1,gtc,0.0,1,stock,348.6499938964844,1.0,0.0
2020-10-20 09:30:00-04:00,MyStrategy,a5eb9a5cc40949e28063ffa532d11819,SPY,buy,market,new,1,gtc,0.0,1,stock,,,
2020-10-20 09:30:00-04:00,MyStrategy,a5eb9a5cc40949e28063ffa532d11819,SPY,buy,market,fill,1,gtc,0.0,1,stock,343.4599914550781,1.0,0.0
2020-10-20 12:30:00-04:00,MyStrategy,b9301f28c08a4f17997d4d92b317522c,SPY,buy,market,new,1,gtc,0.0,1,stock,,,
2020-10-20 12:30:00-04:00,MyStrategy,b9301f28c08a4f17997d4d92b317522c,SPY,buy,market,fill,1,gtc,0.0,1,stock,343.4599914550781,1.0,0.0
2020-10-20 15:30:00-04:00,MyStrategy,98d73a8c6a5e42e69d83683abd6874c2,SPY,buy,market,new,1,gtc,0.0,1,stock,,,
2020-10-20 15:30:00-04:00,MyStrategy,98d73a8c6a5e42e69d83683abd6874c2,SPY,buy,market,fill,1,gtc,0.0,1,stock,343.4599914550781,1.0,0.0
2020-10-21 09:30:00-04:00,MyStrategy,8f1692545be347e69d32bee20e6a554a,SPY,buy,market,new,1,gtc,0.0,1,stock,,,
2020-10-21 09:30:00-04:00,MyStrategy,8f1692545be347e69d32bee20e6a554a,SPY,buy,market,fill,1,gtc,0.0,1,stock,343.3299865722656,1.0,0.0
2020-10-21 12:30:00-04:00,MyStrategy,fbaf6218f69a4ec78d69791a3262e470,SPY,buy,market,new,1,gtc,0.0,1,stock,,,
2020-10-21 12:30:00-04:00,MyStrategy,fbaf6218f69a4ec78d69791a3262e470,SPY,buy,market,fill,1,gtc,0.0,1,stock,343.3299865722656,1.0,0.0
2020-10-21 15:30:00-04:00,MyStrategy,23e3a5986b1246fea8abe6468573d367,SPY,buy,market,new,1,gtc,0.0,1,stock,,,
2020-10-21 15:30:00-04:00,MyStrategy,23e3a5986b1246fea8abe6468573d367,SPY,buy,market,fill,1,gtc,0.0,1,stock,343.3299865722656,1.0,0.0
2020-10-22 09:30:00-04:00,MyStrategy,3e58fadd928c452286b4d696221a4937,SPY,buy,market,new,1,gtc,0.0,1,stock,,,
2020-10-22 09:30:00-04:00,MyStrategy,3e58fadd928c452286b4d696221a4937,SPY,buy,market,fill,1,gtc,0.0,1,stock,342.9599914550781,1.0,0.0
2020-10-22 12:30:00-04:00,MyStrategy,473b1c59e88c403eae3c50b46349db66,SPY,buy,market,new,1,gtc,0.0,1,stock,,,
2020-10-22 12:30:00-04:00,MyStrategy,473b1c59e88c403eae3c50b46349db66,SPY,buy,market,fill,1,gtc,0.0,1,stock,342.9599914550781,1.0,0.0
2020-10-22 15:30:00-04:00,MyStrategy,dfc5fe0b22d84886868041a59317ac0d,SPY,buy,market,new,1,gtc,0.0,1,stock,,,
2020-10-22 15:30:00-04:00,MyStrategy,dfc5fe0b22d84886868041a59317ac0d,SPY,buy,market,fill,1,gtc,0.0,1,stock,342.9599914550781,1.0,0.0
2020-10-23 09:30:00-04:00,MyStrategy,1c6eaa3433104c2aa61ab50d5484adcb,SPY,buy,market,new,1,gtc,0.0,1,stock,,,
2020-10-23 09:30:00-04:00,MyStrategy,1c6eaa3433104c2aa61ab50d5484adcb,SPY,buy,market,fill,1,gtc,0.0,1,stock,345.92999267578125,1.0,0.0
2020-10-23 12:30:00-04:00,MyStrategy,142173d9b0524393811114527c5e7856,SPY,buy,market,new,1,gtc,0.0,1,stock,,,
2020-10-23 12:30:00-04:00,MyStrategy,142173d9b0524393811114527c5e7856,SPY,buy,market,fill,1,gtc,0.0,1,stock,345.92999267578125,1.0,0.0
2020-10-23 15:30:00-04:00,MyStrategy,2fe96d2f6f5141e6a2066d9c87767cba,SPY,buy,market,new,1,gtc,0.0,1,stock,,,
2020-10-23 15:30:00-04:00,MyStrategy,2fe96d2f6f5141e6a2066d9c87767cba,SPY,buy,market,fill,1,gtc,0.0,1,stock,345.92999267578125,1.0,0.0
2020-10-26 09:30:00-04:00,MyStrategy,2f1300d5faf344e88d3aa010217e74f0,SPY,buy,market,new,1,gtc,0.0,1,stock,,,
2020-10-26 09:30:00-04:00,MyStrategy,2f1300d5faf344e88d3aa010217e74f0,SPY,buy,market,fill,1,gtc,0.0,1,stock,342.1300048828125,1.0,0.0
2020-10-26 12:30:00-04:00,MyStrategy,968d095faedf4716a34540c8fb6ee34c,SPY,buy,market,new,1,gtc,0.0,1,stock,,,
2020-10-26 12:30:00-04:00,MyStrategy,968d095faedf4716a34540c8fb6ee34c,SPY,buy,market,fill,1,gtc,0.0,1,stock,342.1300048828125,1.0,0.0
2020-10-26 15:30:00-04:00,MyStrategy,7e89591f80c747eb8b2d1df2a44f49a3,SPY,buy,market,new,1,gtc,0.0,1,stock,,,
2020-10-26 15:30:00-04:00,MyStrategy,7e89591f80c747eb8b2d1df2a44f49a3,SPY,buy,market,fill,1,gtc,0.0,1,stock,342.1300048828125,1.0,0.0
2020-10-27 09:30:00-04:00,MyStrategy,4cec9296d46b4e03a416dfc78c026913,SPY,buy,market,new,1,gtc,0.0,1,stock,,,
2020-10-27 09:30:00-04:00,MyStrategy,4cec9296d46b4e03a416dfc78c026913,SPY,buy,market,fill,1,gtc,0.0,1,stock,339.760009765625,1.0,0.0
2020-10-27 12:30:00-04:00,MyStrategy,6bf2367860df4290839fbec1461fd304,SPY,buy,market,new,1,gtc,0.0,1,stock,,,
2020-10-27 12:30:00-04:00,MyStrategy,6bf2367860df4290839fbec1461fd304,SPY,buy,market,fill,1,gtc,0.0,1,stock,339.760009765625,1.0,0.0
2020-10-27 15:30:00-04:00,MyStrategy,4591864ebeb64de28a69a8f953727ffb,SPY,buy,market,new,1,gtc,0.0,1,stock,,,
2020-10-27 15:30:00-04:00,MyStrategy,4591864ebeb64de28a69a8f953727ffb,SPY,buy,market,fill,1,gtc,0.0,1,stock,339.760009765625,1.0,0.0
2020-10-28 09:30:00-04:00,MyStrategy,c36493b336094f26b8e17c58b5909b22,SPY,buy,market,new,1,gtc,0.0,1,stock,,,
2020-10-28 09:30:00-04:00,MyStrategy,c36493b336094f26b8e17c58b5909b22,SPY,buy,market,fill,1,gtc,0.0,1,stock,332.1000061035156,1.0,0.0
2020-10-28 12:30:00-04:00,MyStrategy,430dd75d75e3430faec37ec7ee4a79ad,SPY,buy,market,new,1,gtc,0.0,1,stock,,,
2020-10-28 12:30:00-04:00,MyStrategy,430dd75d75e3430faec37ec7ee4a79ad,SPY,buy,market,fill,1,gtc,0.0,1,stock,332.1000061035156,1.0,0.0
2020-10-28 15:30:00-04:00,MyStrategy,b6cfff3cf14a448193bcc9fa194a8f6d,SPY,buy,market,new,1,gtc,0.0,1,stock,,,
2020-10-28 15:30:00-04:00,MyStrategy,b6cfff3cf14a448193bcc9fa194a8f6d,SPY,buy,market,fill,1,gtc,0.0,1,stock,332.1000061035156,1.0,0.0
2020-10-29 09:30:00-04:00,MyStrategy,51c94c8ba16043fdb4b6d58d21619711,SPY,buy,market,new,1,gtc,0.0,1,stock,,,
2020-10-29 09:30:00-04:00,MyStrategy,51c94c8ba16043fdb4b6d58d21619711,SPY,buy,market,fill,1,gtc,0.0,1,stock,326.9100036621094,1.0,0.0
2020-10-29 12:30:00-04:00,MyStrategy,6032a0afc83545b49e064d0c8e45eaf7,SPY,buy,market,new,1,gtc,0.0,1,stock,,,
2020-10-29 12:30:00-04:00,MyStrategy,6032a0afc83545b49e064d0c8e45eaf7,SPY,buy,market,fill,1,gtc,0.0,1,stock,326.9100036621094,1.0,0.0
2020-10-29 15:30:00-04:00,MyStrategy,5b593b3a003d4a98bd0f1a8d77d86055,SPY,buy,market,new,1,gtc,0.0,1,stock,,,
2020-10-29 15:30:00-04:00,MyStrategy,5b593b3a003d4a98bd0f1a8d77d86055,SPY,buy,market,fill,1,gtc,0.0,1,stock,326.9100036621094,1.0,0.0
2020-10-30 09:30:00-04:00,MyStrategy,368ba9de4d784b078a4bb14f09f74cb9,SPY,buy,market,new,1,gtc,0.0,1,stock,,,
2020-10-30 09:30:00-04:00,MyStrategy,368ba9de4d784b078a4bb14f09f74cb9,SPY,buy,market,fill,1,gtc,0.0,1,stock,328.2799987792969,1.0,0.0
2020-10-30 12:30:00-04:00,MyStrategy,379118bf372440f284b1f768a69e1ba8,SPY,buy,market,new,1,gtc,0.0,1,stock,,,
2020-10-30 12:30:00-04:00,MyStrategy,379118bf372440f284b1f768a69e1ba8,SPY,buy,market,fill,1,gtc,0.0,1,stock,328.2799987792969,1.0,0.0
2020-10-30 15:30:00-04:00,MyStrategy,c2fd10691a3f4819bca5f147965317c2,SPY,buy,market,new,1,gtc,0.0,1,stock,,,
2020-10-30 15:30:00-04:00,MyStrategy,c2fd10691a3f4819bca5f147965317c2,SPY,buy,market,fill,1,gtc,0.0,1,stock,328.2799987792969,1.0,0.0
2020-11-02 09:30:00-05:00,MyStrategy,204e1d7fcff448e8b2e53ad17b85a55c,SPY,buy,market,new,1,gtc,0.0,1,stock,,,
2020-11-02 09:30:00-05:00,MyStrategy,204e1d7fcff448e8b2e53ad17b85a55c,SPY,buy,market,fill,1,gtc,0.0,1,stock,330.20001220703125,1.0,0.0
2020-11-02 12:30:00-05:00,MyStrategy,839ce715229b4a0aa4d41173c8df5562,SPY,buy,market,new,1,gtc,0.0,1,stock,,,
2020-11-02 12:30:00-05:00,MyStrategy,839ce715229b4a0aa4d41173c8df5562,SPY,buy,market,fill,1,gtc,0.0,1,stock,330.20001220703125,1.0,0.0
2020-11-02 15:30:00-05:00,MyStrategy,661e8279801e4a8d883d24b3b822e6ba,SPY,buy,market,new,1,gtc,0.0,1,stock,,,
2020-11-02 15:30:00-05:00,MyStrategy,661e8279801e4a8d883d24b3b822e6ba,SPY,buy,market,fill,1,gtc,0.0,1,stock,330.20001220703125,1.0,0.0
2020-11-03 09:30:00-05:00,MyStrategy,80344a6055744f5193d9ce638c8337ef,SPY,buy,market,new,1,gtc,0.0,1,stock,,,
2020-11-03 09:30:00-05:00,MyStrategy,80344a6055744f5193d9ce638c8337ef,SPY,buy,market,fill,1,gtc,0.0,1,stock,333.69000244140625,1.0,0.0
2020-11-03 12:30:00-05:00,MyStrategy,5221a800508b4c5b8d8f85224a340dcf,SPY,buy,market,new,1,gtc,0.0,1,stock,,,
2020-11-03 12:30:00-05:00,MyStrategy,5221a800508b4c5b8d8f85224a340dcf,SPY,buy,market,fill,1,gtc,0.0,1,stock,333.69000244140625,1.0,0.0
2020-11-03 15:30:00-05:00,MyStrategy,951fc79f7d09407eb1749eb9597abeab,SPY,buy,market,new,1,gtc,0.0,1,stock,,,
2020-11-03 15:30:00-05:00,MyStrategy,951fc79f7d09407eb1749eb9597abeab,SPY,buy,market,fill,1,gtc,0.0,1,stock,333.69000244140625,1.0,0.0
2020-11-04 09:30:00-05:00,MyStrategy,e7828ccbd0344dfdb653569922a34714,SPY,buy,market,new,1,gtc,0.0,1,stock,,,
2020-11-04 09:30:00-05:00,MyStrategy,e7828ccbd0344dfdb653569922a34714,SPY,buy,market,fill,1,gtc,0.0,1,stock,340.8599853515625,1.0,0.0
2020-11-04 12:30:00-05:00,MyStrategy,8b66187c04514b5f969f44870d33eb17,SPY,buy,market,new,1,gtc,0.0,1,stock,,,
2020-11-04 12:30:00-05:00,MyStrategy,8b66187c04514b5f969f44870d33eb17,SPY,buy,market,fill,1,gtc,0.0,1,stock,340.8599853515625,1.0,0.0
2020-11-04 15:30:00-05:00,MyStrategy,589a0b52e7f248d9ba9e1a35d92c51e1,SPY,buy,market,new,1,gtc,0.0,1,stock,,,
2020-11-04 15:30:00-05:00,MyStrategy,589a0b52e7f248d9ba9e1a35d92c51e1,SPY,buy,market,fill,1,gtc,0.0,1,stock,340.8599853515625,1.0,0.0
2020-11-05 09:30:00-05:00,MyStrategy,a1c5309b142b4aedb793540a528c5351,SPY,buy,market,new,1,gtc,0.0,1,stock,,,
2020-11-05 09:30:00-05:00,MyStrategy,a1c5309b142b4aedb793540a528c5351,SPY,buy,market,fill,1,gtc,0.0,1,stock,349.239990234375,1.0,0.0
2020-11-05 12:30:00-05:00,MyStrategy,2ff5e6ecd11840eabd8d5222346ae98d,SPY,buy,market,new,1,gtc,0.0,1,stock,,,
2020-11-05 12:30:00-05:00,MyStrategy,2ff5e6ecd11840eabd8d5222346ae98d,SPY,buy,market,fill,1,gtc,0.0,1,stock,349.239990234375,1.0,0.0
2020-11-05 15:30:00-05:00,MyStrategy,b02c2abdfffe4025b429a53ce5312fda,SPY,buy,market,new,1,gtc,0.0,1,stock,,,
2020-11-05 15:30:00-05:00,MyStrategy,b02c2abdfffe4025b429a53ce5312fda,SPY,buy,market,fill,1,gtc,0.0,1,stock,349.239990234375,1.0,0.0
2020-11-06 09:30:00-05:00,MyStrategy,1353269f9d754287b4b5cc54270c73e2,SPY,buy,market,new,1,gtc,0.0,1,stock,,,
2020-11-06 09:30:00-05:00,MyStrategy,1353269f9d754287b4b5cc54270c73e2,SPY,buy,market,fill,1,gtc,0.0,1,stock,349.92999267578125,1.0,0.0
2020-11-06 12:30:00-05:00,MyStrategy,13d84cc24d4d4219be8a807a7813c271,SPY,buy,market,new,1,gtc,0.0,1,stock,,,
2020-11-06 12:30:00-05:00,MyStrategy,13d84cc24d4d4219be8a807a7813c271,SPY,buy,market,fill,1,gtc,0.0,1,stock,349.92999267578125,1.0,0.0
2020-11-06 15:30:00-05:00,MyStrategy,13e400e41d024f07aca2e96f7adb81e0,SPY,buy,market,new,1,gtc,0.0,1,stock,,,
2020-11-06 15:30:00-05:00,MyStrategy,13e400e41d024f07aca2e96f7adb81e0,SPY,buy,market,fill,1,gtc,0.0,1,stock,349.92999267578125,1.0,0.0
2020-11-09 09:30:00-05:00,MyStrategy,3fa810dc3c3547e7ab673b84c5bdb0f1,SPY,buy,market,new,1,gtc,0.0,1,stock,,,
2020-11-09 09:30:00-05:00,MyStrategy,3fa810dc3c3547e7ab673b84c5bdb0f1,SPY,buy,market,fill,1,gtc,0.0,1,stock,363.9700012207031,1.0,0.0
2020-11-09 12:30:00-05:00,MyStrategy,2b5b1549864e4256b523a2bfbd6612b7,SPY,buy,market,new,1,gtc,0.0,1,stock,,,
2020-11-09 12:30:00-05:00,MyStrategy,2b5b1549864e4256b523a2bfbd6612b7,SPY,buy,market,fill,1,gtc,0.0,1,stock,363.9700012207031,1.0,0.0
2020-11-09 15:30:00-05:00,MyStrategy,d6c64d9e511d4fcaae7b6cbae43a39a5,SPY,buy,market,new,1,gtc,0.0,1,stock,,,
2020-11-09 15:30:00-05:00,MyStrategy,d6c64d9e511d4fcaae7b6cbae43a39a5,SPY,buy,market,fill,1,gtc,0.0,1,stock,363.9700012207031,1.0,0.0
2020-11-10 09:30:00-05:00,MyStrategy,eb9f314bc53b4316aca6d362a68d807d,SPY,buy,market,new,1,gtc,0.0,1,stock,,,
2020-11-10 09:30:00-05:00,MyStrategy,eb9f314bc53b4316aca6d362a68d807d,SPY,buy,market,fill,1,gtc,0.0,1,stock,353.489990234375,1.0,0.0
2020-11-10 12:30:00-05:00,MyStrategy,4a729ad941c543618afc249a3febcdbe,SPY,buy,market,new,1,gtc,0.0,1,stock,,,
2020-11-10 12:30:00-05:00,MyStrategy,4a729ad941c543618afc249a3febcdbe,SPY,buy,market,fill,1,gtc,0.0,1,stock,353.489990234375,1.0,0.0
2020-11-10 15:30:00-05:00,MyStrategy,faa607e76e72427d9c053f40c213447b,SPY,buy,market,new,1,gtc,0.0,1,stock,,,
2020-11-10 15:30:00-05:00,MyStrategy,faa607e76e72427d9c053f40c213447b,SPY,buy,market,fill,1,gtc,0.0,1,stock,353.489990234375,1.0,0.0
2020-11-11 09:30:00-05:00,MyStrategy,ba657dff07014a11b4302151872700d7,SPY,buy,market,new,1,gtc,0.0,1,stock,,,
2020-11-11 09:30:00-05:00,MyStrategy,ba657dff07014a11b4302151872700d7,SPY,buy,market,fill,1,gtc,0.0,1,stock,356.3999938964844,1.0,0.0
2020-11-11 12:30:00-05:00,MyStrategy,94cd2db9f0124fe89d064173b6c1db06,SPY,buy,market,new,1,gtc,0.0,1,stock,,,
2020-11-11 12:30:00-05:00,MyStrategy,94cd2db9f0124fe89d064173b6c1db06,SPY,buy,market,fill,1,gtc,0.0,1,stock,356.3999938964844,1.0,0.0
2020-11-11 15:30:00-05:00,MyStrategy,ca9a4093397b402392de260d236dbe3d,SPY,buy,market,new,1,gtc,0.0,1,stock,,,
2020-11-11 15:30:00-05:00,MyStrategy,ca9a4093397b402392de260d236dbe3d,SPY,buy,market,fill,1,gtc,0.0,1,stock,356.3999938964844,1.0,0.0
2020-11-12 09:30:00-05:00,MyStrategy,9cf7c2de7c9c44799f7da2d4832e9f86,SPY,buy,market,new,1,gtc,0.0,1,stock,,,
2020-11-12 09:30:00-05:00,MyStrategy,9cf7c2de7c9c44799f7da2d4832e9f86,SPY,buy,market,fill,1,gtc,0.0,1,stock,355.5799865722656,1.0,0.0
2020-11-12 12:30:00-05:00,MyStrategy,6a6247c67f3447b7abffd76a7c033614,SPY,buy,market,new,1,gtc,0.0,1,stock,,,
2020-11-12 12:30:00-05:00,MyStrategy,6a6247c67f3447b7abffd76a7c033614,SPY,buy,market,fill,1,gtc,0.0,1,stock,355.5799865722656,1.0,0.0
2020-11-12 15:30:00-05:00,MyStrategy,c08cf81ba3724e6481c8b701f59f283e,SPY,buy,market,new,1,gtc,0.0,1,stock,,,
2020-11-12 15:30:00-05:00,MyStrategy,c08cf81ba3724e6481c8b701f59f283e,SPY,buy,market,fill,1,gtc,0.0,1,stock,355.5799865722656,1.0,0.0
2020-11-13 09:30:00-05:00,MyStrategy,65a045dbee2049af964c449b8f7c17f3,SPY,buy,market,new,1,gtc,0.0,1,stock,,,
2020-11-13 09:30:00-05:00,MyStrategy,65a045dbee2049af964c449b8f7c17f3,SPY,buy,market,fill,1,gtc,0.0,1,stock,355.2699890136719,1.0,0.0
2020-11-13 12:30:00-05:00,MyStrategy,83de054a773a4e6fa6da78457617f571,SPY,buy,market,new,1,gtc,0.0,1,stock,,,
2020-11-13 12:30:00-05:00,MyStrategy,83de054a773a4e6fa6da78457617f571,SPY,buy,market,fill,1,gtc,0.0,1,stock,355.2699890136719,1.0,0.0
2020-11-13 15:30:00-05:00,MyStrategy,485ec47c0b55486ab7833f31d0d1c972,SPY,buy,market,new,1,gtc,0.0,1,stock,,,
2020-11-13 15:30:00-05:00,MyStrategy,485ec47c0b55486ab7833f31d0d1c972,SPY,buy,market,fill,1,gtc,0.0,1,stock,355.2699890136719,1.0,0.0
2020-11-16 09:30:00-05:00,MyStrategy,54f77af0d8d34a57a2222d68be1b9b59,SPY,buy,market,new,1,gtc,0.0,1,stock,,,
2020-11-16 09:30:00-05:00,MyStrategy,54f77af0d8d34a57a2222d68be1b9b59,SPY,buy,market,fill,1,gtc,0.0,1,stock,360.9800109863281,1.0,0.0
2020-11-16 12:30:00-05:00,MyStrategy,bdcebfa05abb4c8abb37c41b7b4de47f,SPY,buy,market,new,1,gtc,0.0,1,stock,,,
2020-11-16 12:30:00-05:00,MyStrategy,bdcebfa05abb4c8abb37c41b7b4de47f,SPY,buy,market,fill,1,gtc,0.0,1,stock,360.9800109863281,1.0,0.0
2020-11-16 15:30:00-05:00,MyStrategy,e1341ab87fbb4f3bafe32ea93116fa89,SPY,buy,market,new,1,gtc,0.0,1,stock,,,
2020-11-16 15:30:00-05:00,MyStrategy,e1341ab87fbb4f3bafe32ea93116fa89,SPY,buy,market,fill,1,gtc,0.0,1,stock,360.9800109863281,1.0,0.0
2020-11-17 09:30:00-05:00,MyStrategy,9086a7be30e74ce592d8bdebadd28f98,SPY,buy,market,new,1,gtc,0.0,1,stock,,,
2020-11-17 09:30:00-05:00,MyStrategy,9086a7be30e74ce592d8bdebadd28f98,SPY,buy,market,fill,1,gtc,0.0,1,stock,359.9700012207031,1.0,0.0
2020-11-17 12:30:00-05:00,MyStrategy,a985a2cde96748a29f30e0c40d2c5096,SPY,buy,market,new,1,gtc,0.0,1,stock,,,
2020-11-17 12:30:00-05:00,MyStrategy,a985a2cde96748a29f30e0c40d2c5096,SPY,buy,market,fill,1,gtc,0.0,1,stock,359.9700012207031,1.0,0.0
2020-11-17 15:30:00-05:00,MyStrategy,83b50c91e6634dcd9e0496df145e4a4a,SPY,buy,market,new,1,gtc,0.0,1,stock,,,
2020-11-17 15:30:00-05:00,MyStrategy,83b50c91e6634dcd9e0496df145e4a4a,SPY,buy,market,fill,1,gtc,0.0,1,stock,359.9700012207031,1.0,0.0
2020-11-18 09:30:00-05:00,MyStrategy,89116fc3a49d405495fd4ff3d37b659c,SPY,buy,market,new,1,gtc,0.0,1,stock,,,
2020-11-18 09:30:00-05:00,MyStrategy,89116fc3a49d405495fd4ff3d37b659c,SPY,buy,market,fill,1,gtc,0.0,1,stock,360.9100036621094,1.0,0.0
2020-11-18 12:30:00-05:00,MyStrategy,8af1c0e49faf4c3a82a6592c1747d243,SPY,buy,market,new,1,gtc,0.0,1,stock,,,
2020-11-18 12:30:00-05:00,MyStrategy,8af1c0e49faf4c3a82a6592c1747d243,SPY,buy,market,fill,1,gtc,0.0,1,stock,360.9100036621094,1.0,0.0
2020-11-18 15:30:00-05:00,MyStrategy,80ff0e5055f34ab9a3880613087fb795,SPY,buy,market,new,1,gtc,0.0,1,stock,,,
2020-11-18 15:30:00-05:00,MyStrategy,80ff0e5055f34ab9a3880613087fb795,SPY,buy,market,fill,1,gtc,0.0,1,stock,360.9100036621094,1.0,0.0
2020-11-19 09:30:00-05:00,MyStrategy,af6dd532fac04a54a9573798ad2f9a53,SPY,buy,market,new,1,gtc,0.0,1,stock,,,
2020-11-19 09:30:00-05:00,MyStrategy,af6dd532fac04a54a9573798ad2f9a53,SPY,buy,market,fill,1,gtc,0.0,1,stock,355.6000061035156,1.0,0.0
2020-11-19 12:30:00-05:00,MyStrategy,6b60e27eeb094015b930194c61ea0ac4,SPY,buy,market,new,1,gtc,0.0,1,stock,,,
2020-11-19 12:30:00-05:00,MyStrategy,6b60e27eeb094015b930194c61ea0ac4,SPY,buy,market,fill,1,gtc,0.0,1,stock,355.6000061035156,1.0,0.0
2020-11-19 15:30:00-05:00,MyStrategy,6b1f6ba67b4843b283d79ece4131d24c,SPY,buy,market,new,1,gtc,0.0,1,stock,,,
2020-11-19 15:30:00-05:00,MyStrategy,6b1f6ba67b4843b283d79ece4131d24c,SPY,buy,market,fill,1,gtc,0.0,1,stock,355.6000061035156,1.0,0.0
2020-11-20 09:30:00-05:00,MyStrategy,b7faaebb139d468e98cb8f6f95416274,SPY,buy,market,new,1,gtc,0.0,1,stock,,,
2020-11-20 09:30:00-05:00,MyStrategy,b7faaebb139d468e98cb8f6f95416274,SPY,buy,market,fill,1,gtc,0.0,1,stock,357.5,1.0,0.0
2020-11-20 12:30:00-05:00,MyStrategy,74b5fe68267440e395a88f08d8d26bc1,SPY,buy,market,new,1,gtc,0.0,1,stock,,,
2020-11-20 12:30:00-05:00,MyStrategy,74b5fe68267440e395a88f08d8d26bc1,SPY,buy,market,fill,1,gtc,0.0,1,stock,357.5,1.0,0.0
2020-11-20 15:30:00-05:00,MyStrategy,467f22565f514e199b44a1f9996a88b9,SPY,buy,market,new,1,gtc,0.0,1,stock,,,
2020-11-20 15:30:00-05:00,MyStrategy,467f22565f514e199b44a1f9996a88b9,SPY,buy,market,fill,1,gtc,0.0,1,stock,357.5,1.0,0.0
2020-11-23 09:30:00-05:00,MyStrategy,456bd369452746f082efaf25dc81f1de,SPY,buy,market,new,1,gtc,0.0,1,stock,,,
2020-11-23 09:30:00-05:00,MyStrategy,456bd369452746f082efaf25dc81f1de,SPY,buy,market,fill,1,gtc,0.0,1,stock,357.2799987792969,1.0,0.0
2020-11-23 12:30:00-05:00,MyStrategy,15bf87c637c94666bbb89fa98d5d3880,SPY,buy,market,new,1,gtc,0.0,1,stock,,,
2020-11-23 12:30:00-05:00,MyStrategy,15bf87c637c94666bbb89fa98d5d3880,SPY,buy,market,fill,1,gtc,0.0,1,stock,357.2799987792969,1.0,0.0
2020-11-23 15:30:00-05:00,MyStrategy,115976a05a1c488292c38ccf30df0ffd,SPY,buy,market,new,1,gtc,0.0,1,stock,,,
2020-11-23 15:30:00-05:00,MyStrategy,115976a05a1c488292c38ccf30df0ffd,SPY,buy,market,fill,1,gtc,0.0,1,stock,357.2799987792969,1.0,0.0
2020-11-24 09:30:00-05:00,MyStrategy,322567831939495783a57bfd858d9fd7,SPY,buy,market,new,1,gtc,0.0,1,stock,,,
2020-11-24 09:30:00-05:00,MyStrategy,322567831939495783a57bfd858d9fd7,SPY,buy,market,fill,1,gtc,0.0,1,stock,360.2099914550781,1.0,0.0
2020-11-24 12:30:00-05:00,MyStrategy,c4f39c3bed7d4b1d9028df5e20169642,SPY,buy,market,new,1,gtc,0.0,1,stock,,,
2020-11-24 12:30:00-05:00,MyStrategy,c4f39c3bed7d4b1d9028df5e20169642,SPY,buy,market,fill,1,gtc,0.0,1,stock,360.2099914550781,1.0,0.0
2020-11-24 15:30:00-05:00,MyStrategy,412775535c5243b0bda1c3b0e3d9e657,SPY,buy,market,new,1,gtc,0.0,1,stock,,,
2020-11-24 15:30:00-05:00,MyStrategy,412775535c5243b0bda1c3b0e3d9e657,SPY,buy,market,fill,1,gtc,0.0,1,stock,360.2099914550781,1.0,0.0
2020-11-25 09:30:00-05:00,MyStrategy,d567dcfe69b4491593fe31140d7152b0,SPY,buy,market,new,1,gtc,0.0,1,stock,,,
2020-11-25 09:30:00-05:00,MyStrategy,d567dcfe69b4491593fe31140d7152b0,SPY,buy,market,fill,1,gtc,0.0,1,stock,363.1300048828125,1.0,0.0
2020-11-25 12:30:00-05:00,MyStrategy,55f66adc482144dfa7e18d86bb17ec0f,SPY,buy,market,new,1,gtc,0.0,1,stock,,,
2020-11-25 12:30:00-05:00,MyStrategy,55f66adc482144dfa7e18d86bb17ec0f,SPY,buy,market,fill,1,gtc,0.0,1,stock,363.1300048828125,1.0,0.0
2020-11-25 15:30:00-05:00,MyStrategy,1ab3b850493149ab994705464774e7df,SPY,buy,market,new,1,gtc,0.0,1,stock,,,
2020-11-25 15:30:00-05:00,MyStrategy,1ab3b850493149ab994705464774e7df,SPY,buy,market,fill,1,gtc,0.0,1,stock,363.1300048828125,1.0,0.0
2020-11-27 09:30:00-05:00,MyStrategy,7105a0d60c5c4060aaf33b08486c4170,SPY,buy,market,new,1,gtc,0.0,1,stock,,,
2020-11-27 09:30:00-05:00,MyStrategy,7105a0d60c5c4060aaf33b08486c4170,SPY,buy,market,fill,1,gtc,0.0,1,stock,363.8399963378906,1.0,0.0
2020-11-27 12:30:00-05:00,MyStrategy,91f369ef1928431bb07744b293f747d2,SPY,buy,market,new,1,gtc,0.0,1,stock,,,
2020-11-27 12:30:00-05:00,MyStrategy,91f369ef1928431bb07744b293f747d2,SPY,buy,market,fill,1,gtc,0.0,1,stock,363.8399963378906,1.0,0.0
2020-11-30 09:30:00-05:00,MyStrategy,2010854d6063430d91b205557f73c527,SPY,buy,market,new,1,gtc,0.0,1,stock,,,
2020-11-30 09:30:00-05:00,MyStrategy,2010854d6063430d91b205557f73c527,SPY,buy,market,fill,1,gtc,0.0,1,stock,362.8299865722656,1.0,0.0
2020-11-30 12:30:00-05:00,MyStrategy,c84682bf61ad409b8b0227a88f342f0f,SPY,buy,market,new,1,gtc,0.0,1,stock,,,
2020-11-30 12:30:00-05:00,MyStrategy,c84682bf61ad409b8b0227a88f342f0f,SPY,buy,market,fill,1,gtc,0.0,1,stock,362.8299865722656,1.0,0.0
2020-11-30 15:30:00-05:00,MyStrategy,4219b09d08504897981e981c71bef276,SPY,buy,market,new,1,gtc,0.0,1,stock,,,
2020-11-30 15:30:00-05:00,MyStrategy,4219b09d08504897981e981c71bef276,SPY,buy,market,fill,1,gtc,0.0,1,stock,362.8299865722656,1.0,0.0
2020-12-01 09:30:00-05:00,MyStrategy,f7f23df4dedd4334868b44aa8e311ed9,SPY,buy,market,new,1,gtc,0.0,1,stock,,,
2020-12-01 09:30:00-05:00,MyStrategy,f7f23df4dedd4334868b44aa8e311ed9,SPY,buy,market,fill,1,gtc,0.0,1,stock,365.57000732421875,1.0,0.0
2020-12-01 12:30:00-05:00,MyStrategy,ece4385154124162a5d9c46fc52c0f5d,SPY,buy,market,new,1,gtc,0.0,1,stock,,,
2020-12-01 12:30:00-05:00,MyStrategy,ece4385154124162a5d9c46fc52c0f5d,SPY,buy,market,fill,1,gtc,0.0,1,stock,365.57000732421875,1.0,0.0
2020-12-01 15:30:00-05:00,MyStrategy,fcd49fbe49b24e3f9ef2bd2f158e9837,SPY,buy,market,new,1,gtc,0.0,1,stock,,,
2020-12-01 15:30:00-05:00,MyStrategy,fcd49fbe49b24e3f9ef2bd2f158e9837,SPY,buy,market,fill,1,gtc,0.0,1,stock,365.57000732421875,1.0,0.0
2020-12-02 09:30:00-05:00,MyStrategy,dfa54e589003403eac486a0ad445ed78,SPY,buy,market,new,1,gtc,0.0,1,stock,,,
2020-12-02 09:30:00-05:00,MyStrategy,dfa54e589003403eac486a0ad445ed78,SPY,buy,market,fill,1,gtc,0.0,1,stock,364.82000732421875,1.0,0.0
2020-12-02 12:30:00-05:00,MyStrategy,5b353027393b407abe3548fc098691dd,SPY,buy,market,new,1,gtc,0.0,1,stock,,,
2020-12-02 12:30:00-05:00,MyStrategy,5b353027393b407abe3548fc098691dd,SPY,buy,market,fill,1,gtc,0.0,1,stock,364.82000732421875,1.0,0.0
2020-12-02 15:30:00-05:00,MyStrategy,95e9c194581f4ef8bfb282568b1c12db,SPY,buy,market,new,1,gtc,0.0,1,stock,,,
2020-12-02 15:30:00-05:00,MyStrategy,95e9c194581f4ef8bfb282568b1c12db,SPY,buy,market,fill,1,gtc,0.0,1,stock,364.82000732421875,1.0,0.0
2020-12-03 09:30:00-05:00,MyStrategy,3838f664ed0b41aaa99f5b792945eb95,SPY,buy,market,new,1,gtc,0.0,1,stock,,,
2020-12-03 09:30:00-05:00,MyStrategy,3838f664ed0b41aaa99f5b792945eb95,SPY,buy,market,fill,1,gtc,0.0,1,stock,366.67999267578125,1.0,0.0
2020-12-03 12:30:00-05:00,MyStrategy,3dac58a0384f40209536e6027e9ef518,SPY,buy,market,new,1,gtc,0.0,1,stock,,,
2020-12-03 12:30:00-05:00,MyStrategy,3dac58a0384f40209536e6027e9ef518,SPY,buy,market,fill,1,gtc,0.0,1,stock,366.67999267578125,1.0,0.0
2020-12-03 15:30:00-05:00,MyStrategy,0ea4da2c2cb04740931d2e9965b8a524,SPY,buy,market,new,1,gtc,0.0,1,stock,,,
2020-12-03 15:30:00-05:00,MyStrategy,0ea4da2c2cb04740931d2e9965b8a524,SPY,buy,market,fill,1,gtc,0.0,1,stock,366.67999267578125,1.0,0.0
2020-12-04 09:30:00-05:00,MyStrategy,bb7a9b42b679495db9fa406409e9d512,SPY,buy,market,new,1,gtc,0.0,1,stock,,,
2020-12-04 09:30:00-05:00,MyStrategy,bb7a9b42b679495db9fa406409e9d512,SPY,buy,market,fill,1,gtc,0.0,1,stock,367.32000732421875,1.0,0.0
2020-12-04 12:30:00-05:00,MyStrategy,2e097c856fab4d75ac7507936596a925,SPY,buy,market,new,1,gtc,0.0,1,stock,,,
2020-12-04 12:30:00-05:00,MyStrategy,2e097c856fab4d75ac7507936596a925,SPY,buy,market,fill,1,gtc,0.0,1,stock,367.32000732421875,1.0,0.0
2020-12-04 15:30:00-05:00,MyStrategy,1b28620b4da845c79268e96acf412793,SPY,buy,market,new,1,gtc,0.0,1,stock,,,
2020-12-04 15:30:00-05:00,MyStrategy,1b28620b4da845c79268e96acf412793,SPY,buy,market,fill,1,gtc,0.0,1,stock,367.32000732421875,1.0,0.0
2020-12-07 09:30:00-05:00,MyStrategy,127c971e886d49198669e1d9a5b6c789,SPY,buy,market,new,1,gtc,0.0,1,stock,,,
2020-12-07 09:30:00-05:00,MyStrategy,127c971e886d49198669e1d9a5b6c789,SPY,buy,market,fill,1,gtc,0.0,1,stock,369.0199890136719,1.0,0.0
2020-12-07 12:30:00-05:00,MyStrategy,1e19f8eed00544a1b68cb86f8fd1b6a4,SPY,buy,market,new,1,gtc,0.0,1,stock,,,
2020-12-07 12:30:00-05:00,MyStrategy,1e19f8eed00544a1b68cb86f8fd1b6a4,SPY,buy,market,fill,1,gtc,0.0,1,stock,369.0199890136719,1.0,0.0
2020-12-07 15:30:00-05:00,MyStrategy,c2c8da3983dc4cedabea6dd091a98abd,SPY,buy,market,new,1,gtc,0.0,1,stock,,,
2020-12-07 15:30:00-05:00,MyStrategy,c2c8da3983dc4cedabea6dd091a98abd,SPY,buy,market,fill,1,gtc,0.0,1,stock,369.0199890136719,1.0,0.0
2020-12-08 09:30:00-05:00,MyStrategy,3e5c2a26c2e542f5ab0dc1592c318243,SPY,buy,market,new,1,gtc,0.0,1,stock,,,
2020-12-08 09:30:00-05:00,MyStrategy,3e5c2a26c2e542f5ab0dc1592c318243,SPY,buy,market,fill,1,gtc,0.0,1,stock,367.7200012207031,1.0,0.0
2020-12-08 12:30:00-05:00,MyStrategy,10ac450a658e4bd1baa28874cd1db86b,SPY,buy,market,new,1,gtc,0.0,1,stock,,,
2020-12-08 12:30:00-05:00,MyStrategy,10ac450a658e4bd1baa28874cd1db86b,SPY,buy,market,fill,1,gtc,0.0,1,stock,367.7200012207031,1.0,0.0
2020-12-08 15:30:00-05:00,MyStrategy,f23701bf3c5f47fdb14b6bfb3c4b761c,SPY,buy,market,new,1,gtc,0.0,1,stock,,,
2020-12-08 15:30:00-05:00,MyStrategy,f23701bf3c5f47fdb14b6bfb3c4b761c,SPY,buy,market,fill,1,gtc,0.0,1,stock,367.7200012207031,1.0,0.0
2020-12-09 09:30:00-05:00,MyStrategy,dedf6aa845eb4c2ebd5ab2759fb9664f,SPY,buy,market,new,1,gtc,0.0,1,stock,,,
2020-12-09 09:30:00-05:00,MyStrategy,dedf6aa845eb4c2ebd5ab2759fb9664f,SPY,buy,market,fill,1,gtc,0.0,1,stock,370.8800048828125,1.0,0.0
2020-12-09 12:30:00-05:00,MyStrategy,175af8f782714e228fc73a5990b5565f,SPY,buy,market,new,1,gtc,0.0,1,stock,,,
2020-12-09 12:30:00-05:00,MyStrategy,175af8f782714e228fc73a5990b5565f,SPY,buy,market,fill,1,gtc,0.0,1,stock,370.8800048828125,1.0,0.0
2020-12-09 15:30:00-05:00,MyStrategy,c0119360c3b04cf2a4a373a387035be8,SPY,buy,market,new,1,gtc,0.0,1,stock,,,
2020-12-09 15:30:00-05:00,MyStrategy,c0119360c3b04cf2a4a373a387035be8,SPY,buy,market,fill,1,gtc,0.0,1,stock,370.8800048828125,1.0,0.0
2020-12-10 09:30:00-05:00,MyStrategy,934e807093284f6f92945cc64847e903,SPY,buy,market,new,1,gtc,0.0,1,stock,,,
2020-12-10 09:30:00-05:00,MyStrategy,934e807093284f6f92945cc64847e903,SPY,buy,market,fill,1,gtc,0.0,1,stock,365.3699951171875,1.0,0.0
2020-12-10 12:30:00-05:00,MyStrategy,d4609b19b239405d82a5a779f21d09c7,SPY,buy,market,new,1,gtc,0.0,1,stock,,,
2020-12-10 12:30:00-05:00,MyStrategy,d4609b19b239405d82a5a779f21d09c7,SPY,buy,market,fill,1,gtc,0.0,1,stock,365.3699951171875,1.0,0.0
2020-12-10 15:30:00-05:00,MyStrategy,af68329b1d8c43fdb06f757d1dc99cfb,SPY,buy,market,new,1,gtc,0.0,1,stock,,,
2020-12-10 15:30:00-05:00,MyStrategy,af68329b1d8c43fdb06f757d1dc99cfb,SPY,buy,market,fill,1,gtc,0.0,1,stock,365.3699951171875,1.0,0.0
2020-12-11 09:30:00-05:00,MyStrategy,26aa75c447614754a7d6c0b77e305ac2,SPY,buy,market,new,1,gtc,0.0,1,stock,,,
2020-12-11 09:30:00-05:00,MyStrategy,26aa75c447614754a7d6c0b77e305ac2,SPY,buy,market,fill,1,gtc,0.0,1,stock,364.8999938964844,1.0,0.0
2020-12-11 12:30:00-05:00,MyStrategy,eda2ed9587dc4f93ad17f2ab16827e12,SPY,buy,market,new,1,gtc,0.0,1,stock,,,
2020-12-11 12:30:00-05:00,MyStrategy,eda2ed9587dc4f93ad17f2ab16827e12,SPY,buy,market,fill,1,gtc,0.0,1,stock,364.8999938964844,1.0,0.0
2020-12-11 15:30:00-05:00,MyStrategy,4e5894dbb57b4c568bf39b8abf48a619,SPY,buy,market,new,1,gtc,0.0,1,stock,,,
2020-12-11 15:30:00-05:00,MyStrategy,4e5894dbb57b4c568bf39b8abf48a619,SPY,buy,market,fill,1,gtc,0.0,1,stock,364.8999938964844,1.0,0.0
2020-12-14 09:30:00-05:00,MyStrategy,f7f88b4292cc4bc9a83ec1728af80253,SPY,buy,market,new,1,gtc,0.0,1,stock,,,
2020-12-14 09:30:00-05:00,MyStrategy,f7f88b4292cc4bc9a83ec1728af80253,SPY,buy,market,fill,1,gtc,0.0,1,stock,368.6400146484375,1.0,0.0
2020-12-14 12:30:00-05:00,MyStrategy,f3b2526c277d4e5a8767de09f7170ac2,SPY,buy,market,new,1,gtc,0.0,1,stock,,,
2020-12-14 12:30:00-05:00,MyStrategy,f3b2526c277d4e5a8767de09f7170ac2,SPY,buy,market,fill,1,gtc,0.0,1,stock,368.6400146484375,1.0,0.0
2020-12-14 15:30:00-05:00,MyStrategy,03e31756a53b43f0b4d20ff7349aaffa,SPY,buy,market,new,1,gtc,0.0,1,stock,,,
2020-12-14 15:30:00-05:00,MyStrategy,03e31756a53b43f0b4d20ff7349aaffa,SPY,buy,market,fill,1,gtc,0.0,1,stock,368.6400146484375,1.0,0.0
2020-12-15 09:30:00-05:00,MyStrategy,ad1bbaf82a9244ad8d067701de5022f7,SPY,buy,market,new,1,gtc,0.0,1,stock,,,
2020-12-15 09:30:00-05:00,MyStrategy,ad1bbaf82a9244ad8d067701de5022f7,SPY,buy,market,fill,1,gtc,0.0,1,stock,367.3999938964844,1.0,0.0
2020-12-15 12:30:00-05:00,MyStrategy,05b76ac117f04e769eeff83fbadf304d,SPY,buy,market,new,1,gtc,0.0,1,stock,,,
2020-12-15 12:30:00-05:00,MyStrategy,05b76ac117f04e769eeff83fbadf304d,SPY,buy,market,fill,1,gtc,0.0,1,stock,367.3999938964844,1.0,0.0
2020-12-15 15:30:00-05:00,MyStrategy,0e0974d210704d029c6928d1eeaaf2f3,SPY,buy,market,new,1,gtc,0.0,1,stock,,,
2020-12-15 15:30:00-05:00,MyStrategy,0e0974d210704d029c6928d1eeaaf2f3,SPY,buy,market,fill,1,gtc,0.0,1,stock,367.3999938964844,1.0,0.0
2020-12-16 09:30:00-05:00,MyStrategy,63465d563c274046837d5201edfb215c,SPY,buy,market,new,1,gtc,0.0,1,stock,,,
2020-12-16 09:30:00-05:00,MyStrategy,63465d563c274046837d5201edfb215c,SPY,buy,market,fill,1,gtc,0.0,1,stock,369.82000732421875,1.0,0.0
2020-12-16 12:30:00-05:00,MyStrategy,10b93866d9a2432ba599291d569896e5,SPY,buy,market,new,1,gtc,0.0,1,stock,,,
2020-12-16 12:30:00-05:00,MyStrategy,10b93866d9a2432ba599291d569896e5,SPY,buy,market,fill,1,gtc,0.0,1,stock,369.82000732421875,1.0,0.0
2020-12-16 15:30:00-05:00,MyStrategy,fd67ad20ab6f4c13905b95b62a261a41,SPY,buy,market,new,1,gtc,0.0,1,stock,,,
2020-12-16 15:30:00-05:00,MyStrategy,fd67ad20ab6f4c13905b95b62a261a41,SPY,buy,market,fill,1,gtc,0.0,1,stock,369.82000732421875,1.0,0.0
2020-12-17 09:30:00-05:00,MyStrategy,40346927ebf3472eb0f21adcd8f47723,SPY,buy,market,new,1,gtc,0.0,1,stock,,,
2020-12-17 09:30:00-05:00,MyStrategy,40346927ebf3472eb0f21adcd8f47723,SPY,buy,market,fill,1,gtc,0.0,1,stock,371.94000244140625,1.0,0.0
2020-12-17 12:30:00-05:00,MyStrategy,c28e70bf2a5d4ce3a5a28b4a6c75361c,SPY,buy,market,new,1,gtc,0.0,1,stock,,,
2020-12-17 12:30:00-05:00,MyStrategy,c28e70bf2a5d4ce3a5a28b4a6c75361c,SPY,buy,market,fill,1,gtc,0.0,1,stock,371.94000244140625,1.0,0.0
2020-12-17 15:30:00-05:00,MyStrategy,73336703e7a7430ea31bd1d3c6ec5e4b,SPY,buy,market,new,1,gtc,0.0,1,stock,,,
2020-12-17 15:30:00-05:00,MyStrategy,73336703e7a7430ea31bd1d3c6ec5e4b,SPY,buy,market,fill,1,gtc,0.0,1,stock,371.94000244140625,1.0,0.0
2020-12-18 09:30:00-05:00,MyStrategy,52bb2b21e7504fdeb2c30b178a709d59,SPY,buy,market,new,1,gtc,0.0,1,stock,,,
2020-12-18 09:30:00-05:00,MyStrategy,52bb2b21e7504fdeb2c30b178a709d59,SPY,buy,market,fill,1,gtc,0.0,1,stock,370.9700012207031,1.0,0.0
2020-12-18 12:30:00-05:00,MyStrategy,6b560aef5b374445828ea7a48952af81,SPY,buy,market,new,1,gtc,0.0,1,stock,,,
2020-12-18 12:30:00-05:00,MyStrategy,6b560aef5b374445828ea7a48952af81,SPY,buy,market,fill,1,gtc,0.0,1,stock,370.9700012207031,1.0,0.0
2020-12-18 15:30:00-05:00,MyStrategy,a99fad982c974e96aef4f5f69f26af19,SPY,buy,market,new,1,gtc,0.0,1,stock,,,
2020-12-18 15:30:00-05:00,MyStrategy,a99fad982c974e96aef4f5f69f26af19,SPY,buy,market,fill,1,gtc,0.0,1,stock,370.9700012207031,1.0,0.0
2020-12-21 09:30:00-05:00,MyStrategy,5aa1e03068b34b3f8176921a9b233c7e,SPY,buy,market,new,1,gtc,0.0,1,stock,,,
2020-12-21 09:30:00-05:00,MyStrategy,5aa1e03068b34b3f8176921a9b233c7e,SPY,buy,market,fill,1,gtc,0.0,1,stock,364.9700012207031,1.0,0.0
2020-12-21 12:30:00-05:00,MyStrategy,e4c8b8d4a3224dbdb05caaff956ac793,SPY,buy,market,new,1,gtc,0.0,1,stock,,,
2020-12-21 12:30:00-05:00,MyStrategy,e4c8b8d4a3224dbdb05caaff956ac793,SPY,buy,market,fill,1,gtc,0.0,1,stock,364.9700012207031,1.0,0.0
2020-12-21 15:30:00-05:00,MyStrategy,e441aa6b00634b59b8e6cb8e58f8db2b,SPY,buy,market,new,1,gtc,0.0,1,stock,,,
2020-12-21 15:30:00-05:00,MyStrategy,e441aa6b00634b59b8e6cb8e58f8db2b,SPY,buy,market,fill,1,gtc,0.0,1,stock,364.9700012207031,1.0,0.0
2020-12-22 09:30:00-05:00,MyStrategy,35f3f6edc005467cb36c4101117a5a3d,SPY,buy,market,new,1,gtc,0.0,1,stock,,,
2020-12-22 09:30:00-05:00,MyStrategy,35f3f6edc005467cb36c4101117a5a3d,SPY,buy,market,fill,1,gtc,0.0,1,stock,368.2099914550781,1.0,0.0
2020-12-22 12:30:00-05:00,MyStrategy,d47ee8edb5e34417904daf7eaf9c9340,SPY,buy,market,new,1,gtc,0.0,1,stock,,,
2020-12-22 12:30:00-05:00,MyStrategy,d47ee8edb5e34417904daf7eaf9c9340,SPY,buy,market,fill,1,gtc,0.0,1,stock,368.2099914550781,1.0,0.0
2020-12-22 15:30:00-05:00,MyStrategy,86334fc866564e9e95c8d8d433f44438,SPY,buy,market,new,1,gtc,0.0,1,stock,,,
2020-12-22 15:30:00-05:00,MyStrategy,86334fc866564e9e95c8d8d433f44438,SPY,buy,market,fill,1,gtc,0.0,1,stock,368.2099914550781,1.0,0.0
2020-12-23 09:30:00-05:00,MyStrategy,9b2415b1080e4c3dbb1071d2dead87f9,SPY,buy,market,new,1,gtc,0.0,1,stock,,,
2020-12-23 09:30:00-05:00,MyStrategy,9b2415b1080e4c3dbb1071d2dead87f9,SPY,buy,market,fill,1,gtc,0.0,1,stock,368.2799987792969,1.0,0.0
2020-12-23 12:30:00-05:00,MyStrategy,0fe04be46ab24be89de261180095e729,SPY,buy,market,new,1,gtc,0.0,1,stock,,,
2020-12-23 12:30:00-05:00,MyStrategy,0fe04be46ab24be89de261180095e729,SPY,buy,market,fill,1,gtc,0.0,1,stock,368.2799987792969,1.0,0.0
2020-12-23 15:30:00-05:00,MyStrategy,7aabedbfaa284458a25620cd9991e45c,SPY,buy,market,new,1,gtc,0.0,1,stock,,,
2020-12-23 15:30:00-05:00,MyStrategy,7aabedbfaa284458a25620cd9991e45c,SPY,buy,market,fill,1,gtc,0.0,1,stock,368.2799987792969,1.0,0.0
2020-12-24 09:30:00-05:00,MyStrategy,fb991d81c59c4f8cb3849e39f4957221,SPY,buy,market,new,1,gtc,0.0,1,stock,,,
2020-12-24 09:30:00-05:00,MyStrategy,fb991d81c59c4f8cb3849e39f4957221,SPY,buy,market,fill,1,gtc,0.0,1,stock,368.0799865722656,1.0,0.0
2020-12-24 12:30:00-05:00,MyStrategy,332ce0e454a8438bad2e83abf31acd4e,SPY,buy,market,new,1,gtc,0.0,1,stock,,,
2020-12-24 12:30:00-05:00,MyStrategy,332ce0e454a8438bad2e83abf31acd4e,SPY,buy,market,fill,1,gtc,0.0,1,stock,368.0799865722656,1.0,0.0
2020-12-28 09:30:00-05:00,MyStrategy,ebff257343e04743887b7886ec028455,SPY,buy,market,new,1,gtc,0.0,1,stock,,,
2020-12-28 09:30:00-05:00,MyStrategy,ebff257343e04743887b7886ec028455,SPY,buy,market,fill,1,gtc,0.0,1,stock,371.739990234375,1.0,0.0
2020-12-28 12:30:00-05:00,MyStrategy,edc9cc6223ec47e9b35df84d60a7450f,SPY,buy,market,new,1,gtc,0.0,1,stock,,,
2020-12-28 12:30:00-05:00,MyStrategy,edc9cc6223ec47e9b35df84d60a7450f,SPY,buy,market,fill,1,gtc,0.0,1,stock,371.739990234375,1.0,0.0
2020-12-28 15:30:00-05:00,MyStrategy,54709ab96dff4da6b69e04ecd09b87ca,SPY,buy,market,new,1,gtc,0.0,1,stock,,,
2020-12-28 15:30:00-05:00,MyStrategy,54709ab96dff4da6b69e04ecd09b87ca,SPY,buy,market,fill,1,gtc,0.0,1,stock,371.739990234375,1.0,0.0
2020-12-29 09:30:00-05:00,MyStrategy,9f772e1b511c4c15a115951ec17617ec,SPY,buy,market,new,1,gtc,0.0,1,stock,,,
2020-12-29 09:30:00-05:00,MyStrategy,9f772e1b511c4c15a115951ec17617ec,SPY,buy,market,fill,1,gtc,0.0,1,stock,373.80999755859375,1.0,0.0
2020-12-29 12:30:00-05:00,MyStrategy,d659ea91176e44a49e2c6e020d73661e,SPY,buy,market,new,1,gtc,0.0,1,stock,,,
2020-12-29 12:30:00-05:00,MyStrategy,d659ea91176e44a49e2c6e020d73661e,SPY,buy,market,fill,1,gtc,0.0,1,stock,373.80999755859375,1.0,0.0
2020-12-29 15:30:00-05:00,MyStrategy,2d88ea0e8b484e68a48dddbd95e4da8c,SPY,buy,market,new,1,gtc,0.0,1,stock,,,
2020-12-29 15:30:00-05:00,MyStrategy,2d88ea0e8b484e68a48dddbd95e4da8c,SPY,buy,market,fill,1,gtc,0.0,1,stock,373.80999755859375,1.0,0.0
2020-12-30 09:30:00-05:00,MyStrategy,0343ed1a377047eea9c22bd8ebba29be,SPY,buy,market,new,1,gtc,0.0,1,stock,,,
2020-12-30 09:30:00-05:00,MyStrategy,0343ed1a377047eea9c22bd8ebba29be,SPY,buy,market,fill,1,gtc,0.0,1,stock,372.3399963378906,1.0,0.0
2020-12-30 12:30:00-05:00,MyStrategy,c8b391f7458645fab4044be9de4f83cf,SPY,buy,market,new,1,gtc,0.0,1,stock,,,
2020-12-30 12:30:00-05:00,MyStrategy,c8b391f7458645fab4044be9de4f83cf,SPY,buy,market,fill,1,gtc,0.0,1,stock,372.3399963378906,1.0,0.0
2020-12-30 15:30:00-05:00,MyStrategy,84a3a76b41d5498981042fc6b9af93cd,SPY,buy,market,new,1,gtc,0.0,1,stock,,,
2020-12-30 15:30:00-05:00,MyStrategy,84a3a76b41d5498981042fc6b9af93cd,SPY,buy,market,fill,1,gtc,0.0,1,stock,372.3399963378906,1.0,0.0
